{
"type": "FeatureCollection",
"name": "roda_cafes_principales",
"crs": { "type": "name", "properties": { "name": "urn:ogc:def:crs:OGC:1.3:CRS84" } },
"features": [
{"type":"Feature","properties":{"fid":1,"id":"node/265501503","@id":"node/265501503","addr:city":null,"addr:country":null,"addr:door":null,"addr:floor":null,"addr:full":null,"addr:housename":null,"addr:housenumber":null,"addr:place":null,"addr:postcode":null,"addr:street":null,"addr:unit":null,"air_conditioning":null,"alt_name":null,"amenity":"cafe","baby_feeding":null,"bar":null,"branch":null,"brand":"Juan Valdez Café","brand:wikidata":"Q6301102","brand:wikipedia":"en:Juan Valdez Café","building":null,"capacity":null,"check_date":"2026-04-08","check_date:opening_hours":null,"contact:facebook":null,"contact:instagram":null,"contact:website":null,"contact:whatsapp":null,"cuisine":"coffee_shop","currency:XBT":null,"delivery":null,"description":null,"diet:gluten_free":null,"diet:organic":null,"diet:vegan":null,"diet:vegetarian":null,"dog":null,"drink:espresso":null,"drink:filter_coffee":null,"drive_through":null,"email":null,"fixme":null,"floor":null,"indoor":null,"indoor_seating":null,"internet_access":null,"internet_access:fee":null,"internet_access:ssid":null,"level":null,"location":null,"name":"Juan Valdez Café","name:de":null,"name:en":null,"name:es":"Juan Valdez Café","name:fr":null,"note:opening_hours":null,"official_name":null,"opening_hours":null,"opening_hours:es":null,"opening_hours:signed":null,"operator":null,"outdoor_seating":null,"payment:app":null,"payment:apple_pay":null,"payment:cards":null,"payment:cash":null,"payment:contactless":null,"payment:credit_cards":null,"payment:debit_cards":null,"payment:google_pay":null,"payment:lightning":null,"payment:lightning_contactless":null,"payment:onchain":null,"pets":null,"phone":null,"service:electricity":null,"shop":"coffee","smoking":null,"source":null,"takeaway":"yes","toilets":null,"toilets:access":null,"toilets:wheelchair":null,"tourism":null,"url":null,"website":"https://juanvaldez.com/","website:menu":null,"wheelchair":null,"wifi":null},"geometry":{"type":"Point","coordinates":[-74.0630225,4.6396774]}},
{"type":"Feature","properties":{"fid":2,"id":"node/265501535","@id":"node/265501535","addr:city":null,"addr:country":null,"addr:door":null,"addr:floor":null,"addr:full":null,"addr:housename":null,"addr:housenumber":null,"addr:place":null,"addr:postcode":null,"addr:street":"Avenida Carrera 7","addr:unit":null,"air_conditioning":null,"alt_name":null,"amenity":"cafe","baby_feeding":null,"bar":null,"branch":null,"brand":null,"brand:wikidata":null,"brand:wikipedia":null,"building":null,"capacity":null,"check_date":null,"check_date:opening_hours":null,"contact:facebook":null,"contact:instagram":null,"contact:website":null,"contact:whatsapp":null,"cuisine":null,"currency:XBT":null,"delivery":null,"description":null,"diet:gluten_free":null,"diet:organic":null,"diet:vegan":null,"diet:vegetarian":null,"dog":null,"drink:espresso":null,"drink:filter_coffee":null,"drive_through":null,"email":null,"fixme":null,"floor":null,"indoor":null,"indoor_seating":null,"internet_access":null,"internet_access:fee":null,"internet_access:ssid":null,"level":null,"location":null,"name":"La Cafeteria","name:de":null,"name:en":null,"name:es":null,"name:fr":null,"note:opening_hours":null,"official_name":null,"opening_hours":null,"opening_hours:es":null,"opening_hours:signed":null,"operator":null,"outdoor_seating":null,"payment:app":null,"payment:apple_pay":null,"payment:cards":null,"payment:cash":null,"payment:contactless":null,"payment:credit_cards":null,"payment:debit_cards":null,"payment:google_pay":null,"payment:lightning":null,"payment:lightning_contactless":null,"payment:onchain":null,"pets":null,"phone":null,"service:electricity":null,"shop":null,"smoking":null,"source":"Kaart Ground Survey 2017","takeaway":null,"toilets":null,"toilets:access":null,"toilets:wheelchair":null,"tourism":null,"url":null,"website":null,"website:menu":null,"wheelchair":null,"wifi":null},"geometry":{"type":"Point","coordinates":[-74.0628995,4.6402868]}},
{"type":"Feature","properties":{"fid":3,"id":"node/340429454","@id":"node/340429454","addr:city":null,"addr:country":null,"addr:door":null,"addr:floor":null,"addr:full":null,"addr:housename":null,"addr:housenumber":null,"addr:place":null,"addr:postcode":null,"addr:street":null,"addr:unit":null,"air_conditioning":null,"alt_name":null,"amenity":"cafe","baby_feeding":null,"bar":null,"branch":null,"brand":"Juan Valdez Café","brand:wikidata":"Q6301102","brand:wikipedia":"en:Juan Valdez Café","building":null,"capacity":null,"check_date":"2025-10-04","check_date:opening_hours":null,"contact:facebook":null,"contact:instagram":null,"contact:website":null,"contact:whatsapp":null,"cuisine":"coffee_shop","currency:XBT":null,"delivery":null,"description":null,"diet:gluten_free":null,"diet:organic":null,"diet:vegan":null,"diet:vegetarian":null,"dog":null,"drink:espresso":null,"drink:filter_coffee":null,"drive_through":null,"email":null,"fixme":null,"floor":null,"indoor":null,"indoor_seating":null,"internet_access":null,"internet_access:fee":null,"internet_access:ssid":null,"level":null,"location":null,"name":"Juan Valdez Café","name:de":null,"name:en":null,"name:es":"Juan Valdez Café","name:fr":null,"note:opening_hours":null,"official_name":null,"opening_hours":"Mo-Su 07:00-22:00","opening_hours:es":null,"opening_hours:signed":null,"operator":null,"outdoor_seating":null,"payment:app":null,"payment:apple_pay":null,"payment:cards":null,"payment:cash":null,"payment:contactless":null,"payment:credit_cards":null,"payment:debit_cards":null,"payment:google_pay":null,"payment:lightning":null,"payment:lightning_contactless":null,"payment:onchain":null,"pets":null,"phone":null,"service:electricity":null,"shop":"coffee","smoking":null,"source":null,"takeaway":"yes","toilets":null,"toilets:access":null,"toilets:wheelchair":null,"tourism":null,"url":null,"website":"https://juanvaldez.com/","website:menu":null,"wheelchair":"limited","wifi":null},"geometry":{"type":"Point","coordinates":[-74.0475614,4.6761001]}},
{"type":"Feature","properties":{"fid":4,"id":"node/368176844","@id":"node/368176844","addr:city":null,"addr:country":null,"addr:door":null,"addr:floor":null,"addr:full":null,"addr:housename":null,"addr:housenumber":null,"addr:place":null,"addr:postcode":null,"addr:street":null,"addr:unit":null,"air_conditioning":null,"alt_name":null,"amenity":"cafe","baby_feeding":null,"bar":null,"branch":null,"brand":null,"brand:wikidata":null,"brand:wikipedia":null,"building":null,"capacity":null,"check_date":null,"check_date:opening_hours":null,"contact:facebook":null,"contact:instagram":null,"contact:website":null,"contact:whatsapp":null,"cuisine":null,"currency:XBT":null,"delivery":null,"description":null,"diet:gluten_free":null,"diet:organic":null,"diet:vegan":null,"diet:vegetarian":null,"dog":null,"drink:espresso":null,"drink:filter_coffee":null,"drive_through":null,"email":null,"fixme":null,"floor":null,"indoor":null,"indoor_seating":null,"internet_access":null,"internet_access:fee":null,"internet_access:ssid":null,"level":null,"location":null,"name":"Salon de Té F&W","name:de":null,"name:en":null,"name:es":null,"name:fr":null,"note:opening_hours":null,"official_name":null,"opening_hours":null,"opening_hours:es":null,"opening_hours:signed":null,"operator":null,"outdoor_seating":null,"payment:app":null,"payment:apple_pay":null,"payment:cards":null,"payment:cash":null,"payment:contactless":null,"payment:credit_cards":null,"payment:debit_cards":null,"payment:google_pay":null,"payment:lightning":null,"payment:lightning_contactless":null,"payment:onchain":null,"pets":null,"phone":null,"service:electricity":null,"shop":null,"smoking":null,"source":null,"takeaway":null,"toilets":null,"toilets:access":null,"toilets:wheelchair":null,"tourism":null,"url":null,"website":null,"website:menu":null,"wheelchair":null,"wifi":null},"geometry":{"type":"Point","coordinates":[-74.0917405,4.6504734]}},
{"type":"Feature","properties":{"fid":5,"id":"node/405236743","@id":"node/405236743","addr:city":null,"addr:country":null,"addr:door":null,"addr:floor":null,"addr:full":null,"addr:housename":null,"addr:housenumber":null,"addr:place":null,"addr:postcode":null,"addr:street":null,"addr:unit":null,"air_conditioning":null,"alt_name":null,"amenity":"cafe","baby_feeding":null,"bar":null,"branch":null,"brand":"Pan Pa' Ya!","brand:wikidata":"Q131744932","brand:wikipedia":null,"building":null,"capacity":null,"check_date":null,"check_date:opening_hours":null,"contact:facebook":null,"contact:instagram":null,"contact:website":null,"contact:whatsapp":null,"cuisine":null,"currency:XBT":null,"delivery":null,"description":null,"diet:gluten_free":null,"diet:organic":null,"diet:vegan":null,"diet:vegetarian":null,"dog":null,"drink:espresso":null,"drink:filter_coffee":null,"drive_through":null,"email":null,"fixme":null,"floor":null,"indoor":null,"indoor_seating":null,"internet_access":null,"internet_access:fee":null,"internet_access:ssid":null,"level":"0","location":null,"name":"Pan Pa' Ya!","name:de":null,"name:en":null,"name:es":null,"name:fr":null,"note:opening_hours":null,"official_name":null,"opening_hours":null,"opening_hours:es":null,"opening_hours:signed":null,"operator":null,"outdoor_seating":null,"payment:app":null,"payment:apple_pay":null,"payment:cards":"yes","payment:cash":"yes","payment:contactless":null,"payment:credit_cards":null,"payment:debit_cards":null,"payment:google_pay":null,"payment:lightning":null,"payment:lightning_contactless":null,"payment:onchain":null,"pets":null,"phone":null,"service:electricity":"no","shop":"bakery","smoking":"no","source":null,"takeaway":null,"toilets":null,"toilets:access":null,"toilets:wheelchair":null,"tourism":null,"url":null,"website":null,"website:menu":null,"wheelchair":"yes","wifi":null},"geometry":{"type":"Point","coordinates":[-74.0581185,4.7070904]}},
{"type":"Feature","properties":{"fid":9,"id":"node/494767144","@id":"node/494767144","addr:city":null,"addr:country":null,"addr:door":null,"addr:floor":null,"addr:full":null,"addr:housename":null,"addr:housenumber":null,"addr:place":null,"addr:postcode":null,"addr:street":null,"addr:unit":null,"air_conditioning":null,"alt_name":null,"amenity":"cafe","baby_feeding":null,"bar":null,"branch":null,"brand":null,"brand:wikidata":null,"brand:wikipedia":null,"building":null,"capacity":null,"check_date":null,"check_date:opening_hours":null,"contact:facebook":null,"contact:instagram":null,"contact:website":null,"contact:whatsapp":null,"cuisine":null,"currency:XBT":null,"delivery":null,"description":null,"diet:gluten_free":null,"diet:organic":null,"diet:vegan":null,"diet:vegetarian":null,"dog":null,"drink:espresso":null,"drink:filter_coffee":null,"drive_through":null,"email":null,"fixme":null,"floor":null,"indoor":null,"indoor_seating":null,"internet_access":null,"internet_access:fee":null,"internet_access:ssid":null,"level":null,"location":null,"name":"El marinero","name:de":null,"name:en":null,"name:es":null,"name:fr":null,"note:opening_hours":null,"official_name":null,"opening_hours":null,"opening_hours:es":null,"opening_hours:signed":null,"operator":null,"outdoor_seating":null,"payment:app":null,"payment:apple_pay":null,"payment:cards":null,"payment:cash":null,"payment:contactless":null,"payment:credit_cards":null,"payment:debit_cards":null,"payment:google_pay":null,"payment:lightning":null,"payment:lightning_contactless":null,"payment:onchain":null,"pets":null,"phone":null,"service:electricity":null,"shop":null,"smoking":null,"source":null,"takeaway":null,"toilets":null,"toilets:access":null,"toilets:wheelchair":null,"tourism":null,"url":null,"website":null,"website:menu":null,"wheelchair":null,"wifi":null},"geometry":{"type":"Point","coordinates":[-74.0437824,4.7614606]}},
{"type":"Feature","properties":{"fid":11,"id":"node/501789966","@id":"node/501789966","addr:city":null,"addr:country":null,"addr:door":null,"addr:floor":null,"addr:full":null,"addr:housename":null,"addr:housenumber":null,"addr:place":null,"addr:postcode":null,"addr:street":null,"addr:unit":null,"air_conditioning":null,"alt_name":null,"amenity":"cafe","baby_feeding":null,"bar":null,"branch":null,"brand":"Juan Valdez Café","brand:wikidata":"Q6301102","brand:wikipedia":"en:Juan Valdez Café","building":null,"capacity":null,"check_date":null,"check_date:opening_hours":null,"contact:facebook":null,"contact:instagram":null,"contact:website":null,"contact:whatsapp":null,"cuisine":"coffee_shop","currency:XBT":null,"delivery":null,"description":null,"diet:gluten_free":null,"diet:organic":null,"diet:vegan":null,"diet:vegetarian":null,"dog":null,"drink:espresso":null,"drink:filter_coffee":null,"drive_through":null,"email":null,"fixme":null,"floor":null,"indoor":null,"indoor_seating":null,"internet_access":null,"internet_access:fee":null,"internet_access:ssid":null,"level":null,"location":null,"name":"Juan Valdez Café","name:de":null,"name:en":null,"name:es":"Juan Valdez Café","name:fr":null,"note:opening_hours":null,"official_name":null,"opening_hours":null,"opening_hours:es":null,"opening_hours:signed":null,"operator":null,"outdoor_seating":null,"payment:app":null,"payment:apple_pay":null,"payment:cards":null,"payment:cash":null,"payment:contactless":null,"payment:credit_cards":null,"payment:debit_cards":null,"payment:google_pay":null,"payment:lightning":null,"payment:lightning_contactless":null,"payment:onchain":null,"pets":null,"phone":null,"service:electricity":null,"shop":"coffee","smoking":null,"source":null,"takeaway":"yes","toilets":null,"toilets:access":null,"toilets:wheelchair":null,"tourism":null,"url":null,"website":"https://juanvaldez.com/","website:menu":null,"wheelchair":"no","wifi":null},"geometry":{"type":"Point","coordinates":[-74.0525611,4.6668322]}},
{"type":"Feature","properties":{"fid":12,"id":"node/505075470","@id":"node/505075470","addr:city":null,"addr:country":null,"addr:door":null,"addr:floor":null,"addr:full":null,"addr:housename":null,"addr:housenumber":null,"addr:place":null,"addr:postcode":null,"addr:street":"Avenida Suba","addr:unit":null,"air_conditioning":null,"alt_name":null,"amenity":"cafe","baby_feeding":null,"bar":null,"branch":null,"brand":null,"brand:wikidata":null,"brand:wikipedia":null,"building":null,"capacity":null,"check_date":null,"check_date:opening_hours":null,"contact:facebook":null,"contact:instagram":null,"contact:website":null,"contact:whatsapp":null,"cuisine":null,"currency:XBT":null,"delivery":null,"description":null,"diet:gluten_free":null,"diet:organic":null,"diet:vegan":null,"diet:vegetarian":null,"dog":null,"drink:espresso":null,"drink:filter_coffee":null,"drive_through":null,"email":null,"fixme":null,"floor":null,"indoor":null,"indoor_seating":null,"internet_access":null,"internet_access:fee":null,"internet_access:ssid":null,"level":null,"location":null,"name":"Autopan","name:de":null,"name:en":null,"name:es":null,"name:fr":null,"note:opening_hours":null,"official_name":null,"opening_hours":null,"opening_hours:es":null,"opening_hours:signed":null,"operator":null,"outdoor_seating":null,"payment:app":null,"payment:apple_pay":null,"payment:cards":null,"payment:cash":null,"payment:contactless":null,"payment:credit_cards":null,"payment:debit_cards":null,"payment:google_pay":null,"payment:lightning":null,"payment:lightning_contactless":null,"payment:onchain":null,"pets":null,"phone":null,"service:electricity":null,"shop":null,"smoking":null,"source":"Kaart Ground Survey 2017","takeaway":null,"toilets":null,"toilets:access":null,"toilets:wheelchair":null,"tourism":null,"url":null,"website":null,"website:menu":null,"wheelchair":null,"wifi":null},"geometry":{"type":"Point","coordinates":[-74.0691586,4.6979174]}},
{"type":"Feature","properties":{"fid":16,"id":"node/529748669","@id":"node/529748669","addr:city":null,"addr:country":null,"addr:door":null,"addr:floor":null,"addr:full":null,"addr:housename":null,"addr:housenumber":null,"addr:place":null,"addr:postcode":null,"addr:street":null,"addr:unit":null,"air_conditioning":null,"alt_name":null,"amenity":"cafe","baby_feeding":null,"bar":null,"branch":null,"brand":null,"brand:wikidata":null,"brand:wikipedia":null,"building":null,"capacity":null,"check_date":null,"check_date:opening_hours":null,"contact:facebook":null,"contact:instagram":null,"contact:website":null,"contact:whatsapp":null,"cuisine":null,"currency:XBT":null,"delivery":null,"description":null,"diet:gluten_free":null,"diet:organic":null,"diet:vegan":null,"diet:vegetarian":null,"dog":null,"drink:espresso":null,"drink:filter_coffee":null,"drive_through":null,"email":null,"fixme":null,"floor":null,"indoor":null,"indoor_seating":null,"internet_access":null,"internet_access:fee":null,"internet_access:ssid":null,"level":null,"location":null,"name":null,"name:de":null,"name:en":null,"name:es":null,"name:fr":null,"note:opening_hours":null,"official_name":null,"opening_hours":null,"opening_hours:es":null,"opening_hours:signed":null,"operator":null,"outdoor_seating":null,"payment:app":null,"payment:apple_pay":null,"payment:cards":null,"payment:cash":null,"payment:contactless":null,"payment:credit_cards":null,"payment:debit_cards":null,"payment:google_pay":null,"payment:lightning":null,"payment:lightning_contactless":null,"payment:onchain":null,"pets":null,"phone":null,"service:electricity":null,"shop":null,"smoking":null,"source":null,"takeaway":null,"toilets":null,"toilets:access":null,"toilets:wheelchair":null,"tourism":null,"url":null,"website":null,"website:menu":null,"wheelchair":null,"wifi":null},"geometry":{"type":"Point","coordinates":[-74.101606,4.6430295]}},
{"type":"Feature","properties":{"fid":18,"id":"node/600238725","@id":"node/600238725","addr:city":null,"addr:country":null,"addr:door":null,"addr:floor":null,"addr:full":null,"addr:housename":null,"addr:housenumber":null,"addr:place":null,"addr:postcode":null,"addr:street":null,"addr:unit":null,"air_conditioning":null,"alt_name":null,"amenity":"cafe","baby_feeding":null,"bar":null,"branch":null,"brand":"Café OMA","brand:wikidata":"Q108929487","brand:wikipedia":null,"building":null,"capacity":null,"check_date":null,"check_date:opening_hours":null,"contact:facebook":null,"contact:instagram":null,"contact:website":null,"contact:whatsapp":null,"cuisine":"coffee_shop","currency:XBT":null,"delivery":null,"description":null,"diet:gluten_free":null,"diet:organic":null,"diet:vegan":null,"diet:vegetarian":null,"dog":null,"drink:espresso":null,"drink:filter_coffee":null,"drive_through":null,"email":null,"fixme":null,"floor":null,"indoor":null,"indoor_seating":null,"internet_access":null,"internet_access:fee":null,"internet_access:ssid":null,"level":null,"location":null,"name":"Café OMA","name:de":null,"name:en":null,"name:es":null,"name:fr":null,"note:opening_hours":null,"official_name":null,"opening_hours":null,"opening_hours:es":null,"opening_hours:signed":null,"operator":null,"outdoor_seating":null,"payment:app":null,"payment:apple_pay":null,"payment:cards":null,"payment:cash":null,"payment:contactless":null,"payment:credit_cards":null,"payment:debit_cards":null,"payment:google_pay":null,"payment:lightning":null,"payment:lightning_contactless":null,"payment:onchain":null,"pets":null,"phone":null,"service:electricity":null,"shop":null,"smoking":null,"source":null,"takeaway":"yes","toilets":null,"toilets:access":null,"toilets:wheelchair":null,"tourism":null,"url":null,"website":null,"website:menu":null,"wheelchair":null,"wifi":null},"geometry":{"type":"Point","coordinates":[-74.115428,4.701068]}},
{"type":"Feature","properties":{"fid":19,"id":"node/601254785","@id":"node/601254785","addr:city":"Kennedy","addr:country":null,"addr:door":null,"addr:floor":null,"addr:full":null,"addr:housename":null,"addr:housenumber":null,"addr:place":null,"addr:postcode":null,"addr:street":"Carrera 72A","addr:unit":null,"air_conditioning":null,"alt_name":null,"amenity":"cafe","baby_feeding":null,"bar":null,"branch":null,"brand":null,"brand:wikidata":null,"brand:wikipedia":null,"building":null,"capacity":null,"check_date":null,"check_date:opening_hours":null,"contact:facebook":null,"contact:instagram":null,"contact:website":null,"contact:whatsapp":null,"cuisine":null,"currency:XBT":null,"delivery":null,"description":null,"diet:gluten_free":null,"diet:organic":null,"diet:vegan":null,"diet:vegetarian":null,"dog":null,"drink:espresso":null,"drink:filter_coffee":null,"drive_through":null,"email":null,"fixme":null,"floor":null,"indoor":null,"indoor_seating":null,"internet_access":null,"internet_access:fee":null,"internet_access:ssid":null,"level":null,"location":null,"name":"Meridianos Pan y Cafe","name:de":null,"name:en":null,"name:es":null,"name:fr":null,"note:opening_hours":null,"official_name":null,"opening_hours":null,"opening_hours:es":null,"opening_hours:signed":null,"operator":null,"outdoor_seating":null,"payment:app":null,"payment:apple_pay":null,"payment:cards":null,"payment:cash":null,"payment:contactless":null,"payment:credit_cards":null,"payment:debit_cards":null,"payment:google_pay":null,"payment:lightning":null,"payment:lightning_contactless":null,"payment:onchain":null,"pets":null,"phone":null,"service:electricity":null,"shop":null,"smoking":null,"source":"Kaart Ground Survey 2017","takeaway":null,"toilets":null,"toilets:access":null,"toilets:wheelchair":null,"tourism":null,"url":null,"website":null,"website:menu":null,"wheelchair":null,"wifi":null},"geometry":{"type":"Point","coordinates":[-74.1348505,4.6425553]}},
{"type":"Feature","properties":{"fid":24,"id":"node/662221657","@id":"node/662221657","addr:city":null,"addr:country":null,"addr:door":null,"addr:floor":null,"addr:full":null,"addr:housename":null,"addr:housenumber":null,"addr:place":null,"addr:postcode":null,"addr:street":null,"addr:unit":null,"air_conditioning":null,"alt_name":null,"amenity":"cafe","baby_feeding":null,"bar":null,"branch":null,"brand":"Café OMA","brand:wikidata":"Q108929487","brand:wikipedia":null,"building":null,"capacity":null,"check_date":null,"check_date:opening_hours":null,"contact:facebook":null,"contact:instagram":null,"contact:website":null,"contact:whatsapp":null,"cuisine":"coffee_shop","currency:XBT":null,"delivery":null,"description":null,"diet:gluten_free":null,"diet:organic":null,"diet:vegan":null,"diet:vegetarian":null,"dog":null,"drink:espresso":null,"drink:filter_coffee":null,"drive_through":null,"email":null,"fixme":null,"floor":null,"indoor":null,"indoor_seating":null,"internet_access":null,"internet_access:fee":null,"internet_access:ssid":null,"level":null,"location":null,"name":"Café OMA","name:de":null,"name:en":null,"name:es":null,"name:fr":null,"note:opening_hours":null,"official_name":null,"opening_hours":"Mo-Sa 08:30-20:30","opening_hours:es":null,"opening_hours:signed":null,"operator":null,"outdoor_seating":null,"payment:app":null,"payment:apple_pay":null,"payment:cards":null,"payment:cash":null,"payment:contactless":null,"payment:credit_cards":null,"payment:debit_cards":null,"payment:google_pay":null,"payment:lightning":null,"payment:lightning_contactless":null,"payment:onchain":null,"pets":null,"phone":null,"service:electricity":null,"shop":null,"smoking":null,"source":null,"takeaway":"yes","toilets":null,"toilets:access":null,"toilets:wheelchair":null,"tourism":null,"url":null,"website":"https://www.cafeoma.com/","website:menu":null,"wheelchair":null,"wifi":null},"geometry":{"type":"Point","coordinates":[-74.0804715,4.6836004]}},
{"type":"Feature","properties":{"fid":26,"id":"node/679776620","@id":"node/679776620","addr:city":null,"addr:country":null,"addr:door":null,"addr:floor":null,"addr:full":null,"addr:housename":null,"addr:housenumber":null,"addr:place":null,"addr:postcode":null,"addr:street":null,"addr:unit":null,"air_conditioning":null,"alt_name":null,"amenity":"cafe","baby_feeding":null,"bar":null,"branch":null,"brand":null,"brand:wikidata":null,"brand:wikipedia":null,"building":null,"capacity":null,"check_date":null,"check_date:opening_hours":null,"contact:facebook":null,"contact:instagram":null,"contact:website":null,"contact:whatsapp":null,"cuisine":null,"currency:XBT":null,"delivery":null,"description":null,"diet:gluten_free":null,"diet:organic":null,"diet:vegan":null,"diet:vegetarian":null,"dog":null,"drink:espresso":null,"drink:filter_coffee":null,"drive_through":null,"email":null,"fixme":null,"floor":null,"indoor":null,"indoor_seating":null,"internet_access":null,"internet_access:fee":null,"internet_access:ssid":null,"level":null,"location":null,"name":null,"name:de":null,"name:en":null,"name:es":null,"name:fr":null,"note:opening_hours":null,"official_name":null,"opening_hours":null,"opening_hours:es":null,"opening_hours:signed":null,"operator":null,"outdoor_seating":null,"payment:app":null,"payment:apple_pay":null,"payment:cards":null,"payment:cash":null,"payment:contactless":null,"payment:credit_cards":null,"payment:debit_cards":null,"payment:google_pay":null,"payment:lightning":null,"payment:lightning_contactless":null,"payment:onchain":null,"pets":null,"phone":null,"service:electricity":null,"shop":null,"smoking":null,"source":null,"takeaway":null,"toilets":null,"toilets:access":null,"toilets:wheelchair":null,"tourism":null,"url":null,"website":null,"website:menu":null,"wheelchair":null,"wifi":null},"geometry":{"type":"Point","coordinates":[-74.1023154,4.5718378]}},
{"type":"Feature","properties":{"fid":27,"id":"node/695229274","@id":"node/695229274","addr:city":"Bogota","addr:country":"CO","addr:door":null,"addr:floor":null,"addr:full":null,"addr:housename":null,"addr:housenumber":"45-9","addr:place":null,"addr:postcode":null,"addr:street":"Calle 174A","addr:unit":null,"air_conditioning":null,"alt_name":null,"amenity":"cafe","baby_feeding":null,"bar":null,"branch":null,"brand":"Tostao","brand:wikidata":null,"brand:wikipedia":null,"building":null,"capacity":null,"check_date":null,"check_date:opening_hours":null,"contact:facebook":null,"contact:instagram":null,"contact:website":null,"contact:whatsapp":null,"cuisine":null,"currency:XBT":null,"delivery":null,"description":null,"diet:gluten_free":null,"diet:organic":null,"diet:vegan":null,"diet:vegetarian":null,"dog":null,"drink:espresso":null,"drink:filter_coffee":null,"drive_through":null,"email":null,"fixme":null,"floor":null,"indoor":null,"indoor_seating":null,"internet_access":null,"internet_access:fee":null,"internet_access:ssid":null,"level":null,"location":null,"name":null,"name:de":null,"name:en":null,"name:es":null,"name:fr":null,"note:opening_hours":null,"official_name":null,"opening_hours":null,"opening_hours:es":null,"opening_hours:signed":null,"operator":null,"outdoor_seating":null,"payment:app":null,"payment:apple_pay":null,"payment:cards":null,"payment:cash":null,"payment:contactless":null,"payment:credit_cards":null,"payment:debit_cards":null,"payment:google_pay":null,"payment:lightning":null,"payment:lightning_contactless":null,"payment:onchain":null,"pets":null,"phone":null,"service:electricity":null,"shop":null,"smoking":null,"source":null,"takeaway":null,"toilets":null,"toilets:access":null,"toilets:wheelchair":null,"tourism":null,"url":null,"website":null,"website:menu":null,"wheelchair":null,"wifi":null},"geometry":{"type":"Point","coordinates":[-74.0465828,4.7549816]}},
{"type":"Feature","properties":{"fid":28,"id":"node/756685866","@id":"node/756685866","addr:city":null,"addr:country":null,"addr:door":null,"addr:floor":null,"addr:full":null,"addr:housename":null,"addr:housenumber":null,"addr:place":null,"addr:postcode":null,"addr:street":null,"addr:unit":null,"air_conditioning":null,"alt_name":null,"amenity":"cafe","baby_feeding":null,"bar":null,"branch":null,"brand":null,"brand:wikidata":null,"brand:wikipedia":null,"building":null,"capacity":null,"check_date":null,"check_date:opening_hours":null,"contact:facebook":null,"contact:instagram":null,"contact:website":null,"contact:whatsapp":null,"cuisine":null,"currency:XBT":null,"delivery":null,"description":null,"diet:gluten_free":null,"diet:organic":null,"diet:vegan":null,"diet:vegetarian":null,"dog":null,"drink:espresso":null,"drink:filter_coffee":null,"drive_through":null,"email":null,"fixme":null,"floor":null,"indoor":null,"indoor_seating":null,"internet_access":null,"internet_access:fee":null,"internet_access:ssid":null,"level":null,"location":null,"name":"WilPan","name:de":null,"name:en":null,"name:es":null,"name:fr":null,"note:opening_hours":null,"official_name":null,"opening_hours":null,"opening_hours:es":null,"opening_hours:signed":null,"operator":null,"outdoor_seating":null,"payment:app":null,"payment:apple_pay":null,"payment:cards":null,"payment:cash":null,"payment:contactless":null,"payment:credit_cards":null,"payment:debit_cards":null,"payment:google_pay":null,"payment:lightning":null,"payment:lightning_contactless":null,"payment:onchain":null,"pets":null,"phone":null,"service:electricity":null,"shop":null,"smoking":null,"source":null,"takeaway":null,"toilets":null,"toilets:access":null,"toilets:wheelchair":null,"tourism":null,"url":null,"website":null,"website:menu":null,"wheelchair":null,"wifi":null},"geometry":{"type":"Point","coordinates":[-74.1212078,4.52194]}},
{"type":"Feature","properties":{"fid":30,"id":"node/822152787","@id":"node/822152787","addr:city":null,"addr:country":null,"addr:door":null,"addr:floor":null,"addr:full":null,"addr:housename":null,"addr:housenumber":null,"addr:place":null,"addr:postcode":null,"addr:street":null,"addr:unit":null,"air_conditioning":null,"alt_name":null,"amenity":"cafe","baby_feeding":null,"bar":null,"branch":null,"brand":null,"brand:wikidata":null,"brand:wikipedia":null,"building":null,"capacity":null,"check_date":null,"check_date:opening_hours":null,"contact:facebook":null,"contact:instagram":null,"contact:website":null,"contact:whatsapp":null,"cuisine":null,"currency:XBT":null,"delivery":null,"description":null,"diet:gluten_free":null,"diet:organic":null,"diet:vegan":null,"diet:vegetarian":null,"dog":null,"drink:espresso":null,"drink:filter_coffee":null,"drive_through":null,"email":null,"fixme":null,"floor":null,"indoor":null,"indoor_seating":null,"internet_access":null,"internet_access:fee":null,"internet_access:ssid":null,"level":null,"location":null,"name":"On the Run","name:de":null,"name:en":null,"name:es":null,"name:fr":null,"note:opening_hours":null,"official_name":null,"opening_hours":null,"opening_hours:es":null,"opening_hours:signed":null,"operator":null,"outdoor_seating":null,"payment:app":null,"payment:apple_pay":null,"payment:cards":null,"payment:cash":null,"payment:contactless":null,"payment:credit_cards":null,"payment:debit_cards":null,"payment:google_pay":null,"payment:lightning":null,"payment:lightning_contactless":null,"payment:onchain":null,"pets":null,"phone":null,"service:electricity":null,"shop":null,"smoking":null,"source":null,"takeaway":null,"toilets":null,"toilets:access":null,"toilets:wheelchair":null,"tourism":null,"url":null,"website":null,"website:menu":null,"wheelchair":null,"wifi":null},"geometry":{"type":"Point","coordinates":[-74.102892,4.6336939]}},
{"type":"Feature","properties":{"fid":31,"id":"node/849023912","@id":"node/849023912","addr:city":null,"addr:country":null,"addr:door":null,"addr:floor":null,"addr:full":null,"addr:housename":null,"addr:housenumber":null,"addr:place":null,"addr:postcode":null,"addr:street":null,"addr:unit":null,"air_conditioning":null,"alt_name":null,"amenity":"cafe","baby_feeding":null,"bar":null,"branch":null,"brand":"Café OMA","brand:wikidata":"Q108929487","brand:wikipedia":null,"building":null,"capacity":null,"check_date":null,"check_date:opening_hours":null,"contact:facebook":null,"contact:instagram":null,"contact:website":null,"contact:whatsapp":null,"cuisine":"coffee_shop","currency:XBT":null,"delivery":null,"description":null,"diet:gluten_free":null,"diet:organic":null,"diet:vegan":null,"diet:vegetarian":null,"dog":null,"drink:espresso":null,"drink:filter_coffee":null,"drive_through":null,"email":null,"fixme":null,"floor":null,"indoor":null,"indoor_seating":null,"internet_access":null,"internet_access:fee":null,"internet_access:ssid":null,"level":null,"location":null,"name":"Café OMA","name:de":null,"name:en":null,"name:es":null,"name:fr":null,"note:opening_hours":null,"official_name":null,"opening_hours":null,"opening_hours:es":null,"opening_hours:signed":null,"operator":null,"outdoor_seating":null,"payment:app":null,"payment:apple_pay":null,"payment:cards":null,"payment:cash":null,"payment:contactless":null,"payment:credit_cards":null,"payment:debit_cards":null,"payment:google_pay":null,"payment:lightning":null,"payment:lightning_contactless":null,"payment:onchain":null,"pets":null,"phone":null,"service:electricity":null,"shop":null,"smoking":null,"source":null,"takeaway":"yes","toilets":null,"toilets:access":null,"toilets:wheelchair":null,"tourism":null,"url":null,"website":"https://www.cafeoma.com/","website:menu":null,"wheelchair":"limited","wifi":null},"geometry":{"type":"Point","coordinates":[-74.0538027,4.6678858]}},
{"type":"Feature","properties":{"fid":33,"id":"node/859648400","@id":"node/859648400","addr:city":null,"addr:country":null,"addr:door":null,"addr:floor":null,"addr:full":null,"addr:housename":null,"addr:housenumber":null,"addr:place":null,"addr:postcode":null,"addr:street":null,"addr:unit":null,"air_conditioning":null,"alt_name":null,"amenity":"cafe","baby_feeding":null,"bar":null,"branch":null,"brand":null,"brand:wikidata":null,"brand:wikipedia":null,"building":null,"capacity":null,"check_date":null,"check_date:opening_hours":null,"contact:facebook":null,"contact:instagram":null,"contact:website":null,"contact:whatsapp":null,"cuisine":null,"currency:XBT":null,"delivery":null,"description":null,"diet:gluten_free":null,"diet:organic":null,"diet:vegan":null,"diet:vegetarian":null,"dog":null,"drink:espresso":null,"drink:filter_coffee":null,"drive_through":null,"email":null,"fixme":null,"floor":null,"indoor":null,"indoor_seating":null,"internet_access":null,"internet_access:fee":null,"internet_access:ssid":null,"level":null,"location":null,"name":null,"name:de":null,"name:en":null,"name:es":null,"name:fr":null,"note:opening_hours":null,"official_name":null,"opening_hours":null,"opening_hours:es":null,"opening_hours:signed":null,"operator":null,"outdoor_seating":null,"payment:app":null,"payment:apple_pay":null,"payment:cards":null,"payment:cash":null,"payment:contactless":null,"payment:credit_cards":null,"payment:debit_cards":null,"payment:google_pay":null,"payment:lightning":null,"payment:lightning_contactless":null,"payment:onchain":null,"pets":null,"phone":null,"service:electricity":null,"shop":null,"smoking":null,"source":null,"takeaway":null,"toilets":null,"toilets:access":null,"toilets:wheelchair":null,"tourism":null,"url":null,"website":null,"website:menu":null,"wheelchair":"no","wifi":null},"geometry":{"type":"Point","coordinates":[-74.0613895,4.6643983]}},
{"type":"Feature","properties":{"fid":37,"id":"node/1062675225","@id":"node/1062675225","addr:city":null,"addr:country":null,"addr:door":null,"addr:floor":null,"addr:full":null,"addr:housename":null,"addr:housenumber":null,"addr:place":null,"addr:postcode":null,"addr:street":"Carrera 82","addr:unit":null,"air_conditioning":null,"alt_name":null,"amenity":"cafe","baby_feeding":null,"bar":null,"branch":null,"brand":null,"brand:wikidata":null,"brand:wikipedia":null,"building":null,"capacity":null,"check_date":null,"check_date:opening_hours":null,"contact:facebook":null,"contact:instagram":null,"contact:website":null,"contact:whatsapp":null,"cuisine":null,"currency:XBT":null,"delivery":null,"description":null,"diet:gluten_free":null,"diet:organic":null,"diet:vegan":null,"diet:vegetarian":null,"dog":null,"drink:espresso":null,"drink:filter_coffee":null,"drive_through":null,"email":null,"fixme":null,"floor":null,"indoor":null,"indoor_seating":null,"internet_access":null,"internet_access:fee":null,"internet_access:ssid":null,"level":null,"location":null,"name":"Pan de Oro","name:de":null,"name:en":null,"name:es":null,"name:fr":null,"note:opening_hours":null,"official_name":null,"opening_hours":null,"opening_hours:es":null,"opening_hours:signed":null,"operator":null,"outdoor_seating":null,"payment:app":null,"payment:apple_pay":null,"payment:cards":null,"payment:cash":null,"payment:contactless":null,"payment:credit_cards":null,"payment:debit_cards":null,"payment:google_pay":null,"payment:lightning":null,"payment:lightning_contactless":null,"payment:onchain":null,"pets":null,"phone":null,"service:electricity":null,"shop":null,"smoking":null,"source":"Kaart Ground Survey 2017","takeaway":null,"toilets":null,"toilets:access":null,"toilets:wheelchair":null,"tourism":null,"url":null,"website":null,"website:menu":null,"wheelchair":null,"wifi":null},"geometry":{"type":"Point","coordinates":[-74.1260495,4.6661654]}},
{"type":"Feature","properties":{"fid":38,"id":"node/1106833491","@id":"node/1106833491","addr:city":null,"addr:country":null,"addr:door":null,"addr:floor":null,"addr:full":null,"addr:housename":null,"addr:housenumber":null,"addr:place":null,"addr:postcode":null,"addr:street":null,"addr:unit":null,"air_conditioning":null,"alt_name":null,"amenity":"cafe","baby_feeding":null,"bar":null,"branch":null,"brand":null,"brand:wikidata":null,"brand:wikipedia":null,"building":null,"capacity":null,"check_date":null,"check_date:opening_hours":null,"contact:facebook":null,"contact:instagram":null,"contact:website":null,"contact:whatsapp":null,"cuisine":null,"currency:XBT":null,"delivery":null,"description":null,"diet:gluten_free":null,"diet:organic":null,"diet:vegan":null,"diet:vegetarian":null,"dog":null,"drink:espresso":null,"drink:filter_coffee":null,"drive_through":null,"email":null,"fixme":null,"floor":null,"indoor":null,"indoor_seating":null,"internet_access":null,"internet_access:fee":null,"internet_access:ssid":null,"level":null,"location":null,"name":"Oma","name:de":null,"name:en":null,"name:es":null,"name:fr":null,"note:opening_hours":null,"official_name":null,"opening_hours":null,"opening_hours:es":null,"opening_hours:signed":null,"operator":null,"outdoor_seating":null,"payment:app":null,"payment:apple_pay":null,"payment:cards":null,"payment:cash":null,"payment:contactless":null,"payment:credit_cards":null,"payment:debit_cards":null,"payment:google_pay":null,"payment:lightning":null,"payment:lightning_contactless":null,"payment:onchain":null,"pets":null,"phone":null,"service:electricity":null,"shop":null,"smoking":null,"source":null,"takeaway":null,"toilets":null,"toilets:access":null,"toilets:wheelchair":null,"tourism":null,"url":null,"website":null,"website:menu":null,"wheelchair":null,"wifi":null},"geometry":{"type":"Point","coordinates":[-74.0725164,4.6034563]}},
{"type":"Feature","properties":{"fid":44,"id":"node/1201598234","@id":"node/1201598234","addr:city":null,"addr:country":null,"addr:door":null,"addr:floor":null,"addr:full":null,"addr:housename":null,"addr:housenumber":null,"addr:place":null,"addr:postcode":null,"addr:street":null,"addr:unit":null,"air_conditioning":null,"alt_name":null,"amenity":"cafe","baby_feeding":null,"bar":null,"branch":null,"brand":"Café OMA","brand:wikidata":"Q108929487","brand:wikipedia":null,"building":null,"capacity":null,"check_date":null,"check_date:opening_hours":null,"contact:facebook":null,"contact:instagram":null,"contact:website":null,"contact:whatsapp":null,"cuisine":null,"currency:XBT":null,"delivery":null,"description":null,"diet:gluten_free":null,"diet:organic":null,"diet:vegan":null,"diet:vegetarian":null,"dog":null,"drink:espresso":null,"drink:filter_coffee":null,"drive_through":null,"email":null,"fixme":null,"floor":null,"indoor":null,"indoor_seating":null,"internet_access":null,"internet_access:fee":null,"internet_access:ssid":null,"level":null,"location":null,"name":"Café OMA","name:de":null,"name:en":null,"name:es":null,"name:fr":null,"note:opening_hours":null,"official_name":null,"opening_hours":null,"opening_hours:es":null,"opening_hours:signed":null,"operator":null,"outdoor_seating":null,"payment:app":null,"payment:apple_pay":null,"payment:cards":null,"payment:cash":null,"payment:contactless":null,"payment:credit_cards":null,"payment:debit_cards":null,"payment:google_pay":null,"payment:lightning":null,"payment:lightning_contactless":null,"payment:onchain":null,"pets":null,"phone":null,"service:electricity":null,"shop":null,"smoking":null,"source":null,"takeaway":"yes","toilets":null,"toilets:access":null,"toilets:wheelchair":null,"tourism":null,"url":null,"website":"https://www.cafeoma.com/","website:menu":null,"wheelchair":null,"wifi":null},"geometry":{"type":"Point","coordinates":[-74.0667937,4.6309608]}},
{"type":"Feature","properties":{"fid":45,"id":"node/1268313156","@id":"node/1268313156","addr:city":"Bogotá","addr:country":null,"addr:door":null,"addr:floor":null,"addr:full":null,"addr:housename":null,"addr:housenumber":null,"addr:place":null,"addr:postcode":null,"addr:street":"Calle 24","addr:unit":null,"air_conditioning":null,"alt_name":null,"amenity":"cafe","baby_feeding":null,"bar":null,"branch":null,"brand":null,"brand:wikidata":null,"brand:wikipedia":null,"building":null,"capacity":null,"check_date":null,"check_date:opening_hours":null,"contact:facebook":null,"contact:instagram":null,"contact:website":null,"contact:whatsapp":null,"cuisine":"Café_de_orígen","currency:XBT":null,"delivery":null,"description":null,"diet:gluten_free":null,"diet:organic":null,"diet:vegan":null,"diet:vegetarian":null,"dog":null,"drink:espresso":null,"drink:filter_coffee":null,"drive_through":null,"email":null,"fixme":null,"floor":null,"indoor":null,"indoor_seating":null,"internet_access":"yes","internet_access:fee":null,"internet_access:ssid":null,"level":null,"location":null,"name":"Café Recoleta","name:de":null,"name:en":null,"name:es":null,"name:fr":null,"note:opening_hours":null,"official_name":null,"opening_hours":null,"opening_hours:es":null,"opening_hours:signed":null,"operator":null,"outdoor_seating":null,"payment:app":null,"payment:apple_pay":null,"payment:cards":null,"payment:cash":null,"payment:contactless":null,"payment:credit_cards":null,"payment:debit_cards":null,"payment:google_pay":null,"payment:lightning":null,"payment:lightning_contactless":null,"payment:onchain":null,"pets":null,"phone":null,"service:electricity":null,"shop":null,"smoking":"no","source":null,"takeaway":null,"toilets":null,"toilets:access":null,"toilets:wheelchair":null,"tourism":null,"url":null,"website":null,"website:menu":null,"wheelchair":null,"wifi":null},"geometry":{"type":"Point","coordinates":[-74.0688278,4.6090909]}},
{"type":"Feature","properties":{"fid":46,"id":"node/1277994075","@id":"node/1277994075","addr:city":null,"addr:country":null,"addr:door":null,"addr:floor":null,"addr:full":null,"addr:housename":null,"addr:housenumber":null,"addr:place":null,"addr:postcode":null,"addr:street":null,"addr:unit":null,"air_conditioning":null,"alt_name":null,"amenity":"cafe","baby_feeding":null,"bar":null,"branch":null,"brand":null,"brand:wikidata":null,"brand:wikipedia":null,"building":null,"capacity":null,"check_date":null,"check_date:opening_hours":null,"contact:facebook":null,"contact:instagram":null,"contact:website":null,"contact:whatsapp":null,"cuisine":"international","currency:XBT":null,"delivery":null,"description":null,"diet:gluten_free":null,"diet:organic":null,"diet:vegan":null,"diet:vegetarian":null,"dog":null,"drink:espresso":null,"drink:filter_coffee":null,"drive_through":null,"email":null,"fixme":null,"floor":null,"indoor":null,"indoor_seating":null,"internet_access":null,"internet_access:fee":null,"internet_access:ssid":null,"level":null,"location":null,"name":"San Cafe","name:de":null,"name:en":null,"name:es":null,"name:fr":null,"note:opening_hours":null,"official_name":null,"opening_hours":null,"opening_hours:es":null,"opening_hours:signed":null,"operator":null,"outdoor_seating":null,"payment:app":null,"payment:apple_pay":null,"payment:cards":null,"payment:cash":null,"payment:contactless":null,"payment:credit_cards":null,"payment:debit_cards":null,"payment:google_pay":null,"payment:lightning":null,"payment:lightning_contactless":null,"payment:onchain":null,"pets":null,"phone":null,"service:electricity":null,"shop":null,"smoking":null,"source":null,"takeaway":null,"toilets":null,"toilets:access":null,"toilets:wheelchair":null,"tourism":null,"url":null,"website":null,"website:menu":null,"wheelchair":null,"wifi":null},"geometry":{"type":"Point","coordinates":[-74.075005600000011,4.635117]}},
{"type":"Feature","properties":{"fid":48,"id":"node/1383986709","@id":"node/1383986709","addr:city":null,"addr:country":null,"addr:door":null,"addr:floor":null,"addr:full":null,"addr:housename":null,"addr:housenumber":null,"addr:place":null,"addr:postcode":null,"addr:street":null,"addr:unit":null,"air_conditioning":null,"alt_name":null,"amenity":"cafe","baby_feeding":null,"bar":null,"branch":null,"brand":null,"brand:wikidata":null,"brand:wikipedia":null,"building":null,"capacity":null,"check_date":null,"check_date:opening_hours":null,"contact:facebook":null,"contact:instagram":null,"contact:website":null,"contact:whatsapp":null,"cuisine":null,"currency:XBT":null,"delivery":null,"description":null,"diet:gluten_free":null,"diet:organic":null,"diet:vegan":null,"diet:vegetarian":null,"dog":null,"drink:espresso":null,"drink:filter_coffee":null,"drive_through":null,"email":null,"fixme":null,"floor":null,"indoor":null,"indoor_seating":null,"internet_access":null,"internet_access:fee":null,"internet_access:ssid":null,"level":null,"location":null,"name":null,"name:de":null,"name:en":null,"name:es":null,"name:fr":null,"note:opening_hours":null,"official_name":null,"opening_hours":null,"opening_hours:es":null,"opening_hours:signed":null,"operator":null,"outdoor_seating":null,"payment:app":null,"payment:apple_pay":null,"payment:cards":null,"payment:cash":null,"payment:contactless":null,"payment:credit_cards":null,"payment:debit_cards":null,"payment:google_pay":null,"payment:lightning":null,"payment:lightning_contactless":null,"payment:onchain":null,"pets":null,"phone":null,"service:electricity":null,"shop":null,"smoking":null,"source":null,"takeaway":null,"toilets":null,"toilets:access":null,"toilets:wheelchair":null,"tourism":null,"url":null,"website":null,"website:menu":null,"wheelchair":null,"wifi":null},"geometry":{"type":"Point","coordinates":[-74.0625932,4.6272621]}},
{"type":"Feature","properties":{"fid":49,"id":"node/1384008514","@id":"node/1384008514","addr:city":null,"addr:country":null,"addr:door":null,"addr:floor":null,"addr:full":null,"addr:housename":null,"addr:housenumber":null,"addr:place":null,"addr:postcode":null,"addr:street":null,"addr:unit":null,"air_conditioning":null,"alt_name":null,"amenity":"cafe","baby_feeding":null,"bar":null,"branch":null,"brand":null,"brand:wikidata":null,"brand:wikipedia":null,"building":null,"capacity":null,"check_date":null,"check_date:opening_hours":null,"contact:facebook":null,"contact:instagram":null,"contact:website":null,"contact:whatsapp":null,"cuisine":null,"currency:XBT":null,"delivery":null,"description":null,"diet:gluten_free":null,"diet:organic":null,"diet:vegan":null,"diet:vegetarian":null,"dog":null,"drink:espresso":null,"drink:filter_coffee":null,"drive_through":null,"email":null,"fixme":null,"floor":null,"indoor":null,"indoor_seating":null,"internet_access":null,"internet_access:fee":null,"internet_access:ssid":null,"level":null,"location":null,"name":null,"name:de":null,"name:en":null,"name:es":null,"name:fr":null,"note:opening_hours":null,"official_name":null,"opening_hours":null,"opening_hours:es":null,"opening_hours:signed":null,"operator":null,"outdoor_seating":null,"payment:app":null,"payment:apple_pay":null,"payment:cards":null,"payment:cash":null,"payment:contactless":null,"payment:credit_cards":null,"payment:debit_cards":null,"payment:google_pay":null,"payment:lightning":null,"payment:lightning_contactless":null,"payment:onchain":null,"pets":null,"phone":null,"service:electricity":null,"shop":null,"smoking":null,"source":null,"takeaway":null,"toilets":null,"toilets:access":null,"toilets:wheelchair":null,"tourism":null,"url":null,"website":null,"website:menu":null,"wheelchair":null,"wifi":null},"geometry":{"type":"Point","coordinates":[-74.0632359,4.6280968]}},
{"type":"Feature","properties":{"fid":50,"id":"node/1384008521","@id":"node/1384008521","addr:city":null,"addr:country":null,"addr:door":null,"addr:floor":null,"addr:full":null,"addr:housename":null,"addr:housenumber":null,"addr:place":null,"addr:postcode":null,"addr:street":null,"addr:unit":null,"air_conditioning":null,"alt_name":null,"amenity":"cafe","baby_feeding":null,"bar":null,"branch":null,"brand":null,"brand:wikidata":null,"brand:wikipedia":null,"building":null,"capacity":null,"check_date":null,"check_date:opening_hours":null,"contact:facebook":null,"contact:instagram":null,"contact:website":null,"contact:whatsapp":null,"cuisine":null,"currency:XBT":null,"delivery":null,"description":null,"diet:gluten_free":null,"diet:organic":null,"diet:vegan":null,"diet:vegetarian":null,"dog":null,"drink:espresso":null,"drink:filter_coffee":null,"drive_through":null,"email":null,"fixme":null,"floor":null,"indoor":null,"indoor_seating":null,"internet_access":null,"internet_access:fee":null,"internet_access:ssid":null,"level":null,"location":null,"name":null,"name:de":null,"name:en":null,"name:es":null,"name:fr":null,"note:opening_hours":null,"official_name":null,"opening_hours":null,"opening_hours:es":null,"opening_hours:signed":null,"operator":null,"outdoor_seating":null,"payment:app":null,"payment:apple_pay":null,"payment:cards":null,"payment:cash":null,"payment:contactless":null,"payment:credit_cards":null,"payment:debit_cards":null,"payment:google_pay":null,"payment:lightning":null,"payment:lightning_contactless":null,"payment:onchain":null,"pets":null,"phone":null,"service:electricity":null,"shop":null,"smoking":null,"source":null,"takeaway":null,"toilets":null,"toilets:access":null,"toilets:wheelchair":null,"tourism":null,"url":null,"website":null,"website:menu":null,"wheelchair":null,"wifi":null},"geometry":{"type":"Point","coordinates":[-74.062728,4.628759]}},
{"type":"Feature","properties":{"fid":51,"id":"node/1384008566","@id":"node/1384008566","addr:city":null,"addr:country":null,"addr:door":null,"addr:floor":null,"addr:full":null,"addr:housename":null,"addr:housenumber":null,"addr:place":null,"addr:postcode":null,"addr:street":null,"addr:unit":null,"air_conditioning":null,"alt_name":null,"amenity":"cafe","baby_feeding":null,"bar":null,"branch":null,"brand":null,"brand:wikidata":null,"brand:wikipedia":null,"building":null,"capacity":null,"check_date":null,"check_date:opening_hours":null,"contact:facebook":null,"contact:instagram":null,"contact:website":null,"contact:whatsapp":null,"cuisine":null,"currency:XBT":null,"delivery":null,"description":null,"diet:gluten_free":null,"diet:organic":null,"diet:vegan":null,"diet:vegetarian":null,"dog":null,"drink:espresso":null,"drink:filter_coffee":null,"drive_through":null,"email":null,"fixme":null,"floor":null,"indoor":null,"indoor_seating":null,"internet_access":null,"internet_access:fee":null,"internet_access:ssid":null,"level":null,"location":null,"name":null,"name:de":null,"name:en":null,"name:es":null,"name:fr":null,"note:opening_hours":null,"official_name":null,"opening_hours":null,"opening_hours:es":null,"opening_hours:signed":null,"operator":null,"outdoor_seating":null,"payment:app":null,"payment:apple_pay":null,"payment:cards":null,"payment:cash":null,"payment:contactless":null,"payment:credit_cards":null,"payment:debit_cards":null,"payment:google_pay":null,"payment:lightning":null,"payment:lightning_contactless":null,"payment:onchain":null,"pets":null,"phone":null,"service:electricity":null,"shop":null,"smoking":null,"source":null,"takeaway":null,"toilets":null,"toilets:access":null,"toilets:wheelchair":null,"tourism":null,"url":null,"website":null,"website:menu":null,"wheelchair":null,"wifi":null},"geometry":{"type":"Point","coordinates":[-74.063903,4.630719]}},
{"type":"Feature","properties":{"fid":52,"id":"node/1451628087","@id":"node/1451628087","addr:city":null,"addr:country":null,"addr:door":null,"addr:floor":null,"addr:full":null,"addr:housename":null,"addr:housenumber":null,"addr:place":null,"addr:postcode":null,"addr:street":null,"addr:unit":null,"air_conditioning":null,"alt_name":null,"amenity":"cafe","baby_feeding":null,"bar":null,"branch":null,"brand":"Tostao'","brand:wikidata":"Q60632476","brand:wikipedia":null,"building":"university","capacity":null,"check_date":null,"check_date:opening_hours":null,"contact:facebook":null,"contact:instagram":null,"contact:website":null,"contact:whatsapp":null,"cuisine":"coffee_shop","currency:XBT":null,"delivery":null,"description":null,"diet:gluten_free":null,"diet:organic":null,"diet:vegan":null,"diet:vegetarian":null,"dog":null,"drink:espresso":null,"drink:filter_coffee":null,"drive_through":null,"email":null,"fixme":null,"floor":null,"indoor":null,"indoor_seating":null,"internet_access":null,"internet_access:fee":null,"internet_access:ssid":null,"level":null,"location":null,"name":"Tostao'","name:de":null,"name:en":null,"name:es":"Tostao’","name:fr":null,"note:opening_hours":null,"official_name":"TOSTAO' Café & Pan","opening_hours":null,"opening_hours:es":null,"opening_hours:signed":null,"operator":null,"outdoor_seating":null,"payment:app":null,"payment:apple_pay":null,"payment:cards":null,"payment:cash":null,"payment:contactless":null,"payment:credit_cards":null,"payment:debit_cards":null,"payment:google_pay":null,"payment:lightning":null,"payment:lightning_contactless":null,"payment:onchain":null,"pets":null,"phone":null,"service:electricity":null,"shop":null,"smoking":null,"source":null,"takeaway":"yes","toilets":null,"toilets:access":null,"toilets:wheelchair":null,"tourism":null,"url":null,"website":null,"website:menu":null,"wheelchair":null,"wifi":null},"geometry":{"type":"Point","coordinates":[-74.0818812,4.6352501]}},
{"type":"Feature","properties":{"fid":53,"id":"node/1459466513","@id":"node/1459466513","addr:city":null,"addr:country":null,"addr:door":null,"addr:floor":null,"addr:full":null,"addr:housename":null,"addr:housenumber":null,"addr:place":null,"addr:postcode":null,"addr:street":null,"addr:unit":null,"air_conditioning":null,"alt_name":null,"amenity":"cafe","baby_feeding":null,"bar":null,"branch":null,"brand":null,"brand:wikidata":null,"brand:wikipedia":null,"building":null,"capacity":null,"check_date":null,"check_date:opening_hours":null,"contact:facebook":null,"contact:instagram":null,"contact:website":null,"contact:whatsapp":null,"cuisine":null,"currency:XBT":null,"delivery":null,"description":null,"diet:gluten_free":null,"diet:organic":null,"diet:vegan":null,"diet:vegetarian":null,"dog":null,"drink:espresso":null,"drink:filter_coffee":null,"drive_through":null,"email":null,"fixme":null,"floor":null,"indoor":null,"indoor_seating":null,"internet_access":null,"internet_access:fee":null,"internet_access:ssid":null,"level":null,"location":null,"name":"Las Cafetales","name:de":null,"name:en":null,"name:es":null,"name:fr":null,"note:opening_hours":null,"official_name":null,"opening_hours":null,"opening_hours:es":null,"opening_hours:signed":null,"operator":null,"outdoor_seating":null,"payment:app":null,"payment:apple_pay":null,"payment:cards":null,"payment:cash":null,"payment:contactless":null,"payment:credit_cards":null,"payment:debit_cards":null,"payment:google_pay":null,"payment:lightning":null,"payment:lightning_contactless":null,"payment:onchain":null,"pets":null,"phone":null,"service:electricity":null,"shop":null,"smoking":null,"source":null,"takeaway":null,"toilets":null,"toilets:access":null,"toilets:wheelchair":null,"tourism":null,"url":null,"website":null,"website:menu":null,"wheelchair":null,"wifi":null},"geometry":{"type":"Point","coordinates":[-74.0591688,4.6717245]}},
{"type":"Feature","properties":{"fid":57,"id":"node/1586401453","@id":"node/1586401453","addr:city":null,"addr:country":null,"addr:door":null,"addr:floor":null,"addr:full":null,"addr:housename":null,"addr:housenumber":null,"addr:place":null,"addr:postcode":null,"addr:street":null,"addr:unit":null,"air_conditioning":null,"alt_name":null,"amenity":"cafe","baby_feeding":null,"bar":null,"branch":null,"brand":"Café OMA","brand:wikidata":"Q108929487","brand:wikipedia":null,"building":null,"capacity":null,"check_date":null,"check_date:opening_hours":null,"contact:facebook":null,"contact:instagram":null,"contact:website":null,"contact:whatsapp":null,"cuisine":"coffee_shop","currency:XBT":null,"delivery":null,"description":null,"diet:gluten_free":null,"diet:organic":null,"diet:vegan":null,"diet:vegetarian":null,"dog":null,"drink:espresso":null,"drink:filter_coffee":null,"drive_through":null,"email":null,"fixme":null,"floor":null,"indoor":null,"indoor_seating":null,"internet_access":null,"internet_access:fee":null,"internet_access:ssid":null,"level":null,"location":null,"name":"Café OMA","name:de":null,"name:en":null,"name:es":null,"name:fr":null,"note:opening_hours":null,"official_name":null,"opening_hours":null,"opening_hours:es":null,"opening_hours:signed":null,"operator":null,"outdoor_seating":null,"payment:app":null,"payment:apple_pay":null,"payment:cards":null,"payment:cash":null,"payment:contactless":null,"payment:credit_cards":null,"payment:debit_cards":null,"payment:google_pay":null,"payment:lightning":null,"payment:lightning_contactless":null,"payment:onchain":null,"pets":null,"phone":null,"service:electricity":null,"shop":null,"smoking":null,"source":null,"takeaway":"yes","toilets":null,"toilets:access":null,"toilets:wheelchair":null,"tourism":null,"url":null,"website":null,"website:menu":null,"wheelchair":null,"wifi":null},"geometry":{"type":"Point","coordinates":[-74.0968103,4.7482454]}},
{"type":"Feature","properties":{"fid":60,"id":"node/1615705927","@id":"node/1615705927","addr:city":"Bogotá","addr:country":null,"addr:door":null,"addr:floor":null,"addr:full":"Cra 7 # 61-52","addr:housename":null,"addr:housenumber":null,"addr:place":null,"addr:postcode":null,"addr:street":null,"addr:unit":null,"air_conditioning":null,"alt_name":null,"amenity":"cafe","baby_feeding":null,"bar":null,"branch":null,"brand":"Tostao’","brand:wikidata":"Q60632476","brand:wikipedia":null,"building":null,"capacity":null,"check_date":null,"check_date:opening_hours":null,"contact:facebook":null,"contact:instagram":null,"contact:website":null,"contact:whatsapp":null,"cuisine":"coffee_shop","currency:XBT":null,"delivery":null,"description":null,"diet:gluten_free":null,"diet:organic":null,"diet:vegan":null,"diet:vegetarian":null,"dog":null,"drink:espresso":null,"drink:filter_coffee":null,"drive_through":null,"email":null,"fixme":null,"floor":null,"indoor":null,"indoor_seating":null,"internet_access":"wlan","internet_access:fee":"no","internet_access:ssid":null,"level":null,"location":null,"name":"Tostao’","name:de":null,"name:en":null,"name:es":"Tostao’","name:fr":null,"note:opening_hours":null,"official_name":null,"opening_hours":null,"opening_hours:es":null,"opening_hours:signed":null,"operator":"Café Juan Valdez","outdoor_seating":null,"payment:app":null,"payment:apple_pay":null,"payment:cards":null,"payment:cash":null,"payment:contactless":null,"payment:credit_cards":null,"payment:debit_cards":null,"payment:google_pay":null,"payment:lightning":null,"payment:lightning_contactless":null,"payment:onchain":null,"pets":null,"phone":null,"service:electricity":null,"shop":"beverages","smoking":"yes","source":null,"takeaway":null,"toilets":null,"toilets:access":null,"toilets:wheelchair":null,"tourism":null,"url":null,"website":null,"website:menu":null,"wheelchair":"no","wifi":null},"geometry":{"type":"Point","coordinates":[-74.0601618,4.6467244]}},
{"type":"Feature","properties":{"fid":62,"id":"node/1624309379","@id":"node/1624309379","addr:city":null,"addr:country":null,"addr:door":null,"addr:floor":null,"addr:full":null,"addr:housename":"Calle 42","addr:housenumber":"22-54","addr:place":null,"addr:postcode":null,"addr:street":null,"addr:unit":null,"air_conditioning":null,"alt_name":null,"amenity":"cafe","baby_feeding":null,"bar":null,"branch":null,"brand":null,"brand:wikidata":null,"brand:wikipedia":null,"building":null,"capacity":null,"check_date":null,"check_date:opening_hours":null,"contact:facebook":null,"contact:instagram":null,"contact:website":null,"contact:whatsapp":null,"cuisine":"spanish","currency:XBT":null,"delivery":null,"description":null,"diet:gluten_free":null,"diet:organic":null,"diet:vegan":null,"diet:vegetarian":null,"dog":null,"drink:espresso":null,"drink:filter_coffee":null,"drive_through":null,"email":null,"fixme":null,"floor":null,"indoor":null,"indoor_seating":null,"internet_access":null,"internet_access:fee":null,"internet_access:ssid":null,"level":null,"location":null,"name":"El Cafetín de la Soledad","name:de":null,"name:en":null,"name:es":null,"name:fr":null,"note:opening_hours":null,"official_name":null,"opening_hours":null,"opening_hours:es":null,"opening_hours:signed":null,"operator":null,"outdoor_seating":null,"payment:app":null,"payment:apple_pay":null,"payment:cards":null,"payment:cash":null,"payment:contactless":null,"payment:credit_cards":null,"payment:debit_cards":null,"payment:google_pay":null,"payment:lightning":null,"payment:lightning_contactless":null,"payment:onchain":null,"pets":null,"phone":null,"service:electricity":null,"shop":null,"smoking":null,"source":null,"takeaway":null,"toilets":null,"toilets:access":null,"toilets:wheelchair":null,"tourism":null,"url":null,"website":null,"website:menu":null,"wheelchair":null,"wifi":"free"},"geometry":{"type":"Point","coordinates":[-74.0746713,4.6325899]}},
{"type":"Feature","properties":{"fid":64,"id":"node/1659534257","@id":"node/1659534257","addr:city":null,"addr:country":null,"addr:door":null,"addr:floor":null,"addr:full":null,"addr:housename":null,"addr:housenumber":null,"addr:place":null,"addr:postcode":null,"addr:street":null,"addr:unit":null,"air_conditioning":null,"alt_name":null,"amenity":"cafe","baby_feeding":null,"bar":null,"branch":null,"brand":null,"brand:wikidata":null,"brand:wikipedia":null,"building":null,"capacity":null,"check_date":null,"check_date:opening_hours":null,"contact:facebook":null,"contact:instagram":null,"contact:website":null,"contact:whatsapp":null,"cuisine":null,"currency:XBT":null,"delivery":null,"description":null,"diet:gluten_free":null,"diet:organic":null,"diet:vegan":null,"diet:vegetarian":null,"dog":null,"drink:espresso":null,"drink:filter_coffee":null,"drive_through":null,"email":null,"fixme":null,"floor":null,"indoor":null,"indoor_seating":null,"internet_access":null,"internet_access:fee":null,"internet_access:ssid":null,"level":null,"location":null,"name":"Juan Valdez Cafe","name:de":null,"name:en":null,"name:es":null,"name:fr":null,"note:opening_hours":null,"official_name":null,"opening_hours":null,"opening_hours:es":null,"opening_hours:signed":null,"operator":null,"outdoor_seating":null,"payment:app":null,"payment:apple_pay":null,"payment:cards":null,"payment:cash":null,"payment:contactless":null,"payment:credit_cards":null,"payment:debit_cards":null,"payment:google_pay":null,"payment:lightning":null,"payment:lightning_contactless":null,"payment:onchain":null,"pets":null,"phone":null,"service:electricity":null,"shop":null,"smoking":null,"source":null,"takeaway":null,"toilets":null,"toilets:access":null,"toilets:wheelchair":null,"tourism":null,"url":null,"website":"https://juanvaldez.com/","website:menu":null,"wheelchair":"limited","wifi":null},"geometry":{"type":"Point","coordinates":[-74.0477571,4.69782]}},
{"type":"Feature","properties":{"fid":65,"id":"node/1659534258","@id":"node/1659534258","addr:city":null,"addr:country":null,"addr:door":null,"addr:floor":null,"addr:full":null,"addr:housename":null,"addr:housenumber":null,"addr:place":null,"addr:postcode":null,"addr:street":null,"addr:unit":null,"air_conditioning":null,"alt_name":null,"amenity":"cafe","baby_feeding":null,"bar":null,"branch":null,"brand":null,"brand:wikidata":null,"brand:wikipedia":null,"building":null,"capacity":null,"check_date":null,"check_date:opening_hours":null,"contact:facebook":null,"contact:instagram":null,"contact:website":null,"contact:whatsapp":null,"cuisine":"pasteleria","currency:XBT":null,"delivery":null,"description":null,"diet:gluten_free":null,"diet:organic":null,"diet:vegan":null,"diet:vegetarian":null,"dog":null,"drink:espresso":null,"drink:filter_coffee":null,"drive_through":null,"email":null,"fixme":null,"floor":null,"indoor":null,"indoor_seating":null,"internet_access":null,"internet_access:fee":null,"internet_access:ssid":null,"level":null,"location":null,"name":"amínta","name:de":null,"name:en":null,"name:es":null,"name:fr":null,"note:opening_hours":null,"official_name":null,"opening_hours":null,"opening_hours:es":null,"opening_hours:signed":null,"operator":null,"outdoor_seating":null,"payment:app":null,"payment:apple_pay":null,"payment:cards":null,"payment:cash":null,"payment:contactless":null,"payment:credit_cards":null,"payment:debit_cards":null,"payment:google_pay":null,"payment:lightning":null,"payment:lightning_contactless":null,"payment:onchain":null,"pets":null,"phone":null,"service:electricity":null,"shop":null,"smoking":null,"source":null,"takeaway":null,"toilets":null,"toilets:access":null,"toilets:wheelchair":null,"tourism":null,"url":null,"website":null,"website:menu":null,"wheelchair":"limited","wifi":null},"geometry":{"type":"Point","coordinates":[-74.0478151,4.6978435]}},
{"type":"Feature","properties":{"fid":66,"id":"node/1660844410","@id":"node/1660844410","addr:city":null,"addr:country":null,"addr:door":null,"addr:floor":null,"addr:full":null,"addr:housename":null,"addr:housenumber":null,"addr:place":null,"addr:postcode":null,"addr:street":null,"addr:unit":null,"air_conditioning":null,"alt_name":null,"amenity":"cafe","baby_feeding":null,"bar":null,"branch":null,"brand":null,"brand:wikidata":null,"brand:wikipedia":null,"building":null,"capacity":null,"check_date":null,"check_date:opening_hours":null,"contact:facebook":null,"contact:instagram":null,"contact:website":null,"contact:whatsapp":null,"cuisine":null,"currency:XBT":null,"delivery":null,"description":null,"diet:gluten_free":null,"diet:organic":null,"diet:vegan":null,"diet:vegetarian":null,"dog":null,"drink:espresso":null,"drink:filter_coffee":null,"drive_through":null,"email":null,"fixme":null,"floor":null,"indoor":null,"indoor_seating":null,"internet_access":null,"internet_access:fee":null,"internet_access:ssid":null,"level":null,"location":null,"name":"Doña DIcha","name:de":null,"name:en":null,"name:es":null,"name:fr":null,"note:opening_hours":null,"official_name":null,"opening_hours":null,"opening_hours:es":null,"opening_hours:signed":null,"operator":null,"outdoor_seating":null,"payment:app":null,"payment:apple_pay":null,"payment:cards":null,"payment:cash":null,"payment:contactless":null,"payment:credit_cards":null,"payment:debit_cards":null,"payment:google_pay":null,"payment:lightning":null,"payment:lightning_contactless":null,"payment:onchain":null,"pets":null,"phone":null,"service:electricity":null,"shop":null,"smoking":null,"source":null,"takeaway":null,"toilets":null,"toilets:access":null,"toilets:wheelchair":null,"tourism":null,"url":null,"website":null,"website:menu":null,"wheelchair":"no","wifi":null},"geometry":{"type":"Point","coordinates":[-74.0329179,4.6974846]}},
{"type":"Feature","properties":{"fid":69,"id":"node/1824986067","@id":"node/1824986067","addr:city":null,"addr:country":null,"addr:door":null,"addr:floor":null,"addr:full":null,"addr:housename":null,"addr:housenumber":null,"addr:place":null,"addr:postcode":null,"addr:street":null,"addr:unit":null,"air_conditioning":null,"alt_name":null,"amenity":"cafe","baby_feeding":null,"bar":null,"branch":null,"brand":"Juan Valdez Café","brand:wikidata":"Q6301102","brand:wikipedia":"en:Juan Valdez Café","building":null,"capacity":null,"check_date":null,"check_date:opening_hours":null,"contact:facebook":null,"contact:instagram":null,"contact:website":null,"contact:whatsapp":null,"cuisine":"coffee_shop","currency:XBT":null,"delivery":null,"description":null,"diet:gluten_free":null,"diet:organic":null,"diet:vegan":null,"diet:vegetarian":null,"dog":null,"drink:espresso":null,"drink:filter_coffee":null,"drive_through":null,"email":null,"fixme":null,"floor":null,"indoor":null,"indoor_seating":null,"internet_access":null,"internet_access:fee":null,"internet_access:ssid":null,"level":null,"location":null,"name":"Juan Valdez Café","name:de":null,"name:en":null,"name:es":"Juan Valdez Café","name:fr":null,"note:opening_hours":null,"official_name":null,"opening_hours":null,"opening_hours:es":null,"opening_hours:signed":null,"operator":null,"outdoor_seating":null,"payment:app":null,"payment:apple_pay":null,"payment:cards":null,"payment:cash":null,"payment:contactless":null,"payment:credit_cards":null,"payment:debit_cards":null,"payment:google_pay":null,"payment:lightning":null,"payment:lightning_contactless":null,"payment:onchain":null,"pets":null,"phone":null,"service:electricity":null,"shop":"coffee","smoking":null,"source":null,"takeaway":"yes","toilets":null,"toilets:access":null,"toilets:wheelchair":null,"tourism":null,"url":null,"website":"https://juanvaldez.com/","website:menu":null,"wheelchair":"yes","wifi":null},"geometry":{"type":"Point","coordinates":[-74.0556673,4.6660569]}},
{"type":"Feature","properties":{"fid":71,"id":"node/1882851241","@id":"node/1882851241","addr:city":null,"addr:country":null,"addr:door":null,"addr:floor":null,"addr:full":null,"addr:housename":null,"addr:housenumber":null,"addr:place":null,"addr:postcode":null,"addr:street":null,"addr:unit":null,"air_conditioning":null,"alt_name":null,"amenity":"cafe","baby_feeding":null,"bar":null,"branch":null,"brand":"Café OMA","brand:wikidata":"Q108929487","brand:wikipedia":null,"building":null,"capacity":null,"check_date":null,"check_date:opening_hours":null,"contact:facebook":null,"contact:instagram":null,"contact:website":null,"contact:whatsapp":null,"cuisine":null,"currency:XBT":null,"delivery":null,"description":null,"diet:gluten_free":null,"diet:organic":null,"diet:vegan":null,"diet:vegetarian":null,"dog":null,"drink:espresso":null,"drink:filter_coffee":null,"drive_through":null,"email":null,"fixme":null,"floor":null,"indoor":null,"indoor_seating":null,"internet_access":null,"internet_access:fee":null,"internet_access:ssid":null,"level":null,"location":null,"name":"Café OMA","name:de":null,"name:en":null,"name:es":null,"name:fr":null,"note:opening_hours":null,"official_name":null,"opening_hours":null,"opening_hours:es":null,"opening_hours:signed":null,"operator":null,"outdoor_seating":null,"payment:app":null,"payment:apple_pay":null,"payment:cards":null,"payment:cash":null,"payment:contactless":null,"payment:credit_cards":null,"payment:debit_cards":null,"payment:google_pay":null,"payment:lightning":null,"payment:lightning_contactless":null,"payment:onchain":null,"pets":null,"phone":null,"service:electricity":null,"shop":null,"smoking":null,"source":null,"takeaway":"yes","toilets":null,"toilets:access":null,"toilets:wheelchair":null,"tourism":null,"url":null,"website":"https://www.cafeoma.com/","website:menu":null,"wheelchair":null,"wifi":null},"geometry":{"type":"Point","coordinates":[-74.063023,4.6276756]}},
{"type":"Feature","properties":{"fid":72,"id":"node/1882851262","@id":"node/1882851262","addr:city":null,"addr:country":null,"addr:door":null,"addr:floor":null,"addr:full":null,"addr:housename":null,"addr:housenumber":null,"addr:place":null,"addr:postcode":null,"addr:street":null,"addr:unit":null,"air_conditioning":null,"alt_name":null,"amenity":"cafe","baby_feeding":null,"bar":null,"branch":null,"brand":null,"brand:wikidata":null,"brand:wikipedia":null,"building":null,"capacity":null,"check_date":null,"check_date:opening_hours":null,"contact:facebook":null,"contact:instagram":null,"contact:website":null,"contact:whatsapp":null,"cuisine":null,"currency:XBT":null,"delivery":null,"description":"CafeteriaPiso2","diet:gluten_free":null,"diet:organic":null,"diet:vegan":null,"diet:vegetarian":null,"dog":null,"drink:espresso":null,"drink:filter_coffee":null,"drive_through":null,"email":null,"fixme":null,"floor":null,"indoor":null,"indoor_seating":null,"internet_access":null,"internet_access:fee":null,"internet_access:ssid":null,"level":null,"location":null,"name":null,"name:de":null,"name:en":null,"name:es":null,"name:fr":null,"note:opening_hours":null,"official_name":null,"opening_hours":null,"opening_hours:es":null,"opening_hours:signed":null,"operator":null,"outdoor_seating":null,"payment:app":null,"payment:apple_pay":null,"payment:cards":null,"payment:cash":null,"payment:contactless":null,"payment:credit_cards":null,"payment:debit_cards":null,"payment:google_pay":null,"payment:lightning":null,"payment:lightning_contactless":null,"payment:onchain":null,"pets":null,"phone":null,"service:electricity":null,"shop":null,"smoking":null,"source":null,"takeaway":null,"toilets":null,"toilets:access":null,"toilets:wheelchair":null,"tourism":null,"url":null,"website":null,"website:menu":null,"wheelchair":null,"wifi":null},"geometry":{"type":"Point","coordinates":[-74.065059,4.6265561]}},
{"type":"Feature","properties":{"fid":73,"id":"node/1882851269","@id":"node/1882851269","addr:city":null,"addr:country":null,"addr:door":null,"addr:floor":null,"addr:full":null,"addr:housename":null,"addr:housenumber":null,"addr:place":null,"addr:postcode":null,"addr:street":null,"addr:unit":null,"air_conditioning":null,"alt_name":null,"amenity":"cafe","baby_feeding":null,"bar":null,"branch":null,"brand":null,"brand:wikidata":null,"brand:wikipedia":null,"building":null,"capacity":null,"check_date":null,"check_date:opening_hours":null,"contact:facebook":null,"contact:instagram":null,"contact:website":null,"contact:whatsapp":null,"cuisine":null,"currency:XBT":null,"delivery":null,"description":null,"diet:gluten_free":null,"diet:organic":null,"diet:vegan":null,"diet:vegetarian":null,"dog":null,"drink:espresso":null,"drink:filter_coffee":null,"drive_through":null,"email":null,"fixme":null,"floor":null,"indoor":null,"indoor_seating":null,"internet_access":null,"internet_access:fee":null,"internet_access:ssid":null,"level":null,"location":null,"name":null,"name:de":null,"name:en":null,"name:es":null,"name:fr":null,"note:opening_hours":null,"official_name":null,"opening_hours":null,"opening_hours:es":null,"opening_hours:signed":null,"operator":null,"outdoor_seating":null,"payment:app":null,"payment:apple_pay":null,"payment:cards":null,"payment:cash":null,"payment:contactless":null,"payment:credit_cards":null,"payment:debit_cards":null,"payment:google_pay":null,"payment:lightning":null,"payment:lightning_contactless":null,"payment:onchain":null,"pets":null,"phone":null,"service:electricity":null,"shop":null,"smoking":null,"source":null,"takeaway":null,"toilets":null,"toilets:access":null,"toilets:wheelchair":null,"tourism":null,"url":null,"website":null,"website:menu":null,"wheelchair":null,"wifi":null},"geometry":{"type":"Point","coordinates":[-74.0636183,4.6268031]}},
{"type":"Feature","properties":{"fid":74,"id":"node/1882851275","@id":"node/1882851275","addr:city":null,"addr:country":null,"addr:door":null,"addr:floor":null,"addr:full":null,"addr:housename":null,"addr:housenumber":null,"addr:place":null,"addr:postcode":null,"addr:street":null,"addr:unit":null,"air_conditioning":null,"alt_name":null,"amenity":"cafe","baby_feeding":null,"bar":null,"branch":null,"brand":null,"brand:wikidata":null,"brand:wikipedia":null,"building":null,"capacity":null,"check_date":null,"check_date:opening_hours":null,"contact:facebook":null,"contact:instagram":null,"contact:website":null,"contact:whatsapp":null,"cuisine":null,"currency:XBT":null,"delivery":null,"description":null,"diet:gluten_free":null,"diet:organic":null,"diet:vegan":null,"diet:vegetarian":null,"dog":null,"drink:espresso":null,"drink:filter_coffee":null,"drive_through":null,"email":null,"fixme":null,"floor":null,"indoor":null,"indoor_seating":null,"internet_access":null,"internet_access:fee":null,"internet_access:ssid":null,"level":null,"location":null,"name":null,"name:de":null,"name:en":null,"name:es":null,"name:fr":null,"note:opening_hours":null,"official_name":null,"opening_hours":null,"opening_hours:es":null,"opening_hours:signed":null,"operator":null,"outdoor_seating":null,"payment:app":null,"payment:apple_pay":null,"payment:cards":null,"payment:cash":null,"payment:contactless":null,"payment:credit_cards":null,"payment:debit_cards":null,"payment:google_pay":null,"payment:lightning":null,"payment:lightning_contactless":null,"payment:onchain":null,"pets":null,"phone":null,"service:electricity":null,"shop":null,"smoking":null,"source":null,"takeaway":null,"toilets":null,"toilets:access":null,"toilets:wheelchair":null,"tourism":null,"url":null,"website":null,"website:menu":null,"wheelchair":null,"wifi":null},"geometry":{"type":"Point","coordinates":[-74.0650021,4.62695]}},
{"type":"Feature","properties":{"fid":75,"id":"node/1882851292","@id":"node/1882851292","addr:city":null,"addr:country":null,"addr:door":null,"addr:floor":null,"addr:full":null,"addr:housename":null,"addr:housenumber":null,"addr:place":null,"addr:postcode":null,"addr:street":null,"addr:unit":null,"air_conditioning":null,"alt_name":null,"amenity":"cafe","baby_feeding":null,"bar":null,"branch":null,"brand":null,"brand:wikidata":null,"brand:wikipedia":null,"building":null,"capacity":null,"check_date":null,"check_date:opening_hours":null,"contact:facebook":null,"contact:instagram":null,"contact:website":null,"contact:whatsapp":null,"cuisine":null,"currency:XBT":null,"delivery":null,"description":null,"diet:gluten_free":null,"diet:organic":null,"diet:vegan":null,"diet:vegetarian":null,"dog":null,"drink:espresso":null,"drink:filter_coffee":null,"drive_through":null,"email":null,"fixme":null,"floor":null,"indoor":null,"indoor_seating":null,"internet_access":null,"internet_access:fee":null,"internet_access:ssid":null,"level":null,"location":null,"name":null,"name:de":null,"name:en":null,"name:es":null,"name:fr":null,"note:opening_hours":null,"official_name":null,"opening_hours":null,"opening_hours:es":null,"opening_hours:signed":null,"operator":null,"outdoor_seating":null,"payment:app":null,"payment:apple_pay":null,"payment:cards":null,"payment:cash":null,"payment:contactless":null,"payment:credit_cards":null,"payment:debit_cards":null,"payment:google_pay":null,"payment:lightning":null,"payment:lightning_contactless":null,"payment:onchain":null,"pets":null,"phone":null,"service:electricity":null,"shop":null,"smoking":null,"source":null,"takeaway":null,"toilets":null,"toilets:access":null,"toilets:wheelchair":null,"tourism":null,"url":null,"website":null,"website:menu":null,"wheelchair":null,"wifi":null},"geometry":{"type":"Point","coordinates":[-74.0643982,4.628034]}},
{"type":"Feature","properties":{"fid":77,"id":"node/1934487139","@id":"node/1934487139","addr:city":null,"addr:country":null,"addr:door":null,"addr:floor":null,"addr:full":null,"addr:housename":null,"addr:housenumber":null,"addr:place":null,"addr:postcode":null,"addr:street":null,"addr:unit":null,"air_conditioning":null,"alt_name":null,"amenity":"cafe","baby_feeding":null,"bar":null,"branch":null,"brand":null,"brand:wikidata":null,"brand:wikipedia":null,"building":"university","capacity":null,"check_date":null,"check_date:opening_hours":null,"contact:facebook":null,"contact:instagram":null,"contact:website":null,"contact:whatsapp":null,"cuisine":null,"currency:XBT":null,"delivery":null,"description":null,"diet:gluten_free":null,"diet:organic":null,"diet:vegan":null,"diet:vegetarian":null,"dog":null,"drink:espresso":null,"drink:filter_coffee":null,"drive_through":null,"email":null,"fixme":null,"floor":null,"indoor":null,"indoor_seating":null,"internet_access":null,"internet_access:fee":null,"internet_access:ssid":null,"level":null,"location":null,"name":"Cafeteria Geologia","name:de":null,"name:en":null,"name:es":null,"name:fr":null,"note:opening_hours":null,"official_name":null,"opening_hours":null,"opening_hours:es":null,"opening_hours:signed":null,"operator":null,"outdoor_seating":null,"payment:app":null,"payment:apple_pay":null,"payment:cards":null,"payment:cash":null,"payment:contactless":null,"payment:credit_cards":null,"payment:debit_cards":null,"payment:google_pay":null,"payment:lightning":null,"payment:lightning_contactless":null,"payment:onchain":null,"pets":null,"phone":null,"service:electricity":null,"shop":null,"smoking":null,"source":null,"takeaway":null,"toilets":null,"toilets:access":null,"toilets:wheelchair":null,"tourism":null,"url":null,"website":null,"website:menu":null,"wheelchair":null,"wifi":null},"geometry":{"type":"Point","coordinates":[-74.0855876,4.6337398]}},
{"type":"Feature","properties":{"fid":78,"id":"node/1940810948","@id":"node/1940810948","addr:city":null,"addr:country":null,"addr:door":null,"addr:floor":null,"addr:full":null,"addr:housename":null,"addr:housenumber":null,"addr:place":null,"addr:postcode":null,"addr:street":null,"addr:unit":null,"air_conditioning":null,"alt_name":null,"amenity":"cafe","baby_feeding":null,"bar":null,"branch":null,"brand":null,"brand:wikidata":null,"brand:wikipedia":null,"building":null,"capacity":null,"check_date":null,"check_date:opening_hours":null,"contact:facebook":null,"contact:instagram":null,"contact:website":null,"contact:whatsapp":null,"cuisine":null,"currency:XBT":null,"delivery":null,"description":null,"diet:gluten_free":null,"diet:organic":null,"diet:vegan":null,"diet:vegetarian":null,"dog":null,"drink:espresso":null,"drink:filter_coffee":null,"drive_through":null,"email":null,"fixme":null,"floor":null,"indoor":null,"indoor_seating":null,"internet_access":null,"internet_access:fee":null,"internet_access:ssid":null,"level":null,"location":null,"name":"Panadería Natys","name:de":null,"name:en":null,"name:es":null,"name:fr":null,"note:opening_hours":null,"official_name":null,"opening_hours":null,"opening_hours:es":null,"opening_hours:signed":null,"operator":null,"outdoor_seating":null,"payment:app":null,"payment:apple_pay":null,"payment:cards":null,"payment:cash":null,"payment:contactless":null,"payment:credit_cards":null,"payment:debit_cards":null,"payment:google_pay":null,"payment:lightning":null,"payment:lightning_contactless":null,"payment:onchain":null,"pets":null,"phone":null,"service:electricity":null,"shop":null,"smoking":null,"source":null,"takeaway":null,"toilets":null,"toilets:access":null,"toilets:wheelchair":null,"tourism":null,"url":null,"website":null,"website:menu":null,"wheelchair":null,"wifi":null},"geometry":{"type":"Point","coordinates":[-74.1657269,4.6448735]}},
{"type":"Feature","properties":{"fid":85,"id":"node/2023685769","@id":"node/2023685769","addr:city":null,"addr:country":null,"addr:door":null,"addr:floor":null,"addr:full":null,"addr:housename":"Bloque Q terraza","addr:housenumber":null,"addr:place":null,"addr:postcode":null,"addr:street":null,"addr:unit":null,"air_conditioning":null,"alt_name":null,"amenity":"cafe","baby_feeding":null,"bar":null,"branch":null,"brand":null,"brand:wikidata":null,"brand:wikipedia":null,"building":null,"capacity":null,"check_date":null,"check_date:opening_hours":null,"contact:facebook":null,"contact:instagram":null,"contact:website":null,"contact:whatsapp":null,"cuisine":null,"currency:XBT":null,"delivery":null,"description":null,"diet:gluten_free":null,"diet:organic":null,"diet:vegan":null,"diet:vegetarian":null,"dog":null,"drink:espresso":null,"drink:filter_coffee":null,"drive_through":null,"email":null,"fixme":null,"floor":null,"indoor":null,"indoor_seating":null,"internet_access":null,"internet_access:fee":null,"internet_access:ssid":null,"level":null,"location":null,"name":"La Frutería","name:de":null,"name:en":null,"name:es":null,"name:fr":null,"note:opening_hours":null,"official_name":null,"opening_hours":null,"opening_hours:es":null,"opening_hours:signed":null,"operator":null,"outdoor_seating":null,"payment:app":null,"payment:apple_pay":null,"payment:cards":null,"payment:cash":null,"payment:contactless":null,"payment:credit_cards":null,"payment:debit_cards":null,"payment:google_pay":null,"payment:lightning":null,"payment:lightning_contactless":null,"payment:onchain":null,"pets":null,"phone":null,"service:electricity":null,"shop":null,"smoking":null,"source":null,"takeaway":null,"toilets":null,"toilets:access":null,"toilets:wheelchair":null,"tourism":null,"url":null,"website":"https://direccionadministrativa.uniandes.edu.co/Servicios/Cafeterias/Listado-de-precios-L-Fruiterie","website:menu":null,"wheelchair":null,"wifi":null},"geometry":{"type":"Point","coordinates":[-74.0650277,4.6003182]}},
{"type":"Feature","properties":{"fid":95,"id":"node/2178467978","@id":"node/2178467978","addr:city":null,"addr:country":null,"addr:door":null,"addr:floor":null,"addr:full":null,"addr:housename":null,"addr:housenumber":null,"addr:place":null,"addr:postcode":null,"addr:street":null,"addr:unit":null,"air_conditioning":null,"alt_name":null,"amenity":"cafe","baby_feeding":null,"bar":null,"branch":null,"brand":null,"brand:wikidata":null,"brand:wikipedia":null,"building":null,"capacity":null,"check_date":null,"check_date:opening_hours":null,"contact:facebook":null,"contact:instagram":null,"contact:website":null,"contact:whatsapp":null,"cuisine":null,"currency:XBT":null,"delivery":null,"description":null,"diet:gluten_free":null,"diet:organic":null,"diet:vegan":null,"diet:vegetarian":null,"dog":null,"drink:espresso":null,"drink:filter_coffee":null,"drive_through":null,"email":null,"fixme":null,"floor":null,"indoor":null,"indoor_seating":null,"internet_access":null,"internet_access:fee":null,"internet_access:ssid":null,"level":null,"location":null,"name":null,"name:de":null,"name:en":null,"name:es":null,"name:fr":null,"note:opening_hours":null,"official_name":null,"opening_hours":null,"opening_hours:es":null,"opening_hours:signed":null,"operator":null,"outdoor_seating":null,"payment:app":null,"payment:apple_pay":null,"payment:cards":null,"payment:cash":null,"payment:contactless":null,"payment:credit_cards":null,"payment:debit_cards":null,"payment:google_pay":null,"payment:lightning":null,"payment:lightning_contactless":null,"payment:onchain":null,"pets":null,"phone":null,"service:electricity":null,"shop":null,"smoking":null,"source":null,"takeaway":null,"toilets":null,"toilets:access":null,"toilets:wheelchair":null,"tourism":null,"url":null,"website":null,"website:menu":null,"wheelchair":null,"wifi":null},"geometry":{"type":"Point","coordinates":[-74.0649454,4.6437983]}},
{"type":"Feature","properties":{"fid":97,"id":"node/2322728303","@id":"node/2322728303","addr:city":"Bogotá","addr:country":null,"addr:door":null,"addr:floor":null,"addr:full":null,"addr:housename":"Edificio Skandia","addr:housenumber":"109A-30","addr:place":null,"addr:postcode":"110111","addr:street":"Avenida Santa Bárbara - Carrera 19","addr:unit":null,"air_conditioning":null,"alt_name":null,"amenity":"cafe","baby_feeding":null,"bar":null,"branch":null,"brand":null,"brand:wikidata":null,"brand:wikipedia":null,"building":null,"capacity":null,"check_date":null,"check_date:opening_hours":null,"contact:facebook":null,"contact:instagram":null,"contact:website":null,"contact:whatsapp":null,"cuisine":"coffee_shop","currency:XBT":null,"delivery":null,"description":null,"diet:gluten_free":null,"diet:organic":null,"diet:vegan":null,"diet:vegetarian":null,"dog":null,"drink:espresso":null,"drink:filter_coffee":null,"drive_through":null,"email":null,"fixme":null,"floor":null,"indoor":null,"indoor_seating":null,"internet_access":"wlan","internet_access:fee":null,"internet_access:ssid":null,"level":null,"location":null,"name":"Juan Valdez - Skandia","name:de":null,"name:en":null,"name:es":null,"name:fr":null,"note:opening_hours":null,"official_name":null,"opening_hours":"Mo-Sa 07:00-20:00; Su 08:00-20:00","opening_hours:es":null,"opening_hours:signed":null,"operator":null,"outdoor_seating":null,"payment:app":null,"payment:apple_pay":null,"payment:cards":null,"payment:cash":null,"payment:contactless":null,"payment:credit_cards":null,"payment:debit_cards":null,"payment:google_pay":null,"payment:lightning":null,"payment:lightning_contactless":null,"payment:onchain":null,"pets":null,"phone":null,"service:electricity":null,"shop":null,"smoking":null,"source":null,"takeaway":null,"toilets":null,"toilets:access":null,"toilets:wheelchair":null,"tourism":null,"url":null,"website":"https://www.juanvaldezcafe.com/","website:menu":null,"wheelchair":"yes","wifi":null},"geometry":{"type":"Point","coordinates":[-74.0501952,4.6959627]}},
{"type":"Feature","properties":{"fid":98,"id":"node/2472116070","@id":"node/2472116070","addr:city":null,"addr:country":null,"addr:door":null,"addr:floor":null,"addr:full":null,"addr:housename":null,"addr:housenumber":null,"addr:place":null,"addr:postcode":null,"addr:street":null,"addr:unit":null,"air_conditioning":null,"alt_name":null,"amenity":"cafe","baby_feeding":null,"bar":null,"branch":null,"brand":null,"brand:wikidata":null,"brand:wikipedia":null,"building":null,"capacity":null,"check_date":null,"check_date:opening_hours":null,"contact:facebook":null,"contact:instagram":null,"contact:website":null,"contact:whatsapp":null,"cuisine":null,"currency:XBT":null,"delivery":null,"description":null,"diet:gluten_free":null,"diet:organic":null,"diet:vegan":null,"diet:vegetarian":null,"dog":null,"drink:espresso":null,"drink:filter_coffee":null,"drive_through":null,"email":null,"fixme":null,"floor":null,"indoor":null,"indoor_seating":null,"internet_access":"wlan","internet_access:fee":"no","internet_access:ssid":null,"level":null,"location":null,"name":"Cafetería de Ciencias Humanas","name:de":null,"name:en":null,"name:es":null,"name:fr":null,"note:opening_hours":null,"official_name":null,"opening_hours":"Mo-Fr 08:30-18:00","opening_hours:es":null,"opening_hours:signed":null,"operator":null,"outdoor_seating":null,"payment:app":null,"payment:apple_pay":null,"payment:cards":null,"payment:cash":null,"payment:contactless":null,"payment:credit_cards":null,"payment:debit_cards":null,"payment:google_pay":null,"payment:lightning":null,"payment:lightning_contactless":null,"payment:onchain":null,"pets":null,"phone":null,"service:electricity":null,"shop":null,"smoking":"no","source":null,"takeaway":null,"toilets":null,"toilets:access":null,"toilets:wheelchair":null,"tourism":null,"url":null,"website":null,"website:menu":null,"wheelchair":"no","wifi":null},"geometry":{"type":"Point","coordinates":[-74.083933,4.6345117]}},
{"type":"Feature","properties":{"fid":103,"id":"node/2856547766","@id":"node/2856547766","addr:city":null,"addr:country":null,"addr:door":null,"addr:floor":null,"addr:full":null,"addr:housename":null,"addr:housenumber":null,"addr:place":null,"addr:postcode":null,"addr:street":"Calle25F","addr:unit":null,"air_conditioning":null,"alt_name":null,"amenity":"cafe","baby_feeding":null,"bar":null,"branch":null,"brand":null,"brand:wikidata":null,"brand:wikipedia":null,"building":null,"capacity":null,"check_date":null,"check_date:opening_hours":null,"contact:facebook":null,"contact:instagram":null,"contact:website":null,"contact:whatsapp":null,"cuisine":null,"currency:XBT":null,"delivery":null,"description":null,"diet:gluten_free":null,"diet:organic":null,"diet:vegan":null,"diet:vegetarian":null,"dog":null,"drink:espresso":null,"drink:filter_coffee":null,"drive_through":null,"email":null,"fixme":null,"floor":null,"indoor":null,"indoor_seating":null,"internet_access":null,"internet_access:fee":null,"internet_access:ssid":null,"level":null,"location":null,"name":"Cafeteria Sabrosuras","name:de":null,"name:en":null,"name:es":null,"name:fr":null,"note:opening_hours":null,"official_name":null,"opening_hours":null,"opening_hours:es":null,"opening_hours:signed":null,"operator":null,"outdoor_seating":null,"payment:app":null,"payment:apple_pay":null,"payment:cards":null,"payment:cash":null,"payment:contactless":null,"payment:credit_cards":null,"payment:debit_cards":null,"payment:google_pay":null,"payment:lightning":null,"payment:lightning_contactless":null,"payment:onchain":null,"pets":null,"phone":null,"service:electricity":null,"shop":null,"smoking":null,"source":"Kaart Ground Survey 2017;https://www.mapillary.com/app/?lat=4.6317798458&lng=-74.0848828945&z=17&pKey=2809933135923245&focus=photo&x=0.5043434062030371&y=0.5946358032845056&zoom=0","takeaway":null,"toilets":null,"toilets:access":null,"toilets:wheelchair":null,"tourism":null,"url":null,"website":null,"website:menu":null,"wheelchair":null,"wifi":null},"geometry":{"type":"Point","coordinates":[-74.0848903,4.6317612]}},
{"type":"Feature","properties":{"fid":105,"id":"node/2858917714","@id":"node/2858917714","addr:city":"Bogotá D.C.","addr:country":null,"addr:door":null,"addr:floor":null,"addr:full":null,"addr:housename":null,"addr:housenumber":null,"addr:place":null,"addr:postcode":null,"addr:street":"Avenida Carrera 40","addr:unit":null,"air_conditioning":null,"alt_name":null,"amenity":"cafe","baby_feeding":null,"bar":null,"branch":null,"brand":null,"brand:wikidata":null,"brand:wikipedia":null,"building":null,"capacity":null,"check_date":null,"check_date:opening_hours":null,"contact:facebook":null,"contact:instagram":null,"contact:website":null,"contact:whatsapp":null,"cuisine":"ice_cream","currency:XBT":null,"delivery":null,"description":null,"diet:gluten_free":null,"diet:organic":null,"diet:vegan":null,"diet:vegetarian":null,"dog":null,"drink:espresso":null,"drink:filter_coffee":null,"drive_through":null,"email":null,"fixme":null,"floor":null,"indoor":null,"indoor_seating":null,"internet_access":"no","internet_access:fee":null,"internet_access:ssid":null,"level":null,"location":null,"name":"Postres Magolita","name:de":null,"name:en":null,"name:es":null,"name:fr":null,"note:opening_hours":null,"official_name":null,"opening_hours":null,"opening_hours:es":null,"opening_hours:signed":null,"operator":null,"outdoor_seating":null,"payment:app":null,"payment:apple_pay":null,"payment:cards":null,"payment:cash":null,"payment:contactless":null,"payment:credit_cards":null,"payment:debit_cards":null,"payment:google_pay":null,"payment:lightning":null,"payment:lightning_contactless":null,"payment:onchain":null,"pets":null,"phone":null,"service:electricity":null,"shop":null,"smoking":"no","source":"Kaart Ground Survey 2017","takeaway":null,"toilets":null,"toilets:access":null,"toilets:wheelchair":null,"tourism":null,"url":null,"website":null,"website:menu":null,"wheelchair":null,"wifi":null},"geometry":{"type":"Point","coordinates":[-74.0894881,4.633301]}},
{"type":"Feature","properties":{"fid":107,"id":"node/3097364524","@id":"node/3097364524","addr:city":null,"addr:country":null,"addr:door":null,"addr:floor":null,"addr:full":null,"addr:housename":null,"addr:housenumber":null,"addr:place":null,"addr:postcode":null,"addr:street":null,"addr:unit":null,"air_conditioning":null,"alt_name":null,"amenity":"cafe","baby_feeding":null,"bar":null,"branch":null,"brand":null,"brand:wikidata":null,"brand:wikipedia":null,"building":null,"capacity":null,"check_date":null,"check_date:opening_hours":null,"contact:facebook":null,"contact:instagram":null,"contact:website":null,"contact:whatsapp":null,"cuisine":null,"currency:XBT":null,"delivery":null,"description":null,"diet:gluten_free":null,"diet:organic":null,"diet:vegan":null,"diet:vegetarian":null,"dog":null,"drink:espresso":null,"drink:filter_coffee":null,"drive_through":null,"email":null,"fixme":null,"floor":null,"indoor":null,"indoor_seating":null,"internet_access":null,"internet_access:fee":null,"internet_access:ssid":null,"level":null,"location":null,"name":"Panadería","name:de":null,"name:en":null,"name:es":null,"name:fr":null,"note:opening_hours":null,"official_name":null,"opening_hours":null,"opening_hours:es":null,"opening_hours:signed":null,"operator":null,"outdoor_seating":null,"payment:app":null,"payment:apple_pay":null,"payment:cards":null,"payment:cash":null,"payment:contactless":null,"payment:credit_cards":null,"payment:debit_cards":null,"payment:google_pay":null,"payment:lightning":null,"payment:lightning_contactless":null,"payment:onchain":null,"pets":null,"phone":null,"service:electricity":null,"shop":null,"smoking":null,"source":null,"takeaway":null,"toilets":null,"toilets:access":null,"toilets:wheelchair":null,"tourism":null,"url":null,"website":null,"website:menu":null,"wheelchair":null,"wifi":null},"geometry":{"type":"Point","coordinates":[-74.1640535,4.6461646]}},
{"type":"Feature","properties":{"fid":108,"id":"node/3172206048","@id":"node/3172206048","addr:city":"Bogota","addr:country":null,"addr:door":null,"addr:floor":null,"addr:full":null,"addr:housename":null,"addr:housenumber":null,"addr:place":null,"addr:postcode":null,"addr:street":null,"addr:unit":null,"air_conditioning":null,"alt_name":null,"amenity":"cafe","baby_feeding":null,"bar":null,"branch":null,"brand":null,"brand:wikidata":null,"brand:wikipedia":null,"building":null,"capacity":null,"check_date":"2023-06-12","check_date:opening_hours":null,"contact:facebook":null,"contact:instagram":null,"contact:website":null,"contact:whatsapp":null,"cuisine":null,"currency:XBT":null,"delivery":null,"description":null,"diet:gluten_free":null,"diet:organic":null,"diet:vegan":null,"diet:vegetarian":null,"dog":null,"drink:espresso":null,"drink:filter_coffee":null,"drive_through":null,"email":null,"fixme":null,"floor":null,"indoor":null,"indoor_seating":null,"internet_access":"yes","internet_access:fee":null,"internet_access:ssid":null,"level":null,"location":null,"name":"Juan Valdez Origenes","name:de":null,"name:en":null,"name:es":null,"name:fr":null,"note:opening_hours":null,"official_name":null,"opening_hours":null,"opening_hours:es":null,"opening_hours:signed":null,"operator":null,"outdoor_seating":null,"payment:app":null,"payment:apple_pay":null,"payment:cards":null,"payment:cash":null,"payment:contactless":null,"payment:credit_cards":null,"payment:debit_cards":null,"payment:google_pay":null,"payment:lightning":null,"payment:lightning_contactless":null,"payment:onchain":null,"pets":null,"phone":null,"service:electricity":null,"shop":null,"smoking":null,"source":null,"takeaway":null,"toilets":null,"toilets:access":null,"toilets:wheelchair":null,"tourism":null,"url":null,"website":null,"website:menu":null,"wheelchair":null,"wifi":null},"geometry":{"type":"Point","coordinates":[-74.0559027,4.6522542]}},
{"type":"Feature","properties":{"fid":109,"id":"node/3393373407","@id":"node/3393373407","addr:city":null,"addr:country":null,"addr:door":null,"addr:floor":null,"addr:full":null,"addr:housename":null,"addr:housenumber":null,"addr:place":null,"addr:postcode":null,"addr:street":null,"addr:unit":null,"air_conditioning":null,"alt_name":null,"amenity":"cafe","baby_feeding":null,"bar":null,"branch":null,"brand":null,"brand:wikidata":null,"brand:wikipedia":null,"building":null,"capacity":null,"check_date":null,"check_date:opening_hours":null,"contact:facebook":null,"contact:instagram":null,"contact:website":null,"contact:whatsapp":null,"cuisine":null,"currency:XBT":null,"delivery":null,"description":null,"diet:gluten_free":null,"diet:organic":null,"diet:vegan":null,"diet:vegetarian":null,"dog":null,"drink:espresso":null,"drink:filter_coffee":null,"drive_through":null,"email":null,"fixme":null,"floor":null,"indoor":null,"indoor_seating":null,"internet_access":null,"internet_access:fee":null,"internet_access:ssid":null,"level":null,"location":null,"name":"Varietale","name:de":null,"name:en":null,"name:es":null,"name:fr":null,"note:opening_hours":null,"official_name":null,"opening_hours":null,"opening_hours:es":null,"opening_hours:signed":null,"operator":null,"outdoor_seating":null,"payment:app":null,"payment:apple_pay":null,"payment:cards":null,"payment:cash":null,"payment:contactless":null,"payment:credit_cards":null,"payment:debit_cards":null,"payment:google_pay":null,"payment:lightning":null,"payment:lightning_contactless":null,"payment:onchain":null,"pets":null,"phone":null,"service:electricity":null,"shop":null,"smoking":null,"source":null,"takeaway":null,"toilets":null,"toilets:access":null,"toilets:wheelchair":null,"tourism":null,"url":null,"website":null,"website:menu":null,"wheelchair":null,"wifi":null},"geometry":{"type":"Point","coordinates":[-74.0663633,4.6287698]}},
{"type":"Feature","properties":{"fid":111,"id":"node/3415269048","@id":"node/3415269048","addr:city":null,"addr:country":null,"addr:door":null,"addr:floor":null,"addr:full":null,"addr:housename":null,"addr:housenumber":null,"addr:place":null,"addr:postcode":null,"addr:street":null,"addr:unit":null,"air_conditioning":null,"alt_name":null,"amenity":"cafe","baby_feeding":null,"bar":null,"branch":null,"brand":null,"brand:wikidata":null,"brand:wikipedia":null,"building":null,"capacity":null,"check_date":null,"check_date:opening_hours":null,"contact:facebook":null,"contact:instagram":null,"contact:website":null,"contact:whatsapp":null,"cuisine":null,"currency:XBT":null,"delivery":null,"description":null,"diet:gluten_free":null,"diet:organic":null,"diet:vegan":null,"diet:vegetarian":null,"dog":null,"drink:espresso":null,"drink:filter_coffee":null,"drive_through":null,"email":null,"fixme":null,"floor":null,"indoor":null,"indoor_seating":null,"internet_access":null,"internet_access:fee":null,"internet_access:ssid":null,"level":null,"location":null,"name":null,"name:de":null,"name:en":null,"name:es":null,"name:fr":null,"note:opening_hours":null,"official_name":null,"opening_hours":null,"opening_hours:es":null,"opening_hours:signed":null,"operator":null,"outdoor_seating":null,"payment:app":null,"payment:apple_pay":null,"payment:cards":null,"payment:cash":null,"payment:contactless":null,"payment:credit_cards":null,"payment:debit_cards":null,"payment:google_pay":null,"payment:lightning":null,"payment:lightning_contactless":null,"payment:onchain":null,"pets":null,"phone":null,"service:electricity":null,"shop":null,"smoking":null,"source":null,"takeaway":null,"toilets":null,"toilets:access":null,"toilets:wheelchair":null,"tourism":null,"url":null,"website":null,"website:menu":null,"wheelchair":null,"wifi":null},"geometry":{"type":"Point","coordinates":[-74.1365378,4.5966779]}},
{"type":"Feature","properties":{"fid":112,"id":"node/3416693058","@id":"node/3416693058","addr:city":null,"addr:country":null,"addr:door":null,"addr:floor":null,"addr:full":null,"addr:housename":null,"addr:housenumber":"43-92","addr:place":null,"addr:postcode":null,"addr:street":"Carrera 8","addr:unit":null,"air_conditioning":null,"alt_name":null,"amenity":"cafe","baby_feeding":null,"bar":null,"branch":null,"brand":null,"brand:wikidata":null,"brand:wikipedia":null,"building":null,"capacity":null,"check_date":null,"check_date:opening_hours":null,"contact:facebook":null,"contact:instagram":null,"contact:website":null,"contact:whatsapp":null,"cuisine":null,"currency:XBT":null,"delivery":null,"description":null,"diet:gluten_free":null,"diet:organic":null,"diet:vegan":null,"diet:vegetarian":null,"dog":null,"drink:espresso":null,"drink:filter_coffee":null,"drive_through":null,"email":null,"fixme":null,"floor":null,"indoor":null,"indoor_seating":null,"internet_access":null,"internet_access:fee":null,"internet_access:ssid":null,"level":null,"location":null,"name":"Rustico cafe bar","name:de":null,"name:en":null,"name:es":null,"name:fr":null,"note:opening_hours":null,"official_name":null,"opening_hours":null,"opening_hours:es":null,"opening_hours:signed":null,"operator":null,"outdoor_seating":null,"payment:app":null,"payment:apple_pay":null,"payment:cards":null,"payment:cash":null,"payment:contactless":null,"payment:credit_cards":null,"payment:debit_cards":null,"payment:google_pay":null,"payment:lightning":null,"payment:lightning_contactless":null,"payment:onchain":null,"pets":null,"phone":null,"service:electricity":null,"shop":null,"smoking":null,"source":null,"takeaway":null,"toilets":null,"toilets:access":null,"toilets:wheelchair":null,"tourism":null,"url":null,"website":null,"website:menu":null,"wheelchair":null,"wifi":null},"geometry":{"type":"Point","coordinates":[-74.0654932,4.631659]}},
{"type":"Feature","properties":{"fid":114,"id":"node/3417988392","@id":"node/3417988392","addr:city":null,"addr:country":null,"addr:door":null,"addr:floor":null,"addr:full":null,"addr:housename":null,"addr:housenumber":null,"addr:place":null,"addr:postcode":null,"addr:street":null,"addr:unit":null,"air_conditioning":null,"alt_name":null,"amenity":"cafe","baby_feeding":null,"bar":null,"branch":null,"brand":null,"brand:wikidata":null,"brand:wikipedia":null,"building":null,"capacity":null,"check_date":null,"check_date:opening_hours":null,"contact:facebook":null,"contact:instagram":null,"contact:website":null,"contact:whatsapp":null,"cuisine":null,"currency:XBT":null,"delivery":null,"description":null,"diet:gluten_free":null,"diet:organic":null,"diet:vegan":null,"diet:vegetarian":null,"dog":null,"drink:espresso":null,"drink:filter_coffee":null,"drive_through":null,"email":null,"fixme":null,"floor":null,"indoor":null,"indoor_seating":null,"internet_access":null,"internet_access:fee":null,"internet_access:ssid":null,"level":null,"location":null,"name":"wimpys","name:de":null,"name:en":null,"name:es":null,"name:fr":null,"note:opening_hours":null,"official_name":null,"opening_hours":null,"opening_hours:es":null,"opening_hours:signed":null,"operator":null,"outdoor_seating":null,"payment:app":null,"payment:apple_pay":null,"payment:cards":null,"payment:cash":null,"payment:contactless":null,"payment:credit_cards":null,"payment:debit_cards":null,"payment:google_pay":null,"payment:lightning":null,"payment:lightning_contactless":null,"payment:onchain":null,"pets":null,"phone":null,"service:electricity":null,"shop":null,"smoking":null,"source":null,"takeaway":null,"toilets":null,"toilets:access":null,"toilets:wheelchair":null,"tourism":null,"url":null,"website":null,"website:menu":null,"wheelchair":null,"wifi":null},"geometry":{"type":"Point","coordinates":[-74.1070151,4.7448161]}},
{"type":"Feature","properties":{"fid":117,"id":"node/3418664277","@id":"node/3418664277","addr:city":null,"addr:country":null,"addr:door":null,"addr:floor":null,"addr:full":null,"addr:housename":null,"addr:housenumber":"45-79","addr:place":null,"addr:postcode":null,"addr:street":"Carrera 7","addr:unit":null,"air_conditioning":null,"alt_name":null,"amenity":"cafe","baby_feeding":null,"bar":null,"branch":null,"brand":null,"brand:wikidata":null,"brand:wikipedia":null,"building":null,"capacity":null,"check_date":null,"check_date:opening_hours":null,"contact:facebook":null,"contact:instagram":null,"contact:website":null,"contact:whatsapp":null,"cuisine":null,"currency:XBT":null,"delivery":null,"description":null,"diet:gluten_free":null,"diet:organic":null,"diet:vegan":null,"diet:vegetarian":null,"dog":null,"drink:espresso":null,"drink:filter_coffee":null,"drive_through":null,"email":null,"fixme":null,"floor":null,"indoor":null,"indoor_seating":null,"internet_access":null,"internet_access:fee":null,"internet_access:ssid":null,"level":null,"location":null,"name":"GATO AGO-GO","name:de":null,"name:en":null,"name:es":null,"name:fr":null,"note:opening_hours":null,"official_name":null,"opening_hours":null,"opening_hours:es":null,"opening_hours:signed":null,"operator":null,"outdoor_seating":null,"payment:app":null,"payment:apple_pay":null,"payment:cards":null,"payment:cash":null,"payment:contactless":null,"payment:credit_cards":null,"payment:debit_cards":null,"payment:google_pay":null,"payment:lightning":null,"payment:lightning_contactless":null,"payment:onchain":null,"pets":null,"phone":null,"service:electricity":null,"shop":null,"smoking":null,"source":null,"takeaway":null,"toilets":null,"toilets:access":null,"toilets:wheelchair":null,"tourism":null,"url":null,"website":null,"website:menu":null,"wheelchair":null,"wifi":null},"geometry":{"type":"Point","coordinates":[-74.0641267,4.6321984]}},
{"type":"Feature","properties":{"fid":119,"id":"node/3418885704","@id":"node/3418885704","addr:city":"Bogotá D.C.","addr:country":null,"addr:door":null,"addr:floor":null,"addr:full":null,"addr:housename":null,"addr:housenumber":"Kra 14A","addr:place":null,"addr:postcode":null,"addr:street":"40A-78","addr:unit":null,"air_conditioning":null,"alt_name":null,"amenity":"cafe","baby_feeding":null,"bar":null,"branch":null,"brand":null,"brand:wikidata":null,"brand:wikipedia":null,"building":null,"capacity":null,"check_date":null,"check_date:opening_hours":null,"contact:facebook":null,"contact:instagram":null,"contact:website":null,"contact:whatsapp":null,"cuisine":null,"currency:XBT":null,"delivery":null,"description":null,"diet:gluten_free":null,"diet:organic":null,"diet:vegan":null,"diet:vegetarian":null,"dog":null,"drink:espresso":null,"drink:filter_coffee":null,"drive_through":null,"email":null,"fixme":null,"floor":null,"indoor":null,"indoor_seating":null,"internet_access":"yes","internet_access:fee":null,"internet_access:ssid":null,"level":null,"location":null,"name":"Donde Lucho","name:de":null,"name:en":null,"name:es":null,"name:fr":null,"note:opening_hours":null,"official_name":null,"opening_hours":null,"opening_hours:es":null,"opening_hours:signed":null,"operator":null,"outdoor_seating":null,"payment:app":null,"payment:apple_pay":null,"payment:cards":null,"payment:cash":null,"payment:contactless":null,"payment:credit_cards":null,"payment:debit_cards":null,"payment:google_pay":null,"payment:lightning":null,"payment:lightning_contactless":null,"payment:onchain":null,"pets":null,"phone":null,"service:electricity":null,"shop":null,"smoking":null,"source":null,"takeaway":null,"toilets":null,"toilets:access":null,"toilets:wheelchair":null,"tourism":null,"url":null,"website":null,"website:menu":null,"wheelchair":null,"wifi":null},"geometry":{"type":"Point","coordinates":[-74.06868080000001,4.6295956]}},
{"type":"Feature","properties":{"fid":120,"id":"node/3418885705","@id":"node/3418885705","addr:city":"Bogotá D.C.","addr:country":null,"addr:door":null,"addr:floor":null,"addr:full":null,"addr:housename":null,"addr:housenumber":"Kra 14A","addr:place":null,"addr:postcode":null,"addr:street":"40A-86","addr:unit":null,"air_conditioning":null,"alt_name":null,"amenity":"cafe","baby_feeding":null,"bar":null,"branch":null,"brand":null,"brand:wikidata":null,"brand:wikipedia":null,"building":null,"capacity":null,"check_date":null,"check_date:opening_hours":null,"contact:facebook":null,"contact:instagram":null,"contact:website":null,"contact:whatsapp":null,"cuisine":null,"currency:XBT":null,"delivery":null,"description":null,"diet:gluten_free":null,"diet:organic":null,"diet:vegan":null,"diet:vegetarian":null,"dog":null,"drink:espresso":null,"drink:filter_coffee":null,"drive_through":null,"email":null,"fixme":null,"floor":null,"indoor":null,"indoor_seating":null,"internet_access":"yes","internet_access:fee":null,"internet_access:ssid":null,"level":null,"location":null,"name":"Donde Juancho","name:de":null,"name:en":null,"name:es":null,"name:fr":null,"note:opening_hours":null,"official_name":null,"opening_hours":null,"opening_hours:es":null,"opening_hours:signed":null,"operator":null,"outdoor_seating":null,"payment:app":null,"payment:apple_pay":null,"payment:cards":null,"payment:cash":null,"payment:contactless":null,"payment:credit_cards":null,"payment:debit_cards":null,"payment:google_pay":null,"payment:lightning":null,"payment:lightning_contactless":null,"payment:onchain":null,"pets":null,"phone":null,"service:electricity":null,"shop":null,"smoking":null,"source":null,"takeaway":null,"toilets":null,"toilets:access":null,"toilets:wheelchair":null,"tourism":null,"url":null,"website":null,"website:menu":null,"wheelchair":null,"wifi":null},"geometry":{"type":"Point","coordinates":[-74.0686638,4.6296877]}},
{"type":"Feature","properties":{"fid":123,"id":"node/3418909608","@id":"node/3418909608","addr:city":null,"addr:country":null,"addr:door":null,"addr:floor":null,"addr:full":null,"addr:housename":null,"addr:housenumber":null,"addr:place":null,"addr:postcode":null,"addr:street":null,"addr:unit":null,"air_conditioning":null,"alt_name":null,"amenity":"cafe","baby_feeding":null,"bar":null,"branch":null,"brand":null,"brand:wikidata":null,"brand:wikipedia":null,"building":null,"capacity":null,"check_date":null,"check_date:opening_hours":null,"contact:facebook":null,"contact:instagram":null,"contact:website":null,"contact:whatsapp":null,"cuisine":"Postres","currency:XBT":null,"delivery":null,"description":null,"diet:gluten_free":null,"diet:organic":null,"diet:vegan":null,"diet:vegetarian":null,"dog":null,"drink:espresso":null,"drink:filter_coffee":null,"drive_through":null,"email":null,"fixme":null,"floor":null,"indoor":null,"indoor_seating":null,"internet_access":null,"internet_access:fee":null,"internet_access:ssid":null,"level":null,"location":null,"name":"Dulce tentación","name:de":null,"name:en":null,"name:es":null,"name:fr":null,"note:opening_hours":null,"official_name":null,"opening_hours":null,"opening_hours:es":null,"opening_hours:signed":null,"operator":null,"outdoor_seating":null,"payment:app":null,"payment:apple_pay":null,"payment:cards":null,"payment:cash":null,"payment:contactless":null,"payment:credit_cards":null,"payment:debit_cards":null,"payment:google_pay":null,"payment:lightning":null,"payment:lightning_contactless":null,"payment:onchain":null,"pets":null,"phone":null,"service:electricity":null,"shop":null,"smoking":null,"source":null,"takeaway":null,"toilets":null,"toilets:access":null,"toilets:wheelchair":null,"tourism":null,"url":null,"website":null,"website:menu":null,"wheelchair":null,"wifi":null},"geometry":{"type":"Point","coordinates":[-74.0679633,4.6252952]}},
{"type":"Feature","properties":{"fid":124,"id":"node/3418974341","@id":"node/3418974341","addr:city":null,"addr:country":null,"addr:door":null,"addr:floor":null,"addr:full":null,"addr:housename":null,"addr:housenumber":null,"addr:place":null,"addr:postcode":null,"addr:street":null,"addr:unit":null,"air_conditioning":null,"alt_name":null,"amenity":"cafe","baby_feeding":null,"bar":null,"branch":null,"brand":null,"brand:wikidata":null,"brand:wikipedia":null,"building":null,"capacity":null,"check_date":null,"check_date:opening_hours":null,"contact:facebook":null,"contact:instagram":null,"contact:website":null,"contact:whatsapp":null,"cuisine":null,"currency:XBT":null,"delivery":null,"description":null,"diet:gluten_free":null,"diet:organic":null,"diet:vegan":null,"diet:vegetarian":null,"dog":null,"drink:espresso":null,"drink:filter_coffee":null,"drive_through":null,"email":null,"fixme":null,"floor":null,"indoor":null,"indoor_seating":null,"internet_access":null,"internet_access:fee":null,"internet_access:ssid":null,"level":null,"location":null,"name":"Bocado de Reina","name:de":null,"name:en":null,"name:es":null,"name:fr":null,"note:opening_hours":null,"official_name":null,"opening_hours":null,"opening_hours:es":null,"opening_hours:signed":null,"operator":null,"outdoor_seating":null,"payment:app":null,"payment:apple_pay":null,"payment:cards":null,"payment:cash":null,"payment:contactless":null,"payment:credit_cards":null,"payment:debit_cards":null,"payment:google_pay":null,"payment:lightning":null,"payment:lightning_contactless":null,"payment:onchain":null,"pets":null,"phone":null,"service:electricity":null,"shop":null,"smoking":null,"source":null,"takeaway":null,"toilets":null,"toilets:access":null,"toilets:wheelchair":null,"tourism":null,"url":null,"website":null,"website:menu":null,"wheelchair":null,"wifi":null},"geometry":{"type":"Point","coordinates":[-74.0669611,4.6298759]}},
{"type":"Feature","properties":{"fid":125,"id":"node/3418978713","@id":"node/3418978713","addr:city":null,"addr:country":null,"addr:door":null,"addr:floor":null,"addr:full":null,"addr:housename":null,"addr:housenumber":null,"addr:place":null,"addr:postcode":null,"addr:street":null,"addr:unit":null,"air_conditioning":null,"alt_name":null,"amenity":"cafe","baby_feeding":null,"bar":null,"branch":null,"brand":null,"brand:wikidata":null,"brand:wikipedia":null,"building":null,"capacity":null,"check_date":null,"check_date:opening_hours":null,"contact:facebook":null,"contact:instagram":null,"contact:website":null,"contact:whatsapp":null,"cuisine":null,"currency:XBT":null,"delivery":null,"description":null,"diet:gluten_free":null,"diet:organic":null,"diet:vegan":null,"diet:vegetarian":null,"dog":null,"drink:espresso":null,"drink:filter_coffee":null,"drive_through":null,"email":null,"fixme":null,"floor":null,"indoor":null,"indoor_seating":null,"internet_access":null,"internet_access:fee":null,"internet_access:ssid":null,"level":null,"location":null,"name":"La 37","name:de":null,"name:en":null,"name:es":null,"name:fr":null,"note:opening_hours":null,"official_name":null,"opening_hours":null,"opening_hours:es":null,"opening_hours:signed":null,"operator":null,"outdoor_seating":null,"payment:app":null,"payment:apple_pay":null,"payment:cards":null,"payment:cash":null,"payment:contactless":null,"payment:credit_cards":null,"payment:debit_cards":null,"payment:google_pay":null,"payment:lightning":null,"payment:lightning_contactless":null,"payment:onchain":null,"pets":null,"phone":null,"service:electricity":null,"shop":null,"smoking":null,"source":null,"takeaway":null,"toilets":null,"toilets:access":null,"toilets:wheelchair":null,"tourism":null,"url":null,"website":null,"website:menu":null,"wheelchair":null,"wifi":null},"geometry":{"type":"Point","coordinates":[-74.0680021,4.6250807]}},
{"type":"Feature","properties":{"fid":126,"id":"node/3419605090","@id":"node/3419605090","addr:city":null,"addr:country":null,"addr:door":null,"addr:floor":null,"addr:full":null,"addr:housename":null,"addr:housenumber":"37","addr:place":null,"addr:postcode":null,"addr:street":"Calle 38","addr:unit":null,"air_conditioning":null,"alt_name":null,"amenity":"cafe","baby_feeding":null,"bar":null,"branch":null,"brand":null,"brand:wikidata":null,"brand:wikipedia":null,"building":null,"capacity":null,"check_date":null,"check_date:opening_hours":null,"contact:facebook":null,"contact:instagram":null,"contact:website":null,"contact:whatsapp":null,"cuisine":null,"currency:XBT":null,"delivery":null,"description":null,"diet:gluten_free":null,"diet:organic":null,"diet:vegan":null,"diet:vegetarian":null,"dog":null,"drink:espresso":null,"drink:filter_coffee":null,"drive_through":null,"email":null,"fixme":null,"floor":null,"indoor":null,"indoor_seating":null,"internet_access":null,"internet_access:fee":null,"internet_access:ssid":null,"level":null,"location":null,"name":"Dulce jesus mio","name:de":null,"name:en":null,"name:es":null,"name:fr":null,"note:opening_hours":null,"official_name":null,"opening_hours":null,"opening_hours:es":null,"opening_hours:signed":null,"operator":null,"outdoor_seating":null,"payment:app":null,"payment:apple_pay":null,"payment:cards":null,"payment:cash":null,"payment:contactless":null,"payment:credit_cards":null,"payment:debit_cards":null,"payment:google_pay":null,"payment:lightning":null,"payment:lightning_contactless":null,"payment:onchain":null,"pets":null,"phone":null,"service:electricity":null,"shop":null,"smoking":null,"source":null,"takeaway":null,"toilets":null,"toilets:access":null,"toilets:wheelchair":null,"tourism":null,"url":null,"website":null,"website:menu":null,"wheelchair":null,"wifi":null},"geometry":{"type":"Point","coordinates":[-74.0677711,4.6259363]}},
{"type":"Feature","properties":{"fid":127,"id":"node/3419605091","@id":"node/3419605091","addr:city":null,"addr:country":null,"addr:door":null,"addr:floor":null,"addr:full":null,"addr:housename":null,"addr:housenumber":null,"addr:place":null,"addr:postcode":null,"addr:street":null,"addr:unit":null,"air_conditioning":null,"alt_name":null,"amenity":"cafe","baby_feeding":null,"bar":null,"branch":null,"brand":null,"brand:wikidata":null,"brand:wikipedia":null,"building":null,"capacity":null,"check_date":null,"check_date:opening_hours":null,"contact:facebook":null,"contact:instagram":null,"contact:website":null,"contact:whatsapp":null,"cuisine":null,"currency:XBT":null,"delivery":null,"description":null,"diet:gluten_free":null,"diet:organic":null,"diet:vegan":null,"diet:vegetarian":null,"dog":null,"drink:espresso":null,"drink:filter_coffee":null,"drive_through":null,"email":null,"fixme":null,"floor":null,"indoor":null,"indoor_seating":null,"internet_access":null,"internet_access:fee":null,"internet_access:ssid":null,"level":null,"location":null,"name":"Kaldivia cafe","name:de":null,"name:en":null,"name:es":null,"name:fr":null,"note:opening_hours":null,"official_name":null,"opening_hours":null,"opening_hours:es":null,"opening_hours:signed":null,"operator":null,"outdoor_seating":null,"payment:app":null,"payment:apple_pay":null,"payment:cards":null,"payment:cash":null,"payment:contactless":null,"payment:credit_cards":null,"payment:debit_cards":null,"payment:google_pay":null,"payment:lightning":null,"payment:lightning_contactless":null,"payment:onchain":null,"pets":null,"phone":null,"service:electricity":null,"shop":null,"smoking":null,"source":null,"takeaway":null,"toilets":null,"toilets:access":null,"toilets:wheelchair":null,"tourism":null,"url":null,"website":null,"website:menu":null,"wheelchair":null,"wifi":null},"geometry":{"type":"Point","coordinates":[-74.0678301,4.6259517]}},
{"type":"Feature","properties":{"fid":131,"id":"node/3420374478","@id":"node/3420374478","addr:city":null,"addr:country":null,"addr:door":null,"addr:floor":null,"addr:full":null,"addr:housename":null,"addr:housenumber":null,"addr:place":null,"addr:postcode":null,"addr:street":null,"addr:unit":null,"air_conditioning":null,"alt_name":null,"amenity":"cafe","baby_feeding":null,"bar":null,"branch":null,"brand":null,"brand:wikidata":null,"brand:wikipedia":null,"building":null,"capacity":null,"check_date":null,"check_date:opening_hours":null,"contact:facebook":null,"contact:instagram":null,"contact:website":null,"contact:whatsapp":null,"cuisine":null,"currency:XBT":null,"delivery":null,"description":null,"diet:gluten_free":null,"diet:organic":null,"diet:vegan":null,"diet:vegetarian":null,"dog":null,"drink:espresso":null,"drink:filter_coffee":null,"drive_through":null,"email":null,"fixme":null,"floor":null,"indoor":null,"indoor_seating":null,"internet_access":null,"internet_access:fee":null,"internet_access:ssid":null,"level":null,"location":null,"name":"Estacion Café 13","name:de":null,"name:en":null,"name:es":null,"name:fr":null,"note:opening_hours":null,"official_name":null,"opening_hours":null,"opening_hours:es":null,"opening_hours:signed":null,"operator":null,"outdoor_seating":null,"payment:app":null,"payment:apple_pay":null,"payment:cards":null,"payment:cash":null,"payment:contactless":null,"payment:credit_cards":null,"payment:debit_cards":null,"payment:google_pay":null,"payment:lightning":null,"payment:lightning_contactless":null,"payment:onchain":null,"pets":null,"phone":null,"service:electricity":null,"shop":null,"smoking":null,"source":null,"takeaway":null,"toilets":null,"toilets:access":null,"toilets:wheelchair":null,"tourism":null,"url":null,"website":null,"website:menu":null,"wheelchair":null,"wifi":null},"geometry":{"type":"Point","coordinates":[-74.0671261,4.6262393]}},
{"type":"Feature","properties":{"fid":132,"id":"node/3420374694","@id":"node/3420374694","addr:city":null,"addr:country":null,"addr:door":null,"addr:floor":null,"addr:full":null,"addr:housename":null,"addr:housenumber":null,"addr:place":null,"addr:postcode":null,"addr:street":null,"addr:unit":null,"air_conditioning":null,"alt_name":null,"amenity":"cafe","baby_feeding":null,"bar":null,"branch":null,"brand":null,"brand:wikidata":null,"brand:wikipedia":null,"building":null,"capacity":null,"check_date":null,"check_date:opening_hours":null,"contact:facebook":null,"contact:instagram":null,"contact:website":null,"contact:whatsapp":null,"cuisine":null,"currency:XBT":null,"delivery":null,"description":null,"diet:gluten_free":null,"diet:organic":null,"diet:vegan":null,"diet:vegetarian":null,"dog":null,"drink:espresso":null,"drink:filter_coffee":null,"drive_through":null,"email":null,"fixme":null,"floor":null,"indoor":null,"indoor_seating":null,"internet_access":null,"internet_access:fee":null,"internet_access:ssid":null,"level":null,"location":null,"name":"Nudols","name:de":null,"name:en":null,"name:es":null,"name:fr":null,"note:opening_hours":null,"official_name":null,"opening_hours":null,"opening_hours:es":null,"opening_hours:signed":null,"operator":null,"outdoor_seating":null,"payment:app":null,"payment:apple_pay":null,"payment:cards":null,"payment:cash":null,"payment:contactless":null,"payment:credit_cards":null,"payment:debit_cards":null,"payment:google_pay":null,"payment:lightning":null,"payment:lightning_contactless":null,"payment:onchain":null,"pets":null,"phone":null,"service:electricity":null,"shop":null,"smoking":null,"source":null,"takeaway":null,"toilets":null,"toilets:access":null,"toilets:wheelchair":null,"tourism":null,"url":null,"website":null,"website:menu":null,"wheelchair":null,"wifi":null},"geometry":{"type":"Point","coordinates":[-74.0669859,4.6269134]}},
{"type":"Feature","properties":{"fid":141,"id":"node/3420801561","@id":"node/3420801561","addr:city":null,"addr:country":null,"addr:door":null,"addr:floor":null,"addr:full":null,"addr:housename":null,"addr:housenumber":null,"addr:place":null,"addr:postcode":null,"addr:street":null,"addr:unit":null,"air_conditioning":null,"alt_name":null,"amenity":"cafe","baby_feeding":null,"bar":null,"branch":null,"brand":null,"brand:wikidata":null,"brand:wikipedia":null,"building":null,"capacity":null,"check_date":null,"check_date:opening_hours":null,"contact:facebook":null,"contact:instagram":null,"contact:website":null,"contact:whatsapp":null,"cuisine":null,"currency:XBT":null,"delivery":null,"description":null,"diet:gluten_free":null,"diet:organic":null,"diet:vegan":null,"diet:vegetarian":null,"dog":null,"drink:espresso":null,"drink:filter_coffee":null,"drive_through":null,"email":null,"fixme":null,"floor":null,"indoor":null,"indoor_seating":null,"internet_access":null,"internet_access:fee":null,"internet_access:ssid":null,"level":null,"location":null,"name":"Cafeteria","name:de":null,"name:en":null,"name:es":null,"name:fr":null,"note:opening_hours":null,"official_name":null,"opening_hours":null,"opening_hours:es":null,"opening_hours:signed":null,"operator":null,"outdoor_seating":null,"payment:app":null,"payment:apple_pay":null,"payment:cards":null,"payment:cash":null,"payment:contactless":null,"payment:credit_cards":null,"payment:debit_cards":null,"payment:google_pay":null,"payment:lightning":null,"payment:lightning_contactless":null,"payment:onchain":null,"pets":null,"phone":null,"service:electricity":null,"shop":null,"smoking":null,"source":null,"takeaway":null,"toilets":null,"toilets:access":null,"toilets:wheelchair":null,"tourism":null,"url":null,"website":null,"website:menu":null,"wheelchair":null,"wifi":null},"geometry":{"type":"Point","coordinates":[-74.1355151,4.597574]}},
{"type":"Feature","properties":{"fid":142,"id":"node/3420868245","@id":"node/3420868245","addr:city":null,"addr:country":null,"addr:door":null,"addr:floor":null,"addr:full":null,"addr:housename":null,"addr:housenumber":null,"addr:place":null,"addr:postcode":null,"addr:street":null,"addr:unit":null,"air_conditioning":null,"alt_name":null,"amenity":"cafe","baby_feeding":null,"bar":null,"branch":null,"brand":null,"brand:wikidata":null,"brand:wikipedia":null,"building":null,"capacity":null,"check_date":null,"check_date:opening_hours":null,"contact:facebook":null,"contact:instagram":null,"contact:website":null,"contact:whatsapp":null,"cuisine":null,"currency:XBT":null,"delivery":null,"description":null,"diet:gluten_free":null,"diet:organic":null,"diet:vegan":null,"diet:vegetarian":null,"dog":null,"drink:espresso":null,"drink:filter_coffee":null,"drive_through":null,"email":null,"fixme":null,"floor":null,"indoor":null,"indoor_seating":null,"internet_access":null,"internet_access:fee":null,"internet_access:ssid":null,"level":null,"location":null,"name":"Delicias del Valle","name:de":null,"name:en":null,"name:es":null,"name:fr":null,"note:opening_hours":null,"official_name":null,"opening_hours":null,"opening_hours:es":null,"opening_hours:signed":null,"operator":null,"outdoor_seating":null,"payment:app":null,"payment:apple_pay":null,"payment:cards":null,"payment:cash":null,"payment:contactless":null,"payment:credit_cards":null,"payment:debit_cards":null,"payment:google_pay":null,"payment:lightning":null,"payment:lightning_contactless":null,"payment:onchain":null,"pets":null,"phone":null,"service:electricity":null,"shop":null,"smoking":null,"source":null,"takeaway":null,"toilets":null,"toilets:access":null,"toilets:wheelchair":null,"tourism":null,"url":null,"website":null,"website:menu":null,"wheelchair":null,"wifi":null},"geometry":{"type":"Point","coordinates":[-74.1692602,4.6187302]}},
{"type":"Feature","properties":{"fid":147,"id":"node/3421218857","@id":"node/3421218857","addr:city":null,"addr:country":null,"addr:door":null,"addr:floor":null,"addr:full":null,"addr:housename":null,"addr:housenumber":null,"addr:place":null,"addr:postcode":null,"addr:street":null,"addr:unit":null,"air_conditioning":null,"alt_name":null,"amenity":"cafe","baby_feeding":null,"bar":null,"branch":null,"brand":null,"brand:wikidata":null,"brand:wikipedia":null,"building":null,"capacity":null,"check_date":null,"check_date:opening_hours":null,"contact:facebook":null,"contact:instagram":null,"contact:website":null,"contact:whatsapp":null,"cuisine":null,"currency:XBT":null,"delivery":null,"description":null,"diet:gluten_free":null,"diet:organic":null,"diet:vegan":null,"diet:vegetarian":null,"dog":null,"drink:espresso":null,"drink:filter_coffee":null,"drive_through":null,"email":null,"fixme":null,"floor":null,"indoor":null,"indoor_seating":null,"internet_access":null,"internet_access:fee":null,"internet_access:ssid":null,"level":null,"location":null,"name":"Coffee Room","name:de":null,"name:en":null,"name:es":null,"name:fr":null,"note:opening_hours":null,"official_name":null,"opening_hours":null,"opening_hours:es":null,"opening_hours:signed":null,"operator":null,"outdoor_seating":null,"payment:app":null,"payment:apple_pay":null,"payment:cards":null,"payment:cash":null,"payment:contactless":null,"payment:credit_cards":null,"payment:debit_cards":null,"payment:google_pay":null,"payment:lightning":null,"payment:lightning_contactless":null,"payment:onchain":null,"pets":null,"phone":null,"service:electricity":null,"shop":null,"smoking":null,"source":null,"takeaway":null,"toilets":null,"toilets:access":null,"toilets:wheelchair":null,"tourism":null,"url":null,"website":null,"website:menu":null,"wheelchair":null,"wifi":null},"geometry":{"type":"Point","coordinates":[-74.0493719,4.724779]}},
{"type":"Feature","properties":{"fid":148,"id":"node/3421726147","@id":"node/3421726147","addr:city":null,"addr:country":null,"addr:door":null,"addr:floor":null,"addr:full":null,"addr:housename":null,"addr:housenumber":"41","addr:place":null,"addr:postcode":null,"addr:street":"Carrera 27A","addr:unit":null,"air_conditioning":null,"alt_name":null,"amenity":"cafe","baby_feeding":null,"bar":null,"branch":null,"brand":null,"brand:wikidata":null,"brand:wikipedia":null,"building":null,"capacity":null,"check_date":null,"check_date:opening_hours":null,"contact:facebook":null,"contact:instagram":null,"contact:website":null,"contact:whatsapp":null,"cuisine":null,"currency:XBT":null,"delivery":null,"description":null,"diet:gluten_free":null,"diet:organic":null,"diet:vegan":null,"diet:vegetarian":null,"dog":null,"drink:espresso":null,"drink:filter_coffee":null,"drive_through":null,"email":null,"fixme":null,"floor":null,"indoor":null,"indoor_seating":null,"internet_access":null,"internet_access:fee":null,"internet_access:ssid":null,"level":null,"location":null,"name":"Dubai Express","name:de":null,"name:en":null,"name:es":null,"name:fr":null,"note:opening_hours":null,"official_name":null,"opening_hours":null,"opening_hours:es":null,"opening_hours:signed":null,"operator":null,"outdoor_seating":null,"payment:app":null,"payment:apple_pay":null,"payment:cards":null,"payment:cash":null,"payment:contactless":null,"payment:credit_cards":null,"payment:debit_cards":null,"payment:google_pay":null,"payment:lightning":null,"payment:lightning_contactless":null,"payment:onchain":null,"pets":null,"phone":null,"service:electricity":null,"shop":null,"smoking":null,"source":null,"takeaway":null,"toilets":null,"toilets:access":null,"toilets:wheelchair":null,"tourism":null,"url":null,"website":null,"website:menu":null,"wheelchair":null,"wifi":null},"geometry":{"type":"Point","coordinates":[-74.0784073,4.6322182]}},
{"type":"Feature","properties":{"fid":150,"id":"node/3465601708","@id":"node/3465601708","addr:city":null,"addr:country":null,"addr:door":null,"addr:floor":null,"addr:full":null,"addr:housename":null,"addr:housenumber":null,"addr:place":null,"addr:postcode":null,"addr:street":null,"addr:unit":null,"air_conditioning":null,"alt_name":null,"amenity":"cafe","baby_feeding":null,"bar":null,"branch":null,"brand":null,"brand:wikidata":null,"brand:wikipedia":null,"building":null,"capacity":null,"check_date":null,"check_date:opening_hours":null,"contact:facebook":null,"contact:instagram":null,"contact:website":null,"contact:whatsapp":null,"cuisine":null,"currency:XBT":null,"delivery":null,"description":null,"diet:gluten_free":null,"diet:organic":null,"diet:vegan":null,"diet:vegetarian":null,"dog":null,"drink:espresso":null,"drink:filter_coffee":null,"drive_through":null,"email":null,"fixme":null,"floor":null,"indoor":null,"indoor_seating":null,"internet_access":null,"internet_access:fee":null,"internet_access:ssid":null,"level":null,"location":null,"name":null,"name:de":null,"name:en":null,"name:es":null,"name:fr":null,"note:opening_hours":null,"official_name":null,"opening_hours":null,"opening_hours:es":null,"opening_hours:signed":null,"operator":null,"outdoor_seating":null,"payment:app":null,"payment:apple_pay":null,"payment:cards":null,"payment:cash":null,"payment:contactless":null,"payment:credit_cards":null,"payment:debit_cards":null,"payment:google_pay":null,"payment:lightning":null,"payment:lightning_contactless":null,"payment:onchain":null,"pets":null,"phone":null,"service:electricity":null,"shop":null,"smoking":null,"source":null,"takeaway":null,"toilets":null,"toilets:access":null,"toilets:wheelchair":null,"tourism":null,"url":null,"website":null,"website:menu":null,"wheelchair":null,"wifi":null},"geometry":{"type":"Point","coordinates":[-74.1544557,4.6381152]}},
{"type":"Feature","properties":{"fid":153,"id":"node/3580956384","@id":"node/3580956384","addr:city":null,"addr:country":null,"addr:door":null,"addr:floor":null,"addr:full":null,"addr:housename":null,"addr:housenumber":null,"addr:place":null,"addr:postcode":null,"addr:street":null,"addr:unit":null,"air_conditioning":null,"alt_name":null,"amenity":"cafe","baby_feeding":null,"bar":null,"branch":null,"brand":null,"brand:wikidata":null,"brand:wikipedia":null,"building":null,"capacity":null,"check_date":null,"check_date:opening_hours":null,"contact:facebook":null,"contact:instagram":null,"contact:website":null,"contact:whatsapp":null,"cuisine":null,"currency:XBT":null,"delivery":null,"description":null,"diet:gluten_free":null,"diet:organic":null,"diet:vegan":null,"diet:vegetarian":null,"dog":null,"drink:espresso":null,"drink:filter_coffee":null,"drive_through":null,"email":null,"fixme":null,"floor":null,"indoor":null,"indoor_seating":null,"internet_access":null,"internet_access:fee":null,"internet_access:ssid":null,"level":null,"location":null,"name":null,"name:de":null,"name:en":null,"name:es":null,"name:fr":null,"note:opening_hours":null,"official_name":null,"opening_hours":null,"opening_hours:es":null,"opening_hours:signed":null,"operator":null,"outdoor_seating":null,"payment:app":null,"payment:apple_pay":null,"payment:cards":null,"payment:cash":null,"payment:contactless":null,"payment:credit_cards":null,"payment:debit_cards":null,"payment:google_pay":null,"payment:lightning":null,"payment:lightning_contactless":null,"payment:onchain":null,"pets":null,"phone":null,"service:electricity":null,"shop":null,"smoking":null,"source":null,"takeaway":null,"toilets":null,"toilets:access":null,"toilets:wheelchair":null,"tourism":null,"url":null,"website":null,"website:menu":null,"wheelchair":null,"wifi":null},"geometry":{"type":"Point","coordinates":[-74.1528934,4.6361997]}},
{"type":"Feature","properties":{"fid":154,"id":"node/3702840525","@id":"node/3702840525","addr:city":null,"addr:country":null,"addr:door":null,"addr:floor":null,"addr:full":null,"addr:housename":null,"addr:housenumber":null,"addr:place":null,"addr:postcode":null,"addr:street":null,"addr:unit":null,"air_conditioning":null,"alt_name":null,"amenity":"cafe","baby_feeding":null,"bar":null,"branch":null,"brand":null,"brand:wikidata":null,"brand:wikipedia":null,"building":null,"capacity":null,"check_date":null,"check_date:opening_hours":null,"contact:facebook":null,"contact:instagram":null,"contact:website":null,"contact:whatsapp":null,"cuisine":null,"currency:XBT":null,"delivery":null,"description":null,"diet:gluten_free":null,"diet:organic":null,"diet:vegan":null,"diet:vegetarian":null,"dog":null,"drink:espresso":null,"drink:filter_coffee":null,"drive_through":null,"email":null,"fixme":null,"floor":null,"indoor":null,"indoor_seating":null,"internet_access":"wlan","internet_access:fee":null,"internet_access:ssid":null,"level":null,"location":null,"name":"Café Cultor","name:de":null,"name:en":null,"name:es":null,"name:fr":null,"note:opening_hours":null,"official_name":null,"opening_hours":null,"opening_hours:es":null,"opening_hours:signed":null,"operator":null,"outdoor_seating":null,"payment:app":null,"payment:apple_pay":null,"payment:cards":null,"payment:cash":null,"payment:contactless":null,"payment:credit_cards":null,"payment:debit_cards":null,"payment:google_pay":null,"payment:lightning":null,"payment:lightning_contactless":null,"payment:onchain":null,"pets":null,"phone":null,"service:electricity":null,"shop":null,"smoking":null,"source":null,"takeaway":null,"toilets":null,"toilets:access":null,"toilets:wheelchair":null,"tourism":null,"url":null,"website":null,"website:menu":null,"wheelchair":null,"wifi":null},"geometry":{"type":"Point","coordinates":[-74.0564877,4.6515686]}},
{"type":"Feature","properties":{"fid":155,"id":"node/3736823028","@id":"node/3736823028","addr:city":null,"addr:country":null,"addr:door":null,"addr:floor":null,"addr:full":null,"addr:housename":null,"addr:housenumber":null,"addr:place":null,"addr:postcode":null,"addr:street":null,"addr:unit":null,"air_conditioning":null,"alt_name":null,"amenity":"cafe","baby_feeding":null,"bar":null,"branch":null,"brand":null,"brand:wikidata":null,"brand:wikipedia":null,"building":null,"capacity":null,"check_date":null,"check_date:opening_hours":null,"contact:facebook":null,"contact:instagram":null,"contact:website":null,"contact:whatsapp":null,"cuisine":null,"currency:XBT":null,"delivery":null,"description":null,"diet:gluten_free":null,"diet:organic":null,"diet:vegan":null,"diet:vegetarian":null,"dog":null,"drink:espresso":null,"drink:filter_coffee":null,"drive_through":null,"email":null,"fixme":null,"floor":null,"indoor":null,"indoor_seating":null,"internet_access":null,"internet_access:fee":null,"internet_access:ssid":null,"level":null,"location":null,"name":"Dicami","name:de":null,"name:en":null,"name:es":null,"name:fr":null,"note:opening_hours":null,"official_name":null,"opening_hours":null,"opening_hours:es":null,"opening_hours:signed":null,"operator":null,"outdoor_seating":null,"payment:app":null,"payment:apple_pay":null,"payment:cards":null,"payment:cash":null,"payment:contactless":null,"payment:credit_cards":null,"payment:debit_cards":null,"payment:google_pay":null,"payment:lightning":null,"payment:lightning_contactless":null,"payment:onchain":null,"pets":null,"phone":null,"service:electricity":null,"shop":null,"smoking":null,"source":null,"takeaway":null,"toilets":null,"toilets:access":null,"toilets:wheelchair":null,"tourism":null,"url":null,"website":null,"website:menu":null,"wheelchair":null,"wifi":null},"geometry":{"type":"Point","coordinates":[-74.079949,4.6683622]}},
{"type":"Feature","properties":{"fid":156,"id":"node/3750655302","@id":"node/3750655302","addr:city":null,"addr:country":null,"addr:door":null,"addr:floor":null,"addr:full":null,"addr:housename":null,"addr:housenumber":"13","addr:place":null,"addr:postcode":null,"addr:street":null,"addr:unit":null,"air_conditioning":null,"alt_name":null,"amenity":"cafe","baby_feeding":null,"bar":null,"branch":null,"brand":null,"brand:wikidata":null,"brand:wikipedia":null,"building":null,"capacity":null,"check_date":null,"check_date:opening_hours":null,"contact:facebook":null,"contact:instagram":null,"contact:website":null,"contact:whatsapp":null,"cuisine":"Pan","currency:XBT":null,"delivery":null,"description":null,"diet:gluten_free":null,"diet:organic":null,"diet:vegan":null,"diet:vegetarian":null,"dog":null,"drink:espresso":null,"drink:filter_coffee":null,"drive_through":null,"email":null,"fixme":null,"floor":null,"indoor":null,"indoor_seating":null,"internet_access":"no","internet_access:fee":null,"internet_access:ssid":null,"level":null,"location":null,"name":"Romannoti","name:de":null,"name:en":null,"name:es":null,"name:fr":null,"note:opening_hours":null,"official_name":null,"opening_hours":null,"opening_hours:es":null,"opening_hours:signed":null,"operator":null,"outdoor_seating":null,"payment:app":null,"payment:apple_pay":null,"payment:cards":null,"payment:cash":null,"payment:contactless":null,"payment:credit_cards":null,"payment:debit_cards":null,"payment:google_pay":null,"payment:lightning":null,"payment:lightning_contactless":null,"payment:onchain":null,"pets":null,"phone":null,"service:electricity":null,"shop":null,"smoking":null,"source":null,"takeaway":null,"toilets":null,"toilets:access":null,"toilets:wheelchair":null,"tourism":null,"url":null,"website":null,"website:menu":null,"wheelchair":null,"wifi":null},"geometry":{"type":"Point","coordinates":[-74.1391608,4.5945042]}},
{"type":"Feature","properties":{"fid":157,"id":"node/3750745236","@id":"node/3750745236","addr:city":null,"addr:country":null,"addr:door":null,"addr:floor":null,"addr:full":null,"addr:housename":null,"addr:housenumber":"17","addr:place":null,"addr:postcode":null,"addr:street":null,"addr:unit":null,"air_conditioning":null,"alt_name":null,"amenity":"cafe","baby_feeding":null,"bar":null,"branch":null,"brand":null,"brand:wikidata":null,"brand:wikipedia":null,"building":null,"capacity":null,"check_date":null,"check_date:opening_hours":null,"contact:facebook":null,"contact:instagram":null,"contact:website":null,"contact:whatsapp":null,"cuisine":"Fruteria_y_cafeteria","currency:XBT":null,"delivery":null,"description":null,"diet:gluten_free":null,"diet:organic":null,"diet:vegan":null,"diet:vegetarian":null,"dog":null,"drink:espresso":null,"drink:filter_coffee":null,"drive_through":null,"email":null,"fixme":null,"floor":null,"indoor":null,"indoor_seating":null,"internet_access":null,"internet_access:fee":null,"internet_access:ssid":null,"level":null,"location":null,"name":"Taty","name:de":null,"name:en":null,"name:es":null,"name:fr":null,"note:opening_hours":null,"official_name":null,"opening_hours":null,"opening_hours:es":null,"opening_hours:signed":null,"operator":null,"outdoor_seating":null,"payment:app":null,"payment:apple_pay":null,"payment:cards":null,"payment:cash":null,"payment:contactless":null,"payment:credit_cards":null,"payment:debit_cards":null,"payment:google_pay":null,"payment:lightning":null,"payment:lightning_contactless":null,"payment:onchain":null,"pets":null,"phone":null,"service:electricity":null,"shop":null,"smoking":null,"source":null,"takeaway":null,"toilets":null,"toilets:access":null,"toilets:wheelchair":null,"tourism":null,"url":null,"website":null,"website:menu":null,"wheelchair":null,"wifi":null},"geometry":{"type":"Point","coordinates":[-74.1381528,4.5942935]}},
{"type":"Feature","properties":{"fid":158,"id":"node/3752231928","@id":"node/3752231928","addr:city":null,"addr:country":null,"addr:door":null,"addr:floor":null,"addr:full":null,"addr:housename":null,"addr:housenumber":"45-19","addr:place":null,"addr:postcode":null,"addr:street":"Carrera 13","addr:unit":null,"air_conditioning":null,"alt_name":null,"amenity":"cafe","baby_feeding":null,"bar":null,"branch":null,"brand":null,"brand:wikidata":null,"brand:wikipedia":null,"building":null,"capacity":null,"check_date":null,"check_date:opening_hours":null,"contact:facebook":null,"contact:instagram":null,"contact:website":null,"contact:whatsapp":null,"cuisine":null,"currency:XBT":null,"delivery":null,"description":null,"diet:gluten_free":null,"diet:organic":null,"diet:vegan":null,"diet:vegetarian":null,"dog":null,"drink:espresso":null,"drink:filter_coffee":null,"drive_through":null,"email":null,"fixme":null,"floor":null,"indoor":null,"indoor_seating":null,"internet_access":null,"internet_access:fee":null,"internet_access:ssid":null,"level":null,"location":null,"name":"Local 2","name:de":null,"name:en":null,"name:es":null,"name:fr":null,"note:opening_hours":null,"official_name":null,"opening_hours":null,"opening_hours:es":null,"opening_hours:signed":null,"operator":null,"outdoor_seating":null,"payment:app":null,"payment:apple_pay":null,"payment:cards":null,"payment:cash":null,"payment:contactless":null,"payment:credit_cards":null,"payment:debit_cards":null,"payment:google_pay":null,"payment:lightning":null,"payment:lightning_contactless":null,"payment:onchain":null,"pets":null,"phone":null,"service:electricity":null,"shop":null,"smoking":null,"source":null,"takeaway":null,"toilets":null,"toilets:access":null,"toilets:wheelchair":null,"tourism":null,"url":null,"website":null,"website:menu":null,"wheelchair":null,"wifi":null},"geometry":{"type":"Point","coordinates":[-74.0664806,4.6325004]}},
{"type":"Feature","properties":{"fid":159,"id":"node/3752241668","@id":"node/3752241668","addr:city":null,"addr:country":null,"addr:door":null,"addr:floor":null,"addr:full":null,"addr:housename":null,"addr:housenumber":null,"addr:place":null,"addr:postcode":null,"addr:street":null,"addr:unit":null,"air_conditioning":null,"alt_name":null,"amenity":"cafe","baby_feeding":null,"bar":null,"branch":null,"brand":null,"brand:wikidata":null,"brand:wikipedia":null,"building":null,"capacity":null,"check_date":null,"check_date:opening_hours":null,"contact:facebook":null,"contact:instagram":null,"contact:website":null,"contact:whatsapp":null,"cuisine":null,"currency:XBT":null,"delivery":null,"description":null,"diet:gluten_free":null,"diet:organic":null,"diet:vegan":null,"diet:vegetarian":null,"dog":null,"drink:espresso":null,"drink:filter_coffee":null,"drive_through":null,"email":null,"fixme":null,"floor":null,"indoor":null,"indoor_seating":null,"internet_access":null,"internet_access:fee":null,"internet_access:ssid":null,"level":null,"location":null,"name":null,"name:de":null,"name:en":null,"name:es":null,"name:fr":null,"note:opening_hours":null,"official_name":null,"opening_hours":null,"opening_hours:es":null,"opening_hours:signed":null,"operator":null,"outdoor_seating":null,"payment:app":null,"payment:apple_pay":null,"payment:cards":null,"payment:cash":null,"payment:contactless":null,"payment:credit_cards":null,"payment:debit_cards":null,"payment:google_pay":null,"payment:lightning":null,"payment:lightning_contactless":null,"payment:onchain":null,"pets":null,"phone":null,"service:electricity":null,"shop":null,"smoking":null,"source":null,"takeaway":null,"toilets":null,"toilets:access":null,"toilets:wheelchair":null,"tourism":null,"url":null,"website":null,"website:menu":null,"wheelchair":null,"wifi":null},"geometry":{"type":"Point","coordinates":[-74.066851,4.6324986]}},
{"type":"Feature","properties":{"fid":164,"id":"node/3752326118","@id":"node/3752326118","addr:city":"Bogotá D.C.","addr:country":null,"addr:door":null,"addr:floor":null,"addr:full":null,"addr:housename":null,"addr:housenumber":"23","addr:place":null,"addr:postcode":null,"addr:street":"calle 78F","addr:unit":null,"air_conditioning":null,"alt_name":null,"amenity":"cafe","baby_feeding":null,"bar":null,"branch":null,"brand":null,"brand:wikidata":null,"brand:wikipedia":null,"building":null,"capacity":null,"check_date":null,"check_date:opening_hours":null,"contact:facebook":null,"contact:instagram":null,"contact:website":null,"contact:whatsapp":null,"cuisine":null,"currency:XBT":null,"delivery":null,"description":null,"diet:gluten_free":null,"diet:organic":null,"diet:vegan":null,"diet:vegetarian":null,"dog":null,"drink:espresso":null,"drink:filter_coffee":null,"drive_through":null,"email":null,"fixme":null,"floor":null,"indoor":null,"indoor_seating":null,"internet_access":null,"internet_access:fee":null,"internet_access:ssid":null,"level":null,"location":null,"name":"Panadería y cafetería el gran punto.","name:de":null,"name:en":null,"name:es":null,"name:fr":null,"note:opening_hours":null,"official_name":null,"opening_hours":null,"opening_hours:es":null,"opening_hours:signed":null,"operator":null,"outdoor_seating":null,"payment:app":null,"payment:apple_pay":null,"payment:cards":null,"payment:cash":null,"payment:contactless":null,"payment:credit_cards":null,"payment:debit_cards":null,"payment:google_pay":null,"payment:lightning":null,"payment:lightning_contactless":null,"payment:onchain":null,"pets":null,"phone":null,"service:electricity":null,"shop":null,"smoking":null,"source":null,"takeaway":null,"toilets":null,"toilets:access":null,"toilets:wheelchair":null,"tourism":null,"url":null,"website":null,"website:menu":null,"wheelchair":null,"wifi":null},"geometry":{"type":"Point","coordinates":[-74.1153944,4.7128596]}},
{"type":"Feature","properties":{"fid":166,"id":"node/3755181107","@id":"node/3755181107","addr:city":null,"addr:country":null,"addr:door":null,"addr:floor":null,"addr:full":null,"addr:housename":null,"addr:housenumber":null,"addr:place":null,"addr:postcode":null,"addr:street":null,"addr:unit":null,"air_conditioning":null,"alt_name":null,"amenity":"cafe","baby_feeding":null,"bar":null,"branch":null,"brand":null,"brand:wikidata":null,"brand:wikipedia":null,"building":null,"capacity":null,"check_date":null,"check_date:opening_hours":null,"contact:facebook":null,"contact:instagram":null,"contact:website":null,"contact:whatsapp":null,"cuisine":null,"currency:XBT":null,"delivery":null,"description":null,"diet:gluten_free":null,"diet:organic":null,"diet:vegan":null,"diet:vegetarian":null,"dog":null,"drink:espresso":null,"drink:filter_coffee":null,"drive_through":null,"email":null,"fixme":null,"floor":null,"indoor":null,"indoor_seating":null,"internet_access":null,"internet_access:fee":null,"internet_access:ssid":null,"level":null,"location":null,"name":"MINOS","name:de":null,"name:en":null,"name:es":null,"name:fr":null,"note:opening_hours":null,"official_name":null,"opening_hours":null,"opening_hours:es":null,"opening_hours:signed":null,"operator":null,"outdoor_seating":null,"payment:app":null,"payment:apple_pay":null,"payment:cards":null,"payment:cash":null,"payment:contactless":null,"payment:credit_cards":null,"payment:debit_cards":null,"payment:google_pay":null,"payment:lightning":null,"payment:lightning_contactless":null,"payment:onchain":null,"pets":null,"phone":null,"service:electricity":null,"shop":null,"smoking":null,"source":null,"takeaway":null,"toilets":null,"toilets:access":null,"toilets:wheelchair":null,"tourism":null,"url":null,"website":null,"website:menu":null,"wheelchair":null,"wifi":null},"geometry":{"type":"Point","coordinates":[-74.0646372,4.6316591]}},
{"type":"Feature","properties":{"fid":167,"id":"node/3755195925","@id":"node/3755195925","addr:city":null,"addr:country":null,"addr:door":null,"addr:floor":null,"addr:full":null,"addr:housename":null,"addr:housenumber":null,"addr:place":null,"addr:postcode":null,"addr:street":null,"addr:unit":null,"air_conditioning":null,"alt_name":null,"amenity":"cafe","baby_feeding":null,"bar":null,"branch":null,"brand":null,"brand:wikidata":null,"brand:wikipedia":null,"building":null,"capacity":null,"check_date":null,"check_date:opening_hours":null,"contact:facebook":null,"contact:instagram":null,"contact:website":null,"contact:whatsapp":null,"cuisine":null,"currency:XBT":null,"delivery":null,"description":null,"diet:gluten_free":null,"diet:organic":null,"diet:vegan":null,"diet:vegetarian":null,"dog":null,"drink:espresso":null,"drink:filter_coffee":null,"drive_through":null,"email":null,"fixme":null,"floor":null,"indoor":null,"indoor_seating":null,"internet_access":null,"internet_access:fee":null,"internet_access:ssid":null,"level":null,"location":null,"name":"Batidos de la Sabana","name:de":null,"name:en":null,"name:es":null,"name:fr":null,"note:opening_hours":null,"official_name":null,"opening_hours":null,"opening_hours:es":null,"opening_hours:signed":null,"operator":null,"outdoor_seating":null,"payment:app":null,"payment:apple_pay":null,"payment:cards":null,"payment:cash":null,"payment:contactless":null,"payment:credit_cards":null,"payment:debit_cards":null,"payment:google_pay":null,"payment:lightning":null,"payment:lightning_contactless":null,"payment:onchain":null,"pets":null,"phone":null,"service:electricity":null,"shop":null,"smoking":null,"source":null,"takeaway":null,"toilets":null,"toilets:access":null,"toilets:wheelchair":null,"tourism":null,"url":null,"website":null,"website:menu":null,"wheelchair":null,"wifi":null},"geometry":{"type":"Point","coordinates":[-74.0645317,4.6316207]}},
{"type":"Feature","properties":{"fid":171,"id":"node/3755240334","@id":"node/3755240334","addr:city":null,"addr:country":null,"addr:door":null,"addr:floor":null,"addr:full":null,"addr:housename":null,"addr:housenumber":null,"addr:place":null,"addr:postcode":null,"addr:street":null,"addr:unit":null,"air_conditioning":null,"alt_name":null,"amenity":"cafe","baby_feeding":null,"bar":null,"branch":null,"brand":null,"brand:wikidata":null,"brand:wikipedia":null,"building":null,"capacity":null,"check_date":null,"check_date:opening_hours":null,"contact:facebook":null,"contact:instagram":null,"contact:website":null,"contact:whatsapp":null,"cuisine":"empanada","currency:XBT":null,"delivery":null,"description":null,"diet:gluten_free":null,"diet:organic":null,"diet:vegan":null,"diet:vegetarian":null,"dog":null,"drink:espresso":null,"drink:filter_coffee":null,"drive_through":null,"email":null,"fixme":null,"floor":null,"indoor":null,"indoor_seating":null,"internet_access":null,"internet_access:fee":null,"internet_access:ssid":null,"level":null,"location":null,"name":"Aqui toy","name:de":null,"name:en":null,"name:es":null,"name:fr":null,"note:opening_hours":null,"official_name":null,"opening_hours":null,"opening_hours:es":null,"opening_hours:signed":null,"operator":null,"outdoor_seating":null,"payment:app":null,"payment:apple_pay":null,"payment:cards":null,"payment:cash":null,"payment:contactless":null,"payment:credit_cards":null,"payment:debit_cards":null,"payment:google_pay":null,"payment:lightning":null,"payment:lightning_contactless":null,"payment:onchain":null,"pets":null,"phone":null,"service:electricity":null,"shop":null,"smoking":null,"source":null,"takeaway":null,"toilets":null,"toilets:access":null,"toilets:wheelchair":null,"tourism":null,"url":null,"website":null,"website:menu":null,"wheelchair":null,"wifi":null},"geometry":{"type":"Point","coordinates":[-74.1004899,4.7340459]}},
{"type":"Feature","properties":{"fid":172,"id":"node/3755240425","@id":"node/3755240425","addr:city":null,"addr:country":null,"addr:door":null,"addr:floor":null,"addr:full":null,"addr:housename":null,"addr:housenumber":null,"addr:place":null,"addr:postcode":null,"addr:street":null,"addr:unit":null,"air_conditioning":null,"alt_name":null,"amenity":"cafe","baby_feeding":null,"bar":null,"branch":null,"brand":null,"brand:wikidata":null,"brand:wikipedia":null,"building":null,"capacity":null,"check_date":null,"check_date:opening_hours":null,"contact:facebook":null,"contact:instagram":null,"contact:website":null,"contact:whatsapp":null,"cuisine":null,"currency:XBT":null,"delivery":null,"description":null,"diet:gluten_free":null,"diet:organic":null,"diet:vegan":null,"diet:vegetarian":null,"dog":null,"drink:espresso":null,"drink:filter_coffee":null,"drive_through":null,"email":null,"fixme":null,"floor":null,"indoor":null,"indoor_seating":null,"internet_access":null,"internet_access:fee":null,"internet_access:ssid":null,"level":null,"location":null,"name":"Filisias","name:de":null,"name:en":null,"name:es":null,"name:fr":null,"note:opening_hours":null,"official_name":null,"opening_hours":null,"opening_hours:es":null,"opening_hours:signed":null,"operator":null,"outdoor_seating":null,"payment:app":null,"payment:apple_pay":null,"payment:cards":null,"payment:cash":null,"payment:contactless":null,"payment:credit_cards":null,"payment:debit_cards":null,"payment:google_pay":null,"payment:lightning":null,"payment:lightning_contactless":null,"payment:onchain":null,"pets":null,"phone":null,"service:electricity":null,"shop":null,"smoking":null,"source":null,"takeaway":null,"toilets":null,"toilets:access":null,"toilets:wheelchair":null,"tourism":null,"url":null,"website":null,"website:menu":null,"wheelchair":null,"wifi":null},"geometry":{"type":"Point","coordinates":[-74.1004635,4.7341646]}},
{"type":"Feature","properties":{"fid":173,"id":"node/3755266267","@id":"node/3755266267","addr:city":null,"addr:country":null,"addr:door":null,"addr:floor":null,"addr:full":null,"addr:housename":null,"addr:housenumber":"98","addr:place":null,"addr:postcode":null,"addr:street":"Carrera 13","addr:unit":null,"air_conditioning":null,"alt_name":null,"amenity":"cafe","baby_feeding":null,"bar":null,"branch":null,"brand":null,"brand:wikidata":null,"brand:wikipedia":null,"building":null,"capacity":null,"check_date":null,"check_date:opening_hours":null,"contact:facebook":null,"contact:instagram":null,"contact:website":null,"contact:whatsapp":null,"cuisine":null,"currency:XBT":null,"delivery":null,"description":null,"diet:gluten_free":null,"diet:organic":null,"diet:vegan":null,"diet:vegetarian":null,"dog":null,"drink:espresso":null,"drink:filter_coffee":null,"drive_through":null,"email":null,"fixme":null,"floor":null,"indoor":null,"indoor_seating":null,"internet_access":null,"internet_access:fee":null,"internet_access:ssid":null,"level":null,"location":null,"name":"kaaba","name:de":null,"name:en":null,"name:es":null,"name:fr":null,"note:opening_hours":null,"official_name":null,"opening_hours":null,"opening_hours:es":null,"opening_hours:signed":null,"operator":null,"outdoor_seating":null,"payment:app":null,"payment:apple_pay":null,"payment:cards":null,"payment:cash":null,"payment:contactless":null,"payment:credit_cards":null,"payment:debit_cards":null,"payment:google_pay":null,"payment:lightning":null,"payment:lightning_contactless":null,"payment:onchain":null,"pets":null,"phone":null,"service:electricity":null,"shop":null,"smoking":null,"source":null,"takeaway":null,"toilets":null,"toilets:access":null,"toilets:wheelchair":null,"tourism":null,"url":null,"website":null,"website:menu":null,"wheelchair":null,"wifi":null},"geometry":{"type":"Point","coordinates":[-74.0650822,4.6392016]}},
{"type":"Feature","properties":{"fid":174,"id":"node/3755266269","@id":"node/3755266269","addr:city":null,"addr:country":null,"addr:door":null,"addr:floor":null,"addr:full":null,"addr:housename":null,"addr:housenumber":"82","addr:place":null,"addr:postcode":null,"addr:street":"Calle 52","addr:unit":null,"air_conditioning":null,"alt_name":null,"amenity":"cafe","baby_feeding":null,"bar":null,"branch":null,"brand":null,"brand:wikidata":null,"brand:wikipedia":null,"building":null,"capacity":null,"check_date":null,"check_date:opening_hours":null,"contact:facebook":null,"contact:instagram":null,"contact:website":null,"contact:whatsapp":null,"cuisine":null,"currency:XBT":null,"delivery":null,"description":null,"diet:gluten_free":null,"diet:organic":null,"diet:vegan":null,"diet:vegetarian":null,"dog":null,"drink:espresso":null,"drink:filter_coffee":null,"drive_through":null,"email":null,"fixme":null,"floor":null,"indoor":null,"indoor_seating":null,"internet_access":null,"internet_access:fee":null,"internet_access:ssid":null,"level":null,"location":null,"name":"Coffe Break 52","name:de":null,"name:en":null,"name:es":null,"name:fr":null,"note:opening_hours":null,"official_name":null,"opening_hours":null,"opening_hours:es":null,"opening_hours:signed":null,"operator":null,"outdoor_seating":null,"payment:app":null,"payment:apple_pay":null,"payment:cards":null,"payment:cash":null,"payment:contactless":null,"payment:credit_cards":null,"payment:debit_cards":null,"payment:google_pay":null,"payment:lightning":null,"payment:lightning_contactless":null,"payment:onchain":null,"pets":null,"phone":null,"service:electricity":null,"shop":null,"smoking":null,"source":null,"takeaway":null,"toilets":null,"toilets:access":null,"toilets:wheelchair":null,"tourism":null,"url":null,"website":null,"website:menu":null,"wheelchair":null,"wifi":null},"geometry":{"type":"Point","coordinates":[-74.0649181,4.6391268]}},
{"type":"Feature","properties":{"fid":175,"id":"node/3755321355","@id":"node/3755321355","addr:city":null,"addr:country":null,"addr:door":null,"addr:floor":null,"addr:full":null,"addr:housename":null,"addr:housenumber":null,"addr:place":null,"addr:postcode":null,"addr:street":null,"addr:unit":null,"air_conditioning":null,"alt_name":null,"amenity":"cafe","baby_feeding":null,"bar":null,"branch":null,"brand":null,"brand:wikidata":null,"brand:wikipedia":null,"building":null,"capacity":null,"check_date":null,"check_date:opening_hours":null,"contact:facebook":null,"contact:instagram":null,"contact:website":null,"contact:whatsapp":null,"cuisine":null,"currency:XBT":null,"delivery":null,"description":null,"diet:gluten_free":null,"diet:organic":null,"diet:vegan":null,"diet:vegetarian":null,"dog":null,"drink:espresso":null,"drink:filter_coffee":null,"drive_through":null,"email":null,"fixme":null,"floor":null,"indoor":null,"indoor_seating":null,"internet_access":null,"internet_access:fee":null,"internet_access:ssid":null,"level":null,"location":null,"name":null,"name:de":null,"name:en":null,"name:es":null,"name:fr":null,"note:opening_hours":null,"official_name":null,"opening_hours":null,"opening_hours:es":null,"opening_hours:signed":null,"operator":null,"outdoor_seating":null,"payment:app":null,"payment:apple_pay":null,"payment:cards":null,"payment:cash":null,"payment:contactless":null,"payment:credit_cards":null,"payment:debit_cards":null,"payment:google_pay":null,"payment:lightning":null,"payment:lightning_contactless":null,"payment:onchain":null,"pets":null,"phone":null,"service:electricity":null,"shop":null,"smoking":null,"source":null,"takeaway":null,"toilets":null,"toilets:access":null,"toilets:wheelchair":null,"tourism":null,"url":null,"website":null,"website:menu":null,"wheelchair":null,"wifi":null},"geometry":{"type":"Point","coordinates":[-74.1339722,4.5951269]}},
{"type":"Feature","properties":{"fid":180,"id":"node/3755457940","@id":"node/3755457940","addr:city":null,"addr:country":null,"addr:door":null,"addr:floor":null,"addr:full":null,"addr:housename":null,"addr:housenumber":null,"addr:place":null,"addr:postcode":null,"addr:street":null,"addr:unit":null,"air_conditioning":null,"alt_name":null,"amenity":"cafe","baby_feeding":null,"bar":null,"branch":null,"brand":null,"brand:wikidata":null,"brand:wikipedia":null,"building":null,"capacity":null,"check_date":null,"check_date:opening_hours":null,"contact:facebook":null,"contact:instagram":null,"contact:website":null,"contact:whatsapp":null,"cuisine":null,"currency:XBT":null,"delivery":null,"description":null,"diet:gluten_free":null,"diet:organic":null,"diet:vegan":null,"diet:vegetarian":null,"dog":null,"drink:espresso":null,"drink:filter_coffee":null,"drive_through":null,"email":null,"fixme":null,"floor":null,"indoor":null,"indoor_seating":null,"internet_access":null,"internet_access:fee":null,"internet_access:ssid":null,"level":null,"location":null,"name":"la 53","name:de":null,"name:en":null,"name:es":null,"name:fr":null,"note:opening_hours":null,"official_name":null,"opening_hours":null,"opening_hours:es":null,"opening_hours:signed":null,"operator":null,"outdoor_seating":null,"payment:app":null,"payment:apple_pay":null,"payment:cards":null,"payment:cash":null,"payment:contactless":null,"payment:credit_cards":null,"payment:debit_cards":null,"payment:google_pay":null,"payment:lightning":null,"payment:lightning_contactless":null,"payment:onchain":null,"pets":null,"phone":null,"service:electricity":null,"shop":null,"smoking":null,"source":null,"takeaway":null,"toilets":null,"toilets:access":null,"toilets:wheelchair":null,"tourism":null,"url":null,"website":null,"website:menu":null,"wheelchair":null,"wifi":null},"geometry":{"type":"Point","coordinates":[-74.0671304,4.6404191]}},
{"type":"Feature","properties":{"fid":181,"id":"node/3755913862","@id":"node/3755913862","addr:city":null,"addr:country":null,"addr:door":null,"addr:floor":null,"addr:full":null,"addr:housename":null,"addr:housenumber":null,"addr:place":null,"addr:postcode":null,"addr:street":null,"addr:unit":null,"air_conditioning":null,"alt_name":null,"amenity":"cafe","baby_feeding":null,"bar":null,"branch":null,"brand":null,"brand:wikidata":null,"brand:wikipedia":null,"building":null,"capacity":null,"check_date":null,"check_date:opening_hours":null,"contact:facebook":null,"contact:instagram":null,"contact:website":null,"contact:whatsapp":null,"cuisine":null,"currency:XBT":null,"delivery":null,"description":null,"diet:gluten_free":null,"diet:organic":null,"diet:vegan":null,"diet:vegetarian":null,"dog":null,"drink:espresso":null,"drink:filter_coffee":null,"drive_through":null,"email":null,"fixme":null,"floor":null,"indoor":null,"indoor_seating":null,"internet_access":null,"internet_access:fee":null,"internet_access:ssid":null,"level":null,"location":null,"name":"dizzy food, coffe & drinks","name:de":null,"name:en":null,"name:es":null,"name:fr":null,"note:opening_hours":null,"official_name":null,"opening_hours":null,"opening_hours:es":null,"opening_hours:signed":null,"operator":null,"outdoor_seating":null,"payment:app":null,"payment:apple_pay":null,"payment:cards":null,"payment:cash":null,"payment:contactless":null,"payment:credit_cards":null,"payment:debit_cards":null,"payment:google_pay":null,"payment:lightning":null,"payment:lightning_contactless":null,"payment:onchain":null,"pets":null,"phone":null,"service:electricity":null,"shop":null,"smoking":null,"source":null,"takeaway":null,"toilets":null,"toilets:access":null,"toilets:wheelchair":null,"tourism":null,"url":null,"website":null,"website:menu":null,"wheelchair":null,"wifi":null},"geometry":{"type":"Point","coordinates":[-74.0648754,4.6324358]}},
{"type":"Feature","properties":{"fid":183,"id":"node/3756068415","@id":"node/3756068415","addr:city":null,"addr:country":null,"addr:door":null,"addr:floor":null,"addr:full":null,"addr:housename":null,"addr:housenumber":null,"addr:place":null,"addr:postcode":null,"addr:street":null,"addr:unit":null,"air_conditioning":null,"alt_name":null,"amenity":"cafe","baby_feeding":null,"bar":null,"branch":null,"brand":null,"brand:wikidata":null,"brand:wikipedia":null,"building":null,"capacity":null,"check_date":null,"check_date:opening_hours":null,"contact:facebook":null,"contact:instagram":null,"contact:website":null,"contact:whatsapp":null,"cuisine":null,"currency:XBT":null,"delivery":null,"description":null,"diet:gluten_free":null,"diet:organic":null,"diet:vegan":null,"diet:vegetarian":null,"dog":null,"drink:espresso":null,"drink:filter_coffee":null,"drive_through":null,"email":null,"fixme":null,"floor":null,"indoor":null,"indoor_seating":null,"internet_access":null,"internet_access:fee":null,"internet_access:ssid":null,"level":null,"location":null,"name":"Salón De Onces Marly","name:de":null,"name:en":null,"name:es":null,"name:fr":null,"note:opening_hours":null,"official_name":null,"opening_hours":null,"opening_hours:es":null,"opening_hours:signed":null,"operator":null,"outdoor_seating":null,"payment:app":null,"payment:apple_pay":null,"payment:cards":null,"payment:cash":null,"payment:contactless":null,"payment:credit_cards":null,"payment:debit_cards":null,"payment:google_pay":null,"payment:lightning":null,"payment:lightning_contactless":null,"payment:onchain":null,"pets":null,"phone":null,"service:electricity":null,"shop":null,"smoking":null,"source":null,"takeaway":null,"toilets":null,"toilets:access":null,"toilets:wheelchair":null,"tourism":null,"url":null,"website":null,"website:menu":null,"wheelchair":null,"wifi":null},"geometry":{"type":"Point","coordinates":[-74.0659972,4.6355721]}},
{"type":"Feature","properties":{"fid":184,"id":"node/3756640894","@id":"node/3756640894","addr:city":null,"addr:country":null,"addr:door":null,"addr:floor":null,"addr:full":null,"addr:housename":null,"addr:housenumber":null,"addr:place":null,"addr:postcode":null,"addr:street":null,"addr:unit":null,"air_conditioning":null,"alt_name":null,"amenity":"cafe","baby_feeding":null,"bar":null,"branch":null,"brand":null,"brand:wikidata":null,"brand:wikipedia":null,"building":null,"capacity":null,"check_date":null,"check_date:opening_hours":null,"contact:facebook":null,"contact:instagram":null,"contact:website":null,"contact:whatsapp":null,"cuisine":null,"currency:XBT":null,"delivery":null,"description":null,"diet:gluten_free":null,"diet:organic":null,"diet:vegan":null,"diet:vegetarian":null,"dog":null,"drink:espresso":null,"drink:filter_coffee":null,"drive_through":null,"email":null,"fixme":null,"floor":null,"indoor":null,"indoor_seating":null,"internet_access":null,"internet_access:fee":null,"internet_access:ssid":null,"level":null,"location":null,"name":"Mile y Pao","name:de":null,"name:en":null,"name:es":null,"name:fr":null,"note:opening_hours":null,"official_name":null,"opening_hours":null,"opening_hours:es":null,"opening_hours:signed":null,"operator":null,"outdoor_seating":null,"payment:app":null,"payment:apple_pay":null,"payment:cards":null,"payment:cash":null,"payment:contactless":null,"payment:credit_cards":null,"payment:debit_cards":null,"payment:google_pay":null,"payment:lightning":null,"payment:lightning_contactless":null,"payment:onchain":null,"pets":null,"phone":null,"service:electricity":null,"shop":null,"smoking":null,"source":null,"takeaway":null,"toilets":null,"toilets:access":null,"toilets:wheelchair":null,"tourism":null,"url":null,"website":null,"website:menu":null,"wheelchair":null,"wifi":null},"geometry":{"type":"Point","coordinates":[-74.0988488,4.5708469]}},
{"type":"Feature","properties":{"fid":185,"id":"node/3756641429","@id":"node/3756641429","addr:city":null,"addr:country":null,"addr:door":null,"addr:floor":null,"addr:full":null,"addr:housename":null,"addr:housenumber":null,"addr:place":null,"addr:postcode":null,"addr:street":null,"addr:unit":null,"air_conditioning":null,"alt_name":null,"amenity":"cafe","baby_feeding":null,"bar":null,"branch":null,"brand":null,"brand:wikidata":null,"brand:wikipedia":null,"building":null,"capacity":null,"check_date":null,"check_date:opening_hours":null,"contact:facebook":null,"contact:instagram":null,"contact:website":null,"contact:whatsapp":null,"cuisine":null,"currency:XBT":null,"delivery":null,"description":null,"diet:gluten_free":null,"diet:organic":null,"diet:vegan":null,"diet:vegetarian":null,"dog":null,"drink:espresso":null,"drink:filter_coffee":null,"drive_through":null,"email":null,"fixme":null,"floor":null,"indoor":null,"indoor_seating":null,"internet_access":null,"internet_access:fee":null,"internet_access:ssid":null,"level":null,"location":null,"name":"expresss","name:de":null,"name:en":null,"name:es":null,"name:fr":null,"note:opening_hours":null,"official_name":null,"opening_hours":null,"opening_hours:es":null,"opening_hours:signed":null,"operator":null,"outdoor_seating":null,"payment:app":null,"payment:apple_pay":null,"payment:cards":null,"payment:cash":null,"payment:contactless":null,"payment:credit_cards":null,"payment:debit_cards":null,"payment:google_pay":null,"payment:lightning":null,"payment:lightning_contactless":null,"payment:onchain":null,"pets":null,"phone":null,"service:electricity":null,"shop":null,"smoking":null,"source":null,"takeaway":null,"toilets":null,"toilets:access":null,"toilets:wheelchair":null,"tourism":null,"url":null,"website":null,"website:menu":null,"wheelchair":null,"wifi":null},"geometry":{"type":"Point","coordinates":[-74.1003686,4.5696754]}},
{"type":"Feature","properties":{"fid":186,"id":"node/3756798238","@id":"node/3756798238","addr:city":null,"addr:country":null,"addr:door":null,"addr:floor":null,"addr:full":null,"addr:housename":null,"addr:housenumber":null,"addr:place":null,"addr:postcode":null,"addr:street":null,"addr:unit":null,"air_conditioning":null,"alt_name":null,"amenity":"cafe","baby_feeding":null,"bar":null,"branch":null,"brand":null,"brand:wikidata":null,"brand:wikipedia":null,"building":null,"capacity":null,"check_date":null,"check_date:opening_hours":null,"contact:facebook":null,"contact:instagram":null,"contact:website":null,"contact:whatsapp":null,"cuisine":null,"currency:XBT":null,"delivery":null,"description":null,"diet:gluten_free":null,"diet:organic":null,"diet:vegan":null,"diet:vegetarian":null,"dog":null,"drink:espresso":null,"drink:filter_coffee":null,"drive_through":null,"email":null,"fixme":null,"floor":null,"indoor":null,"indoor_seating":null,"internet_access":null,"internet_access:fee":null,"internet_access:ssid":null,"level":null,"location":null,"name":"Cafe Pop","name:de":null,"name:en":null,"name:es":null,"name:fr":null,"note:opening_hours":null,"official_name":null,"opening_hours":null,"opening_hours:es":null,"opening_hours:signed":null,"operator":null,"outdoor_seating":null,"payment:app":null,"payment:apple_pay":null,"payment:cards":null,"payment:cash":null,"payment:contactless":null,"payment:credit_cards":null,"payment:debit_cards":null,"payment:google_pay":null,"payment:lightning":null,"payment:lightning_contactless":null,"payment:onchain":null,"pets":null,"phone":null,"service:electricity":null,"shop":null,"smoking":null,"source":null,"takeaway":null,"toilets":null,"toilets:access":null,"toilets:wheelchair":null,"tourism":null,"url":null,"website":null,"website:menu":null,"wheelchair":null,"wifi":null},"geometry":{"type":"Point","coordinates":[-74.0627725,4.6403857]}},
{"type":"Feature","properties":{"fid":189,"id":"node/3757633709","@id":"node/3757633709","addr:city":null,"addr:country":null,"addr:door":null,"addr:floor":null,"addr:full":null,"addr:housename":null,"addr:housenumber":null,"addr:place":null,"addr:postcode":null,"addr:street":null,"addr:unit":null,"air_conditioning":null,"alt_name":null,"amenity":"cafe","baby_feeding":null,"bar":null,"branch":null,"brand":null,"brand:wikidata":null,"brand:wikipedia":null,"building":null,"capacity":null,"check_date":null,"check_date:opening_hours":null,"contact:facebook":null,"contact:instagram":null,"contact:website":null,"contact:whatsapp":null,"cuisine":null,"currency:XBT":null,"delivery":null,"description":null,"diet:gluten_free":null,"diet:organic":null,"diet:vegan":null,"diet:vegetarian":null,"dog":null,"drink:espresso":null,"drink:filter_coffee":null,"drive_through":null,"email":null,"fixme":null,"floor":null,"indoor":null,"indoor_seating":null,"internet_access":null,"internet_access:fee":null,"internet_access:ssid":null,"level":null,"location":null,"name":"Cafetería","name:de":null,"name:en":null,"name:es":null,"name:fr":null,"note:opening_hours":null,"official_name":null,"opening_hours":null,"opening_hours:es":null,"opening_hours:signed":null,"operator":null,"outdoor_seating":null,"payment:app":null,"payment:apple_pay":null,"payment:cards":null,"payment:cash":null,"payment:contactless":null,"payment:credit_cards":null,"payment:debit_cards":null,"payment:google_pay":null,"payment:lightning":null,"payment:lightning_contactless":null,"payment:onchain":null,"pets":null,"phone":null,"service:electricity":null,"shop":null,"smoking":null,"source":null,"takeaway":null,"toilets":null,"toilets:access":null,"toilets:wheelchair":null,"tourism":null,"url":null,"website":null,"website:menu":null,"wheelchair":null,"wifi":null},"geometry":{"type":"Point","coordinates":[-74.1783116,4.6304103]}},
{"type":"Feature","properties":{"fid":191,"id":"node/3800060946","@id":"node/3800060946","addr:city":null,"addr:country":null,"addr:door":null,"addr:floor":null,"addr:full":null,"addr:housename":null,"addr:housenumber":null,"addr:place":null,"addr:postcode":null,"addr:street":null,"addr:unit":null,"air_conditioning":null,"alt_name":null,"amenity":"cafe","baby_feeding":null,"bar":null,"branch":null,"brand":null,"brand:wikidata":null,"brand:wikipedia":null,"building":null,"capacity":null,"check_date":null,"check_date:opening_hours":null,"contact:facebook":null,"contact:instagram":null,"contact:website":null,"contact:whatsapp":null,"cuisine":"international","currency:XBT":null,"delivery":null,"description":null,"diet:gluten_free":null,"diet:organic":null,"diet:vegan":null,"diet:vegetarian":null,"dog":null,"drink:espresso":null,"drink:filter_coffee":null,"drive_through":null,"email":null,"fixme":null,"floor":null,"indoor":null,"indoor_seating":null,"internet_access":"yes","internet_access:fee":null,"internet_access:ssid":null,"level":null,"location":null,"name":"Nicanor","name:de":null,"name:en":null,"name:es":null,"name:fr":null,"note:opening_hours":null,"official_name":null,"opening_hours":null,"opening_hours:es":null,"opening_hours:signed":null,"operator":null,"outdoor_seating":null,"payment:app":null,"payment:apple_pay":null,"payment:cards":null,"payment:cash":null,"payment:contactless":null,"payment:credit_cards":null,"payment:debit_cards":null,"payment:google_pay":null,"payment:lightning":null,"payment:lightning_contactless":null,"payment:onchain":null,"pets":null,"phone":null,"service:electricity":null,"shop":null,"smoking":"no","source":null,"takeaway":null,"toilets":null,"toilets:access":null,"toilets:wheelchair":null,"tourism":null,"url":null,"website":null,"website:menu":null,"wheelchair":null,"wifi":null},"geometry":{"type":"Point","coordinates":[-74.0831512,4.6319283]}},
{"type":"Feature","properties":{"fid":193,"id":"node/3825624057","@id":"node/3825624057","addr:city":null,"addr:country":null,"addr:door":null,"addr:floor":null,"addr:full":null,"addr:housename":null,"addr:housenumber":null,"addr:place":null,"addr:postcode":null,"addr:street":null,"addr:unit":null,"air_conditioning":null,"alt_name":null,"amenity":"cafe","baby_feeding":null,"bar":null,"branch":null,"brand":null,"brand:wikidata":null,"brand:wikipedia":null,"building":null,"capacity":null,"check_date":null,"check_date:opening_hours":null,"contact:facebook":null,"contact:instagram":null,"contact:website":null,"contact:whatsapp":null,"cuisine":"regional","currency:XBT":null,"delivery":null,"description":null,"diet:gluten_free":null,"diet:organic":null,"diet:vegan":null,"diet:vegetarian":null,"dog":null,"drink:espresso":null,"drink:filter_coffee":null,"drive_through":null,"email":null,"fixme":null,"floor":null,"indoor":null,"indoor_seating":null,"internet_access":"no","internet_access:fee":null,"internet_access:ssid":null,"level":null,"location":null,"name":"Panissimo","name:de":null,"name:en":null,"name:es":null,"name:fr":null,"note:opening_hours":null,"official_name":null,"opening_hours":null,"opening_hours:es":null,"opening_hours:signed":null,"operator":null,"outdoor_seating":null,"payment:app":null,"payment:apple_pay":null,"payment:cards":null,"payment:cash":null,"payment:contactless":null,"payment:credit_cards":null,"payment:debit_cards":null,"payment:google_pay":null,"payment:lightning":null,"payment:lightning_contactless":null,"payment:onchain":null,"pets":null,"phone":null,"service:electricity":null,"shop":null,"smoking":null,"source":null,"takeaway":null,"toilets":null,"toilets:access":null,"toilets:wheelchair":null,"tourism":null,"url":null,"website":null,"website:menu":null,"wheelchair":null,"wifi":null},"geometry":{"type":"Point","coordinates":[-74.0711828,4.704861]}},
{"type":"Feature","properties":{"fid":201,"id":"node/4088659662","@id":"node/4088659662","addr:city":null,"addr:country":null,"addr:door":null,"addr:floor":null,"addr:full":null,"addr:housename":null,"addr:housenumber":null,"addr:place":null,"addr:postcode":null,"addr:street":null,"addr:unit":null,"air_conditioning":null,"alt_name":null,"amenity":"cafe","baby_feeding":null,"bar":null,"branch":null,"brand":"Juan Valdez Café","brand:wikidata":"Q6301102","brand:wikipedia":"en:Juan Valdez Café","building":null,"capacity":null,"check_date":null,"check_date:opening_hours":null,"contact:facebook":null,"contact:instagram":null,"contact:website":null,"contact:whatsapp":null,"cuisine":"coffee_shop","currency:XBT":null,"delivery":null,"description":null,"diet:gluten_free":null,"diet:organic":null,"diet:vegan":null,"diet:vegetarian":null,"dog":null,"drink:espresso":null,"drink:filter_coffee":null,"drive_through":null,"email":null,"fixme":null,"floor":null,"indoor":null,"indoor_seating":null,"internet_access":"yes","internet_access:fee":"no","internet_access:ssid":null,"level":null,"location":null,"name":"Juan Valdez Café","name:de":null,"name:en":null,"name:es":"Juan Valdez Café","name:fr":null,"note:opening_hours":null,"official_name":null,"opening_hours":null,"opening_hours:es":null,"opening_hours:signed":null,"operator":null,"outdoor_seating":"yes","payment:app":null,"payment:apple_pay":null,"payment:cards":null,"payment:cash":null,"payment:contactless":null,"payment:credit_cards":null,"payment:debit_cards":null,"payment:google_pay":null,"payment:lightning":null,"payment:lightning_contactless":null,"payment:onchain":null,"pets":null,"phone":null,"service:electricity":null,"shop":"coffee","smoking":"outside","source":null,"takeaway":"yes","toilets":null,"toilets:access":null,"toilets:wheelchair":null,"tourism":null,"url":null,"website":"https://juanvaldez.com/","website:menu":null,"wheelchair":"limited","wifi":null},"geometry":{"type":"Point","coordinates":[-74.0568485,4.686063]}},
{"type":"Feature","properties":{"fid":211,"id":"node/4103733473","@id":"node/4103733473","addr:city":"Bogotá D.C.","addr:country":null,"addr:door":null,"addr:floor":null,"addr:full":null,"addr:housename":null,"addr:housenumber":"13-29","addr:place":null,"addr:postcode":null,"addr:street":"Calle 47","addr:unit":null,"air_conditioning":null,"alt_name":null,"amenity":"cafe","baby_feeding":null,"bar":null,"branch":null,"brand":null,"brand:wikidata":null,"brand:wikipedia":null,"building":null,"capacity":null,"check_date":null,"check_date:opening_hours":null,"contact:facebook":null,"contact:instagram":null,"contact:website":null,"contact:whatsapp":null,"cuisine":null,"currency:XBT":null,"delivery":null,"description":null,"diet:gluten_free":null,"diet:organic":null,"diet:vegan":null,"diet:vegetarian":null,"dog":null,"drink:espresso":null,"drink:filter_coffee":null,"drive_through":null,"email":null,"fixme":null,"floor":null,"indoor":null,"indoor_seating":null,"internet_access":null,"internet_access:fee":null,"internet_access:ssid":null,"level":null,"location":null,"name":"Conect A-2","name:de":null,"name:en":null,"name:es":null,"name:fr":null,"note:opening_hours":null,"official_name":null,"opening_hours":null,"opening_hours:es":null,"opening_hours:signed":null,"operator":null,"outdoor_seating":null,"payment:app":null,"payment:apple_pay":null,"payment:cards":null,"payment:cash":null,"payment:contactless":null,"payment:credit_cards":null,"payment:debit_cards":null,"payment:google_pay":null,"payment:lightning":null,"payment:lightning_contactless":null,"payment:onchain":null,"pets":null,"phone":null,"service:electricity":null,"shop":null,"smoking":null,"source":null,"takeaway":null,"toilets":null,"toilets:access":null,"toilets:wheelchair":null,"tourism":null,"url":null,"website":null,"website:menu":null,"wheelchair":null,"wifi":null},"geometry":{"type":"Point","coordinates":[-74.0663521,4.6342428]}},
{"type":"Feature","properties":{"fid":212,"id":"node/4103963412","@id":"node/4103963412","addr:city":null,"addr:country":null,"addr:door":null,"addr:floor":null,"addr:full":null,"addr:housename":null,"addr:housenumber":null,"addr:place":null,"addr:postcode":null,"addr:street":null,"addr:unit":null,"air_conditioning":null,"alt_name":null,"amenity":"cafe","baby_feeding":null,"bar":null,"branch":null,"brand":"Juan Valdez Café","brand:wikidata":"Q6301102","brand:wikipedia":"en:Juan Valdez Café","building":null,"capacity":null,"check_date":null,"check_date:opening_hours":null,"contact:facebook":null,"contact:instagram":null,"contact:website":null,"contact:whatsapp":null,"cuisine":"coffee_shop","currency:XBT":null,"delivery":null,"description":null,"diet:gluten_free":null,"diet:organic":null,"diet:vegan":null,"diet:vegetarian":null,"dog":null,"drink:espresso":null,"drink:filter_coffee":null,"drive_through":null,"email":null,"fixme":null,"floor":null,"indoor":null,"indoor_seating":null,"internet_access":null,"internet_access:fee":null,"internet_access:ssid":null,"level":null,"location":null,"name":"Juan Valdez Café","name:de":null,"name:en":null,"name:es":"Juan Valdez Café","name:fr":null,"note:opening_hours":null,"official_name":null,"opening_hours":null,"opening_hours:es":null,"opening_hours:signed":null,"operator":null,"outdoor_seating":null,"payment:app":null,"payment:apple_pay":null,"payment:cards":null,"payment:cash":null,"payment:contactless":null,"payment:credit_cards":null,"payment:debit_cards":null,"payment:google_pay":null,"payment:lightning":null,"payment:lightning_contactless":null,"payment:onchain":null,"pets":null,"phone":null,"service:electricity":null,"shop":"coffee","smoking":null,"source":null,"takeaway":"yes","toilets":null,"toilets:access":null,"toilets:wheelchair":null,"tourism":null,"url":null,"website":"https://juanvaldez.com/","website:menu":null,"wheelchair":null,"wifi":null},"geometry":{"type":"Point","coordinates":[-74.0325316,4.7301021]}},
{"type":"Feature","properties":{"fid":213,"id":"node/4104058981","@id":"node/4104058981","addr:city":"Bogotá D.C.","addr:country":null,"addr:door":null,"addr:floor":null,"addr:full":null,"addr:housename":null,"addr:housenumber":"49-98","addr:place":null,"addr:postcode":null,"addr:street":"Carrera 13","addr:unit":null,"air_conditioning":null,"alt_name":null,"amenity":"cafe","baby_feeding":null,"bar":null,"branch":null,"brand":null,"brand:wikidata":null,"brand:wikipedia":null,"building":null,"capacity":null,"check_date":null,"check_date:opening_hours":null,"contact:facebook":null,"contact:instagram":null,"contact:website":null,"contact:whatsapp":null,"cuisine":null,"currency:XBT":null,"delivery":null,"description":null,"diet:gluten_free":null,"diet:organic":null,"diet:vegan":null,"diet:vegetarian":null,"dog":null,"drink:espresso":null,"drink:filter_coffee":null,"drive_through":null,"email":null,"fixme":null,"floor":null,"indoor":null,"indoor_seating":null,"internet_access":null,"internet_access:fee":null,"internet_access:ssid":null,"level":null,"location":null,"name":"Cafetería Esquina Huilense","name:de":null,"name:en":null,"name:es":null,"name:fr":null,"note:opening_hours":null,"official_name":null,"opening_hours":null,"opening_hours:es":null,"opening_hours:signed":null,"operator":null,"outdoor_seating":null,"payment:app":null,"payment:apple_pay":null,"payment:cards":null,"payment:cash":null,"payment:contactless":null,"payment:credit_cards":null,"payment:debit_cards":null,"payment:google_pay":null,"payment:lightning":null,"payment:lightning_contactless":null,"payment:onchain":null,"pets":null,"phone":null,"service:electricity":null,"shop":null,"smoking":"outside","source":null,"takeaway":null,"toilets":null,"toilets:access":null,"toilets:wheelchair":null,"tourism":null,"url":null,"website":null,"website:menu":null,"wheelchair":null,"wifi":null},"geometry":{"type":"Point","coordinates":[-74.0656296,4.63612]}},
{"type":"Feature","properties":{"fid":214,"id":"node/4104058989","@id":"node/4104058989","addr:city":null,"addr:country":null,"addr:door":null,"addr:floor":null,"addr:full":null,"addr:housename":null,"addr:housenumber":null,"addr:place":null,"addr:postcode":null,"addr:street":null,"addr:unit":null,"air_conditioning":null,"alt_name":null,"amenity":"cafe","baby_feeding":null,"bar":null,"branch":null,"brand":null,"brand:wikidata":null,"brand:wikipedia":null,"building":null,"capacity":null,"check_date":null,"check_date:opening_hours":null,"contact:facebook":null,"contact:instagram":null,"contact:website":null,"contact:whatsapp":null,"cuisine":null,"currency:XBT":null,"delivery":null,"description":null,"diet:gluten_free":null,"diet:organic":null,"diet:vegan":null,"diet:vegetarian":null,"dog":null,"drink:espresso":null,"drink:filter_coffee":null,"drive_through":null,"email":null,"fixme":null,"floor":null,"indoor":null,"indoor_seating":null,"internet_access":null,"internet_access:fee":null,"internet_access:ssid":null,"level":null,"location":null,"name":"Cafeteria La Mochila","name:de":null,"name:en":null,"name:es":null,"name:fr":null,"note:opening_hours":null,"official_name":null,"opening_hours":null,"opening_hours:es":null,"opening_hours:signed":null,"operator":null,"outdoor_seating":null,"payment:app":null,"payment:apple_pay":null,"payment:cards":null,"payment:cash":null,"payment:contactless":null,"payment:credit_cards":null,"payment:debit_cards":null,"payment:google_pay":null,"payment:lightning":null,"payment:lightning_contactless":null,"payment:onchain":null,"pets":null,"phone":null,"service:electricity":null,"shop":null,"smoking":null,"source":null,"takeaway":null,"toilets":null,"toilets:access":null,"toilets:wheelchair":null,"tourism":null,"url":null,"website":null,"website:menu":null,"wheelchair":null,"wifi":null},"geometry":{"type":"Point","coordinates":[-74.0653813,4.6360988]}},
{"type":"Feature","properties":{"fid":215,"id":"node/4104058991","@id":"node/4104058991","addr:city":null,"addr:country":null,"addr:door":null,"addr:floor":null,"addr:full":null,"addr:housename":null,"addr:housenumber":null,"addr:place":null,"addr:postcode":null,"addr:street":null,"addr:unit":null,"air_conditioning":null,"alt_name":null,"amenity":"cafe","baby_feeding":null,"bar":null,"branch":null,"brand":null,"brand:wikidata":null,"brand:wikipedia":null,"building":null,"capacity":null,"check_date":null,"check_date:opening_hours":null,"contact:facebook":null,"contact:instagram":null,"contact:website":null,"contact:whatsapp":null,"cuisine":null,"currency:XBT":null,"delivery":null,"description":null,"diet:gluten_free":null,"diet:organic":null,"diet:vegan":null,"diet:vegetarian":null,"dog":null,"drink:espresso":null,"drink:filter_coffee":null,"drive_through":null,"email":null,"fixme":null,"floor":null,"indoor":null,"indoor_seating":null,"internet_access":null,"internet_access:fee":null,"internet_access:ssid":null,"level":null,"location":null,"name":"Cafatería Sambitto","name:de":null,"name:en":null,"name:es":null,"name:fr":null,"note:opening_hours":null,"official_name":null,"opening_hours":null,"opening_hours:es":null,"opening_hours:signed":null,"operator":null,"outdoor_seating":null,"payment:app":null,"payment:apple_pay":null,"payment:cards":null,"payment:cash":null,"payment:contactless":null,"payment:credit_cards":null,"payment:debit_cards":null,"payment:google_pay":null,"payment:lightning":null,"payment:lightning_contactless":null,"payment:onchain":null,"pets":null,"phone":null,"service:electricity":null,"shop":null,"smoking":null,"source":null,"takeaway":null,"toilets":null,"toilets:access":null,"toilets:wheelchair":null,"tourism":null,"url":null,"website":null,"website:menu":null,"wheelchair":null,"wifi":null},"geometry":{"type":"Point","coordinates":[-74.0654627,4.6361175]}},
{"type":"Feature","properties":{"fid":216,"id":"node/4104058993","@id":"node/4104058993","addr:city":null,"addr:country":null,"addr:door":null,"addr:floor":null,"addr:full":null,"addr:housename":null,"addr:housenumber":null,"addr:place":null,"addr:postcode":null,"addr:street":null,"addr:unit":null,"air_conditioning":null,"alt_name":null,"amenity":"cafe","baby_feeding":null,"bar":null,"branch":null,"brand":null,"brand:wikidata":null,"brand:wikipedia":null,"building":null,"capacity":null,"check_date":null,"check_date:opening_hours":null,"contact:facebook":null,"contact:instagram":null,"contact:website":null,"contact:whatsapp":null,"cuisine":null,"currency:XBT":null,"delivery":null,"description":null,"diet:gluten_free":null,"diet:organic":null,"diet:vegan":null,"diet:vegetarian":null,"dog":null,"drink:espresso":null,"drink:filter_coffee":null,"drive_through":null,"email":null,"fixme":null,"floor":null,"indoor":null,"indoor_seating":null,"internet_access":null,"internet_access:fee":null,"internet_access:ssid":null,"level":null,"location":null,"name":"Buñuelos","name:de":null,"name:en":null,"name:es":null,"name:fr":null,"note:opening_hours":null,"official_name":null,"opening_hours":null,"opening_hours:es":null,"opening_hours:signed":null,"operator":null,"outdoor_seating":null,"payment:app":null,"payment:apple_pay":null,"payment:cards":null,"payment:cash":null,"payment:contactless":null,"payment:credit_cards":null,"payment:debit_cards":null,"payment:google_pay":null,"payment:lightning":null,"payment:lightning_contactless":null,"payment:onchain":null,"pets":null,"phone":null,"service:electricity":null,"shop":null,"smoking":null,"source":null,"takeaway":null,"toilets":null,"toilets:access":null,"toilets:wheelchair":null,"tourism":null,"url":null,"website":null,"website:menu":null,"wheelchair":null,"wifi":null},"geometry":{"type":"Point","coordinates":[-74.0655658,4.6361328]}},
{"type":"Feature","properties":{"fid":217,"id":"node/4104184654","@id":"node/4104184654","addr:city":null,"addr:country":null,"addr:door":null,"addr:floor":null,"addr:full":null,"addr:housename":null,"addr:housenumber":null,"addr:place":null,"addr:postcode":null,"addr:street":null,"addr:unit":null,"air_conditioning":null,"alt_name":null,"amenity":"cafe","baby_feeding":null,"bar":null,"branch":null,"brand":null,"brand:wikidata":null,"brand:wikipedia":null,"building":null,"capacity":null,"check_date":null,"check_date:opening_hours":null,"contact:facebook":null,"contact:instagram":null,"contact:website":null,"contact:whatsapp":null,"cuisine":null,"currency:XBT":null,"delivery":null,"description":null,"diet:gluten_free":null,"diet:organic":null,"diet:vegan":null,"diet:vegetarian":null,"dog":null,"drink:espresso":null,"drink:filter_coffee":null,"drive_through":null,"email":null,"fixme":null,"floor":null,"indoor":null,"indoor_seating":null,"internet_access":null,"internet_access:fee":null,"internet_access:ssid":null,"level":null,"location":null,"name":"Antojitos de la 51","name:de":null,"name:en":null,"name:es":null,"name:fr":null,"note:opening_hours":null,"official_name":null,"opening_hours":null,"opening_hours:es":null,"opening_hours:signed":null,"operator":null,"outdoor_seating":null,"payment:app":null,"payment:apple_pay":null,"payment:cards":null,"payment:cash":null,"payment:contactless":null,"payment:credit_cards":null,"payment:debit_cards":null,"payment:google_pay":null,"payment:lightning":null,"payment:lightning_contactless":null,"payment:onchain":null,"pets":null,"phone":null,"service:electricity":null,"shop":null,"smoking":null,"source":null,"takeaway":null,"toilets":null,"toilets:access":null,"toilets:wheelchair":null,"tourism":null,"url":null,"website":null,"website:menu":null,"wheelchair":null,"wifi":null},"geometry":{"type":"Point","coordinates":[-74.06585,4.6383378]}},
{"type":"Feature","properties":{"fid":218,"id":"node/4104184657","@id":"node/4104184657","addr:city":"Bogotá D.C.","addr:country":null,"addr:door":null,"addr:floor":null,"addr:full":null,"addr:housename":null,"addr:housenumber":null,"addr:place":null,"addr:postcode":null,"addr:street":"Calle 51","addr:unit":null,"air_conditioning":null,"alt_name":null,"amenity":"cafe","baby_feeding":null,"bar":null,"branch":null,"brand":null,"brand:wikidata":null,"brand:wikipedia":null,"building":null,"capacity":null,"check_date":null,"check_date:opening_hours":null,"contact:facebook":null,"contact:instagram":null,"contact:website":null,"contact:whatsapp":null,"cuisine":null,"currency:XBT":null,"delivery":null,"description":null,"diet:gluten_free":null,"diet:organic":null,"diet:vegan":null,"diet:vegetarian":null,"dog":null,"drink:espresso":null,"drink:filter_coffee":null,"drive_through":null,"email":null,"fixme":null,"floor":null,"indoor":null,"indoor_seating":null,"internet_access":null,"internet_access:fee":null,"internet_access:ssid":null,"level":null,"location":null,"name":"Cafeteria Pizzeria","name:de":null,"name:en":null,"name:es":null,"name:fr":null,"note:opening_hours":null,"official_name":null,"opening_hours":null,"opening_hours:es":null,"opening_hours:signed":null,"operator":null,"outdoor_seating":null,"payment:app":null,"payment:apple_pay":null,"payment:cards":null,"payment:cash":null,"payment:contactless":null,"payment:credit_cards":null,"payment:debit_cards":null,"payment:google_pay":null,"payment:lightning":null,"payment:lightning_contactless":null,"payment:onchain":null,"pets":null,"phone":null,"service:electricity":null,"shop":null,"smoking":null,"source":null,"takeaway":null,"toilets":null,"toilets:access":null,"toilets:wheelchair":null,"tourism":null,"url":null,"website":null,"website:menu":null,"wheelchair":null,"wifi":null},"geometry":{"type":"Point","coordinates":[-74.0660616,4.6383598]}},
{"type":"Feature","properties":{"fid":219,"id":"node/4105200866","@id":"node/4105200866","addr:city":null,"addr:country":null,"addr:door":null,"addr:floor":null,"addr:full":null,"addr:housename":null,"addr:housenumber":null,"addr:place":null,"addr:postcode":null,"addr:street":null,"addr:unit":null,"air_conditioning":null,"alt_name":null,"amenity":"cafe","baby_feeding":null,"bar":null,"branch":null,"brand":null,"brand:wikidata":null,"brand:wikipedia":null,"building":null,"capacity":null,"check_date":null,"check_date:opening_hours":null,"contact:facebook":null,"contact:instagram":null,"contact:website":null,"contact:whatsapp":null,"cuisine":null,"currency:XBT":null,"delivery":null,"description":null,"diet:gluten_free":null,"diet:organic":null,"diet:vegan":null,"diet:vegetarian":null,"dog":null,"drink:espresso":null,"drink:filter_coffee":null,"drive_through":null,"email":null,"fixme":null,"floor":null,"indoor":null,"indoor_seating":null,"internet_access":null,"internet_access:fee":null,"internet_access:ssid":null,"level":null,"location":null,"name":"Fruteria y cafeteria","name:de":null,"name:en":null,"name:es":null,"name:fr":null,"note:opening_hours":null,"official_name":null,"opening_hours":null,"opening_hours:es":null,"opening_hours:signed":null,"operator":null,"outdoor_seating":null,"payment:app":null,"payment:apple_pay":null,"payment:cards":null,"payment:cash":null,"payment:contactless":null,"payment:credit_cards":null,"payment:debit_cards":null,"payment:google_pay":null,"payment:lightning":null,"payment:lightning_contactless":null,"payment:onchain":null,"pets":null,"phone":null,"service:electricity":null,"shop":null,"smoking":null,"source":null,"takeaway":null,"toilets":null,"toilets:access":null,"toilets:wheelchair":null,"tourism":null,"url":null,"website":null,"website:menu":null,"wheelchair":null,"wifi":null},"geometry":{"type":"Point","coordinates":[-74.0670157,4.6294449]}},
{"type":"Feature","properties":{"fid":220,"id":"node/4105303650","@id":"node/4105303650","addr:city":"Bogotá D.C.","addr:country":null,"addr:door":null,"addr:floor":null,"addr:full":null,"addr:housename":null,"addr:housenumber":null,"addr:place":null,"addr:postcode":null,"addr:street":"Calle 50","addr:unit":null,"air_conditioning":null,"alt_name":null,"amenity":"cafe","baby_feeding":null,"bar":null,"branch":null,"brand":null,"brand:wikidata":null,"brand:wikipedia":null,"building":null,"capacity":null,"check_date":null,"check_date:opening_hours":null,"contact:facebook":null,"contact:instagram":null,"contact:website":null,"contact:whatsapp":null,"cuisine":null,"currency:XBT":null,"delivery":null,"description":null,"diet:gluten_free":null,"diet:organic":null,"diet:vegan":null,"diet:vegetarian":null,"dog":null,"drink:espresso":null,"drink:filter_coffee":null,"drive_through":null,"email":null,"fixme":null,"floor":null,"indoor":null,"indoor_seating":null,"internet_access":null,"internet_access:fee":null,"internet_access:ssid":null,"level":null,"location":null,"name":"Bralir","name:de":null,"name:en":null,"name:es":null,"name:fr":null,"note:opening_hours":null,"official_name":null,"opening_hours":null,"opening_hours:es":null,"opening_hours:signed":null,"operator":null,"outdoor_seating":null,"payment:app":null,"payment:apple_pay":null,"payment:cards":null,"payment:cash":null,"payment:contactless":null,"payment:credit_cards":null,"payment:debit_cards":null,"payment:google_pay":null,"payment:lightning":null,"payment:lightning_contactless":null,"payment:onchain":null,"pets":null,"phone":null,"service:electricity":null,"shop":null,"smoking":null,"source":null,"takeaway":null,"toilets":null,"toilets:access":null,"toilets:wheelchair":null,"tourism":null,"url":null,"website":null,"website:menu":null,"wheelchair":null,"wifi":null},"geometry":{"type":"Point","coordinates":[-74.0658013,4.637347]}},
{"type":"Feature","properties":{"fid":221,"id":"node/4106662936","@id":"node/4106662936","addr:city":null,"addr:country":null,"addr:door":null,"addr:floor":null,"addr:full":null,"addr:housename":null,"addr:housenumber":"84","addr:place":null,"addr:postcode":null,"addr:street":"Calle 52","addr:unit":null,"air_conditioning":null,"alt_name":null,"amenity":"cafe","baby_feeding":null,"bar":null,"branch":null,"brand":null,"brand:wikidata":null,"brand:wikipedia":null,"building":null,"capacity":null,"check_date":null,"check_date:opening_hours":null,"contact:facebook":null,"contact:instagram":null,"contact:website":null,"contact:whatsapp":null,"cuisine":null,"currency:XBT":null,"delivery":null,"description":null,"diet:gluten_free":null,"diet:organic":null,"diet:vegan":null,"diet:vegetarian":null,"dog":null,"drink:espresso":null,"drink:filter_coffee":null,"drive_through":null,"email":null,"fixme":null,"floor":null,"indoor":null,"indoor_seating":null,"internet_access":null,"internet_access:fee":null,"internet_access:ssid":null,"level":null,"location":null,"name":"BUS1 19","name:de":null,"name:en":null,"name:es":null,"name:fr":null,"note:opening_hours":null,"official_name":null,"opening_hours":null,"opening_hours:es":null,"opening_hours:signed":null,"operator":null,"outdoor_seating":null,"payment:app":null,"payment:apple_pay":null,"payment:cards":null,"payment:cash":null,"payment:contactless":null,"payment:credit_cards":null,"payment:debit_cards":null,"payment:google_pay":null,"payment:lightning":null,"payment:lightning_contactless":null,"payment:onchain":null,"pets":null,"phone":null,"service:electricity":null,"shop":null,"smoking":null,"source":null,"takeaway":null,"toilets":null,"toilets:access":null,"toilets:wheelchair":null,"tourism":null,"url":null,"website":null,"website:menu":null,"wheelchair":null,"wifi":null},"geometry":{"type":"Point","coordinates":[-74.0649713,4.6391535]}},
{"type":"Feature","properties":{"fid":222,"id":"node/4106662945","@id":"node/4106662945","addr:city":null,"addr:country":null,"addr:door":null,"addr:floor":null,"addr:full":null,"addr:housename":null,"addr:housenumber":"13","addr:place":null,"addr:postcode":null,"addr:street":"Calle 52","addr:unit":null,"air_conditioning":null,"alt_name":null,"amenity":"cafe","baby_feeding":null,"bar":null,"branch":null,"brand":null,"brand:wikidata":null,"brand:wikipedia":null,"building":null,"capacity":null,"check_date":null,"check_date:opening_hours":null,"contact:facebook":null,"contact:instagram":null,"contact:website":null,"contact:whatsapp":null,"cuisine":null,"currency:XBT":null,"delivery":null,"description":null,"diet:gluten_free":null,"diet:organic":null,"diet:vegan":null,"diet:vegetarian":null,"dog":null,"drink:espresso":null,"drink:filter_coffee":null,"drive_through":null,"email":null,"fixme":null,"floor":null,"indoor":null,"indoor_seating":null,"internet_access":null,"internet_access:fee":null,"internet_access:ssid":null,"level":null,"location":null,"name":"ANDREA","name:de":null,"name:en":null,"name:es":null,"name:fr":null,"note:opening_hours":null,"official_name":null,"opening_hours":null,"opening_hours:es":null,"opening_hours:signed":null,"operator":null,"outdoor_seating":null,"payment:app":null,"payment:apple_pay":null,"payment:cards":null,"payment:cash":null,"payment:contactless":null,"payment:credit_cards":null,"payment:debit_cards":null,"payment:google_pay":null,"payment:lightning":null,"payment:lightning_contactless":null,"payment:onchain":null,"pets":null,"phone":null,"service:electricity":null,"shop":null,"smoking":null,"source":null,"takeaway":null,"toilets":null,"toilets:access":null,"toilets:wheelchair":null,"tourism":null,"url":null,"website":null,"website:menu":null,"wheelchair":null,"wifi":null},"geometry":{"type":"Point","coordinates":[-74.0654716,4.6391681]}},
{"type":"Feature","properties":{"fid":225,"id":"node/4110693108","@id":"node/4110693108","addr:city":null,"addr:country":null,"addr:door":null,"addr:floor":null,"addr:full":null,"addr:housename":null,"addr:housenumber":null,"addr:place":null,"addr:postcode":null,"addr:street":null,"addr:unit":null,"air_conditioning":null,"alt_name":null,"amenity":"cafe","baby_feeding":null,"bar":null,"branch":null,"brand":null,"brand:wikidata":null,"brand:wikipedia":null,"building":null,"capacity":null,"check_date":null,"check_date:opening_hours":null,"contact:facebook":null,"contact:instagram":null,"contact:website":null,"contact:whatsapp":null,"cuisine":null,"currency:XBT":null,"delivery":null,"description":null,"diet:gluten_free":null,"diet:organic":null,"diet:vegan":null,"diet:vegetarian":null,"dog":null,"drink:espresso":null,"drink:filter_coffee":null,"drive_through":null,"email":null,"fixme":null,"floor":null,"indoor":null,"indoor_seating":null,"internet_access":null,"internet_access:fee":null,"internet_access:ssid":null,"level":null,"location":null,"name":null,"name:de":null,"name:en":null,"name:es":null,"name:fr":null,"note:opening_hours":null,"official_name":null,"opening_hours":null,"opening_hours:es":null,"opening_hours:signed":null,"operator":null,"outdoor_seating":null,"payment:app":null,"payment:apple_pay":null,"payment:cards":null,"payment:cash":null,"payment:contactless":null,"payment:credit_cards":null,"payment:debit_cards":null,"payment:google_pay":null,"payment:lightning":null,"payment:lightning_contactless":null,"payment:onchain":null,"pets":null,"phone":null,"service:electricity":null,"shop":null,"smoking":null,"source":null,"takeaway":null,"toilets":null,"toilets:access":null,"toilets:wheelchair":null,"tourism":null,"url":null,"website":null,"website:menu":null,"wheelchair":null,"wifi":null},"geometry":{"type":"Point","coordinates":[-74.092744,4.7446962]}},
{"type":"Feature","properties":{"fid":227,"id":"node/4111098595","@id":"node/4111098595","addr:city":null,"addr:country":null,"addr:door":null,"addr:floor":null,"addr:full":null,"addr:housename":null,"addr:housenumber":null,"addr:place":null,"addr:postcode":null,"addr:street":null,"addr:unit":null,"air_conditioning":null,"alt_name":null,"amenity":"cafe","baby_feeding":null,"bar":null,"branch":null,"brand":null,"brand:wikidata":null,"brand:wikipedia":null,"building":null,"capacity":null,"check_date":null,"check_date:opening_hours":null,"contact:facebook":null,"contact:instagram":null,"contact:website":null,"contact:whatsapp":null,"cuisine":null,"currency:XBT":null,"delivery":null,"description":null,"diet:gluten_free":null,"diet:organic":null,"diet:vegan":null,"diet:vegetarian":null,"dog":null,"drink:espresso":null,"drink:filter_coffee":null,"drive_through":null,"email":null,"fixme":null,"floor":null,"indoor":null,"indoor_seating":null,"internet_access":null,"internet_access:fee":null,"internet_access:ssid":null,"level":null,"location":null,"name":"heladería de la 46","name:de":null,"name:en":null,"name:es":null,"name:fr":null,"note:opening_hours":null,"official_name":null,"opening_hours":null,"opening_hours:es":null,"opening_hours:signed":null,"operator":null,"outdoor_seating":null,"payment:app":null,"payment:apple_pay":null,"payment:cards":null,"payment:cash":null,"payment:contactless":null,"payment:credit_cards":null,"payment:debit_cards":null,"payment:google_pay":null,"payment:lightning":null,"payment:lightning_contactless":null,"payment:onchain":null,"pets":null,"phone":null,"service:electricity":null,"shop":null,"smoking":null,"source":null,"takeaway":null,"toilets":null,"toilets:access":null,"toilets:wheelchair":null,"tourism":null,"url":null,"website":null,"website:menu":null,"wheelchair":null,"wifi":null},"geometry":{"type":"Point","coordinates":[-74.0645494,4.6328352]}},
{"type":"Feature","properties":{"fid":228,"id":"node/4111931883","@id":"node/4111931883","addr:city":null,"addr:country":null,"addr:door":null,"addr:floor":null,"addr:full":null,"addr:housename":null,"addr:housenumber":"45A-37","addr:place":null,"addr:postcode":null,"addr:street":"Avenida Carrera 13","addr:unit":null,"air_conditioning":null,"alt_name":null,"amenity":"cafe","baby_feeding":null,"bar":null,"branch":null,"brand":null,"brand:wikidata":null,"brand:wikipedia":null,"building":null,"capacity":null,"check_date":null,"check_date:opening_hours":null,"contact:facebook":null,"contact:instagram":null,"contact:website":null,"contact:whatsapp":null,"cuisine":null,"currency:XBT":null,"delivery":null,"description":null,"diet:gluten_free":null,"diet:organic":null,"diet:vegan":null,"diet:vegetarian":null,"dog":null,"drink:espresso":null,"drink:filter_coffee":null,"drive_through":null,"email":null,"fixme":null,"floor":null,"indoor":null,"indoor_seating":null,"internet_access":null,"internet_access:fee":null,"internet_access:ssid":null,"level":null,"location":null,"name":"Jireh","name:de":null,"name:en":null,"name:es":null,"name:fr":null,"note:opening_hours":null,"official_name":null,"opening_hours":null,"opening_hours:es":null,"opening_hours:signed":null,"operator":null,"outdoor_seating":null,"payment:app":null,"payment:apple_pay":null,"payment:cards":null,"payment:cash":null,"payment:contactless":null,"payment:credit_cards":null,"payment:debit_cards":null,"payment:google_pay":null,"payment:lightning":null,"payment:lightning_contactless":null,"payment:onchain":null,"pets":null,"phone":null,"service:electricity":null,"shop":null,"smoking":null,"source":null,"takeaway":null,"toilets":null,"toilets:access":null,"toilets:wheelchair":null,"tourism":null,"url":null,"website":null,"website:menu":null,"wheelchair":null,"wifi":null},"geometry":{"type":"Point","coordinates":[-74.0663722,4.6330365]}},
{"type":"Feature","properties":{"fid":229,"id":"node/4112307155","@id":"node/4112307155","addr:city":null,"addr:country":null,"addr:door":null,"addr:floor":null,"addr:full":null,"addr:housename":null,"addr:housenumber":null,"addr:place":null,"addr:postcode":null,"addr:street":null,"addr:unit":null,"air_conditioning":null,"alt_name":null,"amenity":"cafe","baby_feeding":null,"bar":null,"branch":null,"brand":null,"brand:wikidata":null,"brand:wikipedia":null,"building":null,"capacity":null,"check_date":null,"check_date:opening_hours":null,"contact:facebook":null,"contact:instagram":null,"contact:website":null,"contact:whatsapp":null,"cuisine":null,"currency:XBT":null,"delivery":null,"description":null,"diet:gluten_free":null,"diet:organic":null,"diet:vegan":null,"diet:vegetarian":null,"dog":null,"drink:espresso":null,"drink:filter_coffee":null,"drive_through":null,"email":null,"fixme":null,"floor":null,"indoor":null,"indoor_seating":null,"internet_access":null,"internet_access:fee":null,"internet_access:ssid":null,"level":null,"location":null,"name":null,"name:de":null,"name:en":null,"name:es":null,"name:fr":null,"note:opening_hours":null,"official_name":null,"opening_hours":null,"opening_hours:es":null,"opening_hours:signed":null,"operator":null,"outdoor_seating":null,"payment:app":null,"payment:apple_pay":null,"payment:cards":null,"payment:cash":null,"payment:contactless":null,"payment:credit_cards":null,"payment:debit_cards":null,"payment:google_pay":null,"payment:lightning":null,"payment:lightning_contactless":null,"payment:onchain":null,"pets":null,"phone":null,"service:electricity":null,"shop":null,"smoking":null,"source":null,"takeaway":null,"toilets":null,"toilets:access":null,"toilets:wheelchair":null,"tourism":null,"url":null,"website":null,"website:menu":null,"wheelchair":null,"wifi":null},"geometry":{"type":"Point","coordinates":[-74.0665775,4.6320629]}},
{"type":"Feature","properties":{"fid":232,"id":"node/4113090655","@id":"node/4113090655","addr:city":null,"addr:country":null,"addr:door":null,"addr:floor":null,"addr:full":null,"addr:housename":null,"addr:housenumber":null,"addr:place":null,"addr:postcode":null,"addr:street":"Carrera 13","addr:unit":null,"air_conditioning":null,"alt_name":null,"amenity":"cafe","baby_feeding":null,"bar":null,"branch":null,"brand":null,"brand:wikidata":null,"brand:wikipedia":null,"building":null,"capacity":null,"check_date":null,"check_date:opening_hours":null,"contact:facebook":null,"contact:instagram":null,"contact:website":null,"contact:whatsapp":null,"cuisine":"fruteria","currency:XBT":null,"delivery":null,"description":null,"diet:gluten_free":null,"diet:organic":null,"diet:vegan":null,"diet:vegetarian":null,"dog":null,"drink:espresso":null,"drink:filter_coffee":null,"drive_through":null,"email":null,"fixme":null,"floor":null,"indoor":null,"indoor_seating":null,"internet_access":null,"internet_access:fee":null,"internet_access:ssid":null,"level":null,"location":null,"name":"GUS® fruterias","name:de":null,"name:en":null,"name:es":null,"name:fr":null,"note:opening_hours":null,"official_name":null,"opening_hours":null,"opening_hours:es":null,"opening_hours:signed":null,"operator":null,"outdoor_seating":null,"payment:app":null,"payment:apple_pay":null,"payment:cards":null,"payment:cash":null,"payment:contactless":null,"payment:credit_cards":null,"payment:debit_cards":null,"payment:google_pay":null,"payment:lightning":null,"payment:lightning_contactless":null,"payment:onchain":null,"pets":null,"phone":null,"service:electricity":null,"shop":null,"smoking":null,"source":null,"takeaway":null,"toilets":null,"toilets:access":null,"toilets:wheelchair":null,"tourism":null,"url":null,"website":null,"website:menu":null,"wheelchair":null,"wifi":null},"geometry":{"type":"Point","coordinates":[-74.0671163,4.6288266]}},
{"type":"Feature","properties":{"fid":236,"id":"node/4113440312","@id":"node/4113440312","addr:city":"Bogotá D.C.","addr:country":null,"addr:door":null,"addr:floor":null,"addr:full":null,"addr:housename":null,"addr:housenumber":null,"addr:place":null,"addr:postcode":null,"addr:street":"Calle 51","addr:unit":null,"air_conditioning":null,"alt_name":null,"amenity":"cafe","baby_feeding":null,"bar":null,"branch":null,"brand":null,"brand:wikidata":null,"brand:wikipedia":null,"building":null,"capacity":null,"check_date":null,"check_date:opening_hours":null,"contact:facebook":null,"contact:instagram":null,"contact:website":null,"contact:whatsapp":null,"cuisine":null,"currency:XBT":null,"delivery":null,"description":null,"diet:gluten_free":null,"diet:organic":null,"diet:vegan":null,"diet:vegetarian":null,"dog":null,"drink:espresso":null,"drink:filter_coffee":null,"drive_through":null,"email":null,"fixme":null,"floor":null,"indoor":null,"indoor_seating":null,"internet_access":null,"internet_access:fee":null,"internet_access:ssid":null,"level":null,"location":null,"name":"Rico Ricoto","name:de":null,"name:en":null,"name:es":null,"name:fr":null,"note:opening_hours":null,"official_name":null,"opening_hours":null,"opening_hours:es":null,"opening_hours:signed":null,"operator":null,"outdoor_seating":null,"payment:app":null,"payment:apple_pay":null,"payment:cards":null,"payment:cash":null,"payment:contactless":null,"payment:credit_cards":null,"payment:debit_cards":null,"payment:google_pay":null,"payment:lightning":null,"payment:lightning_contactless":null,"payment:onchain":null,"pets":null,"phone":null,"service:electricity":null,"shop":null,"smoking":null,"source":null,"takeaway":null,"toilets":null,"toilets:access":null,"toilets:wheelchair":null,"tourism":null,"url":null,"website":null,"website:menu":null,"wheelchair":null,"wifi":null},"geometry":{"type":"Point","coordinates":[-74.066134,4.6382579]}},
{"type":"Feature","properties":{"fid":237,"id":"node/4113440319","@id":"node/4113440319","addr:city":"Bogotá D.C.","addr:country":null,"addr:door":null,"addr:floor":null,"addr:full":null,"addr:housename":null,"addr:housenumber":null,"addr:place":null,"addr:postcode":null,"addr:street":"Calle 51","addr:unit":null,"air_conditioning":null,"alt_name":null,"amenity":"cafe","baby_feeding":null,"bar":null,"branch":null,"brand":null,"brand:wikidata":null,"brand:wikipedia":null,"building":null,"capacity":null,"check_date":null,"check_date:opening_hours":null,"contact:facebook":null,"contact:instagram":null,"contact:website":null,"contact:whatsapp":null,"cuisine":null,"currency:XBT":null,"delivery":null,"description":null,"diet:gluten_free":null,"diet:organic":null,"diet:vegan":null,"diet:vegetarian":null,"dog":null,"drink:espresso":null,"drink:filter_coffee":null,"drive_through":null,"email":null,"fixme":null,"floor":null,"indoor":null,"indoor_seating":null,"internet_access":null,"internet_access:fee":null,"internet_access:ssid":null,"level":null,"location":null,"name":null,"name:de":null,"name:en":null,"name:es":null,"name:fr":null,"note:opening_hours":null,"official_name":null,"opening_hours":null,"opening_hours:es":null,"opening_hours:signed":null,"operator":null,"outdoor_seating":null,"payment:app":null,"payment:apple_pay":null,"payment:cards":null,"payment:cash":null,"payment:contactless":null,"payment:credit_cards":null,"payment:debit_cards":null,"payment:google_pay":null,"payment:lightning":null,"payment:lightning_contactless":null,"payment:onchain":null,"pets":null,"phone":null,"service:electricity":null,"shop":null,"smoking":null,"source":null,"takeaway":null,"toilets":null,"toilets:access":null,"toilets:wheelchair":null,"tourism":null,"url":null,"website":null,"website:menu":null,"wheelchair":null,"wifi":null},"geometry":{"type":"Point","coordinates":[-74.065902,4.6382211]}},
{"type":"Feature","properties":{"fid":239,"id":"node/4113489185","@id":"node/4113489185","addr:city":"Bogotá D.C.","addr:country":null,"addr:door":null,"addr:floor":null,"addr:full":null,"addr:housename":null,"addr:housenumber":"50-27","addr:place":null,"addr:postcode":null,"addr:street":"Carrera 13","addr:unit":null,"air_conditioning":null,"alt_name":null,"amenity":"cafe","baby_feeding":null,"bar":null,"branch":null,"brand":null,"brand:wikidata":null,"brand:wikipedia":null,"building":null,"capacity":null,"check_date":null,"check_date:opening_hours":null,"contact:facebook":null,"contact:instagram":null,"contact:website":null,"contact:whatsapp":null,"cuisine":null,"currency:XBT":null,"delivery":null,"description":null,"diet:gluten_free":null,"diet:organic":null,"diet:vegan":null,"diet:vegetarian":null,"dog":null,"drink:espresso":null,"drink:filter_coffee":null,"drive_through":null,"email":null,"fixme":null,"floor":null,"indoor":null,"indoor_seating":null,"internet_access":null,"internet_access:fee":null,"internet_access:ssid":null,"level":null,"location":null,"name":"Fruteria Y Cafeteria","name:de":null,"name:en":null,"name:es":null,"name:fr":null,"note:opening_hours":null,"official_name":null,"opening_hours":null,"opening_hours:es":null,"opening_hours:signed":null,"operator":null,"outdoor_seating":null,"payment:app":null,"payment:apple_pay":null,"payment:cards":null,"payment:cash":null,"payment:contactless":null,"payment:credit_cards":null,"payment:debit_cards":null,"payment:google_pay":null,"payment:lightning":null,"payment:lightning_contactless":null,"payment:onchain":null,"pets":null,"phone":null,"service:electricity":null,"shop":null,"smoking":null,"source":null,"takeaway":null,"toilets":null,"toilets:access":null,"toilets:wheelchair":null,"tourism":null,"url":null,"website":null,"website:menu":null,"wheelchair":null,"wifi":null},"geometry":{"type":"Point","coordinates":[-74.0655624,4.6381022]}},
{"type":"Feature","properties":{"fid":240,"id":"node/4113489390","@id":"node/4113489390","addr:city":"Bogotá D.C.","addr:country":null,"addr:door":null,"addr:floor":null,"addr:full":null,"addr:housename":null,"addr:housenumber":"9-73","addr:place":null,"addr:postcode":null,"addr:street":"Calle 51","addr:unit":null,"air_conditioning":null,"alt_name":null,"amenity":"cafe","baby_feeding":null,"bar":null,"branch":null,"brand":null,"brand:wikidata":null,"brand:wikipedia":null,"building":null,"capacity":null,"check_date":null,"check_date:opening_hours":null,"contact:facebook":null,"contact:instagram":null,"contact:website":null,"contact:whatsapp":null,"cuisine":null,"currency:XBT":null,"delivery":null,"description":null,"diet:gluten_free":null,"diet:organic":null,"diet:vegan":null,"diet:vegetarian":null,"dog":null,"drink:espresso":null,"drink:filter_coffee":null,"drive_through":null,"email":null,"fixme":null,"floor":null,"indoor":null,"indoor_seating":null,"internet_access":null,"internet_access:fee":null,"internet_access:ssid":null,"level":null,"location":null,"name":"Felipa","name:de":null,"name:en":null,"name:es":null,"name:fr":null,"note:opening_hours":null,"official_name":null,"opening_hours":null,"opening_hours:es":null,"opening_hours:signed":null,"operator":null,"outdoor_seating":null,"payment:app":null,"payment:apple_pay":null,"payment:cards":null,"payment:cash":null,"payment:contactless":null,"payment:credit_cards":null,"payment:debit_cards":null,"payment:google_pay":null,"payment:lightning":null,"payment:lightning_contactless":null,"payment:onchain":null,"pets":null,"phone":null,"service:electricity":null,"shop":null,"smoking":null,"source":null,"takeaway":null,"toilets":null,"toilets:access":null,"toilets:wheelchair":null,"tourism":null,"url":null,"website":null,"website:menu":null,"wheelchair":null,"wifi":null},"geometry":{"type":"Point","coordinates":[-74.0650518,4.6379798]}},
{"type":"Feature","properties":{"fid":244,"id":"node/4115997902","@id":"node/4115997902","addr:city":null,"addr:country":null,"addr:door":null,"addr:floor":null,"addr:full":null,"addr:housename":null,"addr:housenumber":null,"addr:place":null,"addr:postcode":null,"addr:street":null,"addr:unit":null,"air_conditioning":null,"alt_name":null,"amenity":"cafe","baby_feeding":null,"bar":null,"branch":null,"brand":"Tostao’","brand:wikidata":"Q60632476","brand:wikipedia":null,"building":null,"capacity":null,"check_date":null,"check_date:opening_hours":null,"contact:facebook":null,"contact:instagram":null,"contact:website":null,"contact:whatsapp":null,"cuisine":"coffee_shop","currency:XBT":null,"delivery":null,"description":null,"diet:gluten_free":null,"diet:organic":null,"diet:vegan":null,"diet:vegetarian":null,"dog":null,"drink:espresso":null,"drink:filter_coffee":null,"drive_through":null,"email":null,"fixme":null,"floor":null,"indoor":null,"indoor_seating":null,"internet_access":null,"internet_access:fee":null,"internet_access:ssid":null,"level":null,"location":null,"name":"Tostao’","name:de":null,"name:en":null,"name:es":"Tostao’","name:fr":null,"note:opening_hours":null,"official_name":"TOSTAO’ Café & Pan","opening_hours":null,"opening_hours:es":null,"opening_hours:signed":null,"operator":null,"outdoor_seating":null,"payment:app":null,"payment:apple_pay":null,"payment:cards":null,"payment:cash":null,"payment:contactless":null,"payment:credit_cards":null,"payment:debit_cards":null,"payment:google_pay":null,"payment:lightning":null,"payment:lightning_contactless":null,"payment:onchain":null,"pets":null,"phone":null,"service:electricity":null,"shop":null,"smoking":null,"source":null,"takeaway":"yes","toilets":null,"toilets:access":null,"toilets:wheelchair":null,"tourism":null,"url":null,"website":null,"website:menu":null,"wheelchair":null,"wifi":null},"geometry":{"type":"Point","coordinates":[-74.0653424,4.6330181]}},
{"type":"Feature","properties":{"fid":247,"id":"node/4117589313","@id":"node/4117589313","addr:city":null,"addr:country":null,"addr:door":null,"addr:floor":null,"addr:full":null,"addr:housename":null,"addr:housenumber":null,"addr:place":null,"addr:postcode":null,"addr:street":null,"addr:unit":null,"air_conditioning":null,"alt_name":null,"amenity":"cafe","baby_feeding":null,"bar":null,"branch":null,"brand":null,"brand:wikidata":null,"brand:wikipedia":null,"building":null,"capacity":null,"check_date":null,"check_date:opening_hours":null,"contact:facebook":null,"contact:instagram":null,"contact:website":null,"contact:whatsapp":null,"cuisine":null,"currency:XBT":null,"delivery":null,"description":null,"diet:gluten_free":null,"diet:organic":null,"diet:vegan":null,"diet:vegetarian":null,"dog":null,"drink:espresso":null,"drink:filter_coffee":null,"drive_through":null,"email":null,"fixme":null,"floor":null,"indoor":null,"indoor_seating":null,"internet_access":null,"internet_access:fee":null,"internet_access:ssid":null,"level":null,"location":null,"name":"Delikateses de la Carrera 13","name:de":null,"name:en":null,"name:es":null,"name:fr":null,"note:opening_hours":null,"official_name":null,"opening_hours":null,"opening_hours:es":null,"opening_hours:signed":null,"operator":null,"outdoor_seating":null,"payment:app":null,"payment:apple_pay":null,"payment:cards":null,"payment:cash":null,"payment:contactless":null,"payment:credit_cards":null,"payment:debit_cards":null,"payment:google_pay":null,"payment:lightning":null,"payment:lightning_contactless":null,"payment:onchain":null,"pets":null,"phone":null,"service:electricity":null,"shop":null,"smoking":null,"source":null,"takeaway":null,"toilets":null,"toilets:access":null,"toilets:wheelchair":null,"tourism":null,"url":null,"website":null,"website:menu":null,"wheelchair":null,"wifi":null},"geometry":{"type":"Point","coordinates":[-74.0671793,4.6283899]}},
{"type":"Feature","properties":{"fid":248,"id":"node/4117767592","@id":"node/4117767592","addr:city":null,"addr:country":null,"addr:door":null,"addr:floor":null,"addr:full":null,"addr:housename":null,"addr:housenumber":null,"addr:place":null,"addr:postcode":null,"addr:street":null,"addr:unit":null,"air_conditioning":null,"alt_name":null,"amenity":"cafe","baby_feeding":null,"bar":null,"branch":null,"brand":null,"brand:wikidata":null,"brand:wikipedia":null,"building":null,"capacity":null,"check_date":null,"check_date:opening_hours":null,"contact:facebook":null,"contact:instagram":null,"contact:website":null,"contact:whatsapp":null,"cuisine":null,"currency:XBT":null,"delivery":null,"description":null,"diet:gluten_free":null,"diet:organic":null,"diet:vegan":null,"diet:vegetarian":null,"dog":null,"drink:espresso":null,"drink:filter_coffee":null,"drive_through":null,"email":null,"fixme":null,"floor":null,"indoor":null,"indoor_seating":null,"internet_access":null,"internet_access:fee":null,"internet_access:ssid":null,"level":null,"location":null,"name":"Café Niebla","name:de":null,"name:en":null,"name:es":null,"name:fr":null,"note:opening_hours":null,"official_name":null,"opening_hours":null,"opening_hours:es":null,"opening_hours:signed":null,"operator":null,"outdoor_seating":null,"payment:app":null,"payment:apple_pay":null,"payment:cards":null,"payment:cash":null,"payment:contactless":null,"payment:credit_cards":null,"payment:debit_cards":null,"payment:google_pay":null,"payment:lightning":null,"payment:lightning_contactless":null,"payment:onchain":null,"pets":null,"phone":null,"service:electricity":null,"shop":null,"smoking":null,"source":null,"takeaway":null,"toilets":null,"toilets:access":null,"toilets:wheelchair":null,"tourism":null,"url":null,"website":null,"website:menu":null,"wheelchair":null,"wifi":null},"geometry":{"type":"Point","coordinates":[-74.0655139,4.6299011]}},
{"type":"Feature","properties":{"fid":250,"id":"node/4119763789","@id":"node/4119763789","addr:city":null,"addr:country":null,"addr:door":null,"addr:floor":null,"addr:full":null,"addr:housename":null,"addr:housenumber":null,"addr:place":null,"addr:postcode":null,"addr:street":"Avenida Carrera 7","addr:unit":null,"air_conditioning":null,"alt_name":null,"amenity":"cafe","baby_feeding":null,"bar":null,"branch":null,"brand":null,"brand:wikidata":null,"brand:wikipedia":null,"building":null,"capacity":null,"check_date":null,"check_date:opening_hours":null,"contact:facebook":null,"contact:instagram":null,"contact:website":null,"contact:whatsapp":null,"cuisine":null,"currency:XBT":null,"delivery":null,"description":null,"diet:gluten_free":null,"diet:organic":null,"diet:vegan":null,"diet:vegetarian":null,"dog":null,"drink:espresso":null,"drink:filter_coffee":null,"drive_through":null,"email":null,"fixme":null,"floor":null,"indoor":null,"indoor_seating":null,"internet_access":null,"internet_access:fee":null,"internet_access:ssid":null,"level":null,"location":null,"name":"Juice Garden","name:de":null,"name:en":null,"name:es":null,"name:fr":null,"note:opening_hours":null,"official_name":null,"opening_hours":null,"opening_hours:es":null,"opening_hours:signed":null,"operator":null,"outdoor_seating":null,"payment:app":null,"payment:apple_pay":null,"payment:cards":null,"payment:cash":null,"payment:contactless":null,"payment:credit_cards":null,"payment:debit_cards":null,"payment:google_pay":null,"payment:lightning":null,"payment:lightning_contactless":null,"payment:onchain":null,"pets":null,"phone":null,"service:electricity":null,"shop":null,"smoking":null,"source":"Kaart Ground Survey 2017","takeaway":null,"toilets":null,"toilets:access":null,"toilets:wheelchair":null,"tourism":null,"url":null,"website":null,"website:menu":null,"wheelchair":null,"wifi":null},"geometry":{"type":"Point","coordinates":[-74.0648418,4.6302785]}},
{"type":"Feature","properties":{"fid":253,"id":"node/4124935692","@id":"node/4124935692","addr:city":"Bogotá D.C.","addr:country":null,"addr:door":null,"addr:floor":null,"addr:full":null,"addr:housename":null,"addr:housenumber":null,"addr:place":null,"addr:postcode":null,"addr:street":"Calle 50","addr:unit":null,"air_conditioning":null,"alt_name":null,"amenity":"cafe","baby_feeding":null,"bar":null,"branch":null,"brand":null,"brand:wikidata":null,"brand:wikipedia":null,"building":null,"capacity":null,"check_date":null,"check_date:opening_hours":null,"contact:facebook":null,"contact:instagram":null,"contact:website":null,"contact:whatsapp":null,"cuisine":null,"currency:XBT":null,"delivery":null,"description":null,"diet:gluten_free":null,"diet:organic":null,"diet:vegan":null,"diet:vegetarian":null,"dog":null,"drink:espresso":null,"drink:filter_coffee":null,"drive_through":null,"email":null,"fixme":null,"floor":null,"indoor":null,"indoor_seating":null,"internet_access":null,"internet_access:fee":null,"internet_access:ssid":null,"level":null,"location":null,"name":"Cigarreria Jerico","name:de":null,"name:en":null,"name:es":null,"name:fr":null,"note:opening_hours":null,"official_name":null,"opening_hours":null,"opening_hours:es":null,"opening_hours:signed":null,"operator":null,"outdoor_seating":null,"payment:app":null,"payment:apple_pay":null,"payment:cards":null,"payment:cash":null,"payment:contactless":null,"payment:credit_cards":null,"payment:debit_cards":null,"payment:google_pay":null,"payment:lightning":null,"payment:lightning_contactless":null,"payment:onchain":null,"pets":null,"phone":null,"service:electricity":null,"shop":null,"smoking":null,"source":null,"takeaway":null,"toilets":null,"toilets:access":null,"toilets:wheelchair":null,"tourism":null,"url":null,"website":null,"website:menu":null,"wheelchair":null,"wifi":null},"geometry":{"type":"Point","coordinates":[-74.0660655,4.6372588]}},
{"type":"Feature","properties":{"fid":254,"id":"node/4131189559","@id":"node/4131189559","addr:city":null,"addr:country":null,"addr:door":null,"addr:floor":null,"addr:full":null,"addr:housename":null,"addr:housenumber":null,"addr:place":null,"addr:postcode":null,"addr:street":null,"addr:unit":null,"air_conditioning":null,"alt_name":null,"amenity":"cafe","baby_feeding":null,"bar":null,"branch":null,"brand":null,"brand:wikidata":null,"brand:wikipedia":null,"building":null,"capacity":null,"check_date":null,"check_date:opening_hours":null,"contact:facebook":null,"contact:instagram":null,"contact:website":null,"contact:whatsapp":null,"cuisine":null,"currency:XBT":null,"delivery":null,"description":null,"diet:gluten_free":null,"diet:organic":null,"diet:vegan":null,"diet:vegetarian":null,"dog":null,"drink:espresso":null,"drink:filter_coffee":null,"drive_through":null,"email":null,"fixme":null,"floor":null,"indoor":null,"indoor_seating":null,"internet_access":null,"internet_access:fee":null,"internet_access:ssid":null,"level":null,"location":null,"name":"Moreno Brand","name:de":null,"name:en":null,"name:es":null,"name:fr":null,"note:opening_hours":null,"official_name":null,"opening_hours":"08:30-12:30,15:30-20:00","opening_hours:es":null,"opening_hours:signed":null,"operator":null,"outdoor_seating":null,"payment:app":null,"payment:apple_pay":null,"payment:cards":null,"payment:cash":null,"payment:contactless":null,"payment:credit_cards":null,"payment:debit_cards":null,"payment:google_pay":null,"payment:lightning":null,"payment:lightning_contactless":null,"payment:onchain":null,"pets":null,"phone":null,"service:electricity":null,"shop":null,"smoking":null,"source":null,"takeaway":null,"toilets":null,"toilets:access":null,"toilets:wheelchair":null,"tourism":null,"url":null,"website":null,"website:menu":null,"wheelchair":"yes","wifi":null},"geometry":{"type":"Point","coordinates":[-74.0876824,4.633351]}},
{"type":"Feature","properties":{"fid":261,"id":"node/4190217606","@id":"node/4190217606","addr:city":"Bogotá D.C","addr:country":null,"addr:door":null,"addr:floor":null,"addr:full":null,"addr:housename":null,"addr:housenumber":"61-66","addr:place":null,"addr:postcode":null,"addr:street":"Carrera 13","addr:unit":null,"air_conditioning":null,"alt_name":null,"amenity":"cafe","baby_feeding":null,"bar":null,"branch":null,"brand":"Café OMA","brand:wikidata":"Q108929487","brand:wikipedia":null,"building":null,"capacity":null,"check_date":null,"check_date:opening_hours":null,"contact:facebook":null,"contact:instagram":null,"contact:website":null,"contact:whatsapp":null,"cuisine":"coffee_shop","currency:XBT":null,"delivery":null,"description":null,"diet:gluten_free":null,"diet:organic":null,"diet:vegan":null,"diet:vegetarian":null,"dog":null,"drink:espresso":null,"drink:filter_coffee":null,"drive_through":null,"email":null,"fixme":null,"floor":null,"indoor":null,"indoor_seating":null,"internet_access":null,"internet_access:fee":null,"internet_access:ssid":null,"level":null,"location":null,"name":"Café OMA","name:de":null,"name:en":null,"name:es":null,"name:fr":null,"note:opening_hours":null,"official_name":null,"opening_hours":"07:00-20:00","opening_hours:es":null,"opening_hours:signed":null,"operator":null,"outdoor_seating":null,"payment:app":null,"payment:apple_pay":null,"payment:cards":null,"payment:cash":null,"payment:contactless":null,"payment:credit_cards":null,"payment:debit_cards":null,"payment:google_pay":null,"payment:lightning":null,"payment:lightning_contactless":null,"payment:onchain":null,"pets":null,"phone":null,"service:electricity":null,"shop":null,"smoking":null,"source":"Kaart Ground Survey 2017","takeaway":"yes","toilets":null,"toilets:access":null,"toilets:wheelchair":null,"tourism":null,"url":null,"website":null,"website:menu":null,"wheelchair":null,"wifi":null},"geometry":{"type":"Point","coordinates":[-74.0639966,4.6478065]}},
{"type":"Feature","properties":{"fid":262,"id":"node/4240181430","@id":"node/4240181430","addr:city":null,"addr:country":null,"addr:door":null,"addr:floor":null,"addr:full":null,"addr:housename":null,"addr:housenumber":null,"addr:place":null,"addr:postcode":null,"addr:street":null,"addr:unit":null,"air_conditioning":null,"alt_name":null,"amenity":"cafe","baby_feeding":null,"bar":null,"branch":null,"brand":"Café OMA","brand:wikidata":"Q108929487","brand:wikipedia":null,"building":null,"capacity":null,"check_date":null,"check_date:opening_hours":null,"contact:facebook":null,"contact:instagram":null,"contact:website":null,"contact:whatsapp":null,"cuisine":"coffee_shop","currency:XBT":null,"delivery":null,"description":null,"diet:gluten_free":null,"diet:organic":null,"diet:vegan":null,"diet:vegetarian":null,"dog":null,"drink:espresso":null,"drink:filter_coffee":null,"drive_through":null,"email":null,"fixme":null,"floor":null,"indoor":null,"indoor_seating":null,"internet_access":null,"internet_access:fee":null,"internet_access:ssid":null,"level":null,"location":null,"name":"Café OMA","name:de":null,"name:en":null,"name:es":null,"name:fr":null,"note:opening_hours":null,"official_name":null,"opening_hours":null,"opening_hours:es":null,"opening_hours:signed":null,"operator":null,"outdoor_seating":null,"payment:app":null,"payment:apple_pay":null,"payment:cards":null,"payment:cash":null,"payment:contactless":null,"payment:credit_cards":null,"payment:debit_cards":null,"payment:google_pay":null,"payment:lightning":null,"payment:lightning_contactless":null,"payment:onchain":null,"pets":null,"phone":null,"service:electricity":null,"shop":null,"smoking":null,"source":null,"takeaway":"yes","toilets":null,"toilets:access":null,"toilets:wheelchair":null,"tourism":null,"url":null,"website":null,"website:menu":null,"wheelchair":null,"wifi":null},"geometry":{"type":"Point","coordinates":[-74.0429603,4.7038776]}},
{"type":"Feature","properties":{"fid":268,"id":"node/4355680787","@id":"node/4355680787","addr:city":null,"addr:country":null,"addr:door":null,"addr:floor":null,"addr:full":null,"addr:housename":null,"addr:housenumber":null,"addr:place":null,"addr:postcode":null,"addr:street":null,"addr:unit":null,"air_conditioning":null,"alt_name":null,"amenity":"cafe","baby_feeding":null,"bar":null,"branch":null,"brand":"Starbucks","brand:wikidata":"Q37158","brand:wikipedia":"en:Starbucks","building":null,"capacity":null,"check_date":null,"check_date:opening_hours":null,"contact:facebook":null,"contact:instagram":null,"contact:website":null,"contact:whatsapp":null,"cuisine":"coffee_shop","currency:XBT":null,"delivery":null,"description":null,"diet:gluten_free":null,"diet:organic":null,"diet:vegan":null,"diet:vegetarian":null,"dog":null,"drink:espresso":null,"drink:filter_coffee":null,"drive_through":null,"email":null,"fixme":null,"floor":null,"indoor":null,"indoor_seating":null,"internet_access":null,"internet_access:fee":null,"internet_access:ssid":null,"level":null,"location":null,"name":"Starbucks","name:de":null,"name:en":null,"name:es":null,"name:fr":null,"note:opening_hours":null,"official_name":"Starbucks Coffee","opening_hours":"06:00-21:00","opening_hours:es":null,"opening_hours:signed":null,"operator":null,"outdoor_seating":null,"payment:app":null,"payment:apple_pay":null,"payment:cards":null,"payment:cash":null,"payment:contactless":null,"payment:credit_cards":null,"payment:debit_cards":null,"payment:google_pay":null,"payment:lightning":null,"payment:lightning_contactless":null,"payment:onchain":null,"pets":null,"phone":null,"service:electricity":null,"shop":null,"smoking":null,"source":null,"takeaway":"yes","toilets":null,"toilets:access":null,"toilets:wheelchair":null,"tourism":null,"url":null,"website":null,"website:menu":null,"wheelchair":null,"wifi":null},"geometry":{"type":"Point","coordinates":[-74.0405438,4.6806941]}},
{"type":"Feature","properties":{"fid":271,"id":"node/4367894491","@id":"node/4367894491","addr:city":null,"addr:country":null,"addr:door":null,"addr:floor":null,"addr:full":null,"addr:housename":null,"addr:housenumber":null,"addr:place":null,"addr:postcode":null,"addr:street":null,"addr:unit":null,"air_conditioning":null,"alt_name":null,"amenity":"cafe","baby_feeding":null,"bar":null,"branch":null,"brand":"Juan Valdez Café","brand:wikidata":"Q6301102","brand:wikipedia":null,"building":null,"capacity":null,"check_date":null,"check_date:opening_hours":null,"contact:facebook":null,"contact:instagram":null,"contact:website":null,"contact:whatsapp":null,"cuisine":"coffee_shop","currency:XBT":null,"delivery":null,"description":null,"diet:gluten_free":null,"diet:organic":null,"diet:vegan":null,"diet:vegetarian":null,"dog":null,"drink:espresso":null,"drink:filter_coffee":null,"drive_through":null,"email":null,"fixme":null,"floor":null,"indoor":null,"indoor_seating":null,"internet_access":null,"internet_access:fee":null,"internet_access:ssid":null,"level":null,"location":null,"name":"Juan Valdez Café","name:de":null,"name:en":"Juan Valdez","name:es":null,"name:fr":null,"note:opening_hours":null,"official_name":null,"opening_hours":null,"opening_hours:es":null,"opening_hours:signed":null,"operator":null,"outdoor_seating":null,"payment:app":null,"payment:apple_pay":null,"payment:cards":null,"payment:cash":null,"payment:contactless":null,"payment:credit_cards":null,"payment:debit_cards":null,"payment:google_pay":null,"payment:lightning":null,"payment:lightning_contactless":null,"payment:onchain":null,"pets":null,"phone":null,"service:electricity":null,"shop":"coffee","smoking":null,"source":null,"takeaway":"yes","toilets":null,"toilets:access":null,"toilets:wheelchair":null,"tourism":null,"url":null,"website":null,"website:menu":null,"wheelchair":null,"wifi":null},"geometry":{"type":"Point","coordinates":[-74.0580173,4.6574886]}},
{"type":"Feature","properties":{"fid":275,"id":"node/4388455791","@id":"node/4388455791","addr:city":null,"addr:country":null,"addr:door":null,"addr:floor":null,"addr:full":null,"addr:housename":null,"addr:housenumber":null,"addr:place":null,"addr:postcode":null,"addr:street":null,"addr:unit":null,"air_conditioning":null,"alt_name":null,"amenity":"cafe","baby_feeding":null,"bar":null,"branch":null,"brand":null,"brand:wikidata":null,"brand:wikipedia":null,"building":null,"capacity":null,"check_date":null,"check_date:opening_hours":null,"contact:facebook":null,"contact:instagram":null,"contact:website":null,"contact:whatsapp":null,"cuisine":null,"currency:XBT":null,"delivery":null,"description":null,"diet:gluten_free":null,"diet:organic":null,"diet:vegan":null,"diet:vegetarian":null,"dog":null,"drink:espresso":null,"drink:filter_coffee":null,"drive_through":null,"email":null,"fixme":null,"floor":null,"indoor":null,"indoor_seating":null,"internet_access":null,"internet_access:fee":null,"internet_access:ssid":null,"level":null,"location":null,"name":null,"name:de":null,"name:en":"Dubai cafe","name:es":null,"name:fr":null,"note:opening_hours":null,"official_name":null,"opening_hours":null,"opening_hours:es":null,"opening_hours:signed":null,"operator":null,"outdoor_seating":null,"payment:app":null,"payment:apple_pay":null,"payment:cards":null,"payment:cash":null,"payment:contactless":null,"payment:credit_cards":null,"payment:debit_cards":null,"payment:google_pay":null,"payment:lightning":null,"payment:lightning_contactless":null,"payment:onchain":null,"pets":null,"phone":null,"service:electricity":null,"shop":null,"smoking":null,"source":null,"takeaway":null,"toilets":null,"toilets:access":null,"toilets:wheelchair":null,"tourism":null,"url":null,"website":null,"website:menu":null,"wheelchair":null,"wifi":null},"geometry":{"type":"Point","coordinates":[-74.0560065,4.6556058]}},
{"type":"Feature","properties":{"fid":277,"id":"node/4420472190","@id":"node/4420472190","addr:city":null,"addr:country":null,"addr:door":null,"addr:floor":null,"addr:full":null,"addr:housename":null,"addr:housenumber":null,"addr:place":null,"addr:postcode":null,"addr:street":"Autopista Norte","addr:unit":null,"air_conditioning":null,"alt_name":null,"amenity":"cafe","baby_feeding":null,"bar":null,"branch":null,"brand":"Café OMA","brand:wikidata":"Q108929487","brand:wikipedia":null,"building":null,"capacity":null,"check_date":null,"check_date:opening_hours":null,"contact:facebook":null,"contact:instagram":null,"contact:website":null,"contact:whatsapp":null,"cuisine":"coffee_shop","currency:XBT":null,"delivery":null,"description":null,"diet:gluten_free":null,"diet:organic":null,"diet:vegan":null,"diet:vegetarian":null,"dog":null,"drink:espresso":null,"drink:filter_coffee":null,"drive_through":null,"email":null,"fixme":null,"floor":null,"indoor":null,"indoor_seating":null,"internet_access":null,"internet_access:fee":null,"internet_access:ssid":null,"level":null,"location":null,"name":"Café OMA","name:de":null,"name:en":null,"name:es":null,"name:fr":null,"note:opening_hours":null,"official_name":null,"opening_hours":null,"opening_hours:es":null,"opening_hours:signed":null,"operator":null,"outdoor_seating":null,"payment:app":null,"payment:apple_pay":null,"payment:cards":null,"payment:cash":null,"payment:contactless":null,"payment:credit_cards":null,"payment:debit_cards":null,"payment:google_pay":null,"payment:lightning":null,"payment:lightning_contactless":null,"payment:onchain":null,"pets":null,"phone":null,"service:electricity":null,"shop":null,"smoking":null,"source":"Kaart Ground Survey 2017","takeaway":"yes","toilets":null,"toilets:access":null,"toilets:wheelchair":null,"tourism":null,"url":null,"website":null,"website:menu":null,"wheelchair":null,"wifi":null},"geometry":{"type":"Point","coordinates":[-74.0546938,4.698468]}},
{"type":"Feature","properties":{"fid":279,"id":"node/4520695589","@id":"node/4520695589","addr:city":null,"addr:country":null,"addr:door":null,"addr:floor":null,"addr:full":null,"addr:housename":null,"addr:housenumber":"19-96","addr:place":null,"addr:postcode":null,"addr:street":"Calle 24","addr:unit":null,"air_conditioning":null,"alt_name":null,"amenity":"cafe","baby_feeding":null,"bar":null,"branch":null,"brand":null,"brand:wikidata":null,"brand:wikipedia":null,"building":null,"capacity":null,"check_date":null,"check_date:opening_hours":null,"contact:facebook":null,"contact:instagram":null,"contact:website":null,"contact:whatsapp":null,"cuisine":null,"currency:XBT":null,"delivery":null,"description":null,"diet:gluten_free":null,"diet:organic":null,"diet:vegan":null,"diet:vegetarian":null,"dog":null,"drink:espresso":null,"drink:filter_coffee":null,"drive_through":null,"email":null,"fixme":null,"floor":null,"indoor":null,"indoor_seating":null,"internet_access":null,"internet_access:fee":null,"internet_access:ssid":null,"level":null,"location":null,"name":"Cafe de la Fonda","name:de":null,"name:en":null,"name:es":null,"name:fr":null,"note:opening_hours":null,"official_name":null,"opening_hours":null,"opening_hours:es":null,"opening_hours:signed":null,"operator":null,"outdoor_seating":null,"payment:app":null,"payment:apple_pay":null,"payment:cards":null,"payment:cash":null,"payment:contactless":null,"payment:credit_cards":null,"payment:debit_cards":null,"payment:google_pay":null,"payment:lightning":null,"payment:lightning_contactless":null,"payment:onchain":null,"pets":null,"phone":null,"service:electricity":null,"shop":null,"smoking":null,"source":null,"takeaway":null,"toilets":null,"toilets:access":null,"toilets:wheelchair":null,"tourism":null,"url":null,"website":"https://www.cafedelafonda.com/","website:menu":null,"wheelchair":null,"wifi":null},"geometry":{"type":"Point","coordinates":[-74.0781672,4.6182702]}},
{"type":"Feature","properties":{"fid":280,"id":"node/4596873397","@id":"node/4596873397","addr:city":null,"addr:country":null,"addr:door":null,"addr:floor":null,"addr:full":null,"addr:housename":null,"addr:housenumber":null,"addr:place":null,"addr:postcode":null,"addr:street":null,"addr:unit":null,"air_conditioning":null,"alt_name":null,"amenity":"cafe","baby_feeding":null,"bar":null,"branch":null,"brand":null,"brand:wikidata":null,"brand:wikipedia":null,"building":null,"capacity":null,"check_date":null,"check_date:opening_hours":null,"contact:facebook":null,"contact:instagram":null,"contact:website":null,"contact:whatsapp":null,"cuisine":null,"currency:XBT":null,"delivery":null,"description":null,"diet:gluten_free":null,"diet:organic":null,"diet:vegan":null,"diet:vegetarian":null,"dog":null,"drink:espresso":null,"drink:filter_coffee":null,"drive_through":null,"email":null,"fixme":null,"floor":null,"indoor":null,"indoor_seating":null,"internet_access":null,"internet_access:fee":null,"internet_access:ssid":null,"level":null,"location":null,"name":"La Castana Empanadas","name:de":null,"name:en":null,"name:es":null,"name:fr":null,"note:opening_hours":null,"official_name":null,"opening_hours":"Mo-Th, Sa 09:00-20:00; Fr 09:00-21:00; Su 09:00-17:00","opening_hours:es":null,"opening_hours:signed":null,"operator":null,"outdoor_seating":null,"payment:app":null,"payment:apple_pay":null,"payment:cards":null,"payment:cash":null,"payment:contactless":null,"payment:credit_cards":null,"payment:debit_cards":null,"payment:google_pay":null,"payment:lightning":null,"payment:lightning_contactless":null,"payment:onchain":null,"pets":null,"phone":null,"service:electricity":null,"shop":null,"smoking":null,"source":null,"takeaway":null,"toilets":null,"toilets:access":null,"toilets:wheelchair":null,"tourism":null,"url":null,"website":null,"website:menu":null,"wheelchair":null,"wifi":null},"geometry":{"type":"Point","coordinates":[-74.0612832,4.6422611]}},
{"type":"Feature","properties":{"fid":283,"id":"node/4679430549","@id":"node/4679430549","addr:city":"Bogotá D.C.","addr:country":null,"addr:door":null,"addr:floor":null,"addr:full":null,"addr:housename":null,"addr:housenumber":null,"addr:place":null,"addr:postcode":null,"addr:street":"Calle 48A","addr:unit":null,"air_conditioning":null,"alt_name":null,"amenity":"cafe","baby_feeding":null,"bar":null,"branch":null,"brand":"Tostao’","brand:wikidata":"Q60632476","brand:wikipedia":null,"building":null,"capacity":null,"check_date":null,"check_date:opening_hours":null,"contact:facebook":null,"contact:instagram":null,"contact:website":null,"contact:whatsapp":null,"cuisine":"coffee_shop","currency:XBT":null,"delivery":null,"description":null,"diet:gluten_free":null,"diet:organic":null,"diet:vegan":null,"diet:vegetarian":null,"dog":null,"drink:espresso":null,"drink:filter_coffee":null,"drive_through":null,"email":null,"fixme":null,"floor":null,"indoor":null,"indoor_seating":null,"internet_access":null,"internet_access:fee":null,"internet_access:ssid":null,"level":null,"location":null,"name":"Tostao’","name:de":null,"name:en":null,"name:es":"Tostao’","name:fr":null,"note:opening_hours":null,"official_name":"TOSTAO’ Café & Pan","opening_hours":null,"opening_hours:es":null,"opening_hours:signed":null,"operator":null,"outdoor_seating":"no","payment:app":null,"payment:apple_pay":null,"payment:cards":null,"payment:cash":null,"payment:contactless":null,"payment:credit_cards":null,"payment:debit_cards":null,"payment:google_pay":null,"payment:lightning":null,"payment:lightning_contactless":null,"payment:onchain":null,"pets":null,"phone":null,"service:electricity":null,"shop":null,"smoking":"no","source":null,"takeaway":"yes","toilets":null,"toilets:access":null,"toilets:wheelchair":null,"tourism":null,"url":null,"website":null,"website:menu":null,"wheelchair":null,"wifi":null},"geometry":{"type":"Point","coordinates":[-74.0636118,4.6353086]}},
{"type":"Feature","properties":{"fid":284,"id":"node/4681698289","@id":"node/4681698289","addr:city":null,"addr:country":null,"addr:door":null,"addr:floor":null,"addr:full":null,"addr:housename":null,"addr:housenumber":null,"addr:place":null,"addr:postcode":null,"addr:street":null,"addr:unit":null,"air_conditioning":null,"alt_name":null,"amenity":"cafe","baby_feeding":null,"bar":null,"branch":null,"brand":"Juan Valdez Café","brand:wikidata":"Q6301102","brand:wikipedia":"en:Juan Valdez Café","building":null,"capacity":null,"check_date":null,"check_date:opening_hours":null,"contact:facebook":null,"contact:instagram":null,"contact:website":null,"contact:whatsapp":null,"cuisine":"coffee_shop","currency:XBT":null,"delivery":null,"description":null,"diet:gluten_free":null,"diet:organic":null,"diet:vegan":null,"diet:vegetarian":null,"dog":null,"drink:espresso":null,"drink:filter_coffee":null,"drive_through":null,"email":null,"fixme":null,"floor":null,"indoor":null,"indoor_seating":null,"internet_access":null,"internet_access:fee":null,"internet_access:ssid":null,"level":null,"location":null,"name":"Juan Valdez Café","name:de":null,"name:en":null,"name:es":"Juan Valdez Café","name:fr":null,"note:opening_hours":null,"official_name":null,"opening_hours":null,"opening_hours:es":null,"opening_hours:signed":null,"operator":null,"outdoor_seating":null,"payment:app":null,"payment:apple_pay":null,"payment:cards":null,"payment:cash":null,"payment:contactless":null,"payment:credit_cards":null,"payment:debit_cards":null,"payment:google_pay":null,"payment:lightning":null,"payment:lightning_contactless":null,"payment:onchain":null,"pets":null,"phone":null,"service:electricity":null,"shop":"coffee","smoking":null,"source":null,"takeaway":"yes","toilets":null,"toilets:access":null,"toilets:wheelchair":null,"tourism":null,"url":null,"website":"https://juanvaldez.com/","website:menu":null,"wheelchair":null,"wifi":null},"geometry":{"type":"Point","coordinates":[-74.0711316,4.6065659]}},
{"type":"Feature","properties":{"fid":287,"id":"node/4705346189","@id":"node/4705346189","addr:city":null,"addr:country":null,"addr:door":null,"addr:floor":null,"addr:full":null,"addr:housename":null,"addr:housenumber":"118-08","addr:place":null,"addr:postcode":null,"addr:street":"carrera 54","addr:unit":null,"air_conditioning":null,"alt_name":null,"amenity":"cafe","baby_feeding":null,"bar":null,"branch":null,"brand":null,"brand:wikidata":null,"brand:wikipedia":null,"building":null,"capacity":null,"check_date":null,"check_date:opening_hours":null,"contact:facebook":null,"contact:instagram":null,"contact:website":null,"contact:whatsapp":null,"cuisine":null,"currency:XBT":null,"delivery":null,"description":null,"diet:gluten_free":null,"diet:organic":null,"diet:vegan":null,"diet:vegetarian":null,"dog":null,"drink:espresso":null,"drink:filter_coffee":null,"drive_through":null,"email":null,"fixme":null,"floor":null,"indoor":null,"indoor_seating":null,"internet_access":null,"internet_access:fee":null,"internet_access:ssid":null,"level":null,"location":null,"name":null,"name:de":null,"name:en":null,"name:es":null,"name:fr":null,"note:opening_hours":null,"official_name":null,"opening_hours":null,"opening_hours:es":null,"opening_hours:signed":null,"operator":null,"outdoor_seating":null,"payment:app":null,"payment:apple_pay":null,"payment:cards":null,"payment:cash":null,"payment:contactless":null,"payment:credit_cards":null,"payment:debit_cards":null,"payment:google_pay":null,"payment:lightning":null,"payment:lightning_contactless":null,"payment:onchain":null,"pets":null,"phone":null,"service:electricity":null,"shop":null,"smoking":null,"source":null,"takeaway":null,"toilets":null,"toilets:access":null,"toilets:wheelchair":null,"tourism":null,"url":null,"website":null,"website:menu":null,"wheelchair":null,"wifi":null},"geometry":{"type":"Point","coordinates":[-74.0639336,4.7018133]}},
{"type":"Feature","properties":{"fid":288,"id":"node/4713847636","@id":"node/4713847636","addr:city":null,"addr:country":null,"addr:door":null,"addr:floor":null,"addr:full":null,"addr:housename":null,"addr:housenumber":null,"addr:place":null,"addr:postcode":null,"addr:street":null,"addr:unit":null,"air_conditioning":null,"alt_name":null,"amenity":"cafe","baby_feeding":null,"bar":null,"branch":null,"brand":null,"brand:wikidata":null,"brand:wikipedia":null,"building":null,"capacity":null,"check_date":null,"check_date:opening_hours":null,"contact:facebook":null,"contact:instagram":null,"contact:website":null,"contact:whatsapp":null,"cuisine":"burritos","currency:XBT":null,"delivery":null,"description":null,"diet:gluten_free":null,"diet:organic":null,"diet:vegan":null,"diet:vegetarian":null,"dog":null,"drink:espresso":null,"drink:filter_coffee":null,"drive_through":null,"email":null,"fixme":null,"floor":null,"indoor":null,"indoor_seating":null,"internet_access":null,"internet_access:fee":null,"internet_access:ssid":null,"level":null,"location":null,"name":"Cafeteria Ed. Baron","name:de":null,"name:en":null,"name:es":null,"name:fr":null,"note:opening_hours":null,"official_name":null,"opening_hours":null,"opening_hours:es":null,"opening_hours:signed":null,"operator":"Servicios de Alimentacion","outdoor_seating":null,"payment:app":null,"payment:apple_pay":null,"payment:cards":null,"payment:cash":null,"payment:contactless":null,"payment:credit_cards":null,"payment:debit_cards":null,"payment:google_pay":null,"payment:lightning":null,"payment:lightning_contactless":null,"payment:onchain":null,"pets":null,"phone":null,"service:electricity":null,"shop":null,"smoking":null,"source":null,"takeaway":null,"toilets":null,"toilets:access":null,"toilets:wheelchair":null,"tourism":null,"url":null,"website":null,"website:menu":null,"wheelchair":null,"wifi":null},"geometry":{"type":"Point","coordinates":[-74.0638158,4.6266951]}},
{"type":"Feature","properties":{"fid":292,"id":"node/4723374294","@id":"node/4723374294","addr:city":null,"addr:country":null,"addr:door":null,"addr:floor":null,"addr:full":null,"addr:housename":null,"addr:housenumber":null,"addr:place":null,"addr:postcode":null,"addr:street":null,"addr:unit":null,"air_conditioning":null,"alt_name":null,"amenity":"cafe","baby_feeding":null,"bar":null,"branch":null,"brand":null,"brand:wikidata":null,"brand:wikipedia":null,"building":null,"capacity":null,"check_date":null,"check_date:opening_hours":null,"contact:facebook":null,"contact:instagram":null,"contact:website":null,"contact:whatsapp":null,"cuisine":null,"currency:XBT":null,"delivery":null,"description":null,"diet:gluten_free":null,"diet:organic":null,"diet:vegan":null,"diet:vegetarian":null,"dog":null,"drink:espresso":null,"drink:filter_coffee":null,"drive_through":null,"email":null,"fixme":null,"floor":null,"indoor":null,"indoor_seating":null,"internet_access":null,"internet_access:fee":null,"internet_access:ssid":null,"level":null,"location":null,"name":"Casa Rosa","name:de":null,"name:en":null,"name:es":"Casa Rosa","name:fr":null,"note:opening_hours":null,"official_name":null,"opening_hours":null,"opening_hours:es":null,"opening_hours:signed":null,"operator":null,"outdoor_seating":null,"payment:app":null,"payment:apple_pay":null,"payment:cards":null,"payment:cash":null,"payment:contactless":null,"payment:credit_cards":null,"payment:debit_cards":null,"payment:google_pay":null,"payment:lightning":null,"payment:lightning_contactless":null,"payment:onchain":null,"pets":null,"phone":null,"service:electricity":null,"shop":null,"smoking":null,"source":null,"takeaway":null,"toilets":null,"toilets:access":null,"toilets:wheelchair":null,"tourism":null,"url":null,"website":null,"website:menu":null,"wheelchair":null,"wifi":null},"geometry":{"type":"Point","coordinates":[-74.061229,4.6433205]}},
{"type":"Feature","properties":{"fid":297,"id":"node/4785481373","@id":"node/4785481373","addr:city":null,"addr:country":null,"addr:door":null,"addr:floor":null,"addr:full":null,"addr:housename":null,"addr:housenumber":null,"addr:place":null,"addr:postcode":null,"addr:street":null,"addr:unit":null,"air_conditioning":null,"alt_name":null,"amenity":"cafe","baby_feeding":null,"bar":null,"branch":null,"brand":null,"brand:wikidata":null,"brand:wikipedia":null,"building":null,"capacity":null,"check_date":null,"check_date:opening_hours":null,"contact:facebook":null,"contact:instagram":null,"contact:website":null,"contact:whatsapp":null,"cuisine":null,"currency:XBT":null,"delivery":null,"description":null,"diet:gluten_free":null,"diet:organic":null,"diet:vegan":null,"diet:vegetarian":null,"dog":null,"drink:espresso":null,"drink:filter_coffee":null,"drive_through":null,"email":null,"fixme":null,"floor":null,"indoor":null,"indoor_seating":null,"internet_access":null,"internet_access:fee":null,"internet_access:ssid":null,"level":null,"location":null,"name":"Cafeteria Amiga","name:de":null,"name:en":null,"name:es":null,"name:fr":null,"note:opening_hours":null,"official_name":null,"opening_hours":null,"opening_hours:es":null,"opening_hours:signed":null,"operator":null,"outdoor_seating":null,"payment:app":null,"payment:apple_pay":null,"payment:cards":null,"payment:cash":null,"payment:contactless":null,"payment:credit_cards":null,"payment:debit_cards":null,"payment:google_pay":null,"payment:lightning":null,"payment:lightning_contactless":null,"payment:onchain":null,"pets":null,"phone":null,"service:electricity":null,"shop":null,"smoking":null,"source":null,"takeaway":null,"toilets":null,"toilets:access":null,"toilets:wheelchair":null,"tourism":null,"url":null,"website":null,"website:menu":null,"wheelchair":null,"wifi":null},"geometry":{"type":"Point","coordinates":[-74.0792736,4.6442925]}},
{"type":"Feature","properties":{"fid":301,"id":"node/4809940527","@id":"node/4809940527","addr:city":null,"addr:country":null,"addr:door":null,"addr:floor":null,"addr:full":null,"addr:housename":null,"addr:housenumber":null,"addr:place":null,"addr:postcode":null,"addr:street":null,"addr:unit":null,"air_conditioning":null,"alt_name":null,"amenity":"cafe","baby_feeding":null,"bar":null,"branch":null,"brand":null,"brand:wikidata":null,"brand:wikipedia":null,"building":null,"capacity":null,"check_date":null,"check_date:opening_hours":null,"contact:facebook":null,"contact:instagram":null,"contact:website":null,"contact:whatsapp":null,"cuisine":null,"currency:XBT":null,"delivery":null,"description":null,"diet:gluten_free":null,"diet:organic":null,"diet:vegan":null,"diet:vegetarian":null,"dog":null,"drink:espresso":null,"drink:filter_coffee":null,"drive_through":null,"email":null,"fixme":null,"floor":null,"indoor":null,"indoor_seating":null,"internet_access":null,"internet_access:fee":null,"internet_access:ssid":null,"level":null,"location":null,"name":"Quipile Coffee Roastery","name:de":null,"name:en":"Quiple Coffee Roastery","name:es":"Quipile Coffee Roastery","name:fr":null,"note:opening_hours":null,"official_name":null,"opening_hours":null,"opening_hours:es":null,"opening_hours:signed":null,"operator":null,"outdoor_seating":null,"payment:app":null,"payment:apple_pay":null,"payment:cards":null,"payment:cash":null,"payment:contactless":null,"payment:credit_cards":null,"payment:debit_cards":null,"payment:google_pay":null,"payment:lightning":null,"payment:lightning_contactless":null,"payment:onchain":null,"pets":null,"phone":null,"service:electricity":null,"shop":null,"smoking":null,"source":null,"takeaway":null,"toilets":null,"toilets:access":null,"toilets:wheelchair":null,"tourism":null,"url":null,"website":null,"website:menu":null,"wheelchair":null,"wifi":null},"geometry":{"type":"Point","coordinates":[-74.0686638,4.5979417]}},
{"type":"Feature","properties":{"fid":303,"id":"node/4870772027","@id":"node/4870772027","addr:city":null,"addr:country":null,"addr:door":null,"addr:floor":null,"addr:full":null,"addr:housename":null,"addr:housenumber":null,"addr:place":null,"addr:postcode":null,"addr:street":null,"addr:unit":null,"air_conditioning":null,"alt_name":null,"amenity":"cafe","baby_feeding":null,"bar":null,"branch":null,"brand":null,"brand:wikidata":null,"brand:wikipedia":null,"building":null,"capacity":null,"check_date":null,"check_date:opening_hours":null,"contact:facebook":null,"contact:instagram":null,"contact:website":null,"contact:whatsapp":null,"cuisine":null,"currency:XBT":null,"delivery":null,"description":null,"diet:gluten_free":null,"diet:organic":null,"diet:vegan":null,"diet:vegetarian":null,"dog":null,"drink:espresso":null,"drink:filter_coffee":null,"drive_through":null,"email":null,"fixme":null,"floor":null,"indoor":null,"indoor_seating":null,"internet_access":"no","internet_access:fee":null,"internet_access:ssid":null,"level":null,"location":null,"name":"El señor de las aromáticas","name:de":null,"name:en":null,"name:es":null,"name:fr":null,"note:opening_hours":null,"official_name":null,"opening_hours":null,"opening_hours:es":null,"opening_hours:signed":null,"operator":null,"outdoor_seating":null,"payment:app":null,"payment:apple_pay":null,"payment:cards":null,"payment:cash":null,"payment:contactless":null,"payment:credit_cards":null,"payment:debit_cards":null,"payment:google_pay":null,"payment:lightning":null,"payment:lightning_contactless":null,"payment:onchain":null,"pets":null,"phone":null,"service:electricity":null,"shop":null,"smoking":"isolated","source":null,"takeaway":null,"toilets":null,"toilets:access":null,"toilets:wheelchair":null,"tourism":null,"url":null,"website":null,"website:menu":null,"wheelchair":null,"wifi":null},"geometry":{"type":"Point","coordinates":[-74.0649545,4.6286158]}},
{"type":"Feature","properties":{"fid":304,"id":"node/4870772524","@id":"node/4870772524","addr:city":null,"addr:country":null,"addr:door":null,"addr:floor":null,"addr:full":null,"addr:housename":null,"addr:housenumber":null,"addr:place":null,"addr:postcode":null,"addr:street":null,"addr:unit":null,"air_conditioning":null,"alt_name":null,"amenity":"cafe","baby_feeding":null,"bar":null,"branch":null,"brand":null,"brand:wikidata":null,"brand:wikipedia":null,"building":null,"capacity":null,"check_date":null,"check_date:opening_hours":null,"contact:facebook":null,"contact:instagram":null,"contact:website":null,"contact:whatsapp":null,"cuisine":null,"currency:XBT":null,"delivery":null,"description":null,"diet:gluten_free":null,"diet:organic":null,"diet:vegan":null,"diet:vegetarian":null,"dog":null,"drink:espresso":null,"drink:filter_coffee":null,"drive_through":null,"email":null,"fixme":null,"floor":null,"indoor":null,"indoor_seating":null,"internet_access":null,"internet_access:fee":null,"internet_access:ssid":null,"level":null,"location":null,"name":"Café Miró","name:de":null,"name:en":null,"name:es":null,"name:fr":null,"note:opening_hours":null,"official_name":null,"opening_hours":null,"opening_hours:es":null,"opening_hours:signed":null,"operator":null,"outdoor_seating":null,"payment:app":null,"payment:apple_pay":null,"payment:cards":null,"payment:cash":null,"payment:contactless":null,"payment:credit_cards":null,"payment:debit_cards":null,"payment:google_pay":null,"payment:lightning":null,"payment:lightning_contactless":null,"payment:onchain":null,"pets":null,"phone":null,"service:electricity":null,"shop":null,"smoking":null,"source":null,"takeaway":null,"toilets":null,"toilets:access":null,"toilets:wheelchair":null,"tourism":null,"url":null,"website":null,"website:menu":null,"wheelchair":null,"wifi":null},"geometry":{"type":"Point","coordinates":[-74.0677122,4.6272428]}},
{"type":"Feature","properties":{"fid":309,"id":"node/4904378521","@id":"node/4904378521","addr:city":null,"addr:country":null,"addr:door":null,"addr:floor":null,"addr:full":null,"addr:housename":null,"addr:housenumber":null,"addr:place":null,"addr:postcode":null,"addr:street":null,"addr:unit":null,"air_conditioning":null,"alt_name":null,"amenity":"cafe","baby_feeding":null,"bar":null,"branch":null,"brand":null,"brand:wikidata":null,"brand:wikipedia":null,"building":null,"capacity":null,"check_date":null,"check_date:opening_hours":null,"contact:facebook":null,"contact:instagram":null,"contact:website":null,"contact:whatsapp":null,"cuisine":null,"currency:XBT":null,"delivery":null,"description":null,"diet:gluten_free":null,"diet:organic":null,"diet:vegan":null,"diet:vegetarian":null,"dog":null,"drink:espresso":null,"drink:filter_coffee":null,"drive_through":null,"email":null,"fixme":null,"floor":null,"indoor":null,"indoor_seating":null,"internet_access":"wlan","internet_access:fee":null,"internet_access:ssid":null,"level":null,"location":null,"name":null,"name:de":null,"name:en":null,"name:es":null,"name:fr":null,"note:opening_hours":null,"official_name":null,"opening_hours":null,"opening_hours:es":null,"opening_hours:signed":null,"operator":null,"outdoor_seating":null,"payment:app":null,"payment:apple_pay":null,"payment:cards":null,"payment:cash":null,"payment:contactless":null,"payment:credit_cards":null,"payment:debit_cards":null,"payment:google_pay":null,"payment:lightning":null,"payment:lightning_contactless":null,"payment:onchain":null,"pets":null,"phone":null,"service:electricity":null,"shop":null,"smoking":null,"source":null,"takeaway":null,"toilets":null,"toilets:access":null,"toilets:wheelchair":null,"tourism":null,"url":null,"website":null,"website:menu":null,"wheelchair":null,"wifi":null},"geometry":{"type":"Point","coordinates":[-74.0697567,4.6125249]}},
{"type":"Feature","properties":{"fid":311,"id":"node/4957176023","@id":"node/4957176023","addr:city":null,"addr:country":null,"addr:door":null,"addr:floor":null,"addr:full":null,"addr:housename":null,"addr:housenumber":null,"addr:place":null,"addr:postcode":null,"addr:street":null,"addr:unit":null,"air_conditioning":null,"alt_name":null,"amenity":"cafe","baby_feeding":null,"bar":null,"branch":null,"brand":null,"brand:wikidata":null,"brand:wikipedia":null,"building":null,"capacity":null,"check_date":null,"check_date:opening_hours":null,"contact:facebook":null,"contact:instagram":null,"contact:website":null,"contact:whatsapp":null,"cuisine":null,"currency:XBT":null,"delivery":null,"description":null,"diet:gluten_free":null,"diet:organic":null,"diet:vegan":null,"diet:vegetarian":null,"dog":null,"drink:espresso":null,"drink:filter_coffee":null,"drive_through":null,"email":null,"fixme":null,"floor":null,"indoor":null,"indoor_seating":null,"internet_access":null,"internet_access:fee":null,"internet_access:ssid":null,"level":null,"location":null,"name":"La esquina del café express","name:de":null,"name:en":"La esquina del café express","name:es":"La esquina del café express","name:fr":null,"note:opening_hours":null,"official_name":null,"opening_hours":null,"opening_hours:es":null,"opening_hours:signed":null,"operator":null,"outdoor_seating":null,"payment:app":null,"payment:apple_pay":null,"payment:cards":null,"payment:cash":null,"payment:contactless":null,"payment:credit_cards":null,"payment:debit_cards":null,"payment:google_pay":null,"payment:lightning":null,"payment:lightning_contactless":null,"payment:onchain":null,"pets":null,"phone":null,"service:electricity":null,"shop":null,"smoking":null,"source":null,"takeaway":null,"toilets":null,"toilets:access":null,"toilets:wheelchair":null,"tourism":null,"url":null,"website":null,"website:menu":null,"wheelchair":null,"wifi":null},"geometry":{"type":"Point","coordinates":[-74.0605664,4.6626486]}},
{"type":"Feature","properties":{"fid":312,"id":"node/4969427421","@id":"node/4969427421","addr:city":null,"addr:country":null,"addr:door":null,"addr:floor":null,"addr:full":null,"addr:housename":null,"addr:housenumber":null,"addr:place":null,"addr:postcode":null,"addr:street":null,"addr:unit":null,"air_conditioning":null,"alt_name":null,"amenity":"cafe","baby_feeding":null,"bar":null,"branch":null,"brand":"Tostao'","brand:wikidata":"Q60632476","brand:wikipedia":null,"building":null,"capacity":null,"check_date":null,"check_date:opening_hours":null,"contact:facebook":null,"contact:instagram":null,"contact:website":null,"contact:whatsapp":null,"cuisine":"coffee_shop","currency:XBT":null,"delivery":null,"description":null,"diet:gluten_free":null,"diet:organic":null,"diet:vegan":null,"diet:vegetarian":null,"dog":null,"drink:espresso":null,"drink:filter_coffee":null,"drive_through":null,"email":null,"fixme":null,"floor":null,"indoor":null,"indoor_seating":null,"internet_access":null,"internet_access:fee":null,"internet_access:ssid":null,"level":null,"location":null,"name":"Tostao'","name:de":null,"name:en":null,"name:es":"Tostao’","name:fr":null,"note:opening_hours":null,"official_name":"TOSTAO' Café & Pan","opening_hours":"Mo-Fr 06:00-20:00; Sa 07:00-15:00","opening_hours:es":null,"opening_hours:signed":null,"operator":null,"outdoor_seating":null,"payment:app":null,"payment:apple_pay":null,"payment:cards":null,"payment:cash":null,"payment:contactless":null,"payment:credit_cards":null,"payment:debit_cards":null,"payment:google_pay":null,"payment:lightning":null,"payment:lightning_contactless":null,"payment:onchain":null,"pets":null,"phone":null,"service:electricity":null,"shop":null,"smoking":null,"source":null,"takeaway":"yes","toilets":null,"toilets:access":null,"toilets:wheelchair":null,"tourism":null,"url":null,"website":null,"website:menu":null,"wheelchair":null,"wifi":null},"geometry":{"type":"Point","coordinates":[-74.0586859,4.6507678]}},
{"type":"Feature","properties":{"fid":318,"id":"node/5015574025","@id":"node/5015574025","addr:city":null,"addr:country":null,"addr:door":null,"addr:floor":null,"addr:full":null,"addr:housename":null,"addr:housenumber":null,"addr:place":null,"addr:postcode":null,"addr:street":null,"addr:unit":null,"air_conditioning":null,"alt_name":null,"amenity":"cafe","baby_feeding":null,"bar":null,"branch":null,"brand":null,"brand:wikidata":null,"brand:wikipedia":null,"building":null,"capacity":null,"check_date":null,"check_date:opening_hours":null,"contact:facebook":null,"contact:instagram":null,"contact:website":null,"contact:whatsapp":null,"cuisine":null,"currency:XBT":null,"delivery":null,"description":null,"diet:gluten_free":null,"diet:organic":null,"diet:vegan":null,"diet:vegetarian":null,"dog":null,"drink:espresso":null,"drink:filter_coffee":null,"drive_through":null,"email":null,"fixme":null,"floor":null,"indoor":null,"indoor_seating":null,"internet_access":null,"internet_access:fee":null,"internet_access:ssid":null,"level":null,"location":null,"name":null,"name:de":null,"name:en":null,"name:es":null,"name:fr":null,"note:opening_hours":null,"official_name":null,"opening_hours":null,"opening_hours:es":null,"opening_hours:signed":null,"operator":null,"outdoor_seating":null,"payment:app":null,"payment:apple_pay":null,"payment:cards":null,"payment:cash":null,"payment:contactless":null,"payment:credit_cards":null,"payment:debit_cards":null,"payment:google_pay":null,"payment:lightning":null,"payment:lightning_contactless":null,"payment:onchain":null,"pets":null,"phone":null,"service:electricity":null,"shop":null,"smoking":null,"source":null,"takeaway":null,"toilets":null,"toilets:access":null,"toilets:wheelchair":null,"tourism":null,"url":null,"website":null,"website:menu":null,"wheelchair":null,"wifi":null},"geometry":{"type":"Point","coordinates":[-74.0747303,4.5995275]}},
{"type":"Feature","properties":{"fid":320,"id":"node/5015574142","@id":"node/5015574142","addr:city":null,"addr:country":null,"addr:door":null,"addr:floor":null,"addr:full":null,"addr:housename":null,"addr:housenumber":null,"addr:place":null,"addr:postcode":null,"addr:street":null,"addr:unit":null,"air_conditioning":null,"alt_name":null,"amenity":"cafe","baby_feeding":null,"bar":null,"branch":null,"brand":null,"brand:wikidata":null,"brand:wikipedia":null,"building":null,"capacity":null,"check_date":"2025-02-08","check_date:opening_hours":null,"contact:facebook":null,"contact:instagram":null,"contact:website":null,"contact:whatsapp":null,"cuisine":null,"currency:XBT":null,"delivery":null,"description":null,"diet:gluten_free":null,"diet:organic":null,"diet:vegan":null,"diet:vegetarian":null,"dog":null,"drink:espresso":null,"drink:filter_coffee":null,"drive_through":null,"email":null,"fixme":null,"floor":null,"indoor":null,"indoor_seating":null,"internet_access":null,"internet_access:fee":null,"internet_access:ssid":null,"level":null,"location":null,"name":"Cafe Pasaje","name:de":null,"name:en":null,"name:es":"Cafe Pasaje","name:fr":null,"note:opening_hours":null,"official_name":null,"opening_hours":null,"opening_hours:es":null,"opening_hours:signed":null,"operator":null,"outdoor_seating":"yes","payment:app":null,"payment:apple_pay":null,"payment:cards":null,"payment:cash":null,"payment:contactless":null,"payment:credit_cards":"yes","payment:debit_cards":"yes","payment:google_pay":null,"payment:lightning":null,"payment:lightning_contactless":null,"payment:onchain":null,"pets":null,"phone":null,"service:electricity":null,"shop":null,"smoking":null,"source":null,"takeaway":null,"toilets":null,"toilets:access":null,"toilets:wheelchair":null,"tourism":null,"url":null,"website":null,"website:menu":null,"wheelchair":"yes","wifi":null},"geometry":{"type":"Point","coordinates":[-74.0731737,4.6008864]}},
{"type":"Feature","properties":{"fid":326,"id":"node/5028843316","@id":"node/5028843316","addr:city":null,"addr:country":null,"addr:door":null,"addr:floor":null,"addr:full":null,"addr:housename":null,"addr:housenumber":null,"addr:place":null,"addr:postcode":null,"addr:street":null,"addr:unit":null,"air_conditioning":null,"alt_name":null,"amenity":"cafe","baby_feeding":null,"bar":null,"branch":null,"brand":"Café OMA","brand:wikidata":"Q108929487","brand:wikipedia":null,"building":null,"capacity":null,"check_date":null,"check_date:opening_hours":null,"contact:facebook":null,"contact:instagram":null,"contact:website":null,"contact:whatsapp":null,"cuisine":"coffee_shop","currency:XBT":null,"delivery":null,"description":null,"diet:gluten_free":null,"diet:organic":null,"diet:vegan":null,"diet:vegetarian":null,"dog":null,"drink:espresso":null,"drink:filter_coffee":null,"drive_through":null,"email":null,"fixme":null,"floor":null,"indoor":null,"indoor_seating":null,"internet_access":null,"internet_access:fee":null,"internet_access:ssid":null,"level":null,"location":null,"name":"Café OMA","name:de":null,"name:en":null,"name:es":null,"name:fr":null,"note:opening_hours":null,"official_name":null,"opening_hours":null,"opening_hours:es":null,"opening_hours:signed":null,"operator":null,"outdoor_seating":null,"payment:app":null,"payment:apple_pay":null,"payment:cards":null,"payment:cash":null,"payment:contactless":null,"payment:credit_cards":null,"payment:debit_cards":null,"payment:google_pay":null,"payment:lightning":null,"payment:lightning_contactless":null,"payment:onchain":null,"pets":null,"phone":null,"service:electricity":null,"shop":null,"smoking":null,"source":null,"takeaway":"yes","toilets":null,"toilets:access":null,"toilets:wheelchair":null,"tourism":null,"url":null,"website":null,"website:menu":null,"wheelchair":null,"wifi":null},"geometry":{"type":"Point","coordinates":[-74.0677343,4.6187581]}},
{"type":"Feature","properties":{"fid":340,"id":"node/5119953586","@id":"node/5119953586","addr:city":null,"addr:country":null,"addr:door":null,"addr:floor":null,"addr:full":null,"addr:housename":null,"addr:housenumber":null,"addr:place":null,"addr:postcode":null,"addr:street":"Avenida Calle 161","addr:unit":null,"air_conditioning":null,"alt_name":null,"amenity":"cafe","baby_feeding":null,"bar":null,"branch":null,"brand":null,"brand:wikidata":null,"brand:wikipedia":null,"building":null,"capacity":null,"check_date":null,"check_date:opening_hours":null,"contact:facebook":null,"contact:instagram":null,"contact:website":null,"contact:whatsapp":null,"cuisine":null,"currency:XBT":null,"delivery":null,"description":null,"diet:gluten_free":null,"diet:organic":null,"diet:vegan":null,"diet:vegetarian":null,"dog":null,"drink:espresso":null,"drink:filter_coffee":null,"drive_through":null,"email":null,"fixme":null,"floor":null,"indoor":null,"indoor_seating":null,"internet_access":null,"internet_access:fee":null,"internet_access:ssid":null,"level":null,"location":null,"name":"El Recinto","name:de":null,"name:en":null,"name:es":null,"name:fr":null,"note:opening_hours":null,"official_name":null,"opening_hours":null,"opening_hours:es":null,"opening_hours:signed":null,"operator":null,"outdoor_seating":null,"payment:app":null,"payment:apple_pay":null,"payment:cards":null,"payment:cash":null,"payment:contactless":null,"payment:credit_cards":null,"payment:debit_cards":null,"payment:google_pay":null,"payment:lightning":null,"payment:lightning_contactless":null,"payment:onchain":null,"pets":null,"phone":null,"service:electricity":null,"shop":null,"smoking":null,"source":"Kaart Ground Survey 2017","takeaway":null,"toilets":null,"toilets:access":null,"toilets:wheelchair":null,"tourism":null,"url":null,"website":null,"website:menu":null,"wheelchair":null,"wifi":null},"geometry":{"type":"Point","coordinates":[-74.0453412,4.7414878]}},
{"type":"Feature","properties":{"fid":341,"id":"node/5120320724","@id":"node/5120320724","addr:city":null,"addr:country":null,"addr:door":null,"addr:floor":null,"addr:full":null,"addr:housename":null,"addr:housenumber":null,"addr:place":null,"addr:postcode":null,"addr:street":"Avenida Calle 161","addr:unit":null,"air_conditioning":null,"alt_name":null,"amenity":"cafe","baby_feeding":null,"bar":null,"branch":null,"brand":"Tostao’","brand:wikidata":"Q60632476","brand:wikipedia":null,"building":null,"capacity":null,"check_date":null,"check_date:opening_hours":null,"contact:facebook":null,"contact:instagram":null,"contact:website":null,"contact:whatsapp":null,"cuisine":"coffee_shop","currency:XBT":null,"delivery":null,"description":null,"diet:gluten_free":null,"diet:organic":null,"diet:vegan":null,"diet:vegetarian":null,"dog":null,"drink:espresso":null,"drink:filter_coffee":null,"drive_through":null,"email":null,"fixme":null,"floor":null,"indoor":null,"indoor_seating":null,"internet_access":null,"internet_access:fee":null,"internet_access:ssid":null,"level":null,"location":null,"name":"Tostao’","name:de":null,"name:en":null,"name:es":"Tostao’","name:fr":null,"note:opening_hours":null,"official_name":"TOSTAO’ Café & Pan","opening_hours":null,"opening_hours:es":null,"opening_hours:signed":null,"operator":null,"outdoor_seating":null,"payment:app":null,"payment:apple_pay":null,"payment:cards":null,"payment:cash":null,"payment:contactless":null,"payment:credit_cards":null,"payment:debit_cards":null,"payment:google_pay":null,"payment:lightning":null,"payment:lightning_contactless":null,"payment:onchain":null,"pets":null,"phone":null,"service:electricity":null,"shop":"bakery","smoking":null,"source":"Kaart Ground Survey 2017","takeaway":"yes","toilets":null,"toilets:access":null,"toilets:wheelchair":null,"tourism":null,"url":null,"website":null,"website:menu":null,"wheelchair":null,"wifi":null},"geometry":{"type":"Point","coordinates":[-74.044716,4.7409716]}},
{"type":"Feature","properties":{"fid":345,"id":"node/5125660873","@id":"node/5125660873","addr:city":null,"addr:country":null,"addr:door":null,"addr:floor":null,"addr:full":null,"addr:housename":null,"addr:housenumber":null,"addr:place":null,"addr:postcode":null,"addr:street":null,"addr:unit":null,"air_conditioning":null,"alt_name":null,"amenity":"cafe","baby_feeding":null,"bar":null,"branch":null,"brand":null,"brand:wikidata":null,"brand:wikipedia":null,"building":null,"capacity":null,"check_date":null,"check_date:opening_hours":null,"contact:facebook":null,"contact:instagram":null,"contact:website":null,"contact:whatsapp":null,"cuisine":null,"currency:XBT":null,"delivery":null,"description":null,"diet:gluten_free":null,"diet:organic":null,"diet:vegan":null,"diet:vegetarian":null,"dog":null,"drink:espresso":null,"drink:filter_coffee":null,"drive_through":null,"email":null,"fixme":null,"floor":null,"indoor":null,"indoor_seating":null,"internet_access":null,"internet_access:fee":null,"internet_access:ssid":null,"level":null,"location":null,"name":"yolari","name:de":null,"name:en":null,"name:es":null,"name:fr":null,"note:opening_hours":null,"official_name":null,"opening_hours":null,"opening_hours:es":null,"opening_hours:signed":null,"operator":null,"outdoor_seating":null,"payment:app":null,"payment:apple_pay":null,"payment:cards":null,"payment:cash":null,"payment:contactless":null,"payment:credit_cards":null,"payment:debit_cards":null,"payment:google_pay":null,"payment:lightning":null,"payment:lightning_contactless":null,"payment:onchain":null,"pets":null,"phone":null,"service:electricity":null,"shop":null,"smoking":null,"source":null,"takeaway":null,"toilets":null,"toilets:access":null,"toilets:wheelchair":null,"tourism":null,"url":null,"website":null,"website:menu":null,"wheelchair":null,"wifi":null},"geometry":{"type":"Point","coordinates":[-74.0710633,4.6330193]}},
{"type":"Feature","properties":{"fid":346,"id":"node/5129547931","@id":"node/5129547931","addr:city":null,"addr:country":null,"addr:door":null,"addr:floor":null,"addr:full":null,"addr:housename":null,"addr:housenumber":null,"addr:place":null,"addr:postcode":null,"addr:street":"Avenida Carrera 19","addr:unit":null,"air_conditioning":null,"alt_name":null,"amenity":"cafe","baby_feeding":null,"bar":null,"branch":null,"brand":null,"brand:wikidata":null,"brand:wikipedia":null,"building":null,"capacity":null,"check_date":null,"check_date:opening_hours":null,"contact:facebook":null,"contact:instagram":null,"contact:website":null,"contact:whatsapp":null,"cuisine":null,"currency:XBT":null,"delivery":null,"description":null,"diet:gluten_free":null,"diet:organic":null,"diet:vegan":null,"diet:vegetarian":null,"dog":null,"drink:espresso":null,"drink:filter_coffee":null,"drive_through":null,"email":null,"fixme":null,"floor":null,"indoor":null,"indoor_seating":null,"internet_access":null,"internet_access:fee":null,"internet_access:ssid":null,"level":null,"location":null,"name":"Margantas","name:de":null,"name:en":null,"name:es":null,"name:fr":null,"note:opening_hours":null,"official_name":null,"opening_hours":null,"opening_hours:es":null,"opening_hours:signed":null,"operator":null,"outdoor_seating":null,"payment:app":null,"payment:apple_pay":null,"payment:cards":null,"payment:cash":null,"payment:contactless":null,"payment:credit_cards":null,"payment:debit_cards":null,"payment:google_pay":null,"payment:lightning":null,"payment:lightning_contactless":null,"payment:onchain":null,"pets":null,"phone":null,"service:electricity":null,"shop":null,"smoking":null,"source":"Kaart Ground Survey 2017","takeaway":null,"toilets":null,"toilets:access":null,"toilets:wheelchair":null,"tourism":null,"url":null,"website":null,"website:menu":null,"wheelchair":null,"wifi":null},"geometry":{"type":"Point","coordinates":[-74.0436063,4.7380759]}},
{"type":"Feature","properties":{"fid":347,"id":"node/5131687460","@id":"node/5131687460","addr:city":null,"addr:country":null,"addr:door":null,"addr:floor":null,"addr:full":null,"addr:housename":null,"addr:housenumber":null,"addr:place":null,"addr:postcode":null,"addr:street":"Avenida Pepe Sierra - Calle 116","addr:unit":null,"air_conditioning":null,"alt_name":null,"amenity":"cafe","baby_feeding":null,"bar":null,"branch":null,"brand":"Starbucks","brand:wikidata":"Q37158","brand:wikipedia":"en:Starbucks","building":null,"capacity":null,"check_date":null,"check_date:opening_hours":null,"contact:facebook":null,"contact:instagram":null,"contact:website":null,"contact:whatsapp":null,"cuisine":"coffee_shop","currency:XBT":null,"delivery":null,"description":null,"diet:gluten_free":null,"diet:organic":null,"diet:vegan":null,"diet:vegetarian":null,"dog":null,"drink:espresso":null,"drink:filter_coffee":null,"drive_through":null,"email":null,"fixme":null,"floor":null,"indoor":null,"indoor_seating":null,"internet_access":null,"internet_access:fee":null,"internet_access:ssid":null,"level":null,"location":null,"name":"Starbucks","name:de":null,"name:en":null,"name:es":null,"name:fr":null,"note:opening_hours":null,"official_name":"Starbucks Coffee","opening_hours":null,"opening_hours:es":null,"opening_hours:signed":null,"operator":null,"outdoor_seating":null,"payment:app":null,"payment:apple_pay":null,"payment:cards":null,"payment:cash":null,"payment:contactless":null,"payment:credit_cards":null,"payment:debit_cards":null,"payment:google_pay":null,"payment:lightning":null,"payment:lightning_contactless":null,"payment:onchain":null,"pets":null,"phone":null,"service:electricity":null,"shop":null,"smoking":null,"source":"Kaart Ground Survey 2017","takeaway":"yes","toilets":null,"toilets:access":null,"toilets:wheelchair":null,"tourism":null,"url":null,"website":null,"website:menu":null,"wheelchair":null,"wifi":null},"geometry":{"type":"Point","coordinates":[-74.046399,4.6972069]}},
{"type":"Feature","properties":{"fid":348,"id":"node/5131736718","@id":"node/5131736718","addr:city":null,"addr:country":null,"addr:door":null,"addr:floor":null,"addr:full":null,"addr:housename":null,"addr:housenumber":null,"addr:place":null,"addr:postcode":null,"addr:street":"Carrera 11","addr:unit":null,"air_conditioning":null,"alt_name":null,"amenity":"cafe","baby_feeding":null,"bar":null,"branch":null,"brand":"Starbucks","brand:wikidata":"Q37158","brand:wikipedia":"en:Starbucks","building":null,"capacity":null,"check_date":null,"check_date:opening_hours":null,"contact:facebook":null,"contact:instagram":null,"contact:website":null,"contact:whatsapp":null,"cuisine":"coffee_shop","currency:XBT":null,"delivery":null,"description":null,"diet:gluten_free":null,"diet:organic":null,"diet:vegan":null,"diet:vegetarian":null,"dog":null,"drink:espresso":null,"drink:filter_coffee":null,"drive_through":null,"email":null,"fixme":null,"floor":null,"indoor":null,"indoor_seating":null,"internet_access":null,"internet_access:fee":null,"internet_access:ssid":null,"level":null,"location":null,"name":"Starbucks","name:de":null,"name:en":null,"name:es":null,"name:fr":null,"note:opening_hours":null,"official_name":"Starbucks Coffee","opening_hours":null,"opening_hours:es":null,"opening_hours:signed":null,"operator":null,"outdoor_seating":null,"payment:app":null,"payment:apple_pay":null,"payment:cards":null,"payment:cash":null,"payment:contactless":null,"payment:credit_cards":null,"payment:debit_cards":null,"payment:google_pay":null,"payment:lightning":null,"payment:lightning_contactless":null,"payment:onchain":null,"pets":null,"phone":null,"service:electricity":null,"shop":null,"smoking":null,"source":"Kaart Ground Survey 2017","takeaway":"yes","toilets":null,"toilets:access":null,"toilets:wheelchair":null,"tourism":null,"url":null,"website":null,"website:menu":null,"wheelchair":null,"wifi":null},"geometry":{"type":"Point","coordinates":[-74.0454802,4.6780933]}},
{"type":"Feature","properties":{"fid":350,"id":"node/5131833949","@id":"node/5131833949","addr:city":null,"addr:country":null,"addr:door":null,"addr:floor":null,"addr:full":null,"addr:housename":null,"addr:housenumber":null,"addr:place":null,"addr:postcode":null,"addr:street":"Carrera 11","addr:unit":null,"air_conditioning":null,"alt_name":null,"amenity":"cafe","baby_feeding":null,"bar":null,"branch":null,"brand":null,"brand:wikidata":null,"brand:wikipedia":null,"building":null,"capacity":null,"check_date":null,"check_date:opening_hours":null,"contact:facebook":null,"contact:instagram":null,"contact:website":null,"contact:whatsapp":null,"cuisine":null,"currency:XBT":null,"delivery":null,"description":null,"diet:gluten_free":null,"diet:organic":null,"diet:vegan":null,"diet:vegetarian":null,"dog":null,"drink:espresso":null,"drink:filter_coffee":null,"drive_through":null,"email":null,"fixme":null,"floor":null,"indoor":null,"indoor_seating":null,"internet_access":null,"internet_access:fee":null,"internet_access:ssid":null,"level":null,"location":null,"name":"El Chócolo","name:de":null,"name:en":null,"name:es":null,"name:fr":null,"note:opening_hours":null,"official_name":null,"opening_hours":null,"opening_hours:es":null,"opening_hours:signed":null,"operator":null,"outdoor_seating":null,"payment:app":null,"payment:apple_pay":null,"payment:cards":null,"payment:cash":null,"payment:contactless":null,"payment:credit_cards":null,"payment:debit_cards":null,"payment:google_pay":null,"payment:lightning":null,"payment:lightning_contactless":null,"payment:onchain":null,"pets":null,"phone":null,"service:electricity":null,"shop":null,"smoking":null,"source":"Kaart Ground Survey 2017","takeaway":null,"toilets":null,"toilets:access":null,"toilets:wheelchair":null,"tourism":null,"url":null,"website":null,"website:menu":null,"wheelchair":null,"wifi":null},"geometry":{"type":"Point","coordinates":[-74.0445652,4.6806762]}},
{"type":"Feature","properties":{"fid":351,"id":"node/5131876320","@id":"node/5131876320","addr:city":null,"addr:country":null,"addr:door":null,"addr:floor":null,"addr:full":null,"addr:housename":null,"addr:housenumber":null,"addr:place":null,"addr:postcode":null,"addr:street":"Carrera 11","addr:unit":null,"air_conditioning":null,"alt_name":null,"amenity":"cafe","baby_feeding":null,"bar":null,"branch":null,"brand":null,"brand:wikidata":null,"brand:wikipedia":null,"building":null,"capacity":null,"check_date":null,"check_date:opening_hours":null,"contact:facebook":null,"contact:instagram":null,"contact:website":null,"contact:whatsapp":null,"cuisine":null,"currency:XBT":null,"delivery":null,"description":null,"diet:gluten_free":null,"diet:organic":null,"diet:vegan":null,"diet:vegetarian":null,"dog":null,"drink:espresso":null,"drink:filter_coffee":null,"drive_through":null,"email":null,"fixme":null,"floor":null,"indoor":null,"indoor_seating":null,"internet_access":null,"internet_access:fee":null,"internet_access:ssid":null,"level":null,"location":null,"name":"Cafeteria Andina","name:de":null,"name:en":null,"name:es":null,"name:fr":null,"note:opening_hours":null,"official_name":null,"opening_hours":null,"opening_hours:es":null,"opening_hours:signed":null,"operator":null,"outdoor_seating":null,"payment:app":null,"payment:apple_pay":null,"payment:cards":null,"payment:cash":null,"payment:contactless":null,"payment:credit_cards":null,"payment:debit_cards":null,"payment:google_pay":null,"payment:lightning":null,"payment:lightning_contactless":null,"payment:onchain":null,"pets":null,"phone":null,"service:electricity":null,"shop":null,"smoking":null,"source":"Kaart Ground Survey 2017","takeaway":null,"toilets":null,"toilets:access":null,"toilets:wheelchair":null,"tourism":null,"url":null,"website":null,"website:menu":null,"wheelchair":null,"wifi":null},"geometry":{"type":"Point","coordinates":[-74.045509,4.6788234]}},
{"type":"Feature","properties":{"fid":352,"id":"node/5131891138","@id":"node/5131891138","addr:city":null,"addr:country":null,"addr:door":null,"addr:floor":null,"addr:full":null,"addr:housename":null,"addr:housenumber":null,"addr:place":null,"addr:postcode":null,"addr:street":"Avenida Calle 116","addr:unit":null,"air_conditioning":null,"alt_name":null,"amenity":"cafe","baby_feeding":null,"bar":null,"branch":null,"brand":null,"brand:wikidata":null,"brand:wikipedia":null,"building":null,"capacity":null,"check_date":null,"check_date:opening_hours":null,"contact:facebook":null,"contact:instagram":null,"contact:website":null,"contact:whatsapp":null,"cuisine":null,"currency:XBT":null,"delivery":null,"description":null,"diet:gluten_free":null,"diet:organic":null,"diet:vegan":null,"diet:vegetarian":null,"dog":null,"drink:espresso":null,"drink:filter_coffee":null,"drive_through":null,"email":null,"fixme":null,"floor":null,"indoor":null,"indoor_seating":null,"internet_access":null,"internet_access:fee":null,"internet_access:ssid":null,"level":null,"location":null,"name":"Doña Dicha","name:de":null,"name:en":null,"name:es":null,"name:fr":null,"note:opening_hours":null,"official_name":null,"opening_hours":null,"opening_hours:es":null,"opening_hours:signed":null,"operator":null,"outdoor_seating":null,"payment:app":null,"payment:apple_pay":null,"payment:cards":null,"payment:cash":null,"payment:contactless":null,"payment:credit_cards":null,"payment:debit_cards":null,"payment:google_pay":null,"payment:lightning":null,"payment:lightning_contactless":null,"payment:onchain":null,"pets":null,"phone":null,"service:electricity":null,"shop":null,"smoking":null,"source":"Kaart Ground Survey 2017","takeaway":null,"toilets":null,"toilets:access":null,"toilets:wheelchair":null,"tourism":null,"url":null,"website":null,"website:menu":null,"wheelchair":null,"wifi":null},"geometry":{"type":"Point","coordinates":[-74.044754,4.6972945]}},
{"type":"Feature","properties":{"fid":353,"id":"node/5132051065","@id":"node/5132051065","addr:city":null,"addr:country":null,"addr:door":null,"addr:floor":null,"addr:full":null,"addr:housename":null,"addr:housenumber":null,"addr:place":null,"addr:postcode":null,"addr:street":"Carrera 11","addr:unit":null,"air_conditioning":null,"alt_name":null,"amenity":"cafe","baby_feeding":null,"bar":null,"branch":null,"brand":null,"brand:wikidata":null,"brand:wikipedia":null,"building":null,"capacity":null,"check_date":null,"check_date:opening_hours":null,"contact:facebook":null,"contact:instagram":null,"contact:website":null,"contact:whatsapp":null,"cuisine":null,"currency:XBT":null,"delivery":null,"description":null,"diet:gluten_free":null,"diet:organic":null,"diet:vegan":null,"diet:vegetarian":null,"dog":null,"drink:espresso":null,"drink:filter_coffee":null,"drive_through":null,"email":null,"fixme":null,"floor":null,"indoor":null,"indoor_seating":null,"internet_access":null,"internet_access:fee":null,"internet_access:ssid":null,"level":null,"location":null,"name":"El Cafeta","name:de":null,"name:en":null,"name:es":null,"name:fr":null,"note:opening_hours":null,"official_name":null,"opening_hours":null,"opening_hours:es":null,"opening_hours:signed":null,"operator":null,"outdoor_seating":null,"payment:app":null,"payment:apple_pay":null,"payment:cards":null,"payment:cash":null,"payment:contactless":null,"payment:credit_cards":null,"payment:debit_cards":null,"payment:google_pay":null,"payment:lightning":null,"payment:lightning_contactless":null,"payment:onchain":null,"pets":null,"phone":null,"service:electricity":null,"shop":null,"smoking":null,"source":"Kaart Ground Survey 2017","takeaway":null,"toilets":null,"toilets:access":null,"toilets:wheelchair":null,"tourism":null,"url":null,"website":null,"website:menu":null,"wheelchair":null,"wifi":null},"geometry":{"type":"Point","coordinates":[-74.0595723,4.655812]}},
{"type":"Feature","properties":{"fid":354,"id":"node/5132141644","@id":"node/5132141644","addr:city":null,"addr:country":null,"addr:door":null,"addr:floor":null,"addr:full":null,"addr:housename":null,"addr:housenumber":"11-35","addr:place":null,"addr:postcode":null,"addr:street":"Calle 76","addr:unit":null,"air_conditioning":null,"alt_name":null,"amenity":"cafe","baby_feeding":null,"bar":null,"branch":null,"brand":null,"brand:wikidata":null,"brand:wikipedia":null,"building":null,"capacity":null,"check_date":"2025-02-15","check_date:opening_hours":null,"contact:facebook":null,"contact:instagram":null,"contact:website":null,"contact:whatsapp":null,"cuisine":null,"currency:XBT":null,"delivery":null,"description":null,"diet:gluten_free":null,"diet:organic":null,"diet:vegan":null,"diet:vegetarian":null,"dog":null,"drink:espresso":null,"drink:filter_coffee":null,"drive_through":null,"email":null,"fixme":null,"floor":null,"indoor":null,"indoor_seating":null,"internet_access":null,"internet_access:fee":null,"internet_access:ssid":null,"level":null,"location":null,"name":"Café Quindío","name:de":null,"name:en":null,"name:es":null,"name:fr":null,"note:opening_hours":null,"official_name":null,"opening_hours":null,"opening_hours:es":null,"opening_hours:signed":null,"operator":null,"outdoor_seating":"yes","payment:app":null,"payment:apple_pay":null,"payment:cards":null,"payment:cash":null,"payment:contactless":null,"payment:credit_cards":null,"payment:debit_cards":null,"payment:google_pay":null,"payment:lightning":null,"payment:lightning_contactless":null,"payment:onchain":null,"pets":null,"phone":null,"service:electricity":null,"shop":null,"smoking":null,"source":"Kaart Ground Survey 2017","takeaway":null,"toilets":null,"toilets:access":null,"toilets:wheelchair":null,"tourism":null,"url":null,"website":null,"website:menu":null,"wheelchair":null,"wifi":null},"geometry":{"type":"Point","coordinates":[-74.0564008,4.6608713]}},
{"type":"Feature","properties":{"fid":357,"id":"node/5133331943","@id":"node/5133331943","addr:city":null,"addr:country":null,"addr:door":null,"addr:floor":null,"addr:full":null,"addr:housename":null,"addr:housenumber":null,"addr:place":null,"addr:postcode":null,"addr:street":"Avenida Carrera 7","addr:unit":null,"air_conditioning":null,"alt_name":null,"amenity":"cafe","baby_feeding":null,"bar":null,"branch":null,"brand":"Tostao’","brand:wikidata":"Q60632476","brand:wikipedia":null,"building":null,"capacity":null,"check_date":null,"check_date:opening_hours":null,"contact:facebook":null,"contact:instagram":null,"contact:website":null,"contact:whatsapp":null,"cuisine":"coffee_shop","currency:XBT":null,"delivery":null,"description":null,"diet:gluten_free":null,"diet:organic":null,"diet:vegan":null,"diet:vegetarian":null,"dog":null,"drink:espresso":null,"drink:filter_coffee":null,"drive_through":null,"email":null,"fixme":null,"floor":null,"indoor":null,"indoor_seating":null,"internet_access":null,"internet_access:fee":null,"internet_access:ssid":null,"level":null,"location":null,"name":"Tostao’","name:de":null,"name:en":null,"name:es":"Tostao’","name:fr":null,"note:opening_hours":null,"official_name":"TOSTAO’ Café & Pan","opening_hours":null,"opening_hours:es":null,"opening_hours:signed":null,"operator":null,"outdoor_seating":null,"payment:app":null,"payment:apple_pay":null,"payment:cards":null,"payment:cash":null,"payment:contactless":null,"payment:credit_cards":null,"payment:debit_cards":null,"payment:google_pay":null,"payment:lightning":null,"payment:lightning_contactless":null,"payment:onchain":null,"pets":null,"phone":null,"service:electricity":null,"shop":null,"smoking":null,"source":"Kaart Ground Survey 2017","takeaway":"yes","toilets":null,"toilets:access":null,"toilets:wheelchair":null,"tourism":null,"url":null,"website":null,"website:menu":null,"wheelchair":null,"wifi":null},"geometry":{"type":"Point","coordinates":[-74.055124,4.6559042]}},
{"type":"Feature","properties":{"fid":358,"id":"node/5133392980","@id":"node/5133392980","addr:city":null,"addr:country":null,"addr:door":null,"addr:floor":null,"addr:full":null,"addr:housename":null,"addr:housenumber":null,"addr:place":null,"addr:postcode":null,"addr:street":null,"addr:unit":null,"air_conditioning":null,"alt_name":null,"amenity":"cafe","baby_feeding":null,"bar":null,"branch":null,"brand":null,"brand:wikidata":null,"brand:wikipedia":null,"building":null,"capacity":null,"check_date":"2026-05-17","check_date:opening_hours":null,"contact:facebook":null,"contact:instagram":null,"contact:website":null,"contact:whatsapp":null,"cuisine":null,"currency:XBT":null,"delivery":null,"description":null,"diet:gluten_free":null,"diet:organic":null,"diet:vegan":null,"diet:vegetarian":null,"dog":null,"drink:espresso":null,"drink:filter_coffee":null,"drive_through":null,"email":null,"fixme":null,"floor":null,"indoor":null,"indoor_seating":null,"internet_access":null,"internet_access:fee":null,"internet_access:ssid":null,"level":null,"location":null,"name":"Tactica","name:de":null,"name:en":null,"name:es":null,"name:fr":null,"note:opening_hours":null,"official_name":null,"opening_hours":null,"opening_hours:es":null,"opening_hours:signed":null,"operator":null,"outdoor_seating":null,"payment:app":null,"payment:apple_pay":null,"payment:cards":null,"payment:cash":null,"payment:contactless":null,"payment:credit_cards":null,"payment:debit_cards":null,"payment:google_pay":null,"payment:lightning":null,"payment:lightning_contactless":null,"payment:onchain":null,"pets":null,"phone":null,"service:electricity":null,"shop":null,"smoking":null,"source":null,"takeaway":null,"toilets":null,"toilets:access":null,"toilets:wheelchair":null,"tourism":null,"url":null,"website":null,"website:menu":null,"wheelchair":"limited","wifi":null},"geometry":{"type":"Point","coordinates":[-74.0531845,4.6581249]}},
{"type":"Feature","properties":{"fid":361,"id":"node/5133516496","@id":"node/5133516496","addr:city":null,"addr:country":null,"addr:door":null,"addr:floor":null,"addr:full":null,"addr:housename":null,"addr:housenumber":null,"addr:place":null,"addr:postcode":null,"addr:street":"Avenida Carrera 7","addr:unit":null,"air_conditioning":null,"alt_name":null,"amenity":"cafe","baby_feeding":null,"bar":null,"branch":null,"brand":null,"brand:wikidata":null,"brand:wikipedia":null,"building":null,"capacity":null,"check_date":null,"check_date:opening_hours":null,"contact:facebook":null,"contact:instagram":null,"contact:website":null,"contact:whatsapp":null,"cuisine":null,"currency:XBT":null,"delivery":null,"description":null,"diet:gluten_free":null,"diet:organic":null,"diet:vegan":null,"diet:vegetarian":null,"dog":null,"drink:espresso":null,"drink:filter_coffee":null,"drive_through":null,"email":null,"fixme":"name","floor":null,"indoor":null,"indoor_seating":null,"internet_access":null,"internet_access:fee":null,"internet_access:ssid":null,"level":null,"location":null,"name":null,"name:de":null,"name:en":null,"name:es":null,"name:fr":null,"note:opening_hours":null,"official_name":null,"opening_hours":null,"opening_hours:es":null,"opening_hours:signed":null,"operator":null,"outdoor_seating":null,"payment:app":null,"payment:apple_pay":null,"payment:cards":null,"payment:cash":null,"payment:contactless":null,"payment:credit_cards":null,"payment:debit_cards":null,"payment:google_pay":null,"payment:lightning":null,"payment:lightning_contactless":null,"payment:onchain":null,"pets":null,"phone":null,"service:electricity":null,"shop":null,"smoking":null,"source":"Kaart Ground Survey 2017","takeaway":null,"toilets":null,"toilets:access":null,"toilets:wheelchair":null,"tourism":null,"url":null,"website":null,"website:menu":null,"wheelchair":null,"wifi":null},"geometry":{"type":"Point","coordinates":[-74.0618597,4.6446773]}},
{"type":"Feature","properties":{"fid":363,"id":"node/5133523924","@id":"node/5133523924","addr:city":null,"addr:country":null,"addr:door":null,"addr:floor":null,"addr:full":null,"addr:housename":null,"addr:housenumber":null,"addr:place":null,"addr:postcode":null,"addr:street":"Avenida Carrera 7","addr:unit":null,"air_conditioning":null,"alt_name":null,"amenity":"cafe","baby_feeding":null,"bar":null,"branch":null,"brand":null,"brand:wikidata":null,"brand:wikipedia":null,"building":null,"capacity":null,"check_date":null,"check_date:opening_hours":null,"contact:facebook":null,"contact:instagram":null,"contact:website":null,"contact:whatsapp":null,"cuisine":null,"currency:XBT":null,"delivery":null,"description":null,"diet:gluten_free":null,"diet:organic":null,"diet:vegan":null,"diet:vegetarian":null,"dog":null,"drink:espresso":null,"drink:filter_coffee":null,"drive_through":null,"email":null,"fixme":null,"floor":null,"indoor":null,"indoor_seating":null,"internet_access":null,"internet_access:fee":null,"internet_access:ssid":null,"level":null,"location":null,"name":"Treffen","name:de":null,"name:en":null,"name:es":null,"name:fr":null,"note:opening_hours":null,"official_name":null,"opening_hours":null,"opening_hours:es":null,"opening_hours:signed":null,"operator":null,"outdoor_seating":null,"payment:app":null,"payment:apple_pay":null,"payment:cards":null,"payment:cash":null,"payment:contactless":null,"payment:credit_cards":null,"payment:debit_cards":null,"payment:google_pay":null,"payment:lightning":null,"payment:lightning_contactless":null,"payment:onchain":null,"pets":null,"phone":null,"service:electricity":null,"shop":"yes","smoking":null,"source":"Kaart Ground Survey 2017","takeaway":null,"toilets":null,"toilets:access":null,"toilets:wheelchair":null,"tourism":null,"url":null,"website":null,"website:menu":null,"wheelchair":null,"wifi":null},"geometry":{"type":"Point","coordinates":[-74.0623255,4.6423547]}},
{"type":"Feature","properties":{"fid":366,"id":"node/5133564811","@id":"node/5133564811","addr:city":null,"addr:country":null,"addr:door":null,"addr:floor":null,"addr:full":null,"addr:housename":null,"addr:housenumber":null,"addr:place":null,"addr:postcode":null,"addr:street":"Avenida Carrera 7","addr:unit":null,"air_conditioning":null,"alt_name":null,"amenity":"cafe","baby_feeding":null,"bar":null,"branch":null,"brand":null,"brand:wikidata":null,"brand:wikipedia":null,"building":null,"capacity":null,"check_date":null,"check_date:opening_hours":"2024-01-30","contact:facebook":null,"contact:instagram":null,"contact:website":null,"contact:whatsapp":null,"cuisine":null,"currency:XBT":null,"delivery":null,"description":null,"diet:gluten_free":null,"diet:organic":null,"diet:vegan":null,"diet:vegetarian":null,"dog":null,"drink:espresso":null,"drink:filter_coffee":null,"drive_through":null,"email":null,"fixme":null,"floor":null,"indoor":null,"indoor_seating":null,"internet_access":null,"internet_access:fee":null,"internet_access:ssid":null,"level":null,"location":null,"name":"Cigarreria los Pinos","name:de":null,"name:en":null,"name:es":null,"name:fr":null,"note:opening_hours":null,"official_name":null,"opening_hours":null,"opening_hours:es":null,"opening_hours:signed":"no","operator":null,"outdoor_seating":null,"payment:app":null,"payment:apple_pay":null,"payment:cards":null,"payment:cash":null,"payment:contactless":null,"payment:credit_cards":null,"payment:debit_cards":null,"payment:google_pay":null,"payment:lightning":null,"payment:lightning_contactless":null,"payment:onchain":null,"pets":null,"phone":null,"service:electricity":null,"shop":null,"smoking":null,"source":"Kaart Ground Survey 2017","takeaway":null,"toilets":null,"toilets:access":null,"toilets:wheelchair":null,"tourism":null,"url":null,"website":null,"website:menu":null,"wheelchair":null,"wifi":null},"geometry":{"type":"Point","coordinates":[-74.0635278,4.6375096]}},
{"type":"Feature","properties":{"fid":367,"id":"node/5133566102","@id":"node/5133566102","addr:city":null,"addr:country":null,"addr:door":null,"addr:floor":null,"addr:full":null,"addr:housename":null,"addr:housenumber":"66-00","addr:place":null,"addr:postcode":null,"addr:street":"Carrera 11","addr:unit":null,"air_conditioning":null,"alt_name":null,"amenity":"cafe","baby_feeding":null,"bar":null,"branch":null,"brand":null,"brand:wikidata":null,"brand:wikipedia":null,"building":null,"capacity":null,"check_date":null,"check_date:opening_hours":null,"contact:facebook":null,"contact:instagram":null,"contact:website":null,"contact:whatsapp":null,"cuisine":null,"currency:XBT":null,"delivery":null,"description":null,"diet:gluten_free":null,"diet:organic":null,"diet:vegan":null,"diet:vegetarian":null,"dog":null,"drink:espresso":null,"drink:filter_coffee":null,"drive_through":null,"email":null,"fixme":null,"floor":null,"indoor":null,"indoor_seating":null,"internet_access":null,"internet_access:fee":null,"internet_access:ssid":null,"level":null,"location":null,"name":"Mazza","name:de":null,"name:en":null,"name:es":null,"name:fr":null,"note:opening_hours":null,"official_name":null,"opening_hours":null,"opening_hours:es":null,"opening_hours:signed":null,"operator":null,"outdoor_seating":null,"payment:app":null,"payment:apple_pay":null,"payment:cards":null,"payment:cash":null,"payment:contactless":null,"payment:credit_cards":null,"payment:debit_cards":null,"payment:google_pay":null,"payment:lightning":null,"payment:lightning_contactless":null,"payment:onchain":null,"pets":null,"phone":null,"service:electricity":null,"shop":null,"smoking":null,"source":"Kaart Ground Survey 2017","takeaway":null,"toilets":null,"toilets:access":null,"toilets:wheelchair":null,"tourism":null,"url":null,"website":null,"website:menu":null,"wheelchair":null,"wifi":null},"geometry":{"type":"Point","coordinates":[-74.0616728,4.6520322]}},
{"type":"Feature","properties":{"fid":368,"id":"node/5133590207","@id":"node/5133590207","addr:city":null,"addr:country":null,"addr:door":null,"addr:floor":null,"addr:full":null,"addr:housename":null,"addr:housenumber":null,"addr:place":null,"addr:postcode":null,"addr:street":"Avenida Carrera 7","addr:unit":null,"air_conditioning":null,"alt_name":null,"amenity":"cafe","baby_feeding":null,"bar":null,"branch":null,"brand":null,"brand:wikidata":null,"brand:wikipedia":null,"building":null,"capacity":null,"check_date":null,"check_date:opening_hours":null,"contact:facebook":null,"contact:instagram":null,"contact:website":null,"contact:whatsapp":null,"cuisine":null,"currency:XBT":null,"delivery":null,"description":null,"diet:gluten_free":null,"diet:organic":null,"diet:vegan":null,"diet:vegetarian":null,"dog":null,"drink:espresso":null,"drink:filter_coffee":null,"drive_through":null,"email":null,"fixme":null,"floor":null,"indoor":null,"indoor_seating":null,"internet_access":null,"internet_access:fee":null,"internet_access:ssid":null,"level":null,"location":null,"name":"Time Cafe & Snacks","name:de":null,"name:en":null,"name:es":null,"name:fr":null,"note:opening_hours":null,"official_name":null,"opening_hours":null,"opening_hours:es":null,"opening_hours:signed":null,"operator":null,"outdoor_seating":null,"payment:app":null,"payment:apple_pay":null,"payment:cards":null,"payment:cash":null,"payment:contactless":null,"payment:credit_cards":null,"payment:debit_cards":null,"payment:google_pay":null,"payment:lightning":null,"payment:lightning_contactless":null,"payment:onchain":null,"pets":null,"phone":null,"service:electricity":null,"shop":null,"smoking":null,"source":"Kaart Ground Survey 2017","takeaway":null,"toilets":null,"toilets:access":null,"toilets:wheelchair":null,"tourism":null,"url":null,"website":null,"website:menu":null,"wheelchair":null,"wifi":null},"geometry":{"type":"Point","coordinates":[-74.0642013,4.6320741]}},
{"type":"Feature","properties":{"fid":370,"id":"node/5133681599","@id":"node/5133681599","addr:city":null,"addr:country":null,"addr:door":null,"addr:floor":null,"addr:full":null,"addr:housename":null,"addr:housenumber":null,"addr:place":null,"addr:postcode":null,"addr:street":"Calle 64","addr:unit":null,"air_conditioning":null,"alt_name":null,"amenity":"cafe","baby_feeding":null,"bar":null,"branch":null,"brand":null,"brand:wikidata":null,"brand:wikipedia":null,"building":null,"capacity":null,"check_date":null,"check_date:opening_hours":null,"contact:facebook":null,"contact:instagram":null,"contact:website":null,"contact:whatsapp":null,"cuisine":null,"currency:XBT":null,"delivery":null,"description":null,"diet:gluten_free":null,"diet:organic":null,"diet:vegan":null,"diet:vegetarian":null,"dog":null,"drink:espresso":null,"drink:filter_coffee":null,"drive_through":null,"email":null,"fixme":null,"floor":null,"indoor":null,"indoor_seating":null,"internet_access":null,"internet_access:fee":null,"internet_access:ssid":null,"level":null,"location":null,"name":"Merlot Cafe","name:de":null,"name:en":null,"name:es":null,"name:fr":null,"note:opening_hours":null,"official_name":null,"opening_hours":null,"opening_hours:es":null,"opening_hours:signed":null,"operator":null,"outdoor_seating":null,"payment:app":null,"payment:apple_pay":null,"payment:cards":null,"payment:cash":null,"payment:contactless":null,"payment:credit_cards":null,"payment:debit_cards":null,"payment:google_pay":null,"payment:lightning":null,"payment:lightning_contactless":null,"payment:onchain":null,"pets":null,"phone":null,"service:electricity":null,"shop":null,"smoking":null,"source":"Kaart Ground Survey 2017","takeaway":null,"toilets":null,"toilets:access":null,"toilets:wheelchair":null,"tourism":null,"url":null,"website":null,"website:menu":null,"wheelchair":null,"wifi":null},"geometry":{"type":"Point","coordinates":[-74.0624369,4.6503622]}},
{"type":"Feature","properties":{"fid":371,"id":"node/5133735330","@id":"node/5133735330","addr:city":null,"addr:country":null,"addr:door":null,"addr:floor":null,"addr:full":null,"addr:housename":null,"addr:housenumber":"11-62","addr:place":null,"addr:postcode":null,"addr:street":"Calle 64","addr:unit":null,"air_conditioning":null,"alt_name":null,"amenity":"cafe","baby_feeding":null,"bar":null,"branch":null,"brand":null,"brand:wikidata":null,"brand:wikipedia":null,"building":null,"capacity":null,"check_date":null,"check_date:opening_hours":null,"contact:facebook":null,"contact:instagram":null,"contact:website":null,"contact:whatsapp":null,"cuisine":null,"currency:XBT":null,"delivery":null,"description":null,"diet:gluten_free":null,"diet:organic":null,"diet:vegan":null,"diet:vegetarian":null,"dog":null,"drink:espresso":null,"drink:filter_coffee":null,"drive_through":null,"email":null,"fixme":null,"floor":null,"indoor":null,"indoor_seating":null,"internet_access":null,"internet_access:fee":null,"internet_access:ssid":null,"level":null,"location":null,"name":"Tosta'o","name:de":null,"name:en":null,"name:es":null,"name:fr":null,"note:opening_hours":null,"official_name":null,"opening_hours":null,"opening_hours:es":null,"opening_hours:signed":null,"operator":null,"outdoor_seating":null,"payment:app":null,"payment:apple_pay":null,"payment:cards":null,"payment:cash":null,"payment:contactless":null,"payment:credit_cards":null,"payment:debit_cards":null,"payment:google_pay":null,"payment:lightning":null,"payment:lightning_contactless":null,"payment:onchain":null,"pets":null,"phone":null,"service:electricity":null,"shop":null,"smoking":null,"source":"Kaart Ground Survey 2017","takeaway":null,"toilets":null,"toilets:access":null,"toilets:wheelchair":null,"tourism":null,"url":null,"website":null,"website:menu":null,"wheelchair":null,"wifi":null},"geometry":{"type":"Point","coordinates":[-74.0630742,4.6507618]}},
{"type":"Feature","properties":{"fid":372,"id":"node/5133853437","@id":"node/5133853437","addr:city":null,"addr:country":null,"addr:door":null,"addr:floor":null,"addr:full":null,"addr:housename":null,"addr:housenumber":null,"addr:place":null,"addr:postcode":null,"addr:street":"Diagonal 115A","addr:unit":null,"air_conditioning":null,"alt_name":null,"amenity":"cafe","baby_feeding":null,"bar":null,"branch":null,"brand":null,"brand:wikidata":null,"brand:wikipedia":null,"building":null,"capacity":null,"check_date":null,"check_date:opening_hours":null,"contact:facebook":null,"contact:instagram":null,"contact:website":null,"contact:whatsapp":null,"cuisine":null,"currency:XBT":null,"delivery":null,"description":null,"diet:gluten_free":null,"diet:organic":null,"diet:vegan":null,"diet:vegetarian":null,"dog":null,"drink:espresso":null,"drink:filter_coffee":null,"drive_through":null,"email":null,"fixme":null,"floor":null,"indoor":null,"indoor_seating":null,"internet_access":null,"internet_access:fee":null,"internet_access:ssid":null,"level":null,"location":null,"name":"Talea","name:de":null,"name:en":null,"name:es":null,"name:fr":null,"note:opening_hours":null,"official_name":null,"opening_hours":null,"opening_hours:es":null,"opening_hours:signed":null,"operator":null,"outdoor_seating":null,"payment:app":null,"payment:apple_pay":null,"payment:cards":null,"payment:cash":null,"payment:contactless":null,"payment:credit_cards":null,"payment:debit_cards":null,"payment:google_pay":null,"payment:lightning":null,"payment:lightning_contactless":null,"payment:onchain":null,"pets":null,"phone":null,"service:electricity":null,"shop":null,"smoking":null,"source":"Kaart Ground Survey 2017","takeaway":null,"toilets":null,"toilets:access":null,"toilets:wheelchair":null,"tourism":null,"url":null,"website":null,"website:menu":null,"wheelchair":null,"wifi":null},"geometry":{"type":"Point","coordinates":[-74.0747528,4.6981331]}},
{"type":"Feature","properties":{"fid":377,"id":"node/5134002801","@id":"node/5134002801","addr:city":null,"addr:country":null,"addr:door":null,"addr:floor":null,"addr:full":null,"addr:housename":null,"addr:housenumber":null,"addr:place":null,"addr:postcode":null,"addr:street":"Avenida Carrera 7","addr:unit":null,"air_conditioning":null,"alt_name":null,"amenity":"cafe","baby_feeding":null,"bar":null,"branch":null,"brand":null,"brand:wikidata":null,"brand:wikipedia":null,"building":null,"capacity":null,"check_date":null,"check_date:opening_hours":null,"contact:facebook":null,"contact:instagram":null,"contact:website":null,"contact:whatsapp":null,"cuisine":null,"currency:XBT":null,"delivery":null,"description":null,"diet:gluten_free":null,"diet:organic":null,"diet:vegan":null,"diet:vegetarian":null,"dog":null,"drink:espresso":null,"drink:filter_coffee":null,"drive_through":null,"email":null,"fixme":null,"floor":null,"indoor":null,"indoor_seating":null,"internet_access":null,"internet_access:fee":null,"internet_access:ssid":null,"level":null,"location":null,"name":"Davinici Cafe","name:de":null,"name:en":null,"name:es":null,"name:fr":null,"note:opening_hours":null,"official_name":null,"opening_hours":null,"opening_hours:es":null,"opening_hours:signed":null,"operator":null,"outdoor_seating":null,"payment:app":null,"payment:apple_pay":null,"payment:cards":null,"payment:cash":null,"payment:contactless":null,"payment:credit_cards":null,"payment:debit_cards":null,"payment:google_pay":null,"payment:lightning":null,"payment:lightning_contactless":null,"payment:onchain":null,"pets":null,"phone":null,"service:electricity":null,"shop":null,"smoking":null,"source":"Kaart Ground Survey 2017","takeaway":null,"toilets":null,"toilets:access":null,"toilets:wheelchair":null,"tourism":null,"url":null,"website":null,"website:menu":null,"wheelchair":null,"wifi":null},"geometry":{"type":"Point","coordinates":[-74.0683328,4.6190564]}},
{"type":"Feature","properties":{"fid":379,"id":"node/5134036367","@id":"node/5134036367","addr:city":null,"addr:country":null,"addr:door":null,"addr:floor":null,"addr:full":null,"addr:housename":null,"addr:housenumber":null,"addr:place":null,"addr:postcode":null,"addr:street":"Avenida Carrera 7","addr:unit":null,"air_conditioning":null,"alt_name":null,"amenity":"cafe","baby_feeding":null,"bar":null,"branch":null,"brand":null,"brand:wikidata":null,"brand:wikipedia":null,"building":null,"capacity":null,"check_date":null,"check_date:opening_hours":null,"contact:facebook":null,"contact:instagram":null,"contact:website":null,"contact:whatsapp":null,"cuisine":null,"currency:XBT":null,"delivery":null,"description":null,"diet:gluten_free":null,"diet:organic":null,"diet:vegan":null,"diet:vegetarian":null,"dog":null,"drink:espresso":null,"drink:filter_coffee":null,"drive_through":null,"email":null,"fixme":null,"floor":null,"indoor":null,"indoor_seating":null,"internet_access":null,"internet_access:fee":null,"internet_access:ssid":null,"level":null,"location":null,"name":"Santa Elena","name:de":null,"name:en":null,"name:es":null,"name:fr":null,"note:opening_hours":null,"official_name":null,"opening_hours":null,"opening_hours:es":null,"opening_hours:signed":null,"operator":null,"outdoor_seating":null,"payment:app":null,"payment:apple_pay":null,"payment:cards":null,"payment:cash":null,"payment:contactless":null,"payment:credit_cards":null,"payment:debit_cards":null,"payment:google_pay":null,"payment:lightning":null,"payment:lightning_contactless":null,"payment:onchain":null,"pets":null,"phone":null,"service:electricity":null,"shop":null,"smoking":null,"source":"Kaart Ground Survey 2017","takeaway":null,"toilets":null,"toilets:access":null,"toilets:wheelchair":null,"tourism":null,"url":null,"website":null,"website:menu":null,"wheelchair":null,"wifi":null},"geometry":{"type":"Point","coordinates":[-74.0695092,4.6149904]}},
{"type":"Feature","properties":{"fid":380,"id":"node/5134082447","@id":"node/5134082447","addr:city":null,"addr:country":null,"addr:door":null,"addr:floor":null,"addr:full":null,"addr:housename":null,"addr:housenumber":null,"addr:place":null,"addr:postcode":null,"addr:street":"Calle 116","addr:unit":null,"air_conditioning":null,"alt_name":null,"amenity":"cafe","baby_feeding":null,"bar":null,"branch":null,"brand":"Tostao’","brand:wikidata":"Q60632476","brand:wikipedia":null,"building":null,"capacity":null,"check_date":null,"check_date:opening_hours":null,"contact:facebook":null,"contact:instagram":null,"contact:website":null,"contact:whatsapp":null,"cuisine":"coffee_shop","currency:XBT":null,"delivery":null,"description":null,"diet:gluten_free":null,"diet:organic":null,"diet:vegan":null,"diet:vegetarian":null,"dog":null,"drink:espresso":null,"drink:filter_coffee":null,"drive_through":null,"email":null,"fixme":null,"floor":null,"indoor":null,"indoor_seating":null,"internet_access":null,"internet_access:fee":null,"internet_access:ssid":null,"level":null,"location":null,"name":"Tostao’","name:de":null,"name:en":null,"name:es":"Tostao’","name:fr":null,"note:opening_hours":null,"official_name":null,"opening_hours":null,"opening_hours:es":null,"opening_hours:signed":null,"operator":null,"outdoor_seating":null,"payment:app":null,"payment:apple_pay":null,"payment:cards":null,"payment:cash":null,"payment:contactless":null,"payment:credit_cards":null,"payment:debit_cards":null,"payment:google_pay":null,"payment:lightning":null,"payment:lightning_contactless":null,"payment:onchain":null,"pets":null,"phone":null,"service:electricity":null,"shop":"bakery","smoking":null,"source":"Kaart Ground Survey 2017","takeaway":null,"toilets":null,"toilets:access":null,"toilets:wheelchair":null,"tourism":null,"url":null,"website":null,"website:menu":null,"wheelchair":null,"wifi":null},"geometry":{"type":"Point","coordinates":[-74.0791471,4.7004956]}},
{"type":"Feature","properties":{"fid":381,"id":"node/5134125904","@id":"node/5134125904","addr:city":"Bogotá D.C.","addr:country":null,"addr:door":null,"addr:floor":null,"addr:full":null,"addr:housename":null,"addr:housenumber":"08","addr:place":null,"addr:postcode":null,"addr:street":"Calle 39","addr:unit":null,"air_conditioning":null,"alt_name":null,"amenity":"cafe","baby_feeding":null,"bar":null,"branch":null,"brand":null,"brand:wikidata":null,"brand:wikipedia":null,"building":null,"capacity":null,"check_date":null,"check_date:opening_hours":null,"contact:facebook":null,"contact:instagram":null,"contact:website":null,"contact:whatsapp":null,"cuisine":null,"currency:XBT":null,"delivery":null,"description":null,"diet:gluten_free":null,"diet:organic":null,"diet:vegan":null,"diet:vegetarian":null,"dog":null,"drink:espresso":null,"drink:filter_coffee":null,"drive_through":null,"email":null,"fixme":null,"floor":null,"indoor":null,"indoor_seating":null,"internet_access":null,"internet_access:fee":null,"internet_access:ssid":null,"level":null,"location":null,"name":"Café luz","name:de":null,"name:en":null,"name:es":null,"name:fr":null,"note:opening_hours":null,"official_name":null,"opening_hours":null,"opening_hours:es":null,"opening_hours:signed":null,"operator":null,"outdoor_seating":null,"payment:app":null,"payment:apple_pay":null,"payment:cards":null,"payment:cash":null,"payment:contactless":null,"payment:credit_cards":null,"payment:debit_cards":null,"payment:google_pay":null,"payment:lightning":null,"payment:lightning_contactless":null,"payment:onchain":null,"pets":null,"phone":null,"service:electricity":null,"shop":null,"smoking":null,"source":null,"takeaway":null,"toilets":null,"toilets:access":null,"toilets:wheelchair":null,"tourism":null,"url":null,"website":null,"website:menu":null,"wheelchair":null,"wifi":null},"geometry":{"type":"Point","coordinates":[-74.0727359,4.6275202]}},
{"type":"Feature","properties":{"fid":390,"id":"node/5135741962","@id":"node/5135741962","addr:city":null,"addr:country":null,"addr:door":null,"addr:floor":null,"addr:full":null,"addr:housename":null,"addr:housenumber":null,"addr:place":null,"addr:postcode":null,"addr:street":"Calle 81","addr:unit":null,"air_conditioning":null,"alt_name":null,"amenity":"cafe","baby_feeding":null,"bar":null,"branch":null,"brand":null,"brand:wikidata":null,"brand:wikipedia":null,"building":null,"capacity":null,"check_date":null,"check_date:opening_hours":null,"contact:facebook":null,"contact:instagram":null,"contact:website":null,"contact:whatsapp":null,"cuisine":null,"currency:XBT":null,"delivery":null,"description":null,"diet:gluten_free":null,"diet:organic":null,"diet:vegan":null,"diet:vegetarian":null,"dog":null,"drink:espresso":null,"drink:filter_coffee":null,"drive_through":null,"email":null,"fixme":null,"floor":null,"indoor":null,"indoor_seating":null,"internet_access":null,"internet_access:fee":null,"internet_access:ssid":null,"level":null,"location":null,"name":"El Rocío","name:de":null,"name:en":null,"name:es":null,"name:fr":null,"note:opening_hours":null,"official_name":null,"opening_hours":null,"opening_hours:es":null,"opening_hours:signed":null,"operator":null,"outdoor_seating":null,"payment:app":null,"payment:apple_pay":null,"payment:cards":null,"payment:cash":null,"payment:contactless":null,"payment:credit_cards":null,"payment:debit_cards":null,"payment:google_pay":null,"payment:lightning":null,"payment:lightning_contactless":null,"payment:onchain":null,"pets":null,"phone":null,"service:electricity":null,"shop":null,"smoking":null,"source":"Kaart Ground Survey 2017","takeaway":null,"toilets":null,"toilets:access":null,"toilets:wheelchair":null,"tourism":null,"url":null,"website":null,"website:menu":null,"wheelchair":null,"wifi":null},"geometry":{"type":"Point","coordinates":[-74.0557176,4.6666844]}},
{"type":"Feature","properties":{"fid":392,"id":"node/5135905248","@id":"node/5135905248","addr:city":null,"addr:country":null,"addr:door":null,"addr:floor":null,"addr:full":null,"addr:housename":null,"addr:housenumber":null,"addr:place":null,"addr:postcode":null,"addr:street":"Avenida Callejas - Calle 127","addr:unit":null,"air_conditioning":null,"alt_name":null,"amenity":"cafe","baby_feeding":null,"bar":null,"branch":null,"brand":"Tostao’","brand:wikidata":"Q60632476","brand:wikipedia":null,"building":null,"capacity":null,"check_date":null,"check_date:opening_hours":null,"contact:facebook":null,"contact:instagram":null,"contact:website":null,"contact:whatsapp":null,"cuisine":"coffee_shop","currency:XBT":null,"delivery":null,"description":null,"diet:gluten_free":null,"diet:organic":null,"diet:vegan":null,"diet:vegetarian":null,"dog":null,"drink:espresso":null,"drink:filter_coffee":null,"drive_through":null,"email":null,"fixme":null,"floor":null,"indoor":null,"indoor_seating":null,"internet_access":null,"internet_access:fee":null,"internet_access:ssid":null,"level":null,"location":null,"name":"Tostao’","name:de":null,"name:en":null,"name:es":"Tostao’","name:fr":null,"note:opening_hours":null,"official_name":"TOSTAO’ Café & Pan","opening_hours":null,"opening_hours:es":null,"opening_hours:signed":null,"operator":null,"outdoor_seating":null,"payment:app":null,"payment:apple_pay":null,"payment:cards":null,"payment:cash":null,"payment:contactless":null,"payment:credit_cards":null,"payment:debit_cards":null,"payment:google_pay":null,"payment:lightning":null,"payment:lightning_contactless":null,"payment:onchain":null,"pets":null,"phone":null,"service:electricity":null,"shop":null,"smoking":null,"source":"Kaart Ground Survey 2017","takeaway":"yes","toilets":null,"toilets:access":null,"toilets:wheelchair":null,"tourism":null,"url":null,"website":null,"website:menu":null,"wheelchair":null,"wifi":null},"geometry":{"type":"Point","coordinates":[-74.0462872,4.7044467]}},
{"type":"Feature","properties":{"fid":395,"id":"node/5136184133","@id":"node/5136184133","addr:city":null,"addr:country":null,"addr:door":null,"addr:floor":null,"addr:full":null,"addr:housename":null,"addr:housenumber":null,"addr:place":null,"addr:postcode":null,"addr:street":"Avenida Calle 34","addr:unit":null,"air_conditioning":null,"alt_name":null,"amenity":"cafe","baby_feeding":null,"bar":null,"branch":null,"brand":null,"brand:wikidata":null,"brand:wikipedia":null,"building":null,"capacity":null,"check_date":null,"check_date:opening_hours":null,"contact:facebook":null,"contact:instagram":null,"contact:website":null,"contact:whatsapp":null,"cuisine":null,"currency:XBT":null,"delivery":null,"description":null,"diet:gluten_free":null,"diet:organic":null,"diet:vegan":null,"diet:vegetarian":null,"dog":null,"drink:espresso":null,"drink:filter_coffee":null,"drive_through":null,"email":null,"fixme":null,"floor":null,"indoor":null,"indoor_seating":null,"internet_access":null,"internet_access:fee":null,"internet_access:ssid":null,"level":null,"location":null,"name":"Peru Cafe","name:de":null,"name:en":null,"name:es":null,"name:fr":null,"note:opening_hours":null,"official_name":null,"opening_hours":null,"opening_hours:es":null,"opening_hours:signed":null,"operator":null,"outdoor_seating":null,"payment:app":null,"payment:apple_pay":null,"payment:cards":null,"payment:cash":null,"payment:contactless":null,"payment:credit_cards":null,"payment:debit_cards":null,"payment:google_pay":null,"payment:lightning":null,"payment:lightning_contactless":null,"payment:onchain":null,"pets":null,"phone":null,"service:electricity":null,"shop":null,"smoking":null,"source":"Kaart Ground Survey 2017","takeaway":null,"toilets":null,"toilets:access":null,"toilets:wheelchair":null,"tourism":null,"url":null,"website":null,"website:menu":null,"wheelchair":null,"wifi":null},"geometry":{"type":"Point","coordinates":[-74.070625,4.6230226]}},
{"type":"Feature","properties":{"fid":397,"id":"node/5137561473","@id":"node/5137561473","addr:city":"Bogotá D.C.","addr:country":null,"addr:door":null,"addr:floor":null,"addr:full":null,"addr:housename":null,"addr:housenumber":null,"addr:place":null,"addr:postcode":null,"addr:street":"Carrera 8","addr:unit":null,"air_conditioning":null,"alt_name":null,"amenity":"cafe","baby_feeding":null,"bar":null,"branch":null,"brand":null,"brand:wikidata":null,"brand:wikipedia":null,"building":null,"capacity":null,"check_date":null,"check_date:opening_hours":null,"contact:facebook":null,"contact:instagram":null,"contact:website":null,"contact:whatsapp":null,"cuisine":null,"currency:XBT":null,"delivery":null,"description":null,"diet:gluten_free":null,"diet:organic":null,"diet:vegan":null,"diet:vegetarian":null,"dog":null,"drink:espresso":null,"drink:filter_coffee":null,"drive_through":null,"email":null,"fixme":null,"floor":null,"indoor":null,"indoor_seating":null,"internet_access":null,"internet_access:fee":null,"internet_access:ssid":null,"level":null,"location":null,"name":"Panesi","name:de":null,"name:en":null,"name:es":null,"name:fr":null,"note:opening_hours":null,"official_name":null,"opening_hours":null,"opening_hours:es":null,"opening_hours:signed":null,"operator":null,"outdoor_seating":null,"payment:app":null,"payment:apple_pay":null,"payment:cards":null,"payment:cash":null,"payment:contactless":null,"payment:credit_cards":null,"payment:debit_cards":null,"payment:google_pay":null,"payment:lightning":null,"payment:lightning_contactless":null,"payment:onchain":null,"pets":null,"phone":null,"service:electricity":null,"shop":null,"smoking":null,"source":"Kaart Ground Survey 2017","takeaway":null,"toilets":null,"toilets:access":null,"toilets:wheelchair":null,"tourism":null,"url":null,"website":null,"website:menu":null,"wheelchair":null,"wifi":null},"geometry":{"type":"Point","coordinates":[-74.032094,4.7041993]}},
{"type":"Feature","properties":{"fid":398,"id":"node/5137561487","@id":"node/5137561487","addr:city":"Bogotá D.C.","addr:country":null,"addr:door":null,"addr:floor":null,"addr:full":null,"addr:housename":null,"addr:housenumber":null,"addr:place":null,"addr:postcode":null,"addr:street":"Avenida Laureano Gomez - Carrera 9","addr:unit":null,"air_conditioning":null,"alt_name":null,"amenity":"cafe","baby_feeding":null,"bar":null,"branch":null,"brand":"Tostao’","brand:wikidata":"Q60632476","brand:wikipedia":null,"building":null,"capacity":null,"check_date":null,"check_date:opening_hours":null,"contact:facebook":null,"contact:instagram":null,"contact:website":null,"contact:whatsapp":null,"cuisine":"coffee_shop","currency:XBT":null,"delivery":null,"description":null,"diet:gluten_free":null,"diet:organic":null,"diet:vegan":null,"diet:vegetarian":null,"dog":null,"drink:espresso":null,"drink:filter_coffee":null,"drive_through":null,"email":null,"fixme":null,"floor":null,"indoor":null,"indoor_seating":null,"internet_access":null,"internet_access:fee":null,"internet_access:ssid":null,"level":null,"location":null,"name":"Tostao’","name:de":null,"name:en":null,"name:es":"Tostao’","name:fr":null,"note:opening_hours":null,"official_name":"TOSTAO’ Café & Pan","opening_hours":null,"opening_hours:es":null,"opening_hours:signed":null,"operator":null,"outdoor_seating":null,"payment:app":null,"payment:apple_pay":null,"payment:cards":null,"payment:cash":null,"payment:contactless":null,"payment:credit_cards":null,"payment:debit_cards":null,"payment:google_pay":null,"payment:lightning":null,"payment:lightning_contactless":null,"payment:onchain":null,"pets":null,"phone":null,"service:electricity":null,"shop":null,"smoking":null,"source":"Kaart Ground Survey 2017","takeaway":"yes","toilets":null,"toilets:access":null,"toilets:wheelchair":null,"tourism":null,"url":null,"website":null,"website:menu":null,"wheelchair":null,"wifi":null},"geometry":{"type":"Point","coordinates":[-74.032679,4.7023718]}},
{"type":"Feature","properties":{"fid":399,"id":"node/5137717705","@id":"node/5137717705","addr:city":null,"addr:country":null,"addr:door":null,"addr:floor":null,"addr:full":null,"addr:housename":null,"addr:housenumber":null,"addr:place":null,"addr:postcode":null,"addr:street":"Calle 75","addr:unit":null,"air_conditioning":null,"alt_name":null,"amenity":"cafe","baby_feeding":null,"bar":null,"branch":null,"brand":null,"brand:wikidata":null,"brand:wikipedia":null,"building":null,"capacity":null,"check_date":null,"check_date:opening_hours":null,"contact:facebook":null,"contact:instagram":null,"contact:website":null,"contact:whatsapp":null,"cuisine":null,"currency:XBT":null,"delivery":null,"description":null,"diet:gluten_free":null,"diet:organic":null,"diet:vegan":null,"diet:vegetarian":null,"dog":null,"drink:espresso":null,"drink:filter_coffee":null,"drive_through":null,"email":null,"fixme":null,"floor":null,"indoor":null,"indoor_seating":null,"internet_access":null,"internet_access:fee":null,"internet_access:ssid":null,"level":null,"location":null,"name":"Picados","name:de":null,"name:en":null,"name:es":null,"name:fr":null,"note:opening_hours":null,"official_name":null,"opening_hours":null,"opening_hours:es":null,"opening_hours:signed":null,"operator":null,"outdoor_seating":null,"payment:app":null,"payment:apple_pay":null,"payment:cards":null,"payment:cash":null,"payment:contactless":null,"payment:credit_cards":null,"payment:debit_cards":null,"payment:google_pay":null,"payment:lightning":null,"payment:lightning_contactless":null,"payment:onchain":null,"pets":null,"phone":null,"service:electricity":null,"shop":null,"smoking":null,"source":"Kaart Ground Survey 2017","takeaway":null,"toilets":null,"toilets:access":null,"toilets:wheelchair":null,"tourism":null,"url":null,"website":null,"website:menu":null,"wheelchair":null,"wifi":null},"geometry":{"type":"Point","coordinates":[-74.0921175,4.6903895]}},
{"type":"Feature","properties":{"fid":404,"id":"node/5138248693","@id":"node/5138248693","addr:city":null,"addr:country":null,"addr:door":null,"addr:floor":null,"addr:full":null,"addr:housename":null,"addr:housenumber":null,"addr:place":null,"addr:postcode":null,"addr:street":"Carrera 72","addr:unit":null,"air_conditioning":null,"alt_name":null,"amenity":"cafe","baby_feeding":null,"bar":null,"branch":null,"brand":null,"brand:wikidata":null,"brand:wikipedia":null,"building":null,"capacity":null,"check_date":null,"check_date:opening_hours":null,"contact:facebook":null,"contact:instagram":null,"contact:website":null,"contact:whatsapp":null,"cuisine":null,"currency:XBT":null,"delivery":null,"description":null,"diet:gluten_free":null,"diet:organic":null,"diet:vegan":null,"diet:vegetarian":null,"dog":null,"drink:espresso":null,"drink:filter_coffee":null,"drive_through":null,"email":null,"fixme":null,"floor":null,"indoor":null,"indoor_seating":null,"internet_access":null,"internet_access:fee":null,"internet_access:ssid":null,"level":null,"location":null,"name":"Antojitos","name:de":null,"name:en":null,"name:es":null,"name:fr":null,"note:opening_hours":null,"official_name":null,"opening_hours":null,"opening_hours:es":null,"opening_hours:signed":null,"operator":null,"outdoor_seating":null,"payment:app":null,"payment:apple_pay":null,"payment:cards":null,"payment:cash":null,"payment:contactless":null,"payment:credit_cards":null,"payment:debit_cards":null,"payment:google_pay":null,"payment:lightning":null,"payment:lightning_contactless":null,"payment:onchain":null,"pets":null,"phone":null,"service:electricity":null,"shop":null,"smoking":null,"source":"Kaart Ground Survey 2017","takeaway":null,"toilets":null,"toilets:access":null,"toilets:wheelchair":null,"tourism":null,"url":null,"website":null,"website:menu":null,"wheelchair":null,"wifi":null},"geometry":{"type":"Point","coordinates":[-74.0941868,4.687976]}},
{"type":"Feature","properties":{"fid":405,"id":"node/5138288699","@id":"node/5138288699","addr:city":null,"addr:country":null,"addr:door":null,"addr:floor":null,"addr:full":null,"addr:housename":null,"addr:housenumber":null,"addr:place":null,"addr:postcode":null,"addr:street":"Avenida Carrera 19","addr:unit":null,"air_conditioning":null,"alt_name":null,"amenity":"cafe","baby_feeding":null,"bar":null,"branch":null,"brand":"Tostao’","brand:wikidata":"Q60632476","brand:wikipedia":null,"building":null,"capacity":null,"check_date":null,"check_date:opening_hours":null,"contact:facebook":null,"contact:instagram":null,"contact:website":null,"contact:whatsapp":null,"cuisine":"coffee_shop","currency:XBT":null,"delivery":null,"description":null,"diet:gluten_free":null,"diet:organic":null,"diet:vegan":null,"diet:vegetarian":null,"dog":null,"drink:espresso":null,"drink:filter_coffee":null,"drive_through":null,"email":null,"fixme":null,"floor":null,"indoor":null,"indoor_seating":null,"internet_access":null,"internet_access:fee":null,"internet_access:ssid":null,"level":null,"location":null,"name":"Tostao’","name:de":null,"name:en":null,"name:es":"Tostao’","name:fr":null,"note:opening_hours":null,"official_name":"TOSTAO’ Café & Pan","opening_hours":null,"opening_hours:es":null,"opening_hours:signed":null,"operator":null,"outdoor_seating":null,"payment:app":null,"payment:apple_pay":null,"payment:cards":null,"payment:cash":null,"payment:contactless":null,"payment:credit_cards":null,"payment:debit_cards":null,"payment:google_pay":null,"payment:lightning":null,"payment:lightning_contactless":null,"payment:onchain":null,"pets":null,"phone":null,"service:electricity":null,"shop":null,"smoking":null,"source":"Kaart Ground Survey 2017","takeaway":"yes","toilets":null,"toilets:access":null,"toilets:wheelchair":null,"tourism":null,"url":null,"website":null,"website:menu":null,"wheelchair":null,"wifi":null},"geometry":{"type":"Point","coordinates":[-74.0494763,4.6999982]}},
{"type":"Feature","properties":{"fid":410,"id":"node/5138660477","@id":"node/5138660477","addr:city":null,"addr:country":null,"addr:door":null,"addr:floor":null,"addr:full":null,"addr:housename":null,"addr:housenumber":null,"addr:place":null,"addr:postcode":null,"addr:street":"Avenida Carrera 68","addr:unit":null,"air_conditioning":null,"alt_name":null,"amenity":"cafe","baby_feeding":null,"bar":null,"branch":null,"brand":null,"brand:wikidata":null,"brand:wikipedia":null,"building":null,"capacity":null,"check_date":null,"check_date:opening_hours":null,"contact:facebook":null,"contact:instagram":null,"contact:website":null,"contact:whatsapp":null,"cuisine":null,"currency:XBT":null,"delivery":null,"description":null,"diet:gluten_free":null,"diet:organic":null,"diet:vegan":null,"diet:vegetarian":null,"dog":null,"drink:espresso":null,"drink:filter_coffee":null,"drive_through":null,"email":null,"fixme":null,"floor":null,"indoor":null,"indoor_seating":null,"internet_access":null,"internet_access:fee":null,"internet_access:ssid":null,"level":null,"location":null,"name":"Le Petit Café","name:de":null,"name:en":null,"name:es":null,"name:fr":null,"note:opening_hours":null,"official_name":null,"opening_hours":null,"opening_hours:es":null,"opening_hours:signed":null,"operator":null,"outdoor_seating":null,"payment:app":null,"payment:apple_pay":null,"payment:cards":null,"payment:cash":null,"payment:contactless":null,"payment:credit_cards":null,"payment:debit_cards":null,"payment:google_pay":null,"payment:lightning":null,"payment:lightning_contactless":null,"payment:onchain":null,"pets":null,"phone":null,"service:electricity":null,"shop":null,"smoking":null,"source":"Kaart Ground Survey 2017","takeaway":null,"toilets":null,"toilets:access":null,"toilets:wheelchair":null,"tourism":null,"url":null,"website":null,"website:menu":null,"wheelchair":null,"wifi":null},"geometry":{"type":"Point","coordinates":[-74.088209,4.6742333]}},
{"type":"Feature","properties":{"fid":413,"id":"node/5140263935","@id":"node/5140263935","addr:city":null,"addr:country":null,"addr:door":null,"addr:floor":null,"addr:full":null,"addr:housename":null,"addr:housenumber":null,"addr:place":null,"addr:postcode":null,"addr:street":null,"addr:unit":null,"air_conditioning":null,"alt_name":null,"amenity":"cafe","baby_feeding":null,"bar":null,"branch":null,"brand":null,"brand:wikidata":null,"brand:wikipedia":null,"building":null,"capacity":null,"check_date":null,"check_date:opening_hours":null,"contact:facebook":null,"contact:instagram":null,"contact:website":null,"contact:whatsapp":null,"cuisine":null,"currency:XBT":null,"delivery":null,"description":null,"diet:gluten_free":null,"diet:organic":null,"diet:vegan":null,"diet:vegetarian":null,"dog":null,"drink:espresso":null,"drink:filter_coffee":null,"drive_through":null,"email":null,"fixme":null,"floor":null,"indoor":null,"indoor_seating":null,"internet_access":null,"internet_access:fee":null,"internet_access:ssid":null,"level":null,"location":null,"name":"Butaquilla Teatro Cafe","name:de":null,"name:en":null,"name:es":null,"name:fr":null,"note:opening_hours":null,"official_name":null,"opening_hours":null,"opening_hours:es":null,"opening_hours:signed":null,"operator":null,"outdoor_seating":null,"payment:app":null,"payment:apple_pay":null,"payment:cards":null,"payment:cash":null,"payment:contactless":null,"payment:credit_cards":null,"payment:debit_cards":null,"payment:google_pay":null,"payment:lightning":null,"payment:lightning_contactless":null,"payment:onchain":null,"pets":null,"phone":null,"service:electricity":null,"shop":null,"smoking":null,"source":null,"takeaway":null,"toilets":null,"toilets:access":null,"toilets:wheelchair":null,"tourism":null,"url":null,"website":null,"website:menu":null,"wheelchair":null,"wifi":null},"geometry":{"type":"Point","coordinates":[-74.0704897,4.6335032]}},
{"type":"Feature","properties":{"fid":415,"id":"node/5141526166","@id":"node/5141526166","addr:city":null,"addr:country":null,"addr:door":null,"addr:floor":null,"addr:full":null,"addr:housename":null,"addr:housenumber":"23","addr:place":null,"addr:postcode":null,"addr:street":"Carrera 69A","addr:unit":null,"air_conditioning":null,"alt_name":null,"amenity":"cafe","baby_feeding":null,"bar":null,"branch":null,"brand":"Tostao’","brand:wikidata":"Q60632476","brand:wikipedia":null,"building":null,"capacity":null,"check_date":null,"check_date:opening_hours":null,"contact:facebook":null,"contact:instagram":null,"contact:website":null,"contact:whatsapp":null,"cuisine":"coffee_shop","currency:XBT":null,"delivery":null,"description":null,"diet:gluten_free":null,"diet:organic":null,"diet:vegan":null,"diet:vegetarian":null,"dog":null,"drink:espresso":null,"drink:filter_coffee":null,"drive_through":null,"email":null,"fixme":null,"floor":null,"indoor":null,"indoor_seating":null,"internet_access":null,"internet_access:fee":null,"internet_access:ssid":null,"level":null,"location":null,"name":"Tostao’","name:de":null,"name:en":null,"name:es":"Tostao’","name:fr":null,"note:opening_hours":null,"official_name":null,"opening_hours":null,"opening_hours:es":null,"opening_hours:signed":null,"operator":null,"outdoor_seating":null,"payment:app":null,"payment:apple_pay":null,"payment:cards":null,"payment:cash":null,"payment:contactless":null,"payment:credit_cards":null,"payment:debit_cards":null,"payment:google_pay":null,"payment:lightning":null,"payment:lightning_contactless":null,"payment:onchain":null,"pets":null,"phone":null,"service:electricity":null,"shop":"bakery","smoking":null,"source":null,"takeaway":null,"toilets":null,"toilets:access":null,"toilets:wheelchair":null,"tourism":null,"url":null,"website":null,"website:menu":null,"wheelchair":null,"wifi":null},"geometry":{"type":"Point","coordinates":[-74.1122199,4.6551]}},
{"type":"Feature","properties":{"fid":419,"id":"node/5141986143","@id":"node/5141986143","addr:city":null,"addr:country":null,"addr:door":null,"addr:floor":null,"addr:full":null,"addr:housename":null,"addr:housenumber":null,"addr:place":null,"addr:postcode":null,"addr:street":null,"addr:unit":null,"air_conditioning":null,"alt_name":null,"amenity":"cafe","baby_feeding":null,"bar":null,"branch":null,"brand":null,"brand:wikidata":null,"brand:wikipedia":null,"building":null,"capacity":null,"check_date":null,"check_date:opening_hours":null,"contact:facebook":null,"contact:instagram":null,"contact:website":null,"contact:whatsapp":null,"cuisine":null,"currency:XBT":null,"delivery":null,"description":null,"diet:gluten_free":null,"diet:organic":null,"diet:vegan":null,"diet:vegetarian":null,"dog":null,"drink:espresso":null,"drink:filter_coffee":null,"drive_through":null,"email":null,"fixme":null,"floor":null,"indoor":null,"indoor_seating":null,"internet_access":null,"internet_access:fee":null,"internet_access:ssid":null,"level":null,"location":null,"name":"Panaderia y Cafeteria España","name:de":null,"name:en":null,"name:es":null,"name:fr":null,"note:opening_hours":null,"official_name":null,"opening_hours":null,"opening_hours:es":null,"opening_hours:signed":null,"operator":null,"outdoor_seating":null,"payment:app":null,"payment:apple_pay":null,"payment:cards":null,"payment:cash":null,"payment:contactless":null,"payment:credit_cards":null,"payment:debit_cards":null,"payment:google_pay":null,"payment:lightning":null,"payment:lightning_contactless":null,"payment:onchain":null,"pets":null,"phone":null,"service:electricity":null,"shop":null,"smoking":null,"source":null,"takeaway":null,"toilets":null,"toilets:access":null,"toilets:wheelchair":null,"tourism":null,"url":null,"website":null,"website:menu":null,"wheelchair":null,"wifi":null},"geometry":{"type":"Point","coordinates":[-74.1229309,4.6016999]}},
{"type":"Feature","properties":{"fid":422,"id":"node/5141998423","@id":"node/5141998423","addr:city":null,"addr:country":null,"addr:door":null,"addr:floor":null,"addr:full":null,"addr:housename":null,"addr:housenumber":null,"addr:place":null,"addr:postcode":null,"addr:street":null,"addr:unit":null,"air_conditioning":null,"alt_name":null,"amenity":"cafe","baby_feeding":null,"bar":null,"branch":null,"brand":null,"brand:wikidata":null,"brand:wikipedia":null,"building":null,"capacity":null,"check_date":null,"check_date:opening_hours":null,"contact:facebook":null,"contact:instagram":null,"contact:website":null,"contact:whatsapp":null,"cuisine":null,"currency:XBT":null,"delivery":null,"description":null,"diet:gluten_free":null,"diet:organic":null,"diet:vegan":null,"diet:vegetarian":null,"dog":null,"drink:espresso":null,"drink:filter_coffee":null,"drive_through":null,"email":null,"fixme":null,"floor":null,"indoor":null,"indoor_seating":null,"internet_access":null,"internet_access:fee":null,"internet_access:ssid":null,"level":null,"location":null,"name":"Lacteos y cafeteria Ubate","name:de":null,"name:en":null,"name:es":null,"name:fr":null,"note:opening_hours":null,"official_name":null,"opening_hours":null,"opening_hours:es":null,"opening_hours:signed":null,"operator":null,"outdoor_seating":null,"payment:app":null,"payment:apple_pay":null,"payment:cards":null,"payment:cash":null,"payment:contactless":null,"payment:credit_cards":null,"payment:debit_cards":null,"payment:google_pay":null,"payment:lightning":null,"payment:lightning_contactless":null,"payment:onchain":null,"pets":null,"phone":null,"service:electricity":null,"shop":null,"smoking":null,"source":null,"takeaway":null,"toilets":null,"toilets:access":null,"toilets:wheelchair":null,"tourism":null,"url":null,"website":null,"website:menu":null,"wheelchair":null,"wifi":null},"geometry":{"type":"Point","coordinates":[-74.0709759,4.6306574]}},
{"type":"Feature","properties":{"fid":424,"id":"node/5143450810","@id":"node/5143450810","addr:city":null,"addr:country":null,"addr:door":null,"addr:floor":null,"addr:full":null,"addr:housename":null,"addr:housenumber":null,"addr:place":null,"addr:postcode":null,"addr:street":"Calle 32","addr:unit":null,"air_conditioning":null,"alt_name":null,"amenity":"cafe","baby_feeding":null,"bar":null,"branch":null,"brand":"Tostao’","brand:wikidata":"Q60632476","brand:wikipedia":null,"building":null,"capacity":null,"check_date":null,"check_date:opening_hours":null,"contact:facebook":null,"contact:instagram":null,"contact:website":null,"contact:whatsapp":null,"cuisine":"coffee_shop","currency:XBT":null,"delivery":null,"description":null,"diet:gluten_free":null,"diet:organic":null,"diet:vegan":null,"diet:vegetarian":null,"dog":null,"drink:espresso":null,"drink:filter_coffee":null,"drive_through":null,"email":null,"fixme":null,"floor":null,"indoor":null,"indoor_seating":null,"internet_access":null,"internet_access:fee":null,"internet_access:ssid":null,"level":null,"location":null,"name":"Tostao’","name:de":null,"name:en":null,"name:es":"Tostao’","name:fr":null,"note:opening_hours":null,"official_name":null,"opening_hours":null,"opening_hours:es":null,"opening_hours:signed":null,"operator":null,"outdoor_seating":null,"payment:app":null,"payment:apple_pay":null,"payment:cards":null,"payment:cash":null,"payment:contactless":null,"payment:credit_cards":null,"payment:debit_cards":null,"payment:google_pay":null,"payment:lightning":null,"payment:lightning_contactless":null,"payment:onchain":null,"pets":null,"phone":null,"service:electricity":null,"shop":"bakery","smoking":null,"source":"Kaart Ground Survey 2017","takeaway":null,"toilets":null,"toilets:access":null,"toilets:wheelchair":null,"tourism":null,"url":null,"website":null,"website:menu":null,"wheelchair":null,"wifi":null},"geometry":{"type":"Point","coordinates":[-74.0695817,4.6199533]}},
{"type":"Feature","properties":{"fid":433,"id":"node/5143900900","@id":"node/5143900900","addr:city":null,"addr:country":null,"addr:door":null,"addr:floor":null,"addr:full":null,"addr:housename":null,"addr:housenumber":null,"addr:place":null,"addr:postcode":null,"addr:street":"Calle 74","addr:unit":null,"air_conditioning":null,"alt_name":null,"amenity":"cafe","baby_feeding":null,"bar":null,"branch":null,"brand":null,"brand:wikidata":null,"brand:wikipedia":null,"building":null,"capacity":null,"check_date":null,"check_date:opening_hours":null,"contact:facebook":null,"contact:instagram":null,"contact:website":null,"contact:whatsapp":null,"cuisine":null,"currency:XBT":null,"delivery":null,"description":null,"diet:gluten_free":null,"diet:organic":null,"diet:vegan":null,"diet:vegetarian":null,"dog":null,"drink:espresso":null,"drink:filter_coffee":null,"drive_through":null,"email":null,"fixme":null,"floor":null,"indoor":null,"indoor_seating":null,"internet_access":null,"internet_access:fee":null,"internet_access:ssid":null,"level":null,"location":null,"name":"Yoli","name:de":null,"name:en":null,"name:es":null,"name:fr":null,"note:opening_hours":null,"official_name":null,"opening_hours":null,"opening_hours:es":null,"opening_hours:signed":null,"operator":null,"outdoor_seating":null,"payment:app":null,"payment:apple_pay":null,"payment:cards":null,"payment:cash":null,"payment:contactless":null,"payment:credit_cards":null,"payment:debit_cards":null,"payment:google_pay":null,"payment:lightning":null,"payment:lightning_contactless":null,"payment:onchain":null,"pets":null,"phone":null,"service:electricity":null,"shop":null,"smoking":null,"source":"Kaart Ground Survey 2017","takeaway":null,"toilets":null,"toilets:access":null,"toilets:wheelchair":null,"tourism":null,"url":null,"website":null,"website:menu":null,"wheelchair":null,"wifi":null},"geometry":{"type":"Point","coordinates":[-74.0634118,4.663181]}},
{"type":"Feature","properties":{"fid":435,"id":"node/5143929307","@id":"node/5143929307","addr:city":null,"addr:country":null,"addr:door":null,"addr:floor":null,"addr:full":null,"addr:housename":null,"addr:housenumber":null,"addr:place":null,"addr:postcode":null,"addr:street":"Calle 74","addr:unit":null,"air_conditioning":null,"alt_name":null,"amenity":"cafe","baby_feeding":null,"bar":null,"branch":null,"brand":null,"brand:wikidata":null,"brand:wikipedia":null,"building":null,"capacity":null,"check_date":null,"check_date:opening_hours":null,"contact:facebook":null,"contact:instagram":null,"contact:website":null,"contact:whatsapp":null,"cuisine":null,"currency:XBT":null,"delivery":null,"description":null,"diet:gluten_free":null,"diet:organic":null,"diet:vegan":null,"diet:vegetarian":null,"dog":null,"drink:espresso":null,"drink:filter_coffee":null,"drive_through":null,"email":null,"fixme":null,"floor":null,"indoor":null,"indoor_seating":null,"internet_access":null,"internet_access:fee":null,"internet_access:ssid":null,"level":null,"location":null,"name":"Broasted Y Delicias","name:de":null,"name:en":null,"name:es":null,"name:fr":null,"note:opening_hours":null,"official_name":null,"opening_hours":null,"opening_hours:es":null,"opening_hours:signed":null,"operator":null,"outdoor_seating":null,"payment:app":null,"payment:apple_pay":null,"payment:cards":null,"payment:cash":null,"payment:contactless":null,"payment:credit_cards":null,"payment:debit_cards":null,"payment:google_pay":null,"payment:lightning":null,"payment:lightning_contactless":null,"payment:onchain":null,"pets":null,"phone":null,"service:electricity":null,"shop":null,"smoking":null,"source":"Kaart Ground Survey 2017","takeaway":null,"toilets":null,"toilets:access":null,"toilets:wheelchair":null,"tourism":null,"url":null,"website":null,"website:menu":null,"wheelchair":null,"wifi":null},"geometry":{"type":"Point","coordinates":[-74.0626561,4.6626711]}},
{"type":"Feature","properties":{"fid":442,"id":"node/5144251559","@id":"node/5144251559","addr:city":null,"addr:country":null,"addr:door":null,"addr:floor":null,"addr:full":null,"addr:housename":null,"addr:housenumber":null,"addr:place":null,"addr:postcode":null,"addr:street":"Calle 85","addr:unit":null,"air_conditioning":null,"alt_name":null,"amenity":"cafe","baby_feeding":null,"bar":null,"branch":null,"brand":null,"brand:wikidata":null,"brand:wikipedia":null,"building":null,"capacity":null,"check_date":null,"check_date:opening_hours":null,"contact:facebook":null,"contact:instagram":null,"contact:website":null,"contact:whatsapp":null,"cuisine":null,"currency:XBT":null,"delivery":null,"description":null,"diet:gluten_free":null,"diet:organic":null,"diet:vegan":null,"diet:vegetarian":null,"dog":null,"drink:espresso":null,"drink:filter_coffee":null,"drive_through":null,"email":null,"fixme":null,"floor":null,"indoor":null,"indoor_seating":null,"internet_access":null,"internet_access:fee":null,"internet_access:ssid":null,"level":null,"location":null,"name":"El Chócolo","name:de":null,"name:en":null,"name:es":null,"name:fr":null,"note:opening_hours":null,"official_name":null,"opening_hours":null,"opening_hours:es":null,"opening_hours:signed":null,"operator":null,"outdoor_seating":null,"payment:app":null,"payment:apple_pay":null,"payment:cards":null,"payment:cash":null,"payment:contactless":null,"payment:credit_cards":null,"payment:debit_cards":null,"payment:google_pay":null,"payment:lightning":null,"payment:lightning_contactless":null,"payment:onchain":null,"pets":null,"phone":null,"service:electricity":null,"shop":"bakery","smoking":null,"source":"Kaart Ground Survey 2017","takeaway":null,"toilets":null,"toilets:access":null,"toilets:wheelchair":null,"tourism":null,"url":null,"website":null,"website:menu":null,"wheelchair":null,"wifi":null},"geometry":{"type":"Point","coordinates":[-74.0550205,4.6696606]}},
{"type":"Feature","properties":{"fid":443,"id":"node/5145508188","@id":"node/5145508188","addr:city":null,"addr:country":null,"addr:door":null,"addr:floor":null,"addr:full":null,"addr:housename":null,"addr:housenumber":null,"addr:place":null,"addr:postcode":null,"addr:street":"Carrera 19B","addr:unit":null,"air_conditioning":null,"alt_name":null,"amenity":"cafe","baby_feeding":null,"bar":null,"branch":null,"brand":null,"brand:wikidata":null,"brand:wikipedia":null,"building":null,"capacity":null,"check_date":null,"check_date:opening_hours":null,"contact:facebook":null,"contact:instagram":null,"contact:website":null,"contact:whatsapp":null,"cuisine":null,"currency:XBT":null,"delivery":null,"description":null,"diet:gluten_free":null,"diet:organic":null,"diet:vegan":null,"diet:vegetarian":null,"dog":null,"drink:espresso":null,"drink:filter_coffee":null,"drive_through":null,"email":null,"fixme":null,"floor":null,"indoor":null,"indoor_seating":null,"internet_access":null,"internet_access:fee":null,"internet_access:ssid":null,"level":null,"location":null,"name":"Cigarrería y cafetería Consu","name:de":null,"name:en":null,"name:es":null,"name:fr":null,"note:opening_hours":null,"official_name":null,"opening_hours":null,"opening_hours:es":null,"opening_hours:signed":null,"operator":null,"outdoor_seating":null,"payment:app":null,"payment:apple_pay":null,"payment:cards":null,"payment:cash":null,"payment:contactless":null,"payment:credit_cards":null,"payment:debit_cards":null,"payment:google_pay":null,"payment:lightning":null,"payment:lightning_contactless":null,"payment:onchain":null,"pets":null,"phone":null,"service:electricity":null,"shop":null,"smoking":null,"source":"Kaart Ground Survey 2017","takeaway":null,"toilets":null,"toilets:access":null,"toilets:wheelchair":null,"tourism":null,"url":null,"website":null,"website:menu":null,"wheelchair":null,"wifi":null},"geometry":{"type":"Point","coordinates":[-74.0583088,4.6718004]}},
{"type":"Feature","properties":{"fid":447,"id":"node/5145570750","@id":"node/5145570750","addr:city":null,"addr:country":null,"addr:door":null,"addr:floor":null,"addr:full":null,"addr:housename":null,"addr:housenumber":null,"addr:place":null,"addr:postcode":null,"addr:street":"Avenida Calle 82","addr:unit":null,"air_conditioning":null,"alt_name":null,"amenity":"cafe","baby_feeding":null,"bar":null,"branch":null,"brand":"Starbucks","brand:wikidata":"Q37158","brand:wikipedia":"en:Starbucks","building":null,"capacity":null,"check_date":"2025-12-18","check_date:opening_hours":null,"contact:facebook":null,"contact:instagram":null,"contact:website":null,"contact:whatsapp":null,"cuisine":"coffee_shop","currency:XBT":null,"delivery":null,"description":null,"diet:gluten_free":null,"diet:organic":null,"diet:vegan":null,"diet:vegetarian":null,"dog":null,"drink:espresso":null,"drink:filter_coffee":null,"drive_through":null,"email":null,"fixme":null,"floor":null,"indoor":null,"indoor_seating":null,"internet_access":null,"internet_access:fee":null,"internet_access:ssid":null,"level":null,"location":null,"name":"Starbucks","name:de":null,"name:en":null,"name:es":null,"name:fr":null,"note:opening_hours":null,"official_name":"Starbucks Coffee","opening_hours":null,"opening_hours:es":null,"opening_hours:signed":null,"operator":null,"outdoor_seating":"no","payment:app":null,"payment:apple_pay":null,"payment:cards":null,"payment:cash":null,"payment:contactless":null,"payment:credit_cards":null,"payment:debit_cards":null,"payment:google_pay":null,"payment:lightning":null,"payment:lightning_contactless":null,"payment:onchain":null,"pets":null,"phone":null,"service:electricity":null,"shop":null,"smoking":null,"source":null,"takeaway":"yes","toilets":null,"toilets:access":null,"toilets:wheelchair":null,"tourism":null,"url":null,"website":"https://www.starbucks.com.co/","website:menu":null,"wheelchair":"yes","wifi":null},"geometry":{"type":"Point","coordinates":[-74.052385200000018,4.667286]}},
{"type":"Feature","properties":{"fid":448,"id":"node/5145582089","@id":"node/5145582089","addr:city":null,"addr:country":null,"addr:door":null,"addr:floor":null,"addr:full":null,"addr:housename":null,"addr:housenumber":null,"addr:place":null,"addr:postcode":null,"addr:street":"Calle 112","addr:unit":null,"air_conditioning":null,"alt_name":null,"amenity":"cafe","baby_feeding":null,"bar":null,"branch":null,"brand":null,"brand:wikidata":null,"brand:wikipedia":null,"building":null,"capacity":null,"check_date":null,"check_date:opening_hours":null,"contact:facebook":null,"contact:instagram":null,"contact:website":null,"contact:whatsapp":null,"cuisine":null,"currency:XBT":null,"delivery":null,"description":null,"diet:gluten_free":null,"diet:organic":null,"diet:vegan":null,"diet:vegetarian":null,"dog":null,"drink:espresso":null,"drink:filter_coffee":null,"drive_through":null,"email":null,"fixme":null,"floor":null,"indoor":null,"indoor_seating":null,"internet_access":null,"internet_access:fee":null,"internet_access:ssid":null,"level":null,"location":null,"name":"Uluru","name:de":null,"name:en":null,"name:es":null,"name:fr":null,"note:opening_hours":null,"official_name":null,"opening_hours":null,"opening_hours:es":null,"opening_hours:signed":null,"operator":null,"outdoor_seating":null,"payment:app":null,"payment:apple_pay":null,"payment:cards":null,"payment:cash":null,"payment:contactless":null,"payment:credit_cards":null,"payment:debit_cards":null,"payment:google_pay":null,"payment:lightning":null,"payment:lightning_contactless":null,"payment:onchain":null,"pets":null,"phone":null,"service:electricity":null,"shop":null,"smoking":null,"source":"Kaart Ground Survey 2017","takeaway":null,"toilets":null,"toilets:access":null,"toilets:wheelchair":null,"tourism":null,"url":null,"website":null,"website:menu":null,"wheelchair":null,"wifi":null},"geometry":{"type":"Point","coordinates":[-74.0715882,4.6987128]}},
{"type":"Feature","properties":{"fid":450,"id":"node/5146026960","@id":"node/5146026960","addr:city":null,"addr:country":null,"addr:door":null,"addr:floor":null,"addr:full":null,"addr:housename":null,"addr:housenumber":null,"addr:place":null,"addr:postcode":null,"addr:street":"Avenida Calle 85","addr:unit":null,"air_conditioning":null,"alt_name":null,"amenity":"cafe","baby_feeding":null,"bar":null,"branch":null,"brand":null,"brand:wikidata":null,"brand:wikipedia":null,"building":null,"capacity":null,"check_date":null,"check_date:opening_hours":null,"contact:facebook":null,"contact:instagram":null,"contact:website":null,"contact:whatsapp":null,"cuisine":null,"currency:XBT":null,"delivery":null,"description":null,"diet:gluten_free":null,"diet:organic":null,"diet:vegan":null,"diet:vegetarian":null,"dog":null,"drink:espresso":null,"drink:filter_coffee":null,"drive_through":null,"email":null,"fixme":null,"floor":null,"indoor":null,"indoor_seating":null,"internet_access":null,"internet_access:fee":null,"internet_access:ssid":null,"level":null,"location":null,"name":"Cafeteria Valle","name:de":null,"name:en":null,"name:es":null,"name:fr":null,"note:opening_hours":null,"official_name":null,"opening_hours":null,"opening_hours:es":null,"opening_hours:signed":null,"operator":null,"outdoor_seating":null,"payment:app":null,"payment:apple_pay":null,"payment:cards":null,"payment:cash":null,"payment:contactless":null,"payment:credit_cards":null,"payment:debit_cards":null,"payment:google_pay":null,"payment:lightning":null,"payment:lightning_contactless":null,"payment:onchain":null,"pets":null,"phone":null,"service:electricity":null,"shop":null,"smoking":null,"source":"Kaart Ground Survey 2017","takeaway":null,"toilets":null,"toilets:access":null,"toilets:wheelchair":null,"tourism":null,"url":null,"website":null,"website:menu":null,"wheelchair":null,"wifi":null},"geometry":{"type":"Point","coordinates":[-74.0554563,4.6704128]}},
{"type":"Feature","properties":{"fid":455,"id":"node/5146207171","@id":"node/5146207171","addr:city":null,"addr:country":null,"addr:door":null,"addr:floor":null,"addr:full":null,"addr:housename":null,"addr:housenumber":null,"addr:place":null,"addr:postcode":null,"addr:street":"Calle 75","addr:unit":null,"air_conditioning":null,"alt_name":null,"amenity":"cafe","baby_feeding":null,"bar":null,"branch":null,"brand":null,"brand:wikidata":null,"brand:wikipedia":null,"building":null,"capacity":null,"check_date":null,"check_date:opening_hours":null,"contact:facebook":null,"contact:instagram":null,"contact:website":null,"contact:whatsapp":null,"cuisine":null,"currency:XBT":null,"delivery":null,"description":null,"diet:gluten_free":null,"diet:organic":null,"diet:vegan":null,"diet:vegetarian":null,"dog":null,"drink:espresso":null,"drink:filter_coffee":null,"drive_through":null,"email":null,"fixme":null,"floor":null,"indoor":null,"indoor_seating":null,"internet_access":null,"internet_access:fee":null,"internet_access:ssid":null,"level":null,"location":null,"name":"Caffe La Vid Maria C.","name:de":null,"name:en":null,"name:es":null,"name:fr":null,"note:opening_hours":null,"official_name":null,"opening_hours":null,"opening_hours:es":null,"opening_hours:signed":null,"operator":null,"outdoor_seating":null,"payment:app":null,"payment:apple_pay":null,"payment:cards":null,"payment:cash":null,"payment:contactless":null,"payment:credit_cards":null,"payment:debit_cards":null,"payment:google_pay":null,"payment:lightning":null,"payment:lightning_contactless":null,"payment:onchain":null,"pets":null,"phone":null,"service:electricity":null,"shop":null,"smoking":null,"source":"Kaart Ground Survey 2017","takeaway":null,"toilets":null,"toilets:access":null,"toilets:wheelchair":null,"tourism":null,"url":null,"website":null,"website:menu":null,"wheelchair":null,"wifi":null},"geometry":{"type":"Point","coordinates":[-74.0616115,4.6630729]}},
{"type":"Feature","properties":{"fid":458,"id":"node/5146232464","@id":"node/5146232464","addr:city":null,"addr:country":null,"addr:door":null,"addr:floor":null,"addr:full":null,"addr:housename":null,"addr:housenumber":null,"addr:place":null,"addr:postcode":null,"addr:street":"Calle 76","addr:unit":null,"air_conditioning":null,"alt_name":null,"amenity":"cafe","baby_feeding":null,"bar":null,"branch":null,"brand":null,"brand:wikidata":null,"brand:wikipedia":null,"building":null,"capacity":null,"check_date":null,"check_date:opening_hours":null,"contact:facebook":null,"contact:instagram":null,"contact:website":null,"contact:whatsapp":null,"cuisine":null,"currency:XBT":null,"delivery":null,"description":null,"diet:gluten_free":null,"diet:organic":null,"diet:vegan":null,"diet:vegetarian":null,"dog":null,"drink:espresso":null,"drink:filter_coffee":null,"drive_through":null,"email":null,"fixme":null,"floor":null,"indoor":null,"indoor_seating":null,"internet_access":null,"internet_access:fee":null,"internet_access:ssid":null,"level":null,"location":null,"name":"Onces Y Variedades LA 76","name:de":null,"name:en":null,"name:es":null,"name:fr":null,"note:opening_hours":null,"official_name":null,"opening_hours":null,"opening_hours:es":null,"opening_hours:signed":null,"operator":null,"outdoor_seating":null,"payment:app":null,"payment:apple_pay":null,"payment:cards":null,"payment:cash":null,"payment:contactless":null,"payment:credit_cards":null,"payment:debit_cards":null,"payment:google_pay":null,"payment:lightning":null,"payment:lightning_contactless":null,"payment:onchain":null,"pets":null,"phone":null,"service:electricity":null,"shop":null,"smoking":null,"source":"Kaart Ground Survey 2017","takeaway":null,"toilets":null,"toilets:access":null,"toilets:wheelchair":null,"tourism":null,"url":null,"website":null,"website:menu":null,"wheelchair":null,"wifi":null},"geometry":{"type":"Point","coordinates":[-74.0627031,4.6649866]}},
{"type":"Feature","properties":{"fid":464,"id":"node/5148093926","@id":"node/5148093926","addr:city":null,"addr:country":null,"addr:door":null,"addr:floor":null,"addr:full":null,"addr:housename":null,"addr:housenumber":null,"addr:place":null,"addr:postcode":null,"addr:street":"Carrera 72","addr:unit":null,"air_conditioning":null,"alt_name":null,"amenity":"cafe","baby_feeding":null,"bar":null,"branch":null,"brand":null,"brand:wikidata":null,"brand:wikipedia":null,"building":null,"capacity":null,"check_date":null,"check_date:opening_hours":null,"contact:facebook":null,"contact:instagram":null,"contact:website":null,"contact:whatsapp":null,"cuisine":null,"currency:XBT":null,"delivery":null,"description":null,"diet:gluten_free":null,"diet:organic":null,"diet:vegan":null,"diet:vegetarian":null,"dog":null,"drink:espresso":null,"drink:filter_coffee":null,"drive_through":null,"email":null,"fixme":null,"floor":null,"indoor":null,"indoor_seating":null,"internet_access":null,"internet_access:fee":null,"internet_access:ssid":null,"level":null,"location":null,"name":"Cafetería","name:de":null,"name:en":null,"name:es":null,"name:fr":null,"note:opening_hours":null,"official_name":null,"opening_hours":null,"opening_hours:es":null,"opening_hours:signed":null,"operator":null,"outdoor_seating":null,"payment:app":null,"payment:apple_pay":null,"payment:cards":null,"payment:cash":null,"payment:contactless":null,"payment:credit_cards":null,"payment:debit_cards":null,"payment:google_pay":null,"payment:lightning":null,"payment:lightning_contactless":null,"payment:onchain":null,"pets":null,"phone":null,"service:electricity":null,"shop":null,"smoking":null,"source":"Kaart Ground Survey 2017","takeaway":null,"toilets":null,"toilets:access":null,"toilets:wheelchair":null,"tourism":null,"url":null,"website":null,"website:menu":null,"wheelchair":null,"wifi":null},"geometry":{"type":"Point","coordinates":[-74.1005038,4.679178]}},
{"type":"Feature","properties":{"fid":467,"id":"node/5148479814","@id":"node/5148479814","addr:city":null,"addr:country":null,"addr:door":null,"addr:floor":null,"addr:full":null,"addr:housename":null,"addr:housenumber":null,"addr:place":null,"addr:postcode":null,"addr:street":"Calle 26A","addr:unit":null,"air_conditioning":null,"alt_name":null,"amenity":"cafe","baby_feeding":null,"bar":null,"branch":null,"brand":null,"brand:wikidata":null,"brand:wikipedia":null,"building":null,"capacity":null,"check_date":null,"check_date:opening_hours":null,"contact:facebook":null,"contact:instagram":null,"contact:website":null,"contact:whatsapp":null,"cuisine":null,"currency:XBT":null,"delivery":null,"description":null,"diet:gluten_free":null,"diet:organic":null,"diet:vegan":null,"diet:vegetarian":null,"dog":null,"drink:espresso":null,"drink:filter_coffee":null,"drive_through":null,"email":null,"fixme":null,"floor":null,"indoor":null,"indoor_seating":null,"internet_access":null,"internet_access:fee":null,"internet_access:ssid":null,"level":null,"location":null,"name":"Orígen Chicha y Café","name:de":null,"name:en":null,"name:es":null,"name:fr":null,"note:opening_hours":null,"official_name":null,"opening_hours":null,"opening_hours:es":null,"opening_hours:signed":null,"operator":null,"outdoor_seating":null,"payment:app":null,"payment:apple_pay":null,"payment:cards":null,"payment:cash":null,"payment:contactless":null,"payment:credit_cards":null,"payment:debit_cards":null,"payment:google_pay":null,"payment:lightning":null,"payment:lightning_contactless":null,"payment:onchain":null,"pets":null,"phone":null,"service:electricity":null,"shop":null,"smoking":null,"source":"Kaart Ground Survey 2017","takeaway":null,"toilets":null,"toilets:access":null,"toilets:wheelchair":null,"tourism":null,"url":null,"website":null,"website:menu":null,"wheelchair":null,"wifi":null},"geometry":{"type":"Point","coordinates":[-74.083641,4.6319454]}},
{"type":"Feature","properties":{"fid":468,"id":"node/5148479819","@id":"node/5148479819","addr:city":null,"addr:country":null,"addr:door":null,"addr:floor":null,"addr:full":null,"addr:housename":null,"addr:housenumber":null,"addr:place":null,"addr:postcode":null,"addr:street":"Calle 26A","addr:unit":null,"air_conditioning":null,"alt_name":null,"amenity":"cafe","baby_feeding":null,"bar":null,"branch":null,"brand":null,"brand:wikidata":null,"brand:wikipedia":null,"building":null,"capacity":null,"check_date":null,"check_date:opening_hours":null,"contact:facebook":null,"contact:instagram":null,"contact:website":null,"contact:whatsapp":null,"cuisine":null,"currency:XBT":null,"delivery":null,"description":null,"diet:gluten_free":null,"diet:organic":null,"diet:vegan":null,"diet:vegetarian":null,"dog":null,"drink:espresso":null,"drink:filter_coffee":null,"drive_through":null,"email":null,"fixme":null,"floor":null,"indoor":null,"indoor_seating":null,"internet_access":null,"internet_access:fee":null,"internet_access:ssid":null,"level":null,"location":null,"name":"Sandwich Maestro","name:de":null,"name:en":null,"name:es":null,"name:fr":null,"note:opening_hours":null,"official_name":null,"opening_hours":null,"opening_hours:es":null,"opening_hours:signed":null,"operator":null,"outdoor_seating":null,"payment:app":null,"payment:apple_pay":null,"payment:cards":null,"payment:cash":null,"payment:contactless":null,"payment:credit_cards":null,"payment:debit_cards":null,"payment:google_pay":null,"payment:lightning":null,"payment:lightning_contactless":null,"payment:onchain":null,"pets":null,"phone":null,"service:electricity":null,"shop":null,"smoking":null,"source":"Kaart Ground Survey 2017","takeaway":null,"toilets":null,"toilets:access":null,"toilets:wheelchair":null,"tourism":null,"url":null,"website":null,"website:menu":null,"wheelchair":null,"wifi":null},"geometry":{"type":"Point","coordinates":[-74.0835822,4.6321104]}},
{"type":"Feature","properties":{"fid":480,"id":"node/5150237441","@id":"node/5150237441","addr:city":null,"addr:country":null,"addr:door":null,"addr:floor":null,"addr:full":null,"addr:housename":null,"addr:housenumber":null,"addr:place":null,"addr:postcode":null,"addr:street":"Calle 79","addr:unit":null,"air_conditioning":null,"alt_name":null,"amenity":"cafe","baby_feeding":null,"bar":null,"branch":null,"brand":null,"brand:wikidata":null,"brand:wikipedia":null,"building":null,"capacity":null,"check_date":null,"check_date:opening_hours":null,"contact:facebook":null,"contact:instagram":null,"contact:website":null,"contact:whatsapp":null,"cuisine":null,"currency:XBT":null,"delivery":null,"description":null,"diet:gluten_free":null,"diet:organic":null,"diet:vegan":null,"diet:vegetarian":null,"dog":null,"drink:espresso":null,"drink:filter_coffee":null,"drive_through":null,"email":null,"fixme":null,"floor":null,"indoor":null,"indoor_seating":null,"internet_access":null,"internet_access:fee":null,"internet_access:ssid":null,"level":null,"location":null,"name":"Panadería Y Cafeteria LA 28","name:de":null,"name:en":null,"name:es":null,"name:fr":null,"note:opening_hours":null,"official_name":null,"opening_hours":null,"opening_hours:es":null,"opening_hours:signed":null,"operator":null,"outdoor_seating":null,"payment:app":null,"payment:apple_pay":null,"payment:cards":null,"payment:cash":null,"payment:contactless":null,"payment:credit_cards":null,"payment:debit_cards":null,"payment:google_pay":null,"payment:lightning":null,"payment:lightning_contactless":null,"payment:onchain":null,"pets":null,"phone":null,"service:electricity":null,"shop":null,"smoking":null,"source":"Kaart Ground Survey 2017","takeaway":null,"toilets":null,"toilets:access":null,"toilets:wheelchair":null,"tourism":null,"url":null,"website":null,"website:menu":null,"wheelchair":null,"wifi":null},"geometry":{"type":"Point","coordinates":[-74.0648941,4.6700166]}},
{"type":"Feature","properties":{"fid":482,"id":"node/5150365846","@id":"node/5150365846","addr:city":null,"addr:country":null,"addr:door":null,"addr:floor":null,"addr:full":null,"addr:housename":null,"addr:housenumber":null,"addr:place":null,"addr:postcode":null,"addr:street":"Avenida Calle 63","addr:unit":null,"air_conditioning":null,"alt_name":null,"amenity":"cafe","baby_feeding":null,"bar":null,"branch":null,"brand":null,"brand:wikidata":null,"brand:wikipedia":null,"building":null,"capacity":null,"check_date":null,"check_date:opening_hours":null,"contact:facebook":null,"contact:instagram":null,"contact:website":null,"contact:whatsapp":null,"cuisine":null,"currency:XBT":null,"delivery":null,"description":null,"diet:gluten_free":null,"diet:organic":null,"diet:vegan":null,"diet:vegetarian":null,"dog":null,"drink:espresso":null,"drink:filter_coffee":null,"drive_through":null,"email":null,"fixme":null,"floor":null,"indoor":null,"indoor_seating":null,"internet_access":null,"internet_access:fee":null,"internet_access:ssid":null,"level":null,"location":null,"name":"Cafe Victoria","name:de":null,"name:en":null,"name:es":null,"name:fr":null,"note:opening_hours":null,"official_name":null,"opening_hours":null,"opening_hours:es":null,"opening_hours:signed":null,"operator":null,"outdoor_seating":null,"payment:app":null,"payment:apple_pay":null,"payment:cards":null,"payment:cash":null,"payment:contactless":null,"payment:credit_cards":null,"payment:debit_cards":null,"payment:google_pay":null,"payment:lightning":null,"payment:lightning_contactless":null,"payment:onchain":null,"pets":null,"phone":null,"service:electricity":null,"shop":null,"smoking":null,"source":"Kaart Ground Survey 2017","takeaway":null,"toilets":null,"toilets:access":null,"toilets:wheelchair":null,"tourism":null,"url":null,"website":null,"website:menu":null,"wheelchair":null,"wifi":null},"geometry":{"type":"Point","coordinates":[-74.1096205,4.6799263]}},
{"type":"Feature","properties":{"fid":486,"id":"node/5151988277","@id":"node/5151988277","addr:city":null,"addr:country":null,"addr:door":null,"addr:floor":null,"addr:full":null,"addr:housename":null,"addr:housenumber":null,"addr:place":null,"addr:postcode":null,"addr:street":"Avenida Carrera 86","addr:unit":null,"air_conditioning":null,"alt_name":null,"amenity":"cafe","baby_feeding":null,"bar":null,"branch":null,"brand":null,"brand:wikidata":null,"brand:wikipedia":null,"building":null,"capacity":null,"check_date":null,"check_date:opening_hours":null,"contact:facebook":null,"contact:instagram":null,"contact:website":null,"contact:whatsapp":null,"cuisine":null,"currency:XBT":null,"delivery":null,"description":null,"diet:gluten_free":null,"diet:organic":null,"diet:vegan":null,"diet:vegetarian":null,"dog":null,"drink:espresso":null,"drink:filter_coffee":null,"drive_through":null,"email":null,"fixme":null,"floor":null,"indoor":null,"indoor_seating":null,"internet_access":null,"internet_access:fee":null,"internet_access:ssid":null,"level":null,"location":null,"name":"Cerveceros","name:de":null,"name:en":null,"name:es":null,"name:fr":null,"note:opening_hours":null,"official_name":null,"opening_hours":null,"opening_hours:es":null,"opening_hours:signed":null,"operator":null,"outdoor_seating":null,"payment:app":null,"payment:apple_pay":null,"payment:cards":null,"payment:cash":null,"payment:contactless":null,"payment:credit_cards":null,"payment:debit_cards":null,"payment:google_pay":null,"payment:lightning":null,"payment:lightning_contactless":null,"payment:onchain":null,"pets":null,"phone":null,"service:electricity":null,"shop":null,"smoking":null,"source":"Kaart Ground Survey 2017","takeaway":null,"toilets":null,"toilets:access":null,"toilets:wheelchair":null,"tourism":null,"url":null,"website":null,"website:menu":null,"wheelchair":null,"wifi":null},"geometry":{"type":"Point","coordinates":[-74.1029116,4.7003179]}},
{"type":"Feature","properties":{"fid":487,"id":"node/5152056001","@id":"node/5152056001","addr:city":null,"addr:country":null,"addr:door":null,"addr:floor":null,"addr:full":null,"addr:housename":null,"addr:housenumber":null,"addr:place":null,"addr:postcode":null,"addr:street":"Calle 104","addr:unit":null,"air_conditioning":null,"alt_name":null,"amenity":"cafe","baby_feeding":null,"bar":null,"branch":null,"brand":null,"brand:wikidata":null,"brand:wikipedia":null,"building":null,"capacity":null,"check_date":null,"check_date:opening_hours":null,"contact:facebook":null,"contact:instagram":null,"contact:website":null,"contact:whatsapp":null,"cuisine":null,"currency:XBT":null,"delivery":null,"description":null,"diet:gluten_free":null,"diet:organic":null,"diet:vegan":null,"diet:vegetarian":null,"dog":null,"drink:espresso":null,"drink:filter_coffee":null,"drive_through":null,"email":null,"fixme":null,"floor":null,"indoor":null,"indoor_seating":null,"internet_access":null,"internet_access:fee":null,"internet_access:ssid":null,"level":null,"location":null,"name":"Al Agua Patos","name:de":null,"name:en":null,"name:es":null,"name:fr":null,"note:opening_hours":null,"official_name":null,"opening_hours":null,"opening_hours:es":null,"opening_hours:signed":null,"operator":null,"outdoor_seating":null,"payment:app":null,"payment:apple_pay":null,"payment:cards":null,"payment:cash":null,"payment:contactless":null,"payment:credit_cards":null,"payment:debit_cards":null,"payment:google_pay":null,"payment:lightning":null,"payment:lightning_contactless":null,"payment:onchain":null,"pets":null,"phone":null,"service:electricity":null,"shop":null,"smoking":null,"source":"Kaart Ground Survey 2017","takeaway":null,"toilets":null,"toilets:access":null,"toilets:wheelchair":null,"tourism":null,"url":null,"website":null,"website:menu":null,"wheelchair":null,"wifi":null},"geometry":{"type":"Point","coordinates":[-74.0506334,4.6904761]}},
{"type":"Feature","properties":{"fid":491,"id":"node/5152482594","@id":"node/5152482594","addr:city":null,"addr:country":null,"addr:door":null,"addr:floor":null,"addr:full":null,"addr:housename":null,"addr:housenumber":null,"addr:place":null,"addr:postcode":null,"addr:street":"Avenida Calle 134","addr:unit":null,"air_conditioning":null,"alt_name":null,"amenity":"cafe","baby_feeding":null,"bar":null,"branch":null,"brand":"Tostao’","brand:wikidata":"Q60632476","brand:wikipedia":null,"building":null,"capacity":null,"check_date":null,"check_date:opening_hours":null,"contact:facebook":null,"contact:instagram":null,"contact:website":null,"contact:whatsapp":null,"cuisine":"coffee_shop","currency:XBT":null,"delivery":null,"description":null,"diet:gluten_free":null,"diet:organic":null,"diet:vegan":null,"diet:vegetarian":null,"dog":null,"drink:espresso":null,"drink:filter_coffee":null,"drive_through":null,"email":null,"fixme":null,"floor":null,"indoor":null,"indoor_seating":null,"internet_access":null,"internet_access:fee":null,"internet_access:ssid":null,"level":null,"location":null,"name":"Tostao’","name:de":null,"name:en":null,"name:es":"Tostao’","name:fr":null,"note:opening_hours":null,"official_name":null,"opening_hours":null,"opening_hours:es":null,"opening_hours:signed":null,"operator":null,"outdoor_seating":null,"payment:app":null,"payment:apple_pay":null,"payment:cards":null,"payment:cash":null,"payment:contactless":null,"payment:credit_cards":null,"payment:debit_cards":null,"payment:google_pay":null,"payment:lightning":null,"payment:lightning_contactless":null,"payment:onchain":null,"pets":null,"phone":null,"service:electricity":null,"shop":null,"smoking":null,"source":"Kaart Ground Survey 2017","takeaway":null,"toilets":null,"toilets:access":null,"toilets:wheelchair":null,"tourism":null,"url":null,"website":null,"website:menu":null,"wheelchair":null,"wifi":null},"geometry":{"type":"Point","coordinates":[-74.0572233,4.7193005]}},
{"type":"Feature","properties":{"fid":492,"id":"node/5152581122","@id":"node/5152581122","addr:city":null,"addr:country":null,"addr:door":null,"addr:floor":null,"addr:full":null,"addr:housename":null,"addr:housenumber":null,"addr:place":null,"addr:postcode":null,"addr:street":"Avenida Calle 80","addr:unit":null,"air_conditioning":null,"alt_name":null,"amenity":"cafe","baby_feeding":null,"bar":null,"branch":null,"brand":null,"brand:wikidata":null,"brand:wikipedia":null,"building":null,"capacity":null,"check_date":null,"check_date:opening_hours":null,"contact:facebook":null,"contact:instagram":null,"contact:website":null,"contact:whatsapp":null,"cuisine":null,"currency:XBT":null,"delivery":null,"description":null,"diet:gluten_free":null,"diet:organic":null,"diet:vegan":null,"diet:vegetarian":null,"dog":null,"drink:espresso":null,"drink:filter_coffee":null,"drive_through":null,"email":null,"fixme":null,"floor":null,"indoor":null,"indoor_seating":null,"internet_access":null,"internet_access:fee":null,"internet_access:ssid":null,"level":null,"location":null,"name":"Cafetería La Malagueña","name:de":null,"name:en":null,"name:es":null,"name:fr":null,"note:opening_hours":null,"official_name":null,"opening_hours":null,"opening_hours:es":null,"opening_hours:signed":null,"operator":null,"outdoor_seating":null,"payment:app":null,"payment:apple_pay":null,"payment:cards":null,"payment:cash":null,"payment:contactless":null,"payment:credit_cards":null,"payment:debit_cards":null,"payment:google_pay":null,"payment:lightning":null,"payment:lightning_contactless":null,"payment:onchain":null,"pets":null,"phone":null,"service:electricity":null,"shop":null,"smoking":null,"source":"Kaart Ground Survey 2017","takeaway":null,"toilets":null,"toilets:access":null,"toilets:wheelchair":null,"tourism":null,"url":null,"website":null,"website:menu":null,"wheelchair":null,"wifi":null},"geometry":{"type":"Point","coordinates":[-74.0988045,4.7016945]}},
{"type":"Feature","properties":{"fid":494,"id":"node/5157397446","@id":"node/5157397446","addr:city":null,"addr:country":null,"addr:door":null,"addr:floor":null,"addr:full":null,"addr:housename":null,"addr:housenumber":null,"addr:place":null,"addr:postcode":null,"addr:street":"Carrera 29C","addr:unit":null,"air_conditioning":null,"alt_name":null,"amenity":"cafe","baby_feeding":null,"bar":null,"branch":null,"brand":null,"brand:wikidata":null,"brand:wikipedia":null,"building":null,"capacity":null,"check_date":null,"check_date:opening_hours":null,"contact:facebook":null,"contact:instagram":null,"contact:website":null,"contact:whatsapp":null,"cuisine":null,"currency:XBT":null,"delivery":null,"description":null,"diet:gluten_free":null,"diet:organic":null,"diet:vegan":null,"diet:vegetarian":null,"dog":null,"drink:espresso":null,"drink:filter_coffee":null,"drive_through":null,"email":null,"fixme":null,"floor":null,"indoor":null,"indoor_seating":null,"internet_access":null,"internet_access:fee":null,"internet_access:ssid":null,"level":null,"location":null,"name":"Lavaseco","name:de":null,"name:en":null,"name:es":null,"name:fr":null,"note:opening_hours":null,"official_name":null,"opening_hours":null,"opening_hours:es":null,"opening_hours:signed":null,"operator":null,"outdoor_seating":null,"payment:app":null,"payment:apple_pay":null,"payment:cards":null,"payment:cash":null,"payment:contactless":null,"payment:credit_cards":null,"payment:debit_cards":null,"payment:google_pay":null,"payment:lightning":null,"payment:lightning_contactless":null,"payment:onchain":null,"pets":null,"phone":null,"service:electricity":null,"shop":null,"smoking":null,"source":"Kaart Ground Survey 2017","takeaway":null,"toilets":null,"toilets:access":null,"toilets:wheelchair":null,"tourism":null,"url":null,"website":null,"website:menu":null,"wheelchair":null,"wifi":null},"geometry":{"type":"Point","coordinates":[-74.0678739,4.6729847]}},
{"type":"Feature","properties":{"fid":497,"id":"node/5157436426","@id":"node/5157436426","addr:city":null,"addr:country":null,"addr:door":null,"addr:floor":null,"addr:full":null,"addr:housename":null,"addr:housenumber":null,"addr:place":null,"addr:postcode":null,"addr:street":"Carrera 76","addr:unit":null,"air_conditioning":null,"alt_name":null,"amenity":"cafe","baby_feeding":null,"bar":null,"branch":null,"brand":null,"brand:wikidata":null,"brand:wikipedia":null,"building":null,"capacity":null,"check_date":null,"check_date:opening_hours":null,"contact:facebook":null,"contact:instagram":null,"contact:website":null,"contact:whatsapp":null,"cuisine":null,"currency:XBT":null,"delivery":null,"description":null,"diet:gluten_free":null,"diet:organic":null,"diet:vegan":null,"diet:vegetarian":null,"dog":null,"drink:espresso":null,"drink:filter_coffee":null,"drive_through":null,"email":null,"fixme":null,"floor":null,"indoor":null,"indoor_seating":null,"internet_access":null,"internet_access:fee":null,"internet_access:ssid":null,"level":null,"location":null,"name":"Salon de Onces Emmanuel","name:de":null,"name:en":null,"name:es":null,"name:fr":null,"note:opening_hours":null,"official_name":null,"opening_hours":null,"opening_hours:es":null,"opening_hours:signed":null,"operator":null,"outdoor_seating":null,"payment:app":null,"payment:apple_pay":null,"payment:cards":null,"payment:cash":null,"payment:contactless":null,"payment:credit_cards":null,"payment:debit_cards":null,"payment:google_pay":null,"payment:lightning":null,"payment:lightning_contactless":null,"payment:onchain":null,"pets":null,"phone":null,"service:electricity":null,"shop":null,"smoking":null,"source":"Kaart Ground Survey 2017","takeaway":null,"toilets":null,"toilets:access":null,"toilets:wheelchair":null,"tourism":null,"url":null,"website":null,"website:menu":null,"wheelchair":null,"wifi":null},"geometry":{"type":"Point","coordinates":[-74.0980951,4.6916482]}},
{"type":"Feature","properties":{"fid":498,"id":"node/5157455573","@id":"node/5157455573","addr:city":null,"addr:country":null,"addr:door":null,"addr:floor":null,"addr:full":null,"addr:housename":null,"addr:housenumber":null,"addr:place":null,"addr:postcode":null,"addr:street":"Carrera 76","addr:unit":null,"air_conditioning":null,"alt_name":null,"amenity":"cafe","baby_feeding":null,"bar":null,"branch":null,"brand":"Tostao’","brand:wikidata":"Q60632476","brand:wikipedia":null,"building":null,"capacity":null,"check_date":null,"check_date:opening_hours":null,"contact:facebook":null,"contact:instagram":null,"contact:website":null,"contact:whatsapp":null,"cuisine":"coffee_shop","currency:XBT":null,"delivery":null,"description":null,"diet:gluten_free":null,"diet:organic":null,"diet:vegan":null,"diet:vegetarian":null,"dog":null,"drink:espresso":null,"drink:filter_coffee":null,"drive_through":null,"email":null,"fixme":null,"floor":null,"indoor":null,"indoor_seating":null,"internet_access":null,"internet_access:fee":null,"internet_access:ssid":null,"level":null,"location":null,"name":"Tostao’","name:de":null,"name:en":null,"name:es":"Tostao’","name:fr":null,"note:opening_hours":null,"official_name":"TOSTAO’ Café & Pan","opening_hours":null,"opening_hours:es":null,"opening_hours:signed":null,"operator":null,"outdoor_seating":null,"payment:app":null,"payment:apple_pay":null,"payment:cards":null,"payment:cash":null,"payment:contactless":null,"payment:credit_cards":null,"payment:debit_cards":null,"payment:google_pay":null,"payment:lightning":null,"payment:lightning_contactless":null,"payment:onchain":null,"pets":null,"phone":null,"service:electricity":null,"shop":null,"smoking":null,"source":"Kaart Ground Survey 2017","takeaway":"yes","toilets":null,"toilets:access":null,"toilets:wheelchair":null,"tourism":null,"url":null,"website":null,"website:menu":null,"wheelchair":null,"wifi":null},"geometry":{"type":"Point","coordinates":[-74.0983158,4.6913941]}},
{"type":"Feature","properties":{"fid":501,"id":"node/5157557317","@id":"node/5157557317","addr:city":null,"addr:country":null,"addr:door":null,"addr:floor":null,"addr:full":null,"addr:housename":null,"addr:housenumber":null,"addr:place":null,"addr:postcode":null,"addr:street":"Avenida Carrera 24","addr:unit":null,"air_conditioning":null,"alt_name":null,"amenity":"cafe","baby_feeding":null,"bar":null,"branch":null,"brand":null,"brand:wikidata":null,"brand:wikipedia":null,"building":null,"capacity":null,"check_date":null,"check_date:opening_hours":null,"contact:facebook":null,"contact:instagram":null,"contact:website":null,"contact:whatsapp":null,"cuisine":null,"currency:XBT":null,"delivery":null,"description":null,"diet:gluten_free":null,"diet:organic":null,"diet:vegan":null,"diet:vegetarian":null,"dog":null,"drink:espresso":null,"drink:filter_coffee":null,"drive_through":null,"email":null,"fixme":null,"floor":null,"indoor":null,"indoor_seating":null,"internet_access":null,"internet_access:fee":null,"internet_access:ssid":null,"level":null,"location":null,"name":"Cafe La Hueria","name:de":null,"name:en":null,"name:es":null,"name:fr":null,"note:opening_hours":null,"official_name":null,"opening_hours":null,"opening_hours:es":null,"opening_hours:signed":null,"operator":null,"outdoor_seating":null,"payment:app":null,"payment:apple_pay":null,"payment:cards":null,"payment:cash":null,"payment:contactless":null,"payment:credit_cards":null,"payment:debit_cards":null,"payment:google_pay":null,"payment:lightning":null,"payment:lightning_contactless":null,"payment:onchain":null,"pets":null,"phone":null,"service:electricity":null,"shop":null,"smoking":null,"source":"Kaart Ground Survey 2017","takeaway":null,"toilets":null,"toilets:access":null,"toilets:wheelchair":null,"tourism":null,"url":null,"website":null,"website:menu":null,"wheelchair":null,"wifi":null},"geometry":{"type":"Point","coordinates":[-74.0623524,4.6753518]}},
{"type":"Feature","properties":{"fid":502,"id":"node/5157661407","@id":"node/5157661407","addr:city":null,"addr:country":null,"addr:door":null,"addr:floor":null,"addr:full":null,"addr:housename":null,"addr:housenumber":null,"addr:place":null,"addr:postcode":null,"addr:street":"Avenida Carrera 24","addr:unit":null,"air_conditioning":null,"alt_name":null,"amenity":"cafe","baby_feeding":null,"bar":null,"branch":null,"brand":null,"brand:wikidata":null,"brand:wikipedia":null,"building":null,"capacity":null,"check_date":null,"check_date:opening_hours":null,"contact:facebook":null,"contact:instagram":null,"contact:website":null,"contact:whatsapp":null,"cuisine":null,"currency:XBT":null,"delivery":null,"description":null,"diet:gluten_free":null,"diet:organic":null,"diet:vegan":null,"diet:vegetarian":null,"dog":null,"drink:espresso":null,"drink:filter_coffee":null,"drive_through":null,"email":null,"fixme":null,"floor":null,"indoor":null,"indoor_seating":null,"internet_access":null,"internet_access:fee":null,"internet_access:ssid":null,"level":null,"location":null,"name":"Surtidora Polo Club","name:de":null,"name:en":null,"name:es":null,"name:fr":null,"note:opening_hours":null,"official_name":null,"opening_hours":null,"opening_hours:es":null,"opening_hours:signed":null,"operator":null,"outdoor_seating":null,"payment:app":null,"payment:apple_pay":null,"payment:cards":null,"payment:cash":null,"payment:contactless":null,"payment:credit_cards":null,"payment:debit_cards":null,"payment:google_pay":null,"payment:lightning":null,"payment:lightning_contactless":null,"payment:onchain":null,"pets":null,"phone":null,"service:electricity":null,"shop":null,"smoking":null,"source":"Kaart Ground Survey 2017","takeaway":null,"toilets":null,"toilets:access":null,"toilets:wheelchair":null,"tourism":null,"url":null,"website":null,"website:menu":null,"wheelchair":null,"wifi":null},"geometry":{"type":"Point","coordinates":[-74.0630086,4.6735556]}},
{"type":"Feature","properties":{"fid":505,"id":"node/5157863841","@id":"node/5157863841","addr:city":null,"addr:country":null,"addr:door":null,"addr:floor":null,"addr:full":null,"addr:housename":null,"addr:housenumber":null,"addr:place":null,"addr:postcode":null,"addr:street":"Carrera 27","addr:unit":null,"air_conditioning":null,"alt_name":null,"amenity":"cafe","baby_feeding":null,"bar":null,"branch":null,"brand":null,"brand:wikidata":null,"brand:wikipedia":null,"building":null,"capacity":null,"check_date":null,"check_date:opening_hours":null,"contact:facebook":null,"contact:instagram":null,"contact:website":null,"contact:whatsapp":null,"cuisine":null,"currency:XBT":null,"delivery":null,"description":null,"diet:gluten_free":null,"diet:organic":null,"diet:vegan":null,"diet:vegetarian":null,"dog":null,"drink:espresso":null,"drink:filter_coffee":null,"drive_through":null,"email":null,"fixme":null,"floor":null,"indoor":null,"indoor_seating":null,"internet_access":null,"internet_access:fee":null,"internet_access:ssid":null,"level":null,"location":null,"name":"Station Coffee Good","name:de":null,"name:en":null,"name:es":null,"name:fr":null,"note:opening_hours":null,"official_name":null,"opening_hours":null,"opening_hours:es":null,"opening_hours:signed":null,"operator":null,"outdoor_seating":null,"payment:app":null,"payment:apple_pay":null,"payment:cards":null,"payment:cash":null,"payment:contactless":null,"payment:credit_cards":null,"payment:debit_cards":null,"payment:google_pay":null,"payment:lightning":null,"payment:lightning_contactless":null,"payment:onchain":null,"pets":null,"phone":null,"service:electricity":null,"shop":null,"smoking":null,"source":"Kaart Ground Survey 2017","takeaway":null,"toilets":null,"toilets:access":null,"toilets:wheelchair":null,"tourism":null,"url":null,"website":null,"website:menu":null,"wheelchair":null,"wifi":null},"geometry":{"type":"Point","coordinates":[-74.0641718,4.6705376]}},
{"type":"Feature","properties":{"fid":517,"id":"node/5159682231","@id":"node/5159682231","addr:city":null,"addr:country":null,"addr:door":null,"addr:floor":null,"addr:full":null,"addr:housename":null,"addr:housenumber":null,"addr:place":null,"addr:postcode":null,"addr:street":"Diagonal 72Bis","addr:unit":null,"air_conditioning":null,"alt_name":null,"amenity":"cafe","baby_feeding":null,"bar":null,"branch":null,"brand":null,"brand:wikidata":null,"brand:wikipedia":null,"building":null,"capacity":null,"check_date":null,"check_date:opening_hours":null,"contact:facebook":null,"contact:instagram":null,"contact:website":null,"contact:whatsapp":null,"cuisine":null,"currency:XBT":null,"delivery":null,"description":null,"diet:gluten_free":null,"diet:organic":null,"diet:vegan":null,"diet:vegetarian":null,"dog":null,"drink:espresso":null,"drink:filter_coffee":null,"drive_through":null,"email":null,"fixme":null,"floor":null,"indoor":null,"indoor_seating":null,"internet_access":null,"internet_access:fee":null,"internet_access:ssid":null,"level":null,"location":null,"name":"Agara","name:de":null,"name:en":null,"name:es":null,"name:fr":null,"note:opening_hours":null,"official_name":null,"opening_hours":null,"opening_hours:es":null,"opening_hours:signed":null,"operator":null,"outdoor_seating":null,"payment:app":null,"payment:apple_pay":null,"payment:cards":null,"payment:cash":null,"payment:contactless":null,"payment:credit_cards":null,"payment:debit_cards":null,"payment:google_pay":null,"payment:lightning":null,"payment:lightning_contactless":null,"payment:onchain":null,"pets":null,"phone":null,"service:electricity":null,"shop":null,"smoking":null,"source":"Kaart Ground Survey 2017","takeaway":null,"toilets":null,"toilets:access":null,"toilets:wheelchair":null,"tourism":null,"url":null,"website":null,"website:menu":null,"wheelchair":null,"wifi":null},"geometry":{"type":"Point","coordinates":[-74.105265,4.6960813]}},
{"type":"Feature","properties":{"fid":519,"id":"node/5159861581","@id":"node/5159861581","addr:city":null,"addr:country":null,"addr:door":null,"addr:floor":null,"addr:full":null,"addr:housename":null,"addr:housenumber":null,"addr:place":null,"addr:postcode":null,"addr:street":"Calle 75B","addr:unit":null,"air_conditioning":null,"alt_name":null,"amenity":"cafe","baby_feeding":null,"bar":null,"branch":null,"brand":null,"brand:wikidata":null,"brand:wikipedia":null,"building":null,"capacity":null,"check_date":null,"check_date:opening_hours":null,"contact:facebook":null,"contact:instagram":null,"contact:website":null,"contact:whatsapp":null,"cuisine":null,"currency:XBT":null,"delivery":null,"description":null,"diet:gluten_free":null,"diet:organic":null,"diet:vegan":null,"diet:vegetarian":null,"dog":null,"drink:espresso":null,"drink:filter_coffee":null,"drive_through":null,"email":null,"fixme":null,"floor":null,"indoor":null,"indoor_seating":null,"internet_access":null,"internet_access:fee":null,"internet_access:ssid":null,"level":null,"location":null,"name":"La Rio Ja","name:de":null,"name:en":null,"name:es":null,"name:fr":null,"note:opening_hours":null,"official_name":null,"opening_hours":null,"opening_hours:es":null,"opening_hours:signed":null,"operator":null,"outdoor_seating":null,"payment:app":null,"payment:apple_pay":null,"payment:cards":null,"payment:cash":null,"payment:contactless":null,"payment:credit_cards":null,"payment:debit_cards":null,"payment:google_pay":null,"payment:lightning":null,"payment:lightning_contactless":null,"payment:onchain":null,"pets":null,"phone":null,"service:electricity":null,"shop":null,"smoking":null,"source":"Kaart Ground Survey 2017","takeaway":null,"toilets":null,"toilets:access":null,"toilets:wheelchair":null,"tourism":null,"url":null,"website":null,"website:menu":null,"wheelchair":null,"wifi":null},"geometry":{"type":"Point","coordinates":[-74.0960943,4.6943642]}},
{"type":"Feature","properties":{"fid":522,"id":"node/5161112839","@id":"node/5161112839","addr:city":null,"addr:country":null,"addr:door":null,"addr:floor":null,"addr:full":null,"addr:housename":null,"addr:housenumber":null,"addr:place":null,"addr:postcode":"111111","addr:street":"Avenida Suba","addr:unit":null,"air_conditioning":null,"alt_name":null,"amenity":"cafe","baby_feeding":null,"bar":null,"branch":null,"brand":"Tostao’","brand:wikidata":"Q60632476","brand:wikipedia":null,"building":null,"capacity":null,"check_date":null,"check_date:opening_hours":null,"contact:facebook":null,"contact:instagram":null,"contact:website":null,"contact:whatsapp":null,"cuisine":"coffee_shop","currency:XBT":null,"delivery":null,"description":null,"diet:gluten_free":null,"diet:organic":null,"diet:vegan":null,"diet:vegetarian":null,"dog":null,"drink:espresso":null,"drink:filter_coffee":null,"drive_through":null,"email":null,"fixme":null,"floor":null,"indoor":null,"indoor_seating":null,"internet_access":null,"internet_access:fee":null,"internet_access:ssid":null,"level":null,"location":null,"name":"Tostao’","name:de":null,"name:en":null,"name:es":"Tostao’","name:fr":null,"note:opening_hours":null,"official_name":"TOSTAO’ Café & Pan","opening_hours":null,"opening_hours:es":null,"opening_hours:signed":null,"operator":null,"outdoor_seating":null,"payment:app":null,"payment:apple_pay":null,"payment:cards":null,"payment:cash":null,"payment:contactless":null,"payment:credit_cards":null,"payment:debit_cards":null,"payment:google_pay":null,"payment:lightning":null,"payment:lightning_contactless":null,"payment:onchain":null,"pets":null,"phone":null,"service:electricity":null,"shop":null,"smoking":null,"source":"Kaart Ground Survey 2017","takeaway":"yes","toilets":null,"toilets:access":null,"toilets:wheelchair":null,"tourism":null,"url":null,"website":null,"website:menu":null,"wheelchair":null,"wifi":null},"geometry":{"type":"Point","coordinates":[-74.0691883,4.6979761]}},
{"type":"Feature","properties":{"fid":525,"id":"node/5161322404","@id":"node/5161322404","addr:city":null,"addr:country":null,"addr:door":null,"addr:floor":null,"addr:full":null,"addr:housename":null,"addr:housenumber":null,"addr:place":null,"addr:postcode":null,"addr:street":"Avenida Suba","addr:unit":null,"air_conditioning":null,"alt_name":null,"amenity":"cafe","baby_feeding":null,"bar":null,"branch":null,"brand":"Tostao’","brand:wikidata":"Q60632476","brand:wikipedia":null,"building":null,"capacity":null,"check_date":null,"check_date:opening_hours":null,"contact:facebook":null,"contact:instagram":null,"contact:website":null,"contact:whatsapp":null,"cuisine":"coffee_shop","currency:XBT":null,"delivery":null,"description":null,"diet:gluten_free":null,"diet:organic":null,"diet:vegan":null,"diet:vegetarian":null,"dog":null,"drink:espresso":null,"drink:filter_coffee":null,"drive_through":null,"email":null,"fixme":null,"floor":null,"indoor":null,"indoor_seating":null,"internet_access":null,"internet_access:fee":null,"internet_access:ssid":null,"level":null,"location":null,"name":"Tostao’","name:de":null,"name:en":null,"name:es":"Tostao’","name:fr":null,"note:opening_hours":null,"official_name":"TOSTAO’ Café & Pan","opening_hours":null,"opening_hours:es":null,"opening_hours:signed":null,"operator":null,"outdoor_seating":null,"payment:app":null,"payment:apple_pay":null,"payment:cards":null,"payment:cash":null,"payment:contactless":null,"payment:credit_cards":null,"payment:debit_cards":null,"payment:google_pay":null,"payment:lightning":null,"payment:lightning_contactless":null,"payment:onchain":null,"pets":null,"phone":null,"service:electricity":null,"shop":null,"smoking":null,"source":"Kaart Ground Survey 2017","takeaway":"yes","toilets":null,"toilets:access":null,"toilets:wheelchair":null,"tourism":null,"url":null,"website":null,"website:menu":null,"wheelchair":null,"wifi":null},"geometry":{"type":"Point","coordinates":[-74.067189,4.693857]}},
{"type":"Feature","properties":{"fid":527,"id":"node/5161384210","@id":"node/5161384210","addr:city":null,"addr:country":null,"addr:door":null,"addr:floor":null,"addr:full":null,"addr:housename":null,"addr:housenumber":null,"addr:place":null,"addr:postcode":null,"addr:street":"Carrera 45A","addr:unit":null,"air_conditioning":null,"alt_name":null,"amenity":"cafe","baby_feeding":null,"bar":null,"branch":null,"brand":null,"brand:wikidata":null,"brand:wikipedia":null,"building":null,"capacity":null,"check_date":null,"check_date:opening_hours":null,"contact:facebook":null,"contact:instagram":null,"contact:website":null,"contact:whatsapp":null,"cuisine":null,"currency:XBT":null,"delivery":null,"description":null,"diet:gluten_free":null,"diet:organic":null,"diet:vegan":null,"diet:vegetarian":null,"dog":null,"drink:espresso":null,"drink:filter_coffee":null,"drive_through":null,"email":null,"fixme":null,"floor":null,"indoor":null,"indoor_seating":null,"internet_access":null,"internet_access:fee":null,"internet_access:ssid":null,"level":null,"location":null,"name":"Los Pachos","name:de":null,"name:en":null,"name:es":null,"name:fr":null,"note:opening_hours":null,"official_name":null,"opening_hours":null,"opening_hours:es":null,"opening_hours:signed":null,"operator":null,"outdoor_seating":null,"payment:app":null,"payment:apple_pay":null,"payment:cards":null,"payment:cash":null,"payment:contactless":null,"payment:credit_cards":null,"payment:debit_cards":null,"payment:google_pay":null,"payment:lightning":null,"payment:lightning_contactless":null,"payment:onchain":null,"pets":null,"phone":null,"service:electricity":null,"shop":null,"smoking":null,"source":"Kaart Ground Survey 2017","takeaway":null,"toilets":null,"toilets:access":null,"toilets:wheelchair":null,"tourism":null,"url":null,"website":null,"website:menu":null,"wheelchair":null,"wifi":null},"geometry":{"type":"Point","coordinates":[-74.0525899,4.7213275]}},
{"type":"Feature","properties":{"fid":528,"id":"node/5161437755","@id":"node/5161437755","addr:city":null,"addr:country":null,"addr:door":null,"addr:floor":null,"addr:full":null,"addr:housename":null,"addr:housenumber":null,"addr:place":null,"addr:postcode":null,"addr:street":"Transversal 94","addr:unit":null,"air_conditioning":null,"alt_name":null,"amenity":"cafe","baby_feeding":null,"bar":null,"branch":null,"brand":"Tostao’","brand:wikidata":"Q60632476","brand:wikipedia":null,"building":null,"capacity":null,"check_date":null,"check_date:opening_hours":null,"contact:facebook":null,"contact:instagram":null,"contact:website":null,"contact:whatsapp":null,"cuisine":"coffee_shop","currency:XBT":null,"delivery":null,"description":null,"diet:gluten_free":null,"diet:organic":null,"diet:vegan":null,"diet:vegetarian":null,"dog":null,"drink:espresso":null,"drink:filter_coffee":null,"drive_through":null,"email":null,"fixme":null,"floor":null,"indoor":null,"indoor_seating":null,"internet_access":null,"internet_access:fee":null,"internet_access:ssid":null,"level":null,"location":null,"name":"Tostao’","name:de":null,"name:en":null,"name:es":"Tostao’","name:fr":null,"note:opening_hours":null,"official_name":null,"opening_hours":null,"opening_hours:es":null,"opening_hours:signed":null,"operator":null,"outdoor_seating":null,"payment:app":null,"payment:apple_pay":null,"payment:cards":null,"payment:cash":null,"payment:contactless":null,"payment:credit_cards":null,"payment:debit_cards":null,"payment:google_pay":null,"payment:lightning":null,"payment:lightning_contactless":null,"payment:onchain":null,"pets":null,"phone":null,"service:electricity":null,"shop":null,"smoking":null,"source":"Kaart Ground Survey 2017","takeaway":null,"toilets":null,"toilets:access":null,"toilets:wheelchair":null,"tourism":null,"url":null,"website":null,"website:menu":null,"wheelchair":null,"wifi":null},"geometry":{"type":"Point","coordinates":[-74.1068209,4.7068839]}},
{"type":"Feature","properties":{"fid":531,"id":"node/5161632184","@id":"node/5161632184","addr:city":null,"addr:country":null,"addr:door":null,"addr:floor":null,"addr:full":null,"addr:housename":null,"addr:housenumber":null,"addr:place":null,"addr:postcode":null,"addr:street":"Carrera 45A","addr:unit":null,"air_conditioning":null,"alt_name":null,"amenity":"cafe","baby_feeding":null,"bar":null,"branch":null,"brand":null,"brand:wikidata":null,"brand:wikipedia":null,"building":null,"capacity":null,"check_date":null,"check_date:opening_hours":null,"contact:facebook":null,"contact:instagram":null,"contact:website":null,"contact:whatsapp":null,"cuisine":null,"currency:XBT":null,"delivery":null,"description":null,"diet:gluten_free":null,"diet:organic":null,"diet:vegan":null,"diet:vegetarian":null,"dog":null,"drink:espresso":null,"drink:filter_coffee":null,"drive_through":null,"email":null,"fixme":null,"floor":null,"indoor":null,"indoor_seating":null,"internet_access":null,"internet_access:fee":null,"internet_access:ssid":null,"level":null,"location":null,"name":"Succo","name:de":null,"name:en":null,"name:es":null,"name:fr":null,"note:opening_hours":null,"official_name":null,"opening_hours":null,"opening_hours:es":null,"opening_hours:signed":null,"operator":null,"outdoor_seating":null,"payment:app":null,"payment:apple_pay":null,"payment:cards":null,"payment:cash":null,"payment:contactless":null,"payment:credit_cards":null,"payment:debit_cards":null,"payment:google_pay":null,"payment:lightning":null,"payment:lightning_contactless":null,"payment:onchain":null,"pets":null,"phone":null,"service:electricity":null,"shop":null,"smoking":null,"source":"Kaart Ground Survey 2017","takeaway":null,"toilets":null,"toilets:access":null,"toilets:wheelchair":null,"tourism":null,"url":null,"website":null,"website:menu":null,"wheelchair":null,"wifi":null},"geometry":{"type":"Point","coordinates":[-74.0521493,4.7219936]}},
{"type":"Feature","properties":{"fid":532,"id":"node/5161844980","@id":"node/5161844980","addr:city":null,"addr:country":null,"addr:door":null,"addr:floor":null,"addr:full":null,"addr:housename":null,"addr:housenumber":null,"addr:place":null,"addr:postcode":null,"addr:street":"Calle 84A Bis","addr:unit":null,"air_conditioning":null,"alt_name":null,"amenity":"cafe","baby_feeding":null,"bar":null,"branch":null,"brand":null,"brand:wikidata":null,"brand:wikipedia":null,"building":null,"capacity":null,"check_date":null,"check_date:opening_hours":null,"contact:facebook":null,"contact:instagram":null,"contact:website":null,"contact:whatsapp":null,"cuisine":null,"currency:XBT":null,"delivery":null,"description":null,"diet:gluten_free":null,"diet:organic":null,"diet:vegan":null,"diet:vegetarian":null,"dog":null,"drink:espresso":null,"drink:filter_coffee":null,"drive_through":null,"email":null,"fixme":null,"floor":null,"indoor":null,"indoor_seating":null,"internet_access":null,"internet_access:fee":null,"internet_access:ssid":null,"level":null,"location":null,"name":"Café Real","name:de":null,"name:en":null,"name:es":null,"name:fr":null,"note:opening_hours":null,"official_name":null,"opening_hours":null,"opening_hours:es":null,"opening_hours:signed":null,"operator":null,"outdoor_seating":null,"payment:app":null,"payment:apple_pay":null,"payment:cards":null,"payment:cash":null,"payment:contactless":null,"payment:credit_cards":null,"payment:debit_cards":null,"payment:google_pay":null,"payment:lightning":null,"payment:lightning_contactless":null,"payment:onchain":null,"pets":null,"phone":null,"service:electricity":null,"shop":null,"smoking":null,"source":"Kaart Ground Survey 2017","takeaway":null,"toilets":null,"toilets:access":null,"toilets:wheelchair":null,"tourism":null,"url":null,"website":null,"website:menu":null,"wheelchair":null,"wifi":null},"geometry":{"type":"Point","coordinates":[-74.0985777,4.7063635]}},
{"type":"Feature","properties":{"fid":533,"id":"node/5161895755","@id":"node/5161895755","addr:city":null,"addr:country":null,"addr:door":null,"addr:floor":null,"addr:full":null,"addr:housename":null,"addr:housenumber":null,"addr:place":null,"addr:postcode":null,"addr:street":"Calle 80C","addr:unit":null,"air_conditioning":null,"alt_name":null,"amenity":"cafe","baby_feeding":null,"bar":null,"branch":null,"brand":null,"brand:wikidata":null,"brand:wikipedia":null,"building":null,"capacity":null,"check_date":null,"check_date:opening_hours":null,"contact:facebook":null,"contact:instagram":null,"contact:website":null,"contact:whatsapp":null,"cuisine":null,"currency:XBT":null,"delivery":null,"description":null,"diet:gluten_free":null,"diet:organic":null,"diet:vegan":null,"diet:vegetarian":null,"dog":null,"drink:espresso":null,"drink:filter_coffee":null,"drive_through":null,"email":null,"fixme":null,"floor":null,"indoor":null,"indoor_seating":null,"internet_access":null,"internet_access:fee":null,"internet_access:ssid":null,"level":null,"location":null,"name":"Disney Kids","name:de":null,"name:en":null,"name:es":null,"name:fr":null,"note:opening_hours":null,"official_name":null,"opening_hours":null,"opening_hours:es":null,"opening_hours:signed":null,"operator":null,"outdoor_seating":null,"payment:app":null,"payment:apple_pay":null,"payment:cards":null,"payment:cash":null,"payment:contactless":null,"payment:credit_cards":null,"payment:debit_cards":null,"payment:google_pay":null,"payment:lightning":null,"payment:lightning_contactless":null,"payment:onchain":null,"pets":null,"phone":null,"service:electricity":null,"shop":null,"smoking":null,"source":"Kaart Ground Survey 2017","takeaway":null,"toilets":null,"toilets:access":null,"toilets:wheelchair":null,"tourism":null,"url":null,"website":null,"website:menu":null,"wheelchair":null,"wifi":null},"geometry":{"type":"Point","coordinates":[-74.1041321,4.7049629]}},
{"type":"Feature","properties":{"fid":534,"id":"node/5161915926","@id":"node/5161915926","addr:city":null,"addr:country":null,"addr:door":null,"addr:floor":null,"addr:full":null,"addr:housename":null,"addr:housenumber":null,"addr:place":null,"addr:postcode":null,"addr:street":"Calle 80C","addr:unit":null,"air_conditioning":null,"alt_name":null,"amenity":"cafe","baby_feeding":null,"bar":null,"branch":null,"brand":null,"brand:wikidata":null,"brand:wikipedia":null,"building":null,"capacity":null,"check_date":null,"check_date:opening_hours":null,"contact:facebook":null,"contact:instagram":null,"contact:website":null,"contact:whatsapp":null,"cuisine":null,"currency:XBT":null,"delivery":null,"description":null,"diet:gluten_free":null,"diet:organic":null,"diet:vegan":null,"diet:vegetarian":null,"dog":null,"drink:espresso":null,"drink:filter_coffee":null,"drive_through":null,"email":null,"fixme":null,"floor":null,"indoor":null,"indoor_seating":null,"internet_access":null,"internet_access:fee":null,"internet_access:ssid":null,"level":null,"location":null,"name":"Primavera","name:de":null,"name:en":null,"name:es":null,"name:fr":null,"note:opening_hours":null,"official_name":null,"opening_hours":null,"opening_hours:es":null,"opening_hours:signed":null,"operator":null,"outdoor_seating":null,"payment:app":null,"payment:apple_pay":null,"payment:cards":null,"payment:cash":null,"payment:contactless":null,"payment:credit_cards":null,"payment:debit_cards":null,"payment:google_pay":null,"payment:lightning":null,"payment:lightning_contactless":null,"payment:onchain":null,"pets":null,"phone":null,"service:electricity":null,"shop":null,"smoking":null,"source":"Kaart Ground Survey 2017","takeaway":null,"toilets":null,"toilets:access":null,"toilets:wheelchair":null,"tourism":null,"url":null,"website":null,"website:menu":null,"wheelchair":null,"wifi":null},"geometry":{"type":"Point","coordinates":[-74.1039278,4.7049695]}},
{"type":"Feature","properties":{"fid":535,"id":"node/5161927626","@id":"node/5161927626","addr:city":null,"addr:country":null,"addr:door":null,"addr:floor":null,"addr:full":null,"addr:housename":null,"addr:housenumber":null,"addr:place":null,"addr:postcode":null,"addr:street":"Carrera 33","addr:unit":null,"air_conditioning":null,"alt_name":null,"amenity":"cafe","baby_feeding":null,"bar":null,"branch":null,"brand":null,"brand:wikidata":null,"brand:wikipedia":null,"building":null,"capacity":null,"check_date":null,"check_date:opening_hours":null,"contact:facebook":null,"contact:instagram":null,"contact:website":null,"contact:whatsapp":null,"cuisine":null,"currency:XBT":null,"delivery":null,"description":null,"diet:gluten_free":null,"diet:organic":null,"diet:vegan":null,"diet:vegetarian":null,"dog":null,"drink:espresso":null,"drink:filter_coffee":null,"drive_through":null,"email":null,"fixme":null,"floor":null,"indoor":null,"indoor_seating":null,"internet_access":null,"internet_access:fee":null,"internet_access:ssid":null,"level":null,"location":null,"name":"Vegan Fit","name:de":null,"name:en":null,"name:es":null,"name:fr":null,"note:opening_hours":null,"official_name":null,"opening_hours":null,"opening_hours:es":null,"opening_hours:signed":null,"operator":null,"outdoor_seating":null,"payment:app":null,"payment:apple_pay":null,"payment:cards":null,"payment:cash":null,"payment:contactless":null,"payment:credit_cards":null,"payment:debit_cards":null,"payment:google_pay":null,"payment:lightning":null,"payment:lightning_contactless":null,"payment:onchain":null,"pets":null,"phone":null,"service:electricity":null,"shop":null,"smoking":null,"source":"Kaart Ground Survey 2017","takeaway":null,"toilets":null,"toilets:access":null,"toilets:wheelchair":null,"tourism":null,"url":null,"website":null,"website:menu":null,"wheelchair":null,"wifi":null},"geometry":{"type":"Point","coordinates":[-74.0821572,4.6304493]}},
{"type":"Feature","properties":{"fid":540,"id":"node/5163360431","@id":"node/5163360431","addr:city":null,"addr:country":null,"addr:door":null,"addr:floor":null,"addr:full":null,"addr:housename":null,"addr:housenumber":null,"addr:place":null,"addr:postcode":null,"addr:street":"Calle 99","addr:unit":null,"air_conditioning":null,"alt_name":null,"amenity":"cafe","baby_feeding":null,"bar":null,"branch":null,"brand":null,"brand:wikidata":null,"brand:wikipedia":null,"building":null,"capacity":null,"check_date":null,"check_date:opening_hours":null,"contact:facebook":null,"contact:instagram":null,"contact:website":null,"contact:whatsapp":null,"cuisine":null,"currency:XBT":null,"delivery":null,"description":null,"diet:gluten_free":null,"diet:organic":null,"diet:vegan":null,"diet:vegetarian":null,"dog":null,"drink:espresso":null,"drink:filter_coffee":null,"drive_through":null,"email":null,"fixme":null,"floor":null,"indoor":null,"indoor_seating":null,"internet_access":null,"internet_access:fee":null,"internet_access:ssid":null,"level":null,"location":null,"name":"Cafe Delicious","name:de":null,"name:en":null,"name:es":null,"name:fr":null,"note:opening_hours":null,"official_name":null,"opening_hours":null,"opening_hours:es":null,"opening_hours:signed":null,"operator":null,"outdoor_seating":null,"payment:app":null,"payment:apple_pay":null,"payment:cards":null,"payment:cash":null,"payment:contactless":null,"payment:credit_cards":null,"payment:debit_cards":null,"payment:google_pay":null,"payment:lightning":null,"payment:lightning_contactless":null,"payment:onchain":null,"pets":null,"phone":null,"service:electricity":null,"shop":null,"smoking":null,"source":"Kaart Ground Survey 2017","takeaway":null,"toilets":null,"toilets:access":null,"toilets:wheelchair":null,"tourism":null,"url":null,"website":null,"website:menu":null,"wheelchair":null,"wifi":null},"geometry":{"type":"Point","coordinates":[-74.060069,4.6867735]}},
{"type":"Feature","properties":{"fid":547,"id":"node/5163754161","@id":"node/5163754161","addr:city":null,"addr:country":null,"addr:door":null,"addr:floor":null,"addr:full":null,"addr:housename":null,"addr:housenumber":null,"addr:place":null,"addr:postcode":null,"addr:street":"Calle 128B","addr:unit":null,"air_conditioning":null,"alt_name":null,"amenity":"cafe","baby_feeding":null,"bar":null,"branch":null,"brand":null,"brand:wikidata":null,"brand:wikipedia":null,"building":null,"capacity":null,"check_date":null,"check_date:opening_hours":null,"contact:facebook":null,"contact:instagram":null,"contact:website":null,"contact:whatsapp":null,"cuisine":null,"currency:XBT":null,"delivery":null,"description":null,"diet:gluten_free":null,"diet:organic":null,"diet:vegan":null,"diet:vegetarian":null,"dog":null,"drink:espresso":null,"drink:filter_coffee":null,"drive_through":null,"email":null,"fixme":null,"floor":null,"indoor":null,"indoor_seating":null,"internet_access":null,"internet_access:fee":null,"internet_access:ssid":null,"level":null,"location":null,"name":"Priamo Spresso","name:de":null,"name:en":null,"name:es":null,"name:fr":null,"note:opening_hours":null,"official_name":null,"opening_hours":null,"opening_hours:es":null,"opening_hours:signed":null,"operator":null,"outdoor_seating":null,"payment:app":null,"payment:apple_pay":null,"payment:cards":null,"payment:cash":null,"payment:contactless":null,"payment:credit_cards":null,"payment:debit_cards":null,"payment:google_pay":null,"payment:lightning":null,"payment:lightning_contactless":null,"payment:onchain":null,"pets":null,"phone":null,"service:electricity":null,"shop":null,"smoking":null,"source":"Kaart Ground Survey 2017","takeaway":null,"toilets":null,"toilets:access":null,"toilets:wheelchair":null,"tourism":null,"url":null,"website":null,"website:menu":null,"wheelchair":null,"wifi":null},"geometry":{"type":"Point","coordinates":[-74.0539025,4.7138927]}},
{"type":"Feature","properties":{"fid":551,"id":"node/5163921156","@id":"node/5163921156","addr:city":null,"addr:country":null,"addr:door":null,"addr:floor":null,"addr:full":null,"addr:housename":null,"addr:housenumber":null,"addr:place":null,"addr:postcode":null,"addr:street":"Carrera 96","addr:unit":null,"air_conditioning":null,"alt_name":null,"amenity":"cafe","baby_feeding":null,"bar":null,"branch":null,"brand":null,"brand:wikidata":null,"brand:wikipedia":null,"building":null,"capacity":null,"check_date":null,"check_date:opening_hours":null,"contact:facebook":null,"contact:instagram":null,"contact:website":null,"contact:whatsapp":null,"cuisine":null,"currency:XBT":null,"delivery":null,"description":null,"diet:gluten_free":null,"diet:organic":null,"diet:vegan":null,"diet:vegetarian":null,"dog":null,"drink:espresso":null,"drink:filter_coffee":null,"drive_through":null,"email":null,"fixme":null,"floor":null,"indoor":null,"indoor_seating":null,"internet_access":null,"internet_access:fee":null,"internet_access:ssid":null,"level":null,"location":null,"name":"Tostadora de Cafe","name:de":null,"name:en":null,"name:es":null,"name:fr":null,"note:opening_hours":null,"official_name":null,"opening_hours":null,"opening_hours:es":null,"opening_hours:signed":null,"operator":null,"outdoor_seating":null,"payment:app":null,"payment:apple_pay":null,"payment:cards":null,"payment:cash":null,"payment:contactless":null,"payment:credit_cards":null,"payment:debit_cards":null,"payment:google_pay":null,"payment:lightning":null,"payment:lightning_contactless":null,"payment:onchain":null,"pets":null,"phone":null,"service:electricity":null,"shop":null,"smoking":null,"source":"Kaart Ground Survey 2017","takeaway":null,"toilets":null,"toilets:access":null,"toilets:wheelchair":null,"tourism":null,"url":null,"website":null,"website:menu":null,"wheelchair":null,"wifi":null},"geometry":{"type":"Point","coordinates":[-74.1101061,4.7063462]}},
{"type":"Feature","properties":{"fid":554,"id":"node/5164030847","@id":"node/5164030847","addr:city":null,"addr:country":null,"addr:door":null,"addr:floor":null,"addr:full":null,"addr:housename":null,"addr:housenumber":null,"addr:place":null,"addr:postcode":null,"addr:street":"Calle 76A","addr:unit":null,"air_conditioning":null,"alt_name":null,"amenity":"cafe","baby_feeding":null,"bar":null,"branch":null,"brand":"Tostao’","brand:wikidata":"Q60632476","brand:wikipedia":null,"building":null,"capacity":null,"check_date":null,"check_date:opening_hours":null,"contact:facebook":null,"contact:instagram":null,"contact:website":null,"contact:whatsapp":null,"cuisine":"coffee_shop","currency:XBT":null,"delivery":null,"description":null,"diet:gluten_free":null,"diet:organic":null,"diet:vegan":null,"diet:vegetarian":null,"dog":null,"drink:espresso":null,"drink:filter_coffee":null,"drive_through":null,"email":null,"fixme":null,"floor":null,"indoor":null,"indoor_seating":null,"internet_access":null,"internet_access:fee":null,"internet_access:ssid":null,"level":null,"location":null,"name":"Tostao’","name:de":null,"name:en":null,"name:es":"Tostao’","name:fr":null,"note:opening_hours":null,"official_name":null,"opening_hours":null,"opening_hours:es":null,"opening_hours:signed":null,"operator":null,"outdoor_seating":null,"payment:app":null,"payment:apple_pay":null,"payment:cards":null,"payment:cash":null,"payment:contactless":null,"payment:credit_cards":null,"payment:debit_cards":null,"payment:google_pay":null,"payment:lightning":null,"payment:lightning_contactless":null,"payment:onchain":null,"pets":null,"phone":null,"service:electricity":null,"shop":null,"smoking":null,"source":"Kaart Ground Survey 2017","takeaway":null,"toilets":null,"toilets:access":null,"toilets:wheelchair":null,"tourism":null,"url":null,"website":null,"website:menu":null,"wheelchair":null,"wifi":null},"geometry":{"type":"Point","coordinates":[-74.107282,4.7052402]}},
{"type":"Feature","properties":{"fid":555,"id":"node/5165598437","@id":"node/5165598437","addr:city":null,"addr:country":null,"addr:door":null,"addr:floor":null,"addr:full":null,"addr:housename":null,"addr:housenumber":null,"addr:place":null,"addr:postcode":null,"addr:street":"Calle 69A","addr:unit":null,"air_conditioning":null,"alt_name":null,"amenity":"cafe","baby_feeding":null,"bar":null,"branch":null,"brand":null,"brand:wikidata":null,"brand:wikipedia":null,"building":null,"capacity":null,"check_date":null,"check_date:opening_hours":null,"contact:facebook":null,"contact:instagram":null,"contact:website":null,"contact:whatsapp":null,"cuisine":null,"currency:XBT":null,"delivery":null,"description":null,"diet:gluten_free":null,"diet:organic":null,"diet:vegan":null,"diet:vegetarian":null,"dog":null,"drink:espresso":null,"drink:filter_coffee":null,"drive_through":null,"email":null,"fixme":null,"floor":null,"indoor":null,"indoor_seating":null,"internet_access":null,"internet_access:fee":null,"internet_access:ssid":null,"level":null,"location":null,"name":"Budapest","name:de":null,"name:en":null,"name:es":null,"name:fr":null,"note:opening_hours":null,"official_name":null,"opening_hours":null,"opening_hours:es":null,"opening_hours:signed":null,"operator":null,"outdoor_seating":null,"payment:app":null,"payment:apple_pay":null,"payment:cards":null,"payment:cash":null,"payment:contactless":null,"payment:credit_cards":null,"payment:debit_cards":null,"payment:google_pay":null,"payment:lightning":null,"payment:lightning_contactless":null,"payment:onchain":null,"pets":null,"phone":null,"service:electricity":null,"shop":null,"smoking":null,"source":"Kaart Ground Survey 2017","takeaway":null,"toilets":null,"toilets:access":null,"toilets:wheelchair":null,"tourism":null,"url":null,"website":null,"website:menu":null,"wheelchair":null,"wifi":null},"geometry":{"type":"Point","coordinates":[-74.1073517,4.6916873]}},
{"type":"Feature","properties":{"fid":562,"id":"node/5171543924","@id":"node/5171543924","addr:city":null,"addr:country":null,"addr:door":null,"addr:floor":null,"addr:full":null,"addr:housename":null,"addr:housenumber":null,"addr:place":null,"addr:postcode":null,"addr:street":"Autopista Norte","addr:unit":null,"air_conditioning":null,"alt_name":null,"amenity":"cafe","baby_feeding":null,"bar":null,"branch":null,"brand":"Tostao’","brand:wikidata":"Q60632476","brand:wikipedia":null,"building":null,"capacity":null,"check_date":null,"check_date:opening_hours":null,"contact:facebook":null,"contact:instagram":null,"contact:website":null,"contact:whatsapp":null,"cuisine":"coffee_shop","currency:XBT":null,"delivery":null,"description":null,"diet:gluten_free":null,"diet:organic":null,"diet:vegan":null,"diet:vegetarian":null,"dog":null,"drink:espresso":null,"drink:filter_coffee":null,"drive_through":null,"email":null,"fixme":null,"floor":null,"indoor":null,"indoor_seating":null,"internet_access":null,"internet_access:fee":null,"internet_access:ssid":null,"level":null,"location":null,"name":"Tostao’","name:de":null,"name:en":null,"name:es":"Tostao’","name:fr":null,"note:opening_hours":null,"official_name":"TOSTAO’ Café & Pan","opening_hours":null,"opening_hours:es":null,"opening_hours:signed":null,"operator":null,"outdoor_seating":null,"payment:app":null,"payment:apple_pay":null,"payment:cards":null,"payment:cash":null,"payment:contactless":null,"payment:credit_cards":null,"payment:debit_cards":null,"payment:google_pay":null,"payment:lightning":null,"payment:lightning_contactless":null,"payment:onchain":null,"pets":null,"phone":null,"service:electricity":null,"shop":null,"smoking":null,"source":"Kaart Ground Survey 2017","takeaway":"yes","toilets":null,"toilets:access":null,"toilets:wheelchair":null,"tourism":null,"url":null,"website":null,"website:menu":null,"wheelchair":null,"wifi":null},"geometry":{"type":"Point","coordinates":[-74.0569764,4.6915326]}},
{"type":"Feature","properties":{"fid":563,"id":"node/5171955308","@id":"node/5171955308","addr:city":null,"addr:country":null,"addr:door":null,"addr:floor":null,"addr:full":null,"addr:housename":null,"addr:housenumber":null,"addr:place":null,"addr:postcode":null,"addr:street":"Carrera 13","addr:unit":null,"air_conditioning":null,"alt_name":null,"amenity":"cafe","baby_feeding":null,"bar":null,"branch":null,"brand":null,"brand:wikidata":null,"brand:wikipedia":null,"building":null,"capacity":null,"check_date":null,"check_date:opening_hours":null,"contact:facebook":null,"contact:instagram":null,"contact:website":null,"contact:whatsapp":null,"cuisine":null,"currency:XBT":null,"delivery":null,"description":null,"diet:gluten_free":null,"diet:organic":null,"diet:vegan":null,"diet:vegetarian":null,"dog":null,"drink:espresso":null,"drink:filter_coffee":null,"drive_through":null,"email":null,"fixme":null,"floor":null,"indoor":null,"indoor_seating":null,"internet_access":null,"internet_access:fee":null,"internet_access:ssid":null,"level":null,"location":null,"name":"La Merienda Expres de la 64","name:de":null,"name:en":null,"name:es":null,"name:fr":null,"note:opening_hours":null,"official_name":null,"opening_hours":null,"opening_hours:es":null,"opening_hours:signed":null,"operator":null,"outdoor_seating":null,"payment:app":null,"payment:apple_pay":null,"payment:cards":null,"payment:cash":null,"payment:contactless":null,"payment:credit_cards":null,"payment:debit_cards":null,"payment:google_pay":null,"payment:lightning":null,"payment:lightning_contactless":null,"payment:onchain":null,"pets":null,"phone":null,"service:electricity":null,"shop":null,"smoking":null,"source":"Kaart Ground Survey 2017","takeaway":null,"toilets":null,"toilets:access":null,"toilets:wheelchair":null,"tourism":null,"url":null,"website":null,"website:menu":null,"wheelchair":null,"wifi":null},"geometry":{"type":"Point","coordinates":[-74.06307,4.6514051]}},
{"type":"Feature","properties":{"fid":564,"id":"node/5171959922","@id":"node/5171959922","addr:city":null,"addr:country":null,"addr:door":null,"addr:floor":null,"addr:full":null,"addr:housename":null,"addr:housenumber":null,"addr:place":null,"addr:postcode":null,"addr:street":"Carrera 13","addr:unit":null,"air_conditioning":null,"alt_name":null,"amenity":"cafe","baby_feeding":null,"bar":null,"branch":null,"brand":null,"brand:wikidata":null,"brand:wikipedia":null,"building":null,"capacity":null,"check_date":null,"check_date:opening_hours":null,"contact:facebook":null,"contact:instagram":null,"contact:website":null,"contact:whatsapp":null,"cuisine":null,"currency:XBT":null,"delivery":null,"description":null,"diet:gluten_free":null,"diet:organic":null,"diet:vegan":null,"diet:vegetarian":null,"dog":null,"drink:espresso":null,"drink:filter_coffee":null,"drive_through":null,"email":null,"fixme":null,"floor":null,"indoor":null,"indoor_seating":null,"internet_access":null,"internet_access:fee":null,"internet_access:ssid":null,"level":null,"location":null,"name":"Panderos del Valle","name:de":null,"name:en":null,"name:es":null,"name:fr":null,"note:opening_hours":null,"official_name":null,"opening_hours":null,"opening_hours:es":null,"opening_hours:signed":null,"operator":null,"outdoor_seating":null,"payment:app":null,"payment:apple_pay":null,"payment:cards":null,"payment:cash":null,"payment:contactless":null,"payment:credit_cards":null,"payment:debit_cards":null,"payment:google_pay":null,"payment:lightning":null,"payment:lightning_contactless":null,"payment:onchain":null,"pets":null,"phone":null,"service:electricity":null,"shop":null,"smoking":null,"source":"Kaart Ground Survey 2017","takeaway":null,"toilets":null,"toilets:access":null,"toilets:wheelchair":null,"tourism":null,"url":null,"website":null,"website:menu":null,"wheelchair":null,"wifi":null},"geometry":{"type":"Point","coordinates":[-74.0630939,4.6512646]}},
{"type":"Feature","properties":{"fid":565,"id":"node/5171959923","@id":"node/5171959923","addr:city":null,"addr:country":null,"addr:door":null,"addr:floor":null,"addr:full":null,"addr:housename":null,"addr:housenumber":null,"addr:place":null,"addr:postcode":null,"addr:street":"Carrera 13","addr:unit":null,"air_conditioning":null,"alt_name":null,"amenity":"cafe","baby_feeding":null,"bar":null,"branch":null,"brand":null,"brand:wikidata":null,"brand:wikipedia":null,"building":null,"capacity":null,"check_date":null,"check_date:opening_hours":null,"contact:facebook":null,"contact:instagram":null,"contact:website":null,"contact:whatsapp":null,"cuisine":null,"currency:XBT":null,"delivery":null,"description":null,"diet:gluten_free":null,"diet:organic":null,"diet:vegan":null,"diet:vegetarian":null,"dog":null,"drink:espresso":null,"drink:filter_coffee":null,"drive_through":null,"email":null,"fixme":null,"floor":null,"indoor":null,"indoor_seating":null,"internet_access":null,"internet_access:fee":null,"internet_access:ssid":null,"level":null,"location":null,"name":"Almojabanas el Antojo","name:de":null,"name:en":null,"name:es":null,"name:fr":null,"note:opening_hours":null,"official_name":null,"opening_hours":null,"opening_hours:es":null,"opening_hours:signed":null,"operator":null,"outdoor_seating":null,"payment:app":null,"payment:apple_pay":null,"payment:cards":null,"payment:cash":null,"payment:contactless":null,"payment:credit_cards":null,"payment:debit_cards":null,"payment:google_pay":null,"payment:lightning":null,"payment:lightning_contactless":null,"payment:onchain":null,"pets":null,"phone":null,"service:electricity":null,"shop":null,"smoking":null,"source":"Kaart Ground Survey 2017","takeaway":null,"toilets":null,"toilets:access":null,"toilets:wheelchair":null,"tourism":null,"url":null,"website":null,"website:menu":null,"wheelchair":null,"wifi":null},"geometry":{"type":"Point","coordinates":[-74.0630948,4.6512458]}},
{"type":"Feature","properties":{"fid":567,"id":"node/5172113948","@id":"node/5172113948","addr:city":null,"addr:country":null,"addr:door":null,"addr:floor":null,"addr:full":null,"addr:housename":null,"addr:housenumber":null,"addr:place":null,"addr:postcode":null,"addr:street":"Calle 43","addr:unit":null,"air_conditioning":null,"alt_name":null,"amenity":"cafe","baby_feeding":null,"bar":null,"branch":null,"brand":null,"brand:wikidata":null,"brand:wikipedia":null,"building":null,"capacity":null,"check_date":null,"check_date:opening_hours":null,"contact:facebook":null,"contact:instagram":null,"contact:website":null,"contact:whatsapp":null,"cuisine":null,"currency:XBT":null,"delivery":null,"description":null,"diet:gluten_free":null,"diet:organic":null,"diet:vegan":null,"diet:vegetarian":null,"dog":null,"drink:espresso":null,"drink:filter_coffee":null,"drive_through":null,"email":null,"fixme":null,"floor":null,"indoor":null,"indoor_seating":null,"internet_access":null,"internet_access:fee":null,"internet_access:ssid":null,"level":null,"location":null,"name":"Servitienda Greco","name:de":null,"name:en":null,"name:es":null,"name:fr":null,"note:opening_hours":null,"official_name":null,"opening_hours":null,"opening_hours:es":null,"opening_hours:signed":null,"operator":null,"outdoor_seating":null,"payment:app":null,"payment:apple_pay":null,"payment:cards":null,"payment:cash":null,"payment:contactless":null,"payment:credit_cards":null,"payment:debit_cards":null,"payment:google_pay":null,"payment:lightning":null,"payment:lightning_contactless":null,"payment:onchain":null,"pets":null,"phone":null,"service:electricity":null,"shop":null,"smoking":null,"source":"Kaart Ground Survey 2017","takeaway":null,"toilets":null,"toilets:access":null,"toilets:wheelchair":null,"tourism":null,"url":null,"website":null,"website:menu":null,"wheelchair":null,"wifi":null},"geometry":{"type":"Point","coordinates":[-74.1019511,4.6549508]}},
{"type":"Feature","properties":{"fid":571,"id":"node/5173295908","@id":"node/5173295908","addr:city":null,"addr:country":null,"addr:door":null,"addr:floor":null,"addr:full":null,"addr:housename":null,"addr:housenumber":null,"addr:place":null,"addr:postcode":null,"addr:street":"Avenida Calle 53","addr:unit":null,"air_conditioning":null,"alt_name":null,"amenity":"cafe","baby_feeding":null,"bar":null,"branch":null,"brand":null,"brand:wikidata":null,"brand:wikipedia":null,"building":null,"capacity":null,"check_date":null,"check_date:opening_hours":null,"contact:facebook":null,"contact:instagram":null,"contact:website":null,"contact:whatsapp":null,"cuisine":null,"currency:XBT":null,"delivery":null,"description":null,"diet:gluten_free":null,"diet:organic":null,"diet:vegan":null,"diet:vegetarian":null,"dog":null,"drink:espresso":null,"drink:filter_coffee":null,"drive_through":null,"email":null,"fixme":null,"floor":null,"indoor":null,"indoor_seating":null,"internet_access":null,"internet_access:fee":null,"internet_access:ssid":null,"level":null,"location":null,"name":"Fussion","name:de":null,"name:en":null,"name:es":null,"name:fr":null,"note:opening_hours":null,"official_name":null,"opening_hours":null,"opening_hours:es":null,"opening_hours:signed":null,"operator":null,"outdoor_seating":null,"payment:app":null,"payment:apple_pay":null,"payment:cards":null,"payment:cash":null,"payment:contactless":null,"payment:credit_cards":null,"payment:debit_cards":null,"payment:google_pay":null,"payment:lightning":null,"payment:lightning_contactless":null,"payment:onchain":null,"pets":null,"phone":null,"service:electricity":null,"shop":null,"smoking":null,"source":"Kaart Ground Survey 2017","takeaway":null,"toilets":null,"toilets:access":null,"toilets:wheelchair":null,"tourism":null,"url":null,"website":null,"website:menu":null,"wheelchair":null,"wifi":null},"geometry":{"type":"Point","coordinates":[-74.0901229,4.6493487]}},
{"type":"Feature","properties":{"fid":572,"id":"node/5173343497","@id":"node/5173343497","addr:city":null,"addr:country":null,"addr:door":null,"addr:floor":null,"addr:full":null,"addr:housename":null,"addr:housenumber":null,"addr:place":null,"addr:postcode":null,"addr:street":"Calle 53","addr:unit":null,"air_conditioning":null,"alt_name":null,"amenity":"cafe","baby_feeding":null,"bar":null,"branch":null,"brand":null,"brand:wikidata":null,"brand:wikipedia":null,"building":null,"capacity":null,"check_date":null,"check_date:opening_hours":null,"contact:facebook":null,"contact:instagram":null,"contact:website":null,"contact:whatsapp":null,"cuisine":"coffee_shop","currency:XBT":null,"delivery":null,"description":null,"diet:gluten_free":null,"diet:organic":null,"diet:vegan":null,"diet:vegetarian":null,"dog":null,"drink:espresso":null,"drink:filter_coffee":null,"drive_through":null,"email":null,"fixme":null,"floor":null,"indoor":null,"indoor_seating":null,"internet_access":null,"internet_access:fee":null,"internet_access:ssid":null,"level":null,"location":null,"name":"Café de Color","name:de":null,"name:en":null,"name:es":null,"name:fr":null,"note:opening_hours":null,"official_name":null,"opening_hours":null,"opening_hours:es":null,"opening_hours:signed":null,"operator":null,"outdoor_seating":null,"payment:app":null,"payment:apple_pay":null,"payment:cards":null,"payment:cash":null,"payment:contactless":null,"payment:credit_cards":null,"payment:debit_cards":null,"payment:google_pay":null,"payment:lightning":null,"payment:lightning_contactless":null,"payment:onchain":null,"pets":null,"phone":null,"service:electricity":null,"shop":null,"smoking":null,"source":"Kaart Ground Survey 2017","takeaway":null,"toilets":null,"toilets:access":null,"toilets:wheelchair":null,"tourism":null,"url":null,"website":null,"website:menu":null,"wheelchair":null,"wifi":null},"geometry":{"type":"Point","coordinates":[-74.0869754,4.647092]}},
{"type":"Feature","properties":{"fid":573,"id":"node/5173343506","@id":"node/5173343506","addr:city":null,"addr:country":null,"addr:door":null,"addr:floor":null,"addr:full":null,"addr:housename":null,"addr:housenumber":null,"addr:place":null,"addr:postcode":null,"addr:street":"Calle 53","addr:unit":null,"air_conditioning":null,"alt_name":null,"amenity":"cafe","baby_feeding":null,"bar":null,"branch":null,"brand":null,"brand:wikidata":null,"brand:wikipedia":null,"building":null,"capacity":null,"check_date":null,"check_date:opening_hours":null,"contact:facebook":null,"contact:instagram":null,"contact:website":null,"contact:whatsapp":null,"cuisine":null,"currency:XBT":null,"delivery":null,"description":null,"diet:gluten_free":null,"diet:organic":null,"diet:vegan":null,"diet:vegetarian":null,"dog":null,"drink:espresso":null,"drink:filter_coffee":null,"drive_through":null,"email":null,"fixme":null,"floor":null,"indoor":null,"indoor_seating":null,"internet_access":null,"internet_access:fee":null,"internet_access:ssid":null,"level":null,"location":null,"name":"Despensa Ganadera","name:de":null,"name:en":null,"name:es":null,"name:fr":null,"note:opening_hours":null,"official_name":null,"opening_hours":null,"opening_hours:es":null,"opening_hours:signed":null,"operator":null,"outdoor_seating":null,"payment:app":null,"payment:apple_pay":null,"payment:cards":null,"payment:cash":null,"payment:contactless":null,"payment:credit_cards":null,"payment:debit_cards":null,"payment:google_pay":null,"payment:lightning":null,"payment:lightning_contactless":null,"payment:onchain":null,"pets":null,"phone":null,"service:electricity":null,"shop":null,"smoking":null,"source":"Kaart Ground Survey 2017","takeaway":null,"toilets":null,"toilets:access":null,"toilets:wheelchair":null,"tourism":null,"url":null,"website":null,"website:menu":null,"wheelchair":null,"wifi":null},"geometry":{"type":"Point","coordinates":[-74.0868571,4.6470441]}},
{"type":"Feature","properties":{"fid":574,"id":"node/5173355219","@id":"node/5173355219","addr:city":null,"addr:country":null,"addr:door":null,"addr:floor":null,"addr:full":null,"addr:housename":null,"addr:housenumber":null,"addr:place":null,"addr:postcode":null,"addr:street":"Calle 61","addr:unit":null,"air_conditioning":null,"alt_name":null,"amenity":"cafe","baby_feeding":null,"bar":null,"branch":null,"brand":null,"brand:wikidata":null,"brand:wikipedia":null,"building":null,"capacity":null,"check_date":null,"check_date:opening_hours":null,"contact:facebook":null,"contact:instagram":null,"contact:website":null,"contact:whatsapp":null,"cuisine":null,"currency:XBT":null,"delivery":null,"description":null,"diet:gluten_free":null,"diet:organic":null,"diet:vegan":null,"diet:vegetarian":null,"dog":null,"drink:espresso":null,"drink:filter_coffee":null,"drive_through":null,"email":null,"fixme":null,"floor":null,"indoor":null,"indoor_seating":null,"internet_access":null,"internet_access:fee":null,"internet_access:ssid":null,"level":null,"location":null,"name":"Ricuras J.P","name:de":null,"name:en":null,"name:es":null,"name:fr":null,"note:opening_hours":null,"official_name":null,"opening_hours":null,"opening_hours:es":null,"opening_hours:signed":null,"operator":null,"outdoor_seating":null,"payment:app":null,"payment:apple_pay":null,"payment:cards":null,"payment:cash":null,"payment:contactless":null,"payment:credit_cards":null,"payment:debit_cards":null,"payment:google_pay":null,"payment:lightning":null,"payment:lightning_contactless":null,"payment:onchain":null,"pets":null,"phone":null,"service:electricity":null,"shop":null,"smoking":null,"source":"Kaart Ground Survey 2017","takeaway":null,"toilets":null,"toilets:access":null,"toilets:wheelchair":null,"tourism":null,"url":null,"website":null,"website:menu":null,"wheelchair":null,"wifi":null},"geometry":{"type":"Point","coordinates":[-74.0645642,4.6479783]}},
{"type":"Feature","properties":{"fid":575,"id":"node/5173355533","@id":"node/5173355533","addr:city":null,"addr:country":null,"addr:door":null,"addr:floor":null,"addr:full":null,"addr:housename":null,"addr:housenumber":null,"addr:place":null,"addr:postcode":null,"addr:street":"Calle 61","addr:unit":null,"air_conditioning":null,"alt_name":null,"amenity":"cafe","baby_feeding":null,"bar":null,"branch":null,"brand":null,"brand:wikidata":null,"brand:wikipedia":null,"building":null,"capacity":null,"check_date":null,"check_date:opening_hours":null,"contact:facebook":null,"contact:instagram":null,"contact:website":null,"contact:whatsapp":null,"cuisine":null,"currency:XBT":null,"delivery":null,"description":null,"diet:gluten_free":null,"diet:organic":null,"diet:vegan":null,"diet:vegetarian":null,"dog":null,"drink:espresso":null,"drink:filter_coffee":null,"drive_through":null,"email":null,"fixme":null,"floor":null,"indoor":null,"indoor_seating":null,"internet_access":null,"internet_access:fee":null,"internet_access:ssid":null,"level":null,"location":null,"name":"Bananas","name:de":null,"name:en":null,"name:es":null,"name:fr":null,"note:opening_hours":null,"official_name":null,"opening_hours":null,"opening_hours:es":null,"opening_hours:signed":null,"operator":null,"outdoor_seating":null,"payment:app":null,"payment:apple_pay":null,"payment:cards":null,"payment:cash":null,"payment:contactless":null,"payment:credit_cards":null,"payment:debit_cards":null,"payment:google_pay":null,"payment:lightning":null,"payment:lightning_contactless":null,"payment:onchain":null,"pets":null,"phone":null,"service:electricity":null,"shop":null,"smoking":null,"source":"Kaart Ground Survey 2017","takeaway":null,"toilets":null,"toilets:access":null,"toilets:wheelchair":null,"tourism":null,"url":null,"website":null,"website:menu":null,"wheelchair":null,"wifi":null},"geometry":{"type":"Point","coordinates":[-74.0641826,4.6479]}},
{"type":"Feature","properties":{"fid":576,"id":"node/5173409256","@id":"node/5173409256","addr:city":null,"addr:country":null,"addr:door":null,"addr:floor":null,"addr:full":null,"addr:housename":null,"addr:housenumber":null,"addr:place":null,"addr:postcode":null,"addr:street":"Calle 60","addr:unit":null,"air_conditioning":null,"alt_name":null,"amenity":"cafe","baby_feeding":null,"bar":null,"branch":null,"brand":null,"brand:wikidata":null,"brand:wikipedia":null,"building":null,"capacity":null,"check_date":null,"check_date:opening_hours":null,"contact:facebook":null,"contact:instagram":null,"contact:website":null,"contact:whatsapp":null,"cuisine":null,"currency:XBT":null,"delivery":null,"description":null,"diet:gluten_free":null,"diet:organic":null,"diet:vegan":null,"diet:vegetarian":null,"dog":null,"drink:espresso":null,"drink:filter_coffee":null,"drive_through":null,"email":null,"fixme":null,"floor":null,"indoor":null,"indoor_seating":null,"internet_access":null,"internet_access:fee":null,"internet_access:ssid":null,"level":null,"location":null,"name":"Dely 60","name:de":null,"name:en":null,"name:es":null,"name:fr":null,"note:opening_hours":null,"official_name":null,"opening_hours":null,"opening_hours:es":null,"opening_hours:signed":null,"operator":null,"outdoor_seating":null,"payment:app":null,"payment:apple_pay":null,"payment:cards":null,"payment:cash":null,"payment:contactless":null,"payment:credit_cards":null,"payment:debit_cards":null,"payment:google_pay":null,"payment:lightning":null,"payment:lightning_contactless":null,"payment:onchain":null,"pets":null,"phone":null,"service:electricity":null,"shop":null,"smoking":null,"source":"Kaart Ground Survey 2017","takeaway":null,"toilets":null,"toilets:access":null,"toilets:wheelchair":null,"tourism":null,"url":null,"website":null,"website:menu":null,"wheelchair":null,"wifi":null},"geometry":{"type":"Point","coordinates":[-74.0643084,4.6469883]}},
{"type":"Feature","properties":{"fid":578,"id":"node/5173613847","@id":"node/5173613847","addr:city":"Bogotá D.C.","addr:country":null,"addr:door":null,"addr:floor":null,"addr:full":null,"addr:housename":null,"addr:housenumber":null,"addr:place":null,"addr:postcode":null,"addr:street":"Avenida Carrera 24","addr:unit":null,"air_conditioning":null,"alt_name":null,"amenity":"cafe","baby_feeding":null,"bar":null,"branch":null,"brand":null,"brand:wikidata":null,"brand:wikipedia":null,"building":null,"capacity":null,"check_date":null,"check_date:opening_hours":null,"contact:facebook":null,"contact:instagram":null,"contact:website":null,"contact:whatsapp":null,"cuisine":null,"currency:XBT":null,"delivery":null,"description":null,"diet:gluten_free":null,"diet:organic":null,"diet:vegan":null,"diet:vegetarian":null,"dog":null,"drink:espresso":null,"drink:filter_coffee":null,"drive_through":null,"email":null,"fixme":null,"floor":null,"indoor":null,"indoor_seating":null,"internet_access":null,"internet_access:fee":null,"internet_access:ssid":null,"level":null,"location":null,"name":"Ambar Coffee","name:de":null,"name:en":null,"name:es":null,"name:fr":null,"note:opening_hours":null,"official_name":null,"opening_hours":null,"opening_hours:es":null,"opening_hours:signed":null,"operator":null,"outdoor_seating":null,"payment:app":null,"payment:apple_pay":null,"payment:cards":null,"payment:cash":null,"payment:contactless":null,"payment:credit_cards":null,"payment:debit_cards":null,"payment:google_pay":null,"payment:lightning":null,"payment:lightning_contactless":null,"payment:onchain":null,"pets":null,"phone":null,"service:electricity":null,"shop":null,"smoking":null,"source":"Kaart Ground Survey 2017","takeaway":null,"toilets":null,"toilets:access":null,"toilets:wheelchair":null,"tourism":null,"url":null,"website":null,"website:menu":null,"wheelchair":null,"wifi":null},"geometry":{"type":"Point","coordinates":[-74.0737069,4.6426957]}},
{"type":"Feature","properties":{"fid":580,"id":"node/5173760026","@id":"node/5173760026","addr:city":null,"addr:country":null,"addr:door":null,"addr:floor":null,"addr:full":null,"addr:housename":null,"addr:housenumber":"55-17","addr:place":null,"addr:postcode":null,"addr:street":"Carrera 13","addr:unit":null,"air_conditioning":null,"alt_name":null,"amenity":"cafe","baby_feeding":null,"bar":null,"branch":null,"brand":null,"brand:wikidata":null,"brand:wikipedia":null,"building":null,"capacity":null,"check_date":null,"check_date:opening_hours":"2022-12-23","contact:facebook":null,"contact:instagram":null,"contact:website":null,"contact:whatsapp":null,"cuisine":null,"currency:XBT":null,"delivery":null,"description":null,"diet:gluten_free":null,"diet:organic":null,"diet:vegan":null,"diet:vegetarian":null,"dog":null,"drink:espresso":null,"drink:filter_coffee":null,"drive_through":null,"email":null,"fixme":null,"floor":null,"indoor":null,"indoor_seating":null,"internet_access":null,"internet_access:fee":null,"internet_access:ssid":null,"level":null,"location":null,"name":"Cafeteria Bar La 55","name:de":null,"name:en":null,"name:es":null,"name:fr":null,"note:opening_hours":null,"official_name":null,"opening_hours":null,"opening_hours:es":null,"opening_hours:signed":"no","operator":null,"outdoor_seating":null,"payment:app":null,"payment:apple_pay":null,"payment:cards":null,"payment:cash":null,"payment:contactless":null,"payment:credit_cards":null,"payment:debit_cards":null,"payment:google_pay":null,"payment:lightning":null,"payment:lightning_contactless":null,"payment:onchain":null,"pets":null,"phone":null,"service:electricity":null,"shop":null,"smoking":null,"source":"Kaart Ground Survey 2017","takeaway":null,"toilets":null,"toilets:access":null,"toilets:wheelchair":null,"tourism":null,"url":null,"website":null,"website:menu":null,"wheelchair":null,"wifi":null},"geometry":{"type":"Point","coordinates":[-74.0648029,4.642598]}},
{"type":"Feature","properties":{"fid":581,"id":"node/5173834332","@id":"node/5173834332","addr:city":null,"addr:country":null,"addr:door":null,"addr:floor":null,"addr:full":null,"addr:housename":null,"addr:housenumber":null,"addr:place":null,"addr:postcode":null,"addr:street":"Carrera 8","addr:unit":null,"air_conditioning":null,"alt_name":null,"amenity":"cafe","baby_feeding":null,"bar":null,"branch":null,"brand":null,"brand:wikidata":null,"brand:wikipedia":null,"building":null,"capacity":null,"check_date":null,"check_date:opening_hours":null,"contact:facebook":null,"contact:instagram":null,"contact:website":null,"contact:whatsapp":null,"cuisine":null,"currency:XBT":null,"delivery":null,"description":null,"diet:gluten_free":null,"diet:organic":null,"diet:vegan":null,"diet:vegetarian":null,"dog":null,"drink:espresso":null,"drink:filter_coffee":null,"drive_through":null,"email":null,"fixme":null,"floor":null,"indoor":null,"indoor_seating":null,"internet_access":null,"internet_access:fee":null,"internet_access:ssid":null,"level":null,"location":null,"name":"Empanadas","name:de":null,"name:en":null,"name:es":null,"name:fr":null,"note:opening_hours":null,"official_name":null,"opening_hours":null,"opening_hours:es":null,"opening_hours:signed":null,"operator":null,"outdoor_seating":null,"payment:app":null,"payment:apple_pay":null,"payment:cards":null,"payment:cash":null,"payment:contactless":null,"payment:credit_cards":null,"payment:debit_cards":null,"payment:google_pay":null,"payment:lightning":null,"payment:lightning_contactless":null,"payment:onchain":null,"pets":null,"phone":null,"service:electricity":null,"shop":null,"smoking":null,"source":"Kaart Ground Survey 2017","takeaway":null,"toilets":null,"toilets:access":null,"toilets:wheelchair":null,"tourism":null,"url":null,"website":null,"website:menu":null,"wheelchair":null,"wifi":null},"geometry":{"type":"Point","coordinates":[-74.062623,4.6431892]}},
{"type":"Feature","properties":{"fid":583,"id":"node/5173903693","@id":"node/5173903693","addr:city":null,"addr:country":null,"addr:door":null,"addr:floor":null,"addr:full":null,"addr:housename":null,"addr:housenumber":null,"addr:place":null,"addr:postcode":null,"addr:street":"Calle 62","addr:unit":null,"air_conditioning":null,"alt_name":null,"amenity":"cafe","baby_feeding":null,"bar":null,"branch":null,"brand":null,"brand:wikidata":null,"brand:wikipedia":null,"building":null,"capacity":null,"check_date":null,"check_date:opening_hours":null,"contact:facebook":null,"contact:instagram":null,"contact:website":null,"contact:whatsapp":null,"cuisine":null,"currency:XBT":null,"delivery":null,"description":null,"diet:gluten_free":null,"diet:organic":null,"diet:vegan":null,"diet:vegetarian":null,"dog":null,"drink:espresso":null,"drink:filter_coffee":null,"drive_through":null,"email":null,"fixme":null,"floor":null,"indoor":null,"indoor_seating":null,"internet_access":null,"internet_access:fee":null,"internet_access:ssid":null,"level":null,"location":null,"name":"La Estacion Café Chapinero","name:de":null,"name:en":null,"name:es":null,"name:fr":null,"note:opening_hours":null,"official_name":null,"opening_hours":null,"opening_hours:es":null,"opening_hours:signed":null,"operator":null,"outdoor_seating":null,"payment:app":null,"payment:apple_pay":null,"payment:cards":null,"payment:cash":null,"payment:contactless":null,"payment:credit_cards":null,"payment:debit_cards":null,"payment:google_pay":null,"payment:lightning":null,"payment:lightning_contactless":null,"payment:onchain":null,"pets":null,"phone":null,"service:electricity":null,"shop":null,"smoking":null,"source":"Kaart Ground Survey 2017","takeaway":null,"toilets":null,"toilets:access":null,"toilets:wheelchair":null,"tourism":null,"url":null,"website":null,"website:menu":null,"wheelchair":null,"wifi":null},"geometry":{"type":"Point","coordinates":[-74.0605368,4.6469847]}},
{"type":"Feature","properties":{"fid":584,"id":"node/5173904621","@id":"node/5173904621","addr:city":null,"addr:country":null,"addr:door":null,"addr:floor":null,"addr:full":null,"addr:housename":null,"addr:housenumber":null,"addr:place":null,"addr:postcode":null,"addr:street":"Calle 62","addr:unit":null,"air_conditioning":null,"alt_name":null,"amenity":"cafe","baby_feeding":null,"bar":null,"branch":null,"brand":null,"brand:wikidata":null,"brand:wikipedia":null,"building":null,"capacity":null,"check_date":null,"check_date:opening_hours":null,"contact:facebook":null,"contact:instagram":null,"contact:website":null,"contact:whatsapp":null,"cuisine":null,"currency:XBT":null,"delivery":null,"description":null,"diet:gluten_free":null,"diet:organic":null,"diet:vegan":null,"diet:vegetarian":null,"dog":null,"drink:espresso":null,"drink:filter_coffee":null,"drive_through":null,"email":null,"fixme":null,"floor":null,"indoor":null,"indoor_seating":null,"internet_access":null,"internet_access:fee":null,"internet_access:ssid":null,"level":null,"location":null,"name":"Fruteria Y Cafeteria De La 62","name:de":null,"name:en":null,"name:es":null,"name:fr":null,"note:opening_hours":null,"official_name":null,"opening_hours":null,"opening_hours:es":null,"opening_hours:signed":null,"operator":null,"outdoor_seating":null,"payment:app":null,"payment:apple_pay":null,"payment:cards":null,"payment:cash":null,"payment:contactless":null,"payment:credit_cards":null,"payment:debit_cards":null,"payment:google_pay":null,"payment:lightning":null,"payment:lightning_contactless":null,"payment:onchain":null,"pets":null,"phone":null,"service:electricity":null,"shop":null,"smoking":null,"source":"Kaart Ground Survey 2017","takeaway":null,"toilets":null,"toilets:access":null,"toilets:wheelchair":null,"tourism":null,"url":null,"website":null,"website:menu":null,"wheelchair":null,"wifi":null},"geometry":{"type":"Point","coordinates":[-74.063198,4.6485221]}},
{"type":"Feature","properties":{"fid":587,"id":"node/5174878822","@id":"node/5174878822","addr:city":null,"addr:country":null,"addr:door":null,"addr:floor":null,"addr:full":null,"addr:housename":null,"addr:housenumber":null,"addr:place":null,"addr:postcode":null,"addr:street":"Calle 60","addr:unit":null,"air_conditioning":null,"alt_name":null,"amenity":"cafe","baby_feeding":null,"bar":null,"branch":null,"brand":null,"brand:wikidata":null,"brand:wikipedia":null,"building":null,"capacity":null,"check_date":null,"check_date:opening_hours":null,"contact:facebook":null,"contact:instagram":null,"contact:website":null,"contact:whatsapp":null,"cuisine":null,"currency:XBT":null,"delivery":null,"description":null,"diet:gluten_free":null,"diet:organic":null,"diet:vegan":null,"diet:vegetarian":null,"dog":null,"drink:espresso":null,"drink:filter_coffee":null,"drive_through":null,"email":null,"fixme":null,"floor":null,"indoor":null,"indoor_seating":null,"internet_access":null,"internet_access:fee":null,"internet_access:ssid":null,"level":null,"location":null,"name":"Tipicas empanadas","name:de":null,"name:en":null,"name:es":null,"name:fr":null,"note:opening_hours":null,"official_name":null,"opening_hours":null,"opening_hours:es":null,"opening_hours:signed":null,"operator":null,"outdoor_seating":null,"payment:app":null,"payment:apple_pay":null,"payment:cards":null,"payment:cash":null,"payment:contactless":null,"payment:credit_cards":null,"payment:debit_cards":null,"payment:google_pay":null,"payment:lightning":null,"payment:lightning_contactless":null,"payment:onchain":null,"pets":null,"phone":null,"service:electricity":null,"shop":null,"smoking":null,"source":"Kaart Ground Survey 2017","takeaway":null,"toilets":null,"toilets:access":null,"toilets:wheelchair":null,"tourism":null,"url":null,"website":null,"website:menu":null,"wheelchair":null,"wifi":null},"geometry":{"type":"Point","coordinates":[-74.0632659,4.6463786]}},
{"type":"Feature","properties":{"fid":588,"id":"node/5174917421","@id":"node/5174917421","addr:city":"Bogotá","addr:country":null,"addr:door":null,"addr:floor":null,"addr:full":null,"addr:housename":null,"addr:housenumber":null,"addr:place":null,"addr:postcode":null,"addr:street":"Carrera 17","addr:unit":null,"air_conditioning":null,"alt_name":null,"amenity":"cafe","baby_feeding":null,"bar":null,"branch":null,"brand":null,"brand:wikidata":null,"brand:wikipedia":null,"building":null,"capacity":null,"check_date":null,"check_date:opening_hours":null,"contact:facebook":null,"contact:instagram":null,"contact:website":null,"contact:whatsapp":null,"cuisine":"coffee_shop","currency:XBT":null,"delivery":null,"description":null,"diet:gluten_free":null,"diet:organic":null,"diet:vegan":null,"diet:vegetarian":null,"dog":null,"drink:espresso":null,"drink:filter_coffee":null,"drive_through":null,"email":null,"fixme":null,"floor":null,"indoor":null,"indoor_seating":null,"internet_access":null,"internet_access:fee":null,"internet_access:ssid":null,"level":null,"location":null,"name":"Cafetería la 57","name:de":null,"name:en":null,"name:es":null,"name:fr":null,"note:opening_hours":null,"official_name":null,"opening_hours":null,"opening_hours:es":null,"opening_hours:signed":null,"operator":null,"outdoor_seating":null,"payment:app":null,"payment:apple_pay":null,"payment:cards":null,"payment:cash":null,"payment:contactless":null,"payment:credit_cards":null,"payment:debit_cards":null,"payment:google_pay":null,"payment:lightning":null,"payment:lightning_contactless":null,"payment:onchain":null,"pets":null,"phone":null,"service:electricity":null,"shop":null,"smoking":null,"source":"Kaart Ground Survey 2017","takeaway":null,"toilets":null,"toilets:access":null,"toilets:wheelchair":null,"tourism":null,"url":null,"website":null,"website:menu":null,"wheelchair":null,"wifi":null},"geometry":{"type":"Point","coordinates":[-74.0685638,4.6442984]}},
{"type":"Feature","properties":{"fid":589,"id":"node/5174971035","@id":"node/5174971035","addr:city":null,"addr:country":null,"addr:door":null,"addr:floor":null,"addr:full":null,"addr:housename":null,"addr:housenumber":null,"addr:place":null,"addr:postcode":null,"addr:street":"Calle 61","addr:unit":null,"air_conditioning":null,"alt_name":null,"amenity":"cafe","baby_feeding":null,"bar":null,"branch":null,"brand":null,"brand:wikidata":null,"brand:wikipedia":null,"building":null,"capacity":null,"check_date":null,"check_date:opening_hours":null,"contact:facebook":null,"contact:instagram":null,"contact:website":null,"contact:whatsapp":null,"cuisine":null,"currency:XBT":null,"delivery":null,"description":null,"diet:gluten_free":null,"diet:organic":null,"diet:vegan":null,"diet:vegetarian":null,"dog":null,"drink:espresso":null,"drink:filter_coffee":null,"drive_through":null,"email":null,"fixme":null,"floor":null,"indoor":null,"indoor_seating":null,"internet_access":null,"internet_access:fee":null,"internet_access:ssid":null,"level":null,"location":null,"name":"Super Frutas","name:de":null,"name:en":null,"name:es":null,"name:fr":null,"note:opening_hours":null,"official_name":null,"opening_hours":null,"opening_hours:es":null,"opening_hours:signed":null,"operator":null,"outdoor_seating":null,"payment:app":null,"payment:apple_pay":null,"payment:cards":null,"payment:cash":null,"payment:contactless":null,"payment:credit_cards":null,"payment:debit_cards":null,"payment:google_pay":null,"payment:lightning":null,"payment:lightning_contactless":null,"payment:onchain":null,"pets":null,"phone":null,"service:electricity":null,"shop":null,"smoking":null,"source":"Kaart Ground Survey 2017","takeaway":null,"toilets":null,"toilets:access":null,"toilets:wheelchair":null,"tourism":null,"url":null,"website":null,"website:menu":null,"wheelchair":null,"wifi":null},"geometry":{"type":"Point","coordinates":[-74.0635875,4.6476481]}},
{"type":"Feature","properties":{"fid":594,"id":"node/5175036463","@id":"node/5175036463","addr:city":null,"addr:country":null,"addr:door":null,"addr:floor":null,"addr:full":null,"addr:housename":null,"addr:housenumber":null,"addr:place":null,"addr:postcode":null,"addr:street":"Carrera 13","addr:unit":null,"air_conditioning":null,"alt_name":null,"amenity":"cafe","baby_feeding":null,"bar":null,"branch":null,"brand":null,"brand:wikidata":null,"brand:wikipedia":null,"building":null,"capacity":null,"check_date":null,"check_date:opening_hours":null,"contact:facebook":null,"contact:instagram":null,"contact:website":null,"contact:whatsapp":null,"cuisine":null,"currency:XBT":null,"delivery":null,"description":null,"diet:gluten_free":null,"diet:organic":null,"diet:vegan":null,"diet:vegetarian":null,"dog":null,"drink:espresso":null,"drink:filter_coffee":null,"drive_through":null,"email":null,"fixme":null,"floor":null,"indoor":null,"indoor_seating":null,"internet_access":null,"internet_access:fee":null,"internet_access:ssid":null,"level":null,"location":null,"name":"Delicias de la 58","name:de":null,"name:en":null,"name:es":null,"name:fr":null,"note:opening_hours":null,"official_name":null,"opening_hours":null,"opening_hours:es":null,"opening_hours:signed":null,"operator":null,"outdoor_seating":null,"payment:app":null,"payment:apple_pay":null,"payment:cards":null,"payment:cash":null,"payment:contactless":null,"payment:credit_cards":null,"payment:debit_cards":null,"payment:google_pay":null,"payment:lightning":null,"payment:lightning_contactless":null,"payment:onchain":null,"pets":null,"phone":null,"service:electricity":null,"shop":null,"smoking":null,"source":"Kaart Ground Survey 2017","takeaway":null,"toilets":null,"toilets:access":null,"toilets:wheelchair":null,"tourism":null,"url":null,"website":null,"website:menu":null,"wheelchair":null,"wifi":null},"geometry":{"type":"Point","coordinates":[-74.0642982,4.6454671]}},
{"type":"Feature","properties":{"fid":595,"id":"node/5175067925","@id":"node/5175067925","addr:city":null,"addr:country":null,"addr:door":null,"addr:floor":null,"addr:full":null,"addr:housename":null,"addr:housenumber":null,"addr:place":null,"addr:postcode":null,"addr:street":"Carrera 13","addr:unit":null,"air_conditioning":null,"alt_name":null,"amenity":"cafe","baby_feeding":null,"bar":null,"branch":null,"brand":"Café OMA","brand:wikidata":"Q108929487","brand:wikipedia":null,"building":null,"capacity":null,"check_date":null,"check_date:opening_hours":"2024-01-31","contact:facebook":null,"contact:instagram":null,"contact:website":null,"contact:whatsapp":null,"cuisine":null,"currency:XBT":null,"delivery":null,"description":null,"diet:gluten_free":null,"diet:organic":null,"diet:vegan":null,"diet:vegetarian":null,"dog":null,"drink:espresso":null,"drink:filter_coffee":null,"drive_through":null,"email":null,"fixme":null,"floor":null,"indoor":null,"indoor_seating":null,"internet_access":null,"internet_access:fee":null,"internet_access:ssid":null,"level":null,"location":null,"name":"Café OMA","name:de":null,"name:en":null,"name:es":null,"name:fr":null,"note:opening_hours":null,"official_name":null,"opening_hours":null,"opening_hours:es":null,"opening_hours:signed":"no","operator":null,"outdoor_seating":null,"payment:app":null,"payment:apple_pay":null,"payment:cards":null,"payment:cash":null,"payment:contactless":null,"payment:credit_cards":null,"payment:debit_cards":null,"payment:google_pay":null,"payment:lightning":null,"payment:lightning_contactless":null,"payment:onchain":null,"pets":null,"phone":null,"service:electricity":null,"shop":"coffee","smoking":null,"source":"Kaart Ground Survey 2017","takeaway":"yes","toilets":null,"toilets:access":null,"toilets:wheelchair":null,"tourism":null,"url":null,"website":"https://www.cafeoma.com/","website:menu":null,"wheelchair":null,"wifi":null},"geometry":{"type":"Point","coordinates":[-74.0653233,4.6397575]}},
{"type":"Feature","properties":{"fid":596,"id":"node/5175109936","@id":"node/5175109936","addr:city":null,"addr:country":null,"addr:door":null,"addr:floor":null,"addr:full":null,"addr:housename":null,"addr:housenumber":null,"addr:place":null,"addr:postcode":null,"addr:street":"Carrera 13","addr:unit":null,"air_conditioning":null,"alt_name":null,"amenity":"cafe","baby_feeding":null,"bar":null,"branch":null,"brand":null,"brand:wikidata":null,"brand:wikipedia":null,"building":null,"capacity":null,"check_date":null,"check_date:opening_hours":null,"contact:facebook":null,"contact:instagram":null,"contact:website":null,"contact:whatsapp":null,"cuisine":null,"currency:XBT":null,"delivery":null,"description":null,"diet:gluten_free":null,"diet:organic":null,"diet:vegan":null,"diet:vegetarian":null,"dog":null,"drink:espresso":null,"drink:filter_coffee":null,"drive_through":null,"email":null,"fixme":null,"floor":null,"indoor":null,"indoor_seating":null,"internet_access":null,"internet_access:fee":null,"internet_access:ssid":null,"level":null,"location":null,"name":"El Gustazo","name:de":null,"name:en":null,"name:es":null,"name:fr":null,"note:opening_hours":null,"official_name":null,"opening_hours":null,"opening_hours:es":null,"opening_hours:signed":null,"operator":null,"outdoor_seating":null,"payment:app":null,"payment:apple_pay":null,"payment:cards":null,"payment:cash":null,"payment:contactless":null,"payment:credit_cards":null,"payment:debit_cards":null,"payment:google_pay":null,"payment:lightning":null,"payment:lightning_contactless":null,"payment:onchain":null,"pets":null,"phone":null,"service:electricity":null,"shop":null,"smoking":null,"source":"Kaart Ground Survey 2017","takeaway":null,"toilets":null,"toilets:access":null,"toilets:wheelchair":null,"tourism":null,"url":null,"website":null,"website:menu":null,"wheelchair":null,"wifi":null},"geometry":{"type":"Point","coordinates":[-74.0646599,4.6432771]}},
{"type":"Feature","properties":{"fid":597,"id":"node/5175109937","@id":"node/5175109937","addr:city":null,"addr:country":null,"addr:door":null,"addr:floor":null,"addr:full":null,"addr:housename":null,"addr:housenumber":null,"addr:place":null,"addr:postcode":null,"addr:street":"Calle 54","addr:unit":null,"air_conditioning":null,"alt_name":null,"amenity":"cafe","baby_feeding":null,"bar":null,"branch":null,"brand":null,"brand:wikidata":null,"brand:wikipedia":null,"building":null,"capacity":null,"check_date":null,"check_date:opening_hours":null,"contact:facebook":null,"contact:instagram":null,"contact:website":null,"contact:whatsapp":null,"cuisine":null,"currency:XBT":null,"delivery":null,"description":null,"diet:gluten_free":null,"diet:organic":null,"diet:vegan":null,"diet:vegetarian":null,"dog":null,"drink:espresso":null,"drink:filter_coffee":null,"drive_through":null,"email":null,"fixme":null,"floor":null,"indoor":null,"indoor_seating":null,"internet_access":null,"internet_access:fee":null,"internet_access:ssid":null,"level":null,"location":null,"name":"Cigarrería y Cafetería","name:de":null,"name:en":null,"name:es":null,"name:fr":null,"note:opening_hours":null,"official_name":null,"opening_hours":null,"opening_hours:es":null,"opening_hours:signed":null,"operator":null,"outdoor_seating":null,"payment:app":null,"payment:apple_pay":null,"payment:cards":null,"payment:cash":null,"payment:contactless":null,"payment:credit_cards":null,"payment:debit_cards":null,"payment:google_pay":null,"payment:lightning":null,"payment:lightning_contactless":null,"payment:onchain":null,"pets":null,"phone":null,"service:electricity":null,"shop":null,"smoking":null,"source":"Kaart Ground Survey 2017","takeaway":null,"toilets":null,"toilets:access":null,"toilets:wheelchair":null,"tourism":null,"url":null,"website":null,"website:menu":null,"wheelchair":null,"wifi":null},"geometry":{"type":"Point","coordinates":[-74.0647122,4.6409493]}},
{"type":"Feature","properties":{"fid":598,"id":"node/5175255543","@id":"node/5175255543","addr:city":"Bogotá","addr:country":null,"addr:door":null,"addr:floor":null,"addr:full":null,"addr:housename":null,"addr:housenumber":"41-05","addr:place":null,"addr:postcode":null,"addr:street":"Carrera 24","addr:unit":null,"air_conditioning":null,"alt_name":null,"amenity":"cafe","baby_feeding":null,"bar":null,"branch":null,"brand":null,"brand:wikidata":null,"brand:wikipedia":null,"building":null,"capacity":null,"check_date":null,"check_date:opening_hours":null,"contact:facebook":null,"contact:instagram":null,"contact:website":null,"contact:whatsapp":null,"cuisine":"lunch;sandwich","currency:XBT":null,"delivery":null,"description":null,"diet:gluten_free":null,"diet:organic":null,"diet:vegan":null,"diet:vegetarian":null,"dog":null,"drink:espresso":null,"drink:filter_coffee":null,"drive_through":null,"email":null,"fixme":null,"floor":null,"indoor":null,"indoor_seating":null,"internet_access":null,"internet_access:fee":null,"internet_access:ssid":null,"level":null,"location":null,"name":"Sandwich & Coffee Shop","name:de":null,"name:en":null,"name:es":null,"name:fr":null,"note:opening_hours":null,"official_name":null,"opening_hours":null,"opening_hours:es":null,"opening_hours:signed":null,"operator":null,"outdoor_seating":null,"payment:app":null,"payment:apple_pay":null,"payment:cards":null,"payment:cash":null,"payment:contactless":null,"payment:credit_cards":null,"payment:debit_cards":null,"payment:google_pay":null,"payment:lightning":null,"payment:lightning_contactless":null,"payment:onchain":null,"pets":null,"phone":null,"service:electricity":null,"shop":null,"smoking":null,"source":"Kaart Ground Survey 2017","takeaway":null,"toilets":null,"toilets:access":null,"toilets:wheelchair":null,"tourism":null,"url":null,"website":null,"website:menu":null,"wheelchair":null,"wifi":null},"geometry":{"type":"Point","coordinates":[-74.0753317,4.6315737]}},
{"type":"Feature","properties":{"fid":599,"id":"node/5175302707","@id":"node/5175302707","addr:city":"Bogotá","addr:country":null,"addr:door":null,"addr:floor":null,"addr:full":null,"addr:housename":null,"addr:housenumber":null,"addr:place":null,"addr:postcode":null,"addr:street":"Carrera 24","addr:unit":null,"air_conditioning":null,"alt_name":null,"amenity":"cafe","baby_feeding":null,"bar":null,"branch":null,"brand":null,"brand:wikidata":null,"brand:wikipedia":null,"building":null,"capacity":null,"check_date":null,"check_date:opening_hours":null,"contact:facebook":null,"contact:instagram":null,"contact:website":null,"contact:whatsapp":null,"cuisine":null,"currency:XBT":null,"delivery":null,"description":null,"diet:gluten_free":null,"diet:organic":null,"diet:vegan":null,"diet:vegetarian":null,"dog":null,"drink:espresso":null,"drink:filter_coffee":null,"drive_through":null,"email":null,"fixme":null,"floor":null,"indoor":null,"indoor_seating":null,"internet_access":null,"internet_access:fee":null,"internet_access:ssid":null,"level":null,"location":null,"name":"Café Bliss","name:de":null,"name:en":null,"name:es":null,"name:fr":null,"note:opening_hours":null,"official_name":null,"opening_hours":null,"opening_hours:es":null,"opening_hours:signed":null,"operator":null,"outdoor_seating":null,"payment:app":null,"payment:apple_pay":null,"payment:cards":null,"payment:cash":null,"payment:contactless":null,"payment:credit_cards":null,"payment:debit_cards":null,"payment:google_pay":null,"payment:lightning":null,"payment:lightning_contactless":null,"payment:onchain":null,"pets":null,"phone":null,"service:electricity":null,"shop":null,"smoking":null,"source":"Kaart Ground Survey 2017","takeaway":null,"toilets":null,"toilets:access":null,"toilets:wheelchair":null,"tourism":null,"url":null,"website":null,"website:menu":null,"wheelchair":null,"wifi":null},"geometry":{"type":"Point","coordinates":[-74.075342,4.6309661]}},
{"type":"Feature","properties":{"fid":600,"id":"node/5175335722","@id":"node/5175335722","addr:city":null,"addr:country":null,"addr:door":null,"addr:floor":null,"addr:full":null,"addr:housename":null,"addr:housenumber":null,"addr:place":null,"addr:postcode":null,"addr:street":"Avenida Carrera 13","addr:unit":null,"air_conditioning":null,"alt_name":null,"amenity":"cafe","baby_feeding":null,"bar":null,"branch":null,"brand":null,"brand:wikidata":null,"brand:wikipedia":null,"building":null,"capacity":null,"check_date":null,"check_date:opening_hours":null,"contact:facebook":null,"contact:instagram":null,"contact:website":null,"contact:whatsapp":null,"cuisine":null,"currency:XBT":null,"delivery":null,"description":null,"diet:gluten_free":null,"diet:organic":null,"diet:vegan":null,"diet:vegetarian":null,"dog":null,"drink:espresso":null,"drink:filter_coffee":null,"drive_through":null,"email":null,"fixme":null,"floor":null,"indoor":null,"indoor_seating":null,"internet_access":null,"internet_access:fee":null,"internet_access:ssid":null,"level":null,"location":null,"name":"Punto 53","name:de":null,"name:en":null,"name:es":null,"name:fr":null,"note:opening_hours":null,"official_name":null,"opening_hours":null,"opening_hours:es":null,"opening_hours:signed":null,"operator":null,"outdoor_seating":null,"payment:app":null,"payment:apple_pay":null,"payment:cards":null,"payment:cash":null,"payment:contactless":null,"payment:credit_cards":null,"payment:debit_cards":null,"payment:google_pay":null,"payment:lightning":null,"payment:lightning_contactless":null,"payment:onchain":null,"pets":null,"phone":null,"service:electricity":null,"shop":null,"smoking":null,"source":"Kaart Ground Survey 2017","takeaway":null,"toilets":null,"toilets:access":null,"toilets:wheelchair":null,"tourism":null,"url":null,"website":null,"website:menu":null,"wheelchair":null,"wifi":null},"geometry":{"type":"Point","coordinates":[-74.0650499,4.6409775]}},
{"type":"Feature","properties":{"fid":602,"id":"node/5175537609","@id":"node/5175537609","addr:city":null,"addr:country":null,"addr:door":null,"addr:floor":null,"addr:full":null,"addr:housename":null,"addr:housenumber":null,"addr:place":null,"addr:postcode":null,"addr:street":"Carrera 13","addr:unit":null,"air_conditioning":null,"alt_name":null,"amenity":"cafe","baby_feeding":null,"bar":null,"branch":null,"brand":null,"brand:wikidata":null,"brand:wikipedia":null,"building":null,"capacity":null,"check_date":null,"check_date:opening_hours":null,"contact:facebook":null,"contact:instagram":null,"contact:website":null,"contact:whatsapp":null,"cuisine":null,"currency:XBT":null,"delivery":null,"description":null,"diet:gluten_free":null,"diet:organic":null,"diet:vegan":null,"diet:vegetarian":null,"dog":null,"drink:espresso":null,"drink:filter_coffee":null,"drive_through":null,"email":null,"fixme":null,"floor":null,"indoor":null,"indoor_seating":null,"internet_access":null,"internet_access:fee":null,"internet_access:ssid":null,"level":null,"location":null,"name":"Cefeteria San Gabriel","name:de":null,"name:en":null,"name:es":null,"name:fr":null,"note:opening_hours":null,"official_name":null,"opening_hours":null,"opening_hours:es":null,"opening_hours:signed":null,"operator":null,"outdoor_seating":null,"payment:app":null,"payment:apple_pay":null,"payment:cards":null,"payment:cash":null,"payment:contactless":null,"payment:credit_cards":null,"payment:debit_cards":null,"payment:google_pay":null,"payment:lightning":null,"payment:lightning_contactless":null,"payment:onchain":null,"pets":null,"phone":null,"service:electricity":null,"shop":null,"smoking":null,"source":"Kaart Ground Survey 2017","takeaway":null,"toilets":null,"toilets:access":null,"toilets:wheelchair":null,"tourism":null,"url":null,"website":null,"website:menu":null,"wheelchair":null,"wifi":null},"geometry":{"type":"Point","coordinates":[-74.0681713,4.6221916]}},
{"type":"Feature","properties":{"fid":603,"id":"node/5175538032","@id":"node/5175538032","addr:city":null,"addr:country":null,"addr:door":null,"addr:floor":null,"addr:full":null,"addr:housename":null,"addr:housenumber":null,"addr:place":null,"addr:postcode":null,"addr:street":"Carrera 13","addr:unit":null,"air_conditioning":null,"alt_name":null,"amenity":"cafe","baby_feeding":null,"bar":null,"branch":null,"brand":null,"brand:wikidata":null,"brand:wikipedia":null,"building":null,"capacity":null,"check_date":null,"check_date:opening_hours":null,"contact:facebook":null,"contact:instagram":null,"contact:website":null,"contact:whatsapp":null,"cuisine":null,"currency:XBT":null,"delivery":null,"description":null,"diet:gluten_free":null,"diet:organic":null,"diet:vegan":null,"diet:vegetarian":null,"dog":null,"drink:espresso":null,"drink:filter_coffee":null,"drive_through":null,"email":null,"fixme":null,"floor":null,"indoor":null,"indoor_seating":null,"internet_access":null,"internet_access:fee":null,"internet_access:ssid":null,"level":null,"location":null,"name":"Como & Gozo","name:de":null,"name:en":null,"name:es":null,"name:fr":null,"note:opening_hours":null,"official_name":null,"opening_hours":null,"opening_hours:es":null,"opening_hours:signed":null,"operator":null,"outdoor_seating":null,"payment:app":null,"payment:apple_pay":null,"payment:cards":null,"payment:cash":null,"payment:contactless":null,"payment:credit_cards":null,"payment:debit_cards":null,"payment:google_pay":null,"payment:lightning":null,"payment:lightning_contactless":null,"payment:onchain":null,"pets":null,"phone":null,"service:electricity":null,"shop":null,"smoking":null,"source":"Kaart Ground Survey 2017","takeaway":null,"toilets":null,"toilets:access":null,"toilets:wheelchair":null,"tourism":null,"url":null,"website":null,"website:menu":null,"wheelchair":null,"wifi":null},"geometry":{"type":"Point","coordinates":[-74.0682945,4.6217267]}},
{"type":"Feature","properties":{"fid":604,"id":"node/5175538055","@id":"node/5175538055","addr:city":null,"addr:country":null,"addr:door":null,"addr:floor":null,"addr:full":null,"addr:housename":null,"addr:housenumber":null,"addr:place":null,"addr:postcode":null,"addr:street":"Carrera 13","addr:unit":null,"air_conditioning":null,"alt_name":null,"amenity":"cafe","baby_feeding":null,"bar":null,"branch":null,"brand":null,"brand:wikidata":null,"brand:wikipedia":null,"building":null,"capacity":null,"check_date":null,"check_date:opening_hours":null,"contact:facebook":null,"contact:instagram":null,"contact:website":null,"contact:whatsapp":null,"cuisine":null,"currency:XBT":null,"delivery":null,"description":null,"diet:gluten_free":null,"diet:organic":null,"diet:vegan":null,"diet:vegetarian":null,"dog":null,"drink:espresso":null,"drink:filter_coffee":null,"drive_through":null,"email":null,"fixme":null,"floor":null,"indoor":null,"indoor_seating":null,"internet_access":null,"internet_access:fee":null,"internet_access:ssid":null,"level":null,"location":null,"name":"Reposteria","name:de":null,"name:en":null,"name:es":null,"name:fr":null,"note:opening_hours":null,"official_name":null,"opening_hours":null,"opening_hours:es":null,"opening_hours:signed":null,"operator":null,"outdoor_seating":null,"payment:app":null,"payment:apple_pay":null,"payment:cards":null,"payment:cash":null,"payment:contactless":null,"payment:credit_cards":null,"payment:debit_cards":null,"payment:google_pay":null,"payment:lightning":null,"payment:lightning_contactless":null,"payment:onchain":null,"pets":null,"phone":null,"service:electricity":null,"shop":null,"smoking":null,"source":"Kaart Ground Survey 2017","takeaway":null,"toilets":null,"toilets:access":null,"toilets:wheelchair":null,"tourism":null,"url":null,"website":null,"website:menu":null,"wheelchair":null,"wifi":null},"geometry":{"type":"Point","coordinates":[-74.0685368,4.6204104]}},
{"type":"Feature","properties":{"fid":605,"id":"node/5175538069","@id":"node/5175538069","addr:city":null,"addr:country":null,"addr:door":null,"addr:floor":null,"addr:full":null,"addr:housename":null,"addr:housenumber":"13-12","addr:place":null,"addr:postcode":null,"addr:street":"Carrera 13","addr:unit":null,"air_conditioning":null,"alt_name":null,"amenity":"cafe","baby_feeding":null,"bar":null,"branch":null,"brand":null,"brand:wikidata":null,"brand:wikipedia":null,"building":null,"capacity":null,"check_date":null,"check_date:opening_hours":null,"contact:facebook":null,"contact:instagram":null,"contact:website":null,"contact:whatsapp":null,"cuisine":null,"currency:XBT":null,"delivery":null,"description":null,"diet:gluten_free":null,"diet:organic":null,"diet:vegan":null,"diet:vegetarian":null,"dog":null,"drink:espresso":null,"drink:filter_coffee":null,"drive_through":null,"email":null,"fixme":null,"floor":null,"indoor":null,"indoor_seating":null,"internet_access":null,"internet_access:fee":null,"internet_access:ssid":null,"level":null,"location":null,"name":"Otoño Café","name:de":null,"name:en":null,"name:es":null,"name:fr":null,"note:opening_hours":null,"official_name":null,"opening_hours":null,"opening_hours:es":null,"opening_hours:signed":null,"operator":null,"outdoor_seating":null,"payment:app":null,"payment:apple_pay":null,"payment:cards":null,"payment:cash":null,"payment:contactless":null,"payment:credit_cards":null,"payment:debit_cards":null,"payment:google_pay":null,"payment:lightning":null,"payment:lightning_contactless":null,"payment:onchain":null,"pets":null,"phone":null,"service:electricity":null,"shop":null,"smoking":null,"source":"Kaart Ground Survey 2017","takeaway":null,"toilets":null,"toilets:access":null,"toilets:wheelchair":null,"tourism":null,"url":null,"website":null,"website:menu":null,"wheelchair":null,"wifi":null},"geometry":{"type":"Point","coordinates":[-74.0687209,4.6196353]}},
{"type":"Feature","properties":{"fid":606,"id":"node/5175538070","@id":"node/5175538070","addr:city":null,"addr:country":null,"addr:door":null,"addr:floor":null,"addr:full":null,"addr:housename":null,"addr:housenumber":"13-28","addr:place":null,"addr:postcode":null,"addr:street":"Calle 32 Bis A","addr:unit":null,"air_conditioning":null,"alt_name":null,"amenity":"cafe","baby_feeding":null,"bar":null,"branch":null,"brand":null,"brand:wikidata":null,"brand:wikipedia":null,"building":null,"capacity":null,"check_date":null,"check_date:opening_hours":null,"contact:facebook":null,"contact:instagram":null,"contact:website":null,"contact:whatsapp":null,"cuisine":null,"currency:XBT":null,"delivery":null,"description":null,"diet:gluten_free":null,"diet:organic":null,"diet:vegan":null,"diet:vegetarian":null,"dog":null,"drink:espresso":null,"drink:filter_coffee":null,"drive_through":null,"email":null,"fixme":null,"floor":null,"indoor":null,"indoor_seating":null,"internet_access":null,"internet_access:fee":null,"internet_access:ssid":null,"level":null,"location":null,"name":"Café Studio","name:de":null,"name:en":null,"name:es":null,"name:fr":null,"note:opening_hours":null,"official_name":null,"opening_hours":null,"opening_hours:es":null,"opening_hours:signed":null,"operator":null,"outdoor_seating":null,"payment:app":null,"payment:apple_pay":null,"payment:cards":null,"payment:cash":null,"payment:contactless":null,"payment:credit_cards":null,"payment:debit_cards":null,"payment:google_pay":null,"payment:lightning":null,"payment:lightning_contactless":null,"payment:onchain":null,"pets":null,"phone":null,"service:electricity":null,"shop":null,"smoking":null,"source":"Kaart Ground Survey 2017","takeaway":null,"toilets":null,"toilets:access":null,"toilets:wheelchair":null,"tourism":null,"url":null,"website":null,"website:menu":null,"wheelchair":null,"wifi":null},"geometry":{"type":"Point","coordinates":[-74.0688403,4.6196441]}},
{"type":"Feature","properties":{"fid":607,"id":"node/5175548368","@id":"node/5175548368","addr:city":null,"addr:country":null,"addr:door":null,"addr:floor":null,"addr:full":null,"addr:housename":null,"addr:housenumber":null,"addr:place":null,"addr:postcode":null,"addr:street":"Calle 32","addr:unit":null,"air_conditioning":null,"alt_name":null,"amenity":"cafe","baby_feeding":null,"bar":null,"branch":null,"brand":null,"brand:wikidata":null,"brand:wikipedia":null,"building":null,"capacity":null,"check_date":null,"check_date:opening_hours":null,"contact:facebook":null,"contact:instagram":null,"contact:website":null,"contact:whatsapp":null,"cuisine":null,"currency:XBT":null,"delivery":null,"description":null,"diet:gluten_free":null,"diet:organic":null,"diet:vegan":null,"diet:vegetarian":null,"dog":null,"drink:espresso":null,"drink:filter_coffee":null,"drive_through":null,"email":null,"fixme":null,"floor":null,"indoor":null,"indoor_seating":null,"internet_access":null,"internet_access:fee":null,"internet_access:ssid":null,"level":null,"location":null,"name":"Sapillas","name:de":null,"name:en":null,"name:es":null,"name:fr":null,"note:opening_hours":null,"official_name":null,"opening_hours":null,"opening_hours:es":null,"opening_hours:signed":null,"operator":null,"outdoor_seating":null,"payment:app":null,"payment:apple_pay":null,"payment:cards":null,"payment:cash":null,"payment:contactless":null,"payment:credit_cards":null,"payment:debit_cards":null,"payment:google_pay":null,"payment:lightning":null,"payment:lightning_contactless":null,"payment:onchain":null,"pets":null,"phone":null,"service:electricity":null,"shop":null,"smoking":null,"source":"Kaart Ground Survey 2017","takeaway":null,"toilets":null,"toilets:access":null,"toilets:wheelchair":null,"tourism":null,"url":null,"website":null,"website:menu":null,"wheelchair":null,"wifi":null},"geometry":{"type":"Point","coordinates":[-74.0699656,4.6202799]}},
{"type":"Feature","properties":{"fid":609,"id":"node/5176734884","@id":"node/5176734884","addr:city":null,"addr:country":null,"addr:door":null,"addr:floor":null,"addr:full":null,"addr:housename":null,"addr:housenumber":null,"addr:place":null,"addr:postcode":null,"addr:street":"Avenida Carrera 24","addr:unit":null,"air_conditioning":null,"alt_name":null,"amenity":"cafe","baby_feeding":null,"bar":null,"branch":null,"brand":"Tostao’","brand:wikidata":"Q60632476","brand:wikipedia":null,"building":null,"capacity":null,"check_date":null,"check_date:opening_hours":null,"contact:facebook":null,"contact:instagram":null,"contact:website":null,"contact:whatsapp":null,"cuisine":"coffee_shop","currency:XBT":null,"delivery":null,"description":null,"diet:gluten_free":null,"diet:organic":null,"diet:vegan":null,"diet:vegetarian":null,"dog":null,"drink:espresso":null,"drink:filter_coffee":null,"drive_through":null,"email":null,"fixme":null,"floor":null,"indoor":null,"indoor_seating":null,"internet_access":null,"internet_access:fee":null,"internet_access:ssid":null,"level":null,"location":null,"name":"Tostao’","name:de":null,"name:en":null,"name:es":"Tostao’","name:fr":null,"note:opening_hours":null,"official_name":null,"opening_hours":null,"opening_hours:es":null,"opening_hours:signed":null,"operator":null,"outdoor_seating":null,"payment:app":null,"payment:apple_pay":null,"payment:cards":null,"payment:cash":null,"payment:contactless":null,"payment:credit_cards":null,"payment:debit_cards":null,"payment:google_pay":null,"payment:lightning":null,"payment:lightning_contactless":null,"payment:onchain":null,"pets":null,"phone":null,"service:electricity":null,"shop":null,"smoking":null,"source":"Kaart Ground Survey 2017","takeaway":null,"toilets":null,"toilets:access":null,"toilets:wheelchair":null,"tourism":null,"url":null,"website":null,"website:menu":null,"wheelchair":null,"wifi":null},"geometry":{"type":"Point","coordinates":[-74.0751195,4.6345527]}},
{"type":"Feature","properties":{"fid":610,"id":"node/5176847637","@id":"node/5176847637","addr:city":null,"addr:country":null,"addr:door":null,"addr:floor":null,"addr:full":null,"addr:housename":null,"addr:housenumber":null,"addr:place":null,"addr:postcode":null,"addr:street":"Carrera 24","addr:unit":null,"air_conditioning":null,"alt_name":null,"amenity":"cafe","baby_feeding":null,"bar":null,"branch":null,"brand":null,"brand:wikidata":null,"brand:wikipedia":null,"building":null,"capacity":null,"check_date":null,"check_date:opening_hours":null,"contact:facebook":null,"contact:instagram":null,"contact:website":null,"contact:whatsapp":null,"cuisine":null,"currency:XBT":null,"delivery":null,"description":null,"diet:gluten_free":null,"diet:organic":null,"diet:vegan":null,"diet:vegetarian":null,"dog":null,"drink:espresso":null,"drink:filter_coffee":null,"drive_through":null,"email":null,"fixme":null,"floor":null,"indoor":null,"indoor_seating":null,"internet_access":null,"internet_access:fee":null,"internet_access:ssid":null,"level":null,"location":null,"name":"Madrieria","name:de":null,"name:en":null,"name:es":null,"name:fr":null,"note:opening_hours":null,"official_name":null,"opening_hours":null,"opening_hours:es":null,"opening_hours:signed":null,"operator":null,"outdoor_seating":null,"payment:app":null,"payment:apple_pay":null,"payment:cards":null,"payment:cash":null,"payment:contactless":null,"payment:credit_cards":null,"payment:debit_cards":null,"payment:google_pay":null,"payment:lightning":null,"payment:lightning_contactless":null,"payment:onchain":null,"pets":null,"phone":null,"service:electricity":null,"shop":null,"smoking":null,"source":"Kaart Ground Survey 2017","takeaway":null,"toilets":null,"toilets:access":null,"toilets:wheelchair":null,"tourism":null,"url":null,"website":null,"website:menu":null,"wheelchair":null,"wifi":null},"geometry":{"type":"Point","coordinates":[-74.0741928,4.6413765]}},
{"type":"Feature","properties":{"fid":612,"id":"node/5177113889","@id":"node/5177113889","addr:city":null,"addr:country":null,"addr:door":null,"addr:floor":null,"addr:full":null,"addr:housename":null,"addr:housenumber":null,"addr:place":null,"addr:postcode":null,"addr:street":"Avenida Carrera 24","addr:unit":null,"air_conditioning":null,"alt_name":null,"amenity":"cafe","baby_feeding":null,"bar":null,"branch":null,"brand":null,"brand:wikidata":null,"brand:wikipedia":null,"building":null,"capacity":null,"check_date":null,"check_date:opening_hours":null,"contact:facebook":null,"contact:instagram":null,"contact:website":null,"contact:whatsapp":null,"cuisine":null,"currency:XBT":null,"delivery":null,"description":null,"diet:gluten_free":null,"diet:organic":null,"diet:vegan":null,"diet:vegetarian":null,"dog":null,"drink:espresso":null,"drink:filter_coffee":null,"drive_through":null,"email":null,"fixme":null,"floor":null,"indoor":null,"indoor_seating":null,"internet_access":null,"internet_access:fee":null,"internet_access:ssid":null,"level":null,"location":null,"name":"Greeen Berry","name:de":null,"name:en":null,"name:es":null,"name:fr":null,"note:opening_hours":null,"official_name":null,"opening_hours":null,"opening_hours:es":null,"opening_hours:signed":null,"operator":null,"outdoor_seating":null,"payment:app":null,"payment:apple_pay":null,"payment:cards":null,"payment:cash":null,"payment:contactless":null,"payment:credit_cards":null,"payment:debit_cards":null,"payment:google_pay":null,"payment:lightning":null,"payment:lightning_contactless":null,"payment:onchain":null,"pets":null,"phone":null,"service:electricity":null,"shop":null,"smoking":null,"source":"Kaart Ground Survey 2017","takeaway":null,"toilets":null,"toilets:access":null,"toilets:wheelchair":null,"tourism":null,"url":null,"website":null,"website:menu":null,"wheelchair":null,"wifi":null},"geometry":{"type":"Point","coordinates":[-74.0753292,4.6348007]}},
{"type":"Feature","properties":{"fid":614,"id":"node/5177258974","@id":"node/5177258974","addr:city":null,"addr:country":null,"addr:door":null,"addr:floor":null,"addr:full":null,"addr:housename":null,"addr:housenumber":null,"addr:place":null,"addr:postcode":null,"addr:street":"Calle 52","addr:unit":null,"air_conditioning":null,"alt_name":null,"amenity":"cafe","baby_feeding":null,"bar":null,"branch":null,"brand":null,"brand:wikidata":null,"brand:wikipedia":null,"building":null,"capacity":null,"check_date":null,"check_date:opening_hours":null,"contact:facebook":null,"contact:instagram":null,"contact:website":null,"contact:whatsapp":null,"cuisine":null,"currency:XBT":null,"delivery":null,"description":null,"diet:gluten_free":null,"diet:organic":null,"diet:vegan":null,"diet:vegetarian":null,"dog":null,"drink:espresso":null,"drink:filter_coffee":null,"drive_through":null,"email":null,"fixme":null,"floor":null,"indoor":null,"indoor_seating":null,"internet_access":null,"internet_access:fee":null,"internet_access:ssid":null,"level":null,"location":null,"name":"Jaigal Express","name:de":null,"name:en":null,"name:es":null,"name:fr":null,"note:opening_hours":null,"official_name":null,"opening_hours":null,"opening_hours:es":null,"opening_hours:signed":null,"operator":null,"outdoor_seating":null,"payment:app":null,"payment:apple_pay":null,"payment:cards":null,"payment:cash":null,"payment:contactless":null,"payment:credit_cards":null,"payment:debit_cards":null,"payment:google_pay":null,"payment:lightning":null,"payment:lightning_contactless":null,"payment:onchain":null,"pets":null,"phone":null,"service:electricity":null,"shop":null,"smoking":null,"source":"Kaart Ground Survey 2017","takeaway":null,"toilets":null,"toilets:access":null,"toilets:wheelchair":null,"tourism":null,"url":null,"website":null,"website:menu":null,"wheelchair":null,"wifi":null},"geometry":{"type":"Point","coordinates":[-74.0739896,4.6408154]}},
{"type":"Feature","properties":{"fid":629,"id":"node/5178923494","@id":"node/5178923494","addr:city":null,"addr:country":null,"addr:door":null,"addr:floor":null,"addr:full":null,"addr:housename":null,"addr:housenumber":null,"addr:place":null,"addr:postcode":null,"addr:street":"Calle 53B","addr:unit":null,"air_conditioning":null,"alt_name":null,"amenity":"cafe","baby_feeding":null,"bar":null,"branch":null,"brand":null,"brand:wikidata":null,"brand:wikipedia":null,"building":null,"capacity":null,"check_date":null,"check_date:opening_hours":null,"contact:facebook":null,"contact:instagram":null,"contact:website":null,"contact:whatsapp":null,"cuisine":null,"currency:XBT":null,"delivery":null,"description":null,"diet:gluten_free":null,"diet:organic":null,"diet:vegan":null,"diet:vegetarian":null,"dog":null,"drink:espresso":null,"drink:filter_coffee":null,"drive_through":null,"email":null,"fixme":null,"floor":null,"indoor":null,"indoor_seating":null,"internet_access":null,"internet_access:fee":null,"internet_access:ssid":null,"level":null,"location":null,"name":"Empanaditas","name:de":null,"name:en":null,"name:es":null,"name:fr":null,"note:opening_hours":null,"official_name":null,"opening_hours":null,"opening_hours:es":null,"opening_hours:signed":null,"operator":null,"outdoor_seating":null,"payment:app":null,"payment:apple_pay":null,"payment:cards":null,"payment:cash":null,"payment:contactless":null,"payment:credit_cards":null,"payment:debit_cards":null,"payment:google_pay":null,"payment:lightning":null,"payment:lightning_contactless":null,"payment:onchain":null,"pets":null,"phone":null,"service:electricity":null,"shop":null,"smoking":null,"source":"Kaart Ground Survey 2017","takeaway":null,"toilets":null,"toilets:access":null,"toilets:wheelchair":null,"tourism":null,"url":null,"website":null,"website:menu":null,"wheelchair":null,"wifi":null},"geometry":{"type":"Point","coordinates":[-74.0776922,4.6437247]}},
{"type":"Feature","properties":{"fid":630,"id":"node/5178949547","@id":"node/5178949547","addr:city":null,"addr:country":null,"addr:door":null,"addr:floor":null,"addr:full":null,"addr:housename":null,"addr:housenumber":null,"addr:place":null,"addr:postcode":null,"addr:street":"Calle 53B","addr:unit":null,"air_conditioning":null,"alt_name":null,"amenity":"cafe","baby_feeding":null,"bar":null,"branch":null,"brand":"Tostao’","brand:wikidata":"Q60632476","brand:wikipedia":null,"building":null,"capacity":null,"check_date":null,"check_date:opening_hours":null,"contact:facebook":null,"contact:instagram":null,"contact:website":null,"contact:whatsapp":null,"cuisine":"coffee_shop","currency:XBT":null,"delivery":null,"description":null,"diet:gluten_free":null,"diet:organic":null,"diet:vegan":null,"diet:vegetarian":null,"dog":null,"drink:espresso":null,"drink:filter_coffee":null,"drive_through":null,"email":null,"fixme":null,"floor":null,"indoor":null,"indoor_seating":null,"internet_access":null,"internet_access:fee":null,"internet_access:ssid":null,"level":null,"location":null,"name":"Tostao’","name:de":null,"name:en":null,"name:es":"Tostao’","name:fr":null,"note:opening_hours":null,"official_name":"TOSTAO’ Café & Pan","opening_hours":null,"opening_hours:es":null,"opening_hours:signed":null,"operator":null,"outdoor_seating":null,"payment:app":null,"payment:apple_pay":null,"payment:cards":null,"payment:cash":null,"payment:contactless":null,"payment:credit_cards":null,"payment:debit_cards":null,"payment:google_pay":null,"payment:lightning":null,"payment:lightning_contactless":null,"payment:onchain":null,"pets":null,"phone":null,"service:electricity":null,"shop":null,"smoking":null,"source":"Kaart Ground Survey 2017","takeaway":"yes","toilets":null,"toilets:access":null,"toilets:wheelchair":null,"tourism":null,"url":null,"website":null,"website:menu":null,"wheelchair":null,"wifi":null},"geometry":{"type":"Point","coordinates":[-74.077017,4.643608]}},
{"type":"Feature","properties":{"fid":633,"id":"node/5184190528","@id":"node/5184190528","addr:city":"Bogotá D.C.","addr:country":null,"addr:door":null,"addr:floor":null,"addr:full":null,"addr:housename":null,"addr:housenumber":"52-14","addr:place":null,"addr:postcode":null,"addr:street":"Carrera 15","addr:unit":null,"air_conditioning":null,"alt_name":null,"amenity":"cafe","baby_feeding":null,"bar":null,"branch":null,"brand":null,"brand:wikidata":null,"brand:wikipedia":null,"building":null,"capacity":null,"check_date":null,"check_date:opening_hours":null,"contact:facebook":null,"contact:instagram":null,"contact:website":null,"contact:whatsapp":null,"cuisine":null,"currency:XBT":null,"delivery":null,"description":null,"diet:gluten_free":null,"diet:organic":null,"diet:vegan":null,"diet:vegetarian":null,"dog":null,"drink:espresso":null,"drink:filter_coffee":null,"drive_through":null,"email":null,"fixme":null,"floor":null,"indoor":null,"indoor_seating":null,"internet_access":null,"internet_access:fee":null,"internet_access:ssid":null,"level":null,"location":null,"name":"Torito's Coffee Shop","name:de":null,"name:en":null,"name:es":null,"name:fr":null,"note:opening_hours":null,"official_name":null,"opening_hours":null,"opening_hours:es":null,"opening_hours:signed":null,"operator":null,"outdoor_seating":null,"payment:app":null,"payment:apple_pay":null,"payment:cards":null,"payment:cash":null,"payment:contactless":null,"payment:credit_cards":null,"payment:debit_cards":null,"payment:google_pay":null,"payment:lightning":null,"payment:lightning_contactless":null,"payment:onchain":null,"pets":null,"phone":null,"service:electricity":null,"shop":null,"smoking":null,"source":"Kaart Ground Survey 2017","takeaway":null,"toilets":null,"toilets:access":null,"toilets:wheelchair":null,"tourism":null,"url":null,"website":null,"website:menu":null,"wheelchair":null,"wifi":null},"geometry":{"type":"Point","coordinates":[-74.0673703,4.6397628]}},
{"type":"Feature","properties":{"fid":636,"id":"node/5184796796","@id":"node/5184796796","addr:city":null,"addr:country":null,"addr:door":null,"addr:floor":null,"addr:full":null,"addr:housename":null,"addr:housenumber":null,"addr:place":null,"addr:postcode":null,"addr:street":"Calle 71B","addr:unit":null,"air_conditioning":null,"alt_name":null,"amenity":"cafe","baby_feeding":null,"bar":null,"branch":null,"brand":null,"brand:wikidata":null,"brand:wikipedia":null,"building":null,"capacity":null,"check_date":null,"check_date:opening_hours":null,"contact:facebook":null,"contact:instagram":null,"contact:website":null,"contact:whatsapp":null,"cuisine":null,"currency:XBT":null,"delivery":null,"description":null,"diet:gluten_free":null,"diet:organic":null,"diet:vegan":null,"diet:vegetarian":null,"dog":null,"drink:espresso":null,"drink:filter_coffee":null,"drive_through":null,"email":null,"fixme":null,"floor":null,"indoor":null,"indoor_seating":null,"internet_access":null,"internet_access:fee":null,"internet_access:ssid":null,"level":null,"location":null,"name":"Bugs Bonny","name:de":null,"name:en":null,"name:es":null,"name:fr":null,"note:opening_hours":null,"official_name":null,"opening_hours":null,"opening_hours:es":null,"opening_hours:signed":null,"operator":null,"outdoor_seating":null,"payment:app":null,"payment:apple_pay":null,"payment:cards":null,"payment:cash":null,"payment:contactless":null,"payment:credit_cards":null,"payment:debit_cards":null,"payment:google_pay":null,"payment:lightning":null,"payment:lightning_contactless":null,"payment:onchain":null,"pets":null,"phone":null,"service:electricity":null,"shop":null,"smoking":null,"source":"Kaart Ground Survey 2017","takeaway":null,"toilets":null,"toilets:access":null,"toilets:wheelchair":null,"tourism":null,"url":null,"website":null,"website:menu":null,"wheelchair":null,"wifi":null},"geometry":{"type":"Point","coordinates":[-74.1168022,4.7022152]}},
{"type":"Feature","properties":{"fid":654,"id":"node/5187318169","@id":"node/5187318169","addr:city":null,"addr:country":null,"addr:door":null,"addr:floor":null,"addr:full":null,"addr:housename":null,"addr:housenumber":"72)2)2)2","addr:place":null,"addr:postcode":null,"addr:street":"Calle 74A","addr:unit":null,"air_conditioning":null,"alt_name":null,"amenity":"cafe","baby_feeding":null,"bar":null,"branch":null,"brand":null,"brand:wikidata":null,"brand:wikipedia":null,"building":null,"capacity":null,"check_date":null,"check_date:opening_hours":null,"contact:facebook":null,"contact:instagram":null,"contact:website":null,"contact:whatsapp":null,"cuisine":null,"currency:XBT":null,"delivery":null,"description":null,"diet:gluten_free":null,"diet:organic":null,"diet:vegan":null,"diet:vegetarian":null,"dog":null,"drink:espresso":null,"drink:filter_coffee":null,"drive_through":null,"email":null,"fixme":null,"floor":null,"indoor":null,"indoor_seating":null,"internet_access":null,"internet_access:fee":null,"internet_access:ssid":null,"level":null,"location":null,"name":"Uni Carnes","name:de":null,"name:en":null,"name:es":null,"name:fr":null,"note:opening_hours":null,"official_name":null,"opening_hours":null,"opening_hours:es":null,"opening_hours:signed":null,"operator":null,"outdoor_seating":null,"payment:app":null,"payment:apple_pay":null,"payment:cards":null,"payment:cash":null,"payment:contactless":null,"payment:credit_cards":null,"payment:debit_cards":null,"payment:google_pay":null,"payment:lightning":null,"payment:lightning_contactless":null,"payment:onchain":null,"pets":null,"phone":null,"service:electricity":null,"shop":null,"smoking":null,"source":"Kaart Ground Survey 2017","takeaway":null,"toilets":null,"toilets:access":null,"toilets:wheelchair":null,"tourism":null,"url":null,"website":null,"website:menu":null,"wheelchair":null,"wifi":null},"geometry":{"type":"Point","coordinates":[-74.130402,4.7195743]}},
{"type":"Feature","properties":{"fid":660,"id":"node/5187485697","@id":"node/5187485697","addr:city":null,"addr:country":null,"addr:door":null,"addr:floor":null,"addr:full":null,"addr:housename":null,"addr:housenumber":null,"addr:place":null,"addr:postcode":null,"addr:street":"Carrera 119","addr:unit":null,"air_conditioning":null,"alt_name":null,"amenity":"cafe","baby_feeding":null,"bar":null,"branch":null,"brand":null,"brand:wikidata":null,"brand:wikipedia":null,"building":null,"capacity":null,"check_date":null,"check_date:opening_hours":null,"contact:facebook":null,"contact:instagram":null,"contact:website":null,"contact:whatsapp":null,"cuisine":null,"currency:XBT":null,"delivery":null,"description":null,"diet:gluten_free":null,"diet:organic":null,"diet:vegan":null,"diet:vegetarian":null,"dog":null,"drink:espresso":null,"drink:filter_coffee":null,"drive_through":null,"email":null,"fixme":null,"floor":null,"indoor":null,"indoor_seating":null,"internet_access":null,"internet_access:fee":null,"internet_access:ssid":null,"level":null,"location":null,"name":"Pizzabella","name:de":null,"name:en":null,"name:es":null,"name:fr":null,"note:opening_hours":null,"official_name":null,"opening_hours":null,"opening_hours:es":null,"opening_hours:signed":null,"operator":null,"outdoor_seating":null,"payment:app":null,"payment:apple_pay":null,"payment:cards":null,"payment:cash":null,"payment:contactless":null,"payment:credit_cards":null,"payment:debit_cards":null,"payment:google_pay":null,"payment:lightning":null,"payment:lightning_contactless":null,"payment:onchain":null,"pets":null,"phone":null,"service:electricity":null,"shop":null,"smoking":null,"source":"Kaart Ground Survey 2017","takeaway":null,"toilets":null,"toilets:access":null,"toilets:wheelchair":null,"tourism":null,"url":null,"website":null,"website:menu":null,"wheelchair":null,"wifi":null},"geometry":{"type":"Point","coordinates":[-74.1308608,4.7197039]}},
{"type":"Feature","properties":{"fid":661,"id":"node/5188601066","@id":"node/5188601066","addr:city":"Bogotá","addr:country":null,"addr:door":null,"addr:floor":null,"addr:full":null,"addr:housename":null,"addr:housenumber":null,"addr:place":null,"addr:postcode":null,"addr:street":"Carrera 24","addr:unit":null,"air_conditioning":null,"alt_name":null,"amenity":"cafe","baby_feeding":null,"bar":null,"branch":null,"brand":"Tostao’","brand:wikidata":"Q60632476","brand:wikipedia":null,"building":null,"capacity":null,"check_date":null,"check_date:opening_hours":null,"contact:facebook":null,"contact:instagram":null,"contact:website":null,"contact:whatsapp":null,"cuisine":"coffee_shop","currency:XBT":null,"delivery":null,"description":null,"diet:gluten_free":null,"diet:organic":null,"diet:vegan":null,"diet:vegetarian":null,"dog":null,"drink:espresso":null,"drink:filter_coffee":null,"drive_through":null,"email":null,"fixme":null,"floor":null,"indoor":null,"indoor_seating":null,"internet_access":null,"internet_access:fee":null,"internet_access:ssid":null,"level":null,"location":null,"name":"Tostao’","name:de":null,"name:en":null,"name:es":"Tostao’","name:fr":null,"note:opening_hours":null,"official_name":null,"opening_hours":null,"opening_hours:es":null,"opening_hours:signed":null,"operator":null,"outdoor_seating":null,"payment:app":null,"payment:apple_pay":null,"payment:cards":null,"payment:cash":null,"payment:contactless":null,"payment:credit_cards":null,"payment:debit_cards":null,"payment:google_pay":null,"payment:lightning":null,"payment:lightning_contactless":null,"payment:onchain":null,"pets":null,"phone":null,"service:electricity":null,"shop":null,"smoking":null,"source":"Kaart Ground Survey 2017","takeaway":null,"toilets":null,"toilets:access":null,"toilets:wheelchair":null,"tourism":null,"url":null,"website":null,"website:menu":null,"wheelchair":null,"wifi":null},"geometry":{"type":"Point","coordinates":[-74.094717800000012,4.5998602]}},
{"type":"Feature","properties":{"fid":668,"id":"node/5203057133","@id":"node/5203057133","addr:city":null,"addr:country":null,"addr:door":null,"addr:floor":null,"addr:full":null,"addr:housename":null,"addr:housenumber":null,"addr:place":null,"addr:postcode":null,"addr:street":"Carrera 3","addr:unit":null,"air_conditioning":null,"alt_name":null,"amenity":"cafe","baby_feeding":null,"bar":null,"branch":null,"brand":null,"brand:wikidata":null,"brand:wikipedia":null,"building":null,"capacity":null,"check_date":null,"check_date:opening_hours":null,"contact:facebook":null,"contact:instagram":null,"contact:website":null,"contact:whatsapp":null,"cuisine":null,"currency:XBT":null,"delivery":null,"description":null,"diet:gluten_free":null,"diet:organic":null,"diet:vegan":null,"diet:vegetarian":null,"dog":null,"drink:espresso":null,"drink:filter_coffee":null,"drive_through":null,"email":null,"fixme":null,"floor":null,"indoor":null,"indoor_seating":null,"internet_access":null,"internet_access:fee":null,"internet_access:ssid":null,"level":null,"location":null,"name":"Camaleón Restaurante Café Bar","name:de":null,"name:en":null,"name:es":null,"name:fr":null,"note:opening_hours":null,"official_name":null,"opening_hours":null,"opening_hours:es":null,"opening_hours:signed":null,"operator":null,"outdoor_seating":null,"payment:app":null,"payment:apple_pay":null,"payment:cards":null,"payment:cash":null,"payment:contactless":null,"payment:credit_cards":null,"payment:debit_cards":null,"payment:google_pay":null,"payment:lightning":null,"payment:lightning_contactless":null,"payment:onchain":null,"pets":null,"phone":null,"service:electricity":null,"shop":null,"smoking":null,"source":"Kaart Ground Survey 2017","takeaway":null,"toilets":null,"toilets:access":null,"toilets:wheelchair":null,"tourism":null,"url":null,"website":null,"website:menu":null,"wheelchair":null,"wifi":null},"geometry":{"type":"Point","coordinates":[-74.0680916,4.6035438]}},
{"type":"Feature","properties":{"fid":672,"id":"node/5204535555","@id":"node/5204535555","addr:city":null,"addr:country":null,"addr:door":null,"addr:floor":null,"addr:full":null,"addr:housename":null,"addr:housenumber":null,"addr:place":null,"addr:postcode":null,"addr:street":"Avenida Calle 19","addr:unit":null,"air_conditioning":null,"alt_name":null,"amenity":"cafe","baby_feeding":null,"bar":null,"branch":null,"brand":null,"brand:wikidata":null,"brand:wikipedia":null,"building":null,"capacity":null,"check_date":null,"check_date:opening_hours":null,"contact:facebook":null,"contact:instagram":null,"contact:website":null,"contact:whatsapp":null,"cuisine":null,"currency:XBT":null,"delivery":null,"description":null,"diet:gluten_free":null,"diet:organic":null,"diet:vegan":null,"diet:vegetarian":null,"dog":null,"drink:espresso":null,"drink:filter_coffee":null,"drive_through":null,"email":null,"fixme":null,"floor":null,"indoor":null,"indoor_seating":null,"internet_access":null,"internet_access:fee":null,"internet_access:ssid":null,"level":null,"location":null,"name":"Cafeteria y Fruteria Tatis La 19","name:de":null,"name:en":null,"name:es":null,"name:fr":null,"note:opening_hours":null,"official_name":null,"opening_hours":null,"opening_hours:es":null,"opening_hours:signed":null,"operator":null,"outdoor_seating":null,"payment:app":null,"payment:apple_pay":null,"payment:cards":null,"payment:cash":null,"payment:contactless":null,"payment:credit_cards":null,"payment:debit_cards":null,"payment:google_pay":null,"payment:lightning":null,"payment:lightning_contactless":null,"payment:onchain":null,"pets":null,"phone":null,"service:electricity":null,"shop":null,"smoking":null,"source":"Kaart Ground Survey 2017","takeaway":null,"toilets":null,"toilets:access":null,"toilets:wheelchair":null,"tourism":null,"url":null,"website":null,"website:menu":null,"wheelchair":null,"wifi":null},"geometry":{"type":"Point","coordinates":[-74.0722862,4.6060423]}},
{"type":"Feature","properties":{"fid":678,"id":"node/5206764611","@id":"node/5206764611","addr:city":null,"addr:country":null,"addr:door":null,"addr:floor":null,"addr:full":null,"addr:housename":null,"addr:housenumber":null,"addr:place":null,"addr:postcode":null,"addr:street":"Avenida Carrera 13","addr:unit":null,"air_conditioning":null,"alt_name":null,"amenity":"cafe","baby_feeding":null,"bar":null,"branch":null,"brand":"Juan Valdez Café","brand:wikidata":"Q6301102","brand:wikipedia":"en:Juan Valdez Café","building":null,"capacity":null,"check_date":null,"check_date:opening_hours":null,"contact:facebook":null,"contact:instagram":null,"contact:website":null,"contact:whatsapp":null,"cuisine":"coffee_shop","currency:XBT":null,"delivery":null,"description":null,"diet:gluten_free":null,"diet:organic":null,"diet:vegan":null,"diet:vegetarian":null,"dog":null,"drink:espresso":null,"drink:filter_coffee":null,"drive_through":null,"email":null,"fixme":null,"floor":null,"indoor":null,"indoor_seating":null,"internet_access":null,"internet_access:fee":null,"internet_access:ssid":null,"level":null,"location":null,"name":"Juan Valdez Café","name:de":null,"name:en":null,"name:es":"Juan Valdez Café","name:fr":null,"note:opening_hours":null,"official_name":null,"opening_hours":null,"opening_hours:es":null,"opening_hours:signed":null,"operator":null,"outdoor_seating":null,"payment:app":null,"payment:apple_pay":null,"payment:cards":null,"payment:cash":null,"payment:contactless":null,"payment:credit_cards":null,"payment:debit_cards":null,"payment:google_pay":null,"payment:lightning":null,"payment:lightning_contactless":null,"payment:onchain":null,"pets":null,"phone":null,"service:electricity":null,"shop":"coffee","smoking":null,"source":"Kaart Ground Survey 2017","takeaway":"yes","toilets":null,"toilets:access":null,"toilets:wheelchair":null,"tourism":null,"url":null,"website":"https://juanvaldez.com/","website:menu":null,"wheelchair":null,"wifi":null},"geometry":{"type":"Point","coordinates":[-74.0698866,4.6154124]}},
{"type":"Feature","properties":{"fid":679,"id":"node/5206764612","@id":"node/5206764612","addr:city":null,"addr:country":null,"addr:door":null,"addr:floor":null,"addr:full":null,"addr:housename":null,"addr:housenumber":null,"addr:place":null,"addr:postcode":null,"addr:street":"Avenida Carrera 13","addr:unit":null,"air_conditioning":null,"alt_name":null,"amenity":"cafe","baby_feeding":null,"bar":null,"branch":null,"brand":"Starbucks","brand:wikidata":"Q37158","brand:wikipedia":null,"building":null,"capacity":null,"check_date":null,"check_date:opening_hours":null,"contact:facebook":null,"contact:instagram":null,"contact:website":null,"contact:whatsapp":null,"cuisine":"coffee_shop","currency:XBT":null,"delivery":null,"description":null,"diet:gluten_free":null,"diet:organic":null,"diet:vegan":null,"diet:vegetarian":null,"dog":null,"drink:espresso":null,"drink:filter_coffee":null,"drive_through":null,"email":null,"fixme":null,"floor":null,"indoor":null,"indoor_seating":null,"internet_access":null,"internet_access:fee":null,"internet_access:ssid":null,"level":null,"location":null,"name":"Starbucks","name:de":null,"name:en":null,"name:es":null,"name:fr":null,"note:opening_hours":null,"official_name":"Starbucks Coffee","opening_hours":null,"opening_hours:es":null,"opening_hours:signed":null,"operator":null,"outdoor_seating":null,"payment:app":null,"payment:apple_pay":null,"payment:cards":null,"payment:cash":null,"payment:contactless":null,"payment:credit_cards":null,"payment:debit_cards":null,"payment:google_pay":null,"payment:lightning":null,"payment:lightning_contactless":null,"payment:onchain":null,"pets":null,"phone":null,"service:electricity":null,"shop":null,"smoking":null,"source":"Kaart Ground Survey 2017","takeaway":"yes","toilets":null,"toilets:access":null,"toilets:wheelchair":null,"tourism":null,"url":null,"website":null,"website:menu":null,"wheelchair":null,"wifi":null},"geometry":{"type":"Point","coordinates":[-74.069909,4.6153663]}},
{"type":"Feature","properties":{"fid":680,"id":"node/5206786166","@id":"node/5206786166","addr:city":null,"addr:country":null,"addr:door":null,"addr:floor":null,"addr:full":null,"addr:housename":null,"addr:housenumber":"6-53","addr:place":null,"addr:postcode":null,"addr:street":"Carrera 7","addr:unit":null,"air_conditioning":null,"alt_name":null,"amenity":"cafe","baby_feeding":null,"bar":null,"branch":null,"brand":null,"brand:wikidata":null,"brand:wikipedia":null,"building":null,"capacity":null,"check_date":null,"check_date:opening_hours":null,"contact:facebook":null,"contact:instagram":null,"contact:website":null,"contact:whatsapp":null,"cuisine":null,"currency:XBT":null,"delivery":null,"description":null,"diet:gluten_free":null,"diet:organic":null,"diet:vegan":null,"diet:vegetarian":null,"dog":null,"drink:espresso":null,"drink:filter_coffee":null,"drive_through":null,"email":null,"fixme":null,"floor":null,"indoor":null,"indoor_seating":null,"internet_access":null,"internet_access:fee":null,"internet_access:ssid":null,"level":null,"location":null,"name":"Cafetería Extacion Purto 7","name:de":null,"name:en":null,"name:es":null,"name:fr":null,"note:opening_hours":null,"official_name":null,"opening_hours":null,"opening_hours:es":null,"opening_hours:signed":null,"operator":null,"outdoor_seating":null,"payment:app":null,"payment:apple_pay":null,"payment:cards":null,"payment:cash":null,"payment:contactless":null,"payment:credit_cards":null,"payment:debit_cards":null,"payment:google_pay":null,"payment:lightning":null,"payment:lightning_contactless":null,"payment:onchain":null,"pets":null,"phone":null,"service:electricity":null,"shop":null,"smoking":null,"source":"Kaart Ground Survey 2017","takeaway":null,"toilets":null,"toilets:access":null,"toilets:wheelchair":null,"tourism":null,"url":null,"website":null,"website:menu":null,"wheelchair":null,"wifi":null},"geometry":{"type":"Point","coordinates":[-74.0793196,4.5913922]}},
{"type":"Feature","properties":{"fid":682,"id":"node/5206984603","@id":"node/5206984603","addr:city":null,"addr:country":null,"addr:door":null,"addr:floor":null,"addr:full":null,"addr:housename":null,"addr:housenumber":null,"addr:place":null,"addr:postcode":null,"addr:street":"Calle 11","addr:unit":null,"air_conditioning":null,"alt_name":null,"amenity":"cafe","baby_feeding":null,"bar":null,"branch":null,"brand":null,"brand:wikidata":null,"brand:wikipedia":null,"building":null,"capacity":null,"check_date":null,"check_date:opening_hours":null,"contact:facebook":null,"contact:instagram":null,"contact:website":null,"contact:whatsapp":null,"cuisine":null,"currency:XBT":null,"delivery":null,"description":null,"diet:gluten_free":null,"diet:organic":null,"diet:vegan":null,"diet:vegetarian":null,"dog":null,"drink:espresso":null,"drink:filter_coffee":null,"drive_through":null,"email":null,"fixme":null,"floor":null,"indoor":null,"indoor_seating":null,"internet_access":null,"internet_access:fee":null,"internet_access:ssid":null,"level":null,"location":null,"name":"Monterrey","name:de":null,"name:en":null,"name:es":null,"name:fr":null,"note:opening_hours":null,"official_name":null,"opening_hours":null,"opening_hours:es":null,"opening_hours:signed":null,"operator":null,"outdoor_seating":null,"payment:app":null,"payment:apple_pay":null,"payment:cards":null,"payment:cash":null,"payment:contactless":null,"payment:credit_cards":null,"payment:debit_cards":null,"payment:google_pay":null,"payment:lightning":null,"payment:lightning_contactless":null,"payment:onchain":null,"pets":null,"phone":null,"service:electricity":null,"shop":null,"smoking":null,"source":"Kaart Ground Survey 2017","takeaway":null,"toilets":null,"toilets:access":null,"toilets:wheelchair":null,"tourism":null,"url":null,"website":null,"website:menu":null,"wheelchair":null,"wifi":null},"geometry":{"type":"Point","coordinates":[-74.0934276,4.6106275]}},
{"type":"Feature","properties":{"fid":686,"id":"node/5208502318","@id":"node/5208502318","addr:city":null,"addr:country":null,"addr:door":null,"addr:floor":null,"addr:full":null,"addr:housename":null,"addr:housenumber":null,"addr:place":null,"addr:postcode":null,"addr:street":"Avenida Primero de Mayo","addr:unit":null,"air_conditioning":null,"alt_name":null,"amenity":"cafe","baby_feeding":null,"bar":null,"branch":null,"brand":null,"brand:wikidata":null,"brand:wikipedia":null,"building":null,"capacity":null,"check_date":null,"check_date:opening_hours":null,"contact:facebook":null,"contact:instagram":null,"contact:website":null,"contact:whatsapp":null,"cuisine":null,"currency:XBT":null,"delivery":null,"description":null,"diet:gluten_free":null,"diet:organic":null,"diet:vegan":null,"diet:vegetarian":null,"dog":null,"drink:espresso":null,"drink:filter_coffee":null,"drive_through":null,"email":null,"fixme":null,"floor":null,"indoor":null,"indoor_seating":null,"internet_access":null,"internet_access:fee":null,"internet_access:ssid":null,"level":null,"location":null,"name":"Cafetería y Sandwichería JM","name:de":null,"name:en":null,"name:es":null,"name:fr":null,"note:opening_hours":null,"official_name":null,"opening_hours":null,"opening_hours:es":null,"opening_hours:signed":null,"operator":null,"outdoor_seating":null,"payment:app":null,"payment:apple_pay":null,"payment:cards":null,"payment:cash":null,"payment:contactless":null,"payment:credit_cards":null,"payment:debit_cards":null,"payment:google_pay":null,"payment:lightning":null,"payment:lightning_contactless":null,"payment:onchain":null,"pets":null,"phone":null,"service:electricity":null,"shop":null,"smoking":null,"source":"Kaart Ground Survey 2017","takeaway":null,"toilets":null,"toilets:access":null,"toilets:wheelchair":null,"tourism":null,"url":null,"website":null,"website:menu":null,"wheelchair":null,"wifi":null},"geometry":{"type":"Point","coordinates":[-74.0993276,4.5793598]}},
{"type":"Feature","properties":{"fid":687,"id":"node/5208892358","@id":"node/5208892358","addr:city":null,"addr:country":null,"addr:door":null,"addr:floor":null,"addr:full":null,"addr:housename":null,"addr:housenumber":null,"addr:place":null,"addr:postcode":null,"addr:street":"Carrera 8","addr:unit":null,"air_conditioning":null,"alt_name":null,"amenity":"cafe","baby_feeding":null,"bar":null,"branch":null,"brand":null,"brand:wikidata":null,"brand:wikipedia":null,"building":null,"capacity":null,"check_date":null,"check_date:opening_hours":null,"contact:facebook":null,"contact:instagram":null,"contact:website":null,"contact:whatsapp":null,"cuisine":null,"currency:XBT":null,"delivery":null,"description":null,"diet:gluten_free":null,"diet:organic":null,"diet:vegan":null,"diet:vegetarian":null,"dog":null,"drink:espresso":null,"drink:filter_coffee":null,"drive_through":null,"email":null,"fixme":"name","floor":null,"indoor":null,"indoor_seating":null,"internet_access":null,"internet_access:fee":null,"internet_access:ssid":null,"level":null,"location":null,"name":null,"name:de":null,"name:en":null,"name:es":null,"name:fr":null,"note:opening_hours":null,"official_name":null,"opening_hours":null,"opening_hours:es":null,"opening_hours:signed":null,"operator":null,"outdoor_seating":null,"payment:app":null,"payment:apple_pay":null,"payment:cards":null,"payment:cash":null,"payment:contactless":null,"payment:credit_cards":null,"payment:debit_cards":null,"payment:google_pay":null,"payment:lightning":null,"payment:lightning_contactless":null,"payment:onchain":null,"pets":null,"phone":null,"service:electricity":null,"shop":null,"smoking":null,"source":"Kaart Ground Survey 2017","takeaway":null,"toilets":null,"toilets:access":null,"toilets:wheelchair":null,"tourism":null,"url":null,"website":null,"website:menu":null,"wheelchair":null,"wifi":null},"geometry":{"type":"Point","coordinates":[-74.0875629,4.5814855]}},
{"type":"Feature","properties":{"fid":688,"id":"node/5208939724","@id":"node/5208939724","addr:city":null,"addr:country":null,"addr:door":null,"addr:floor":null,"addr:full":null,"addr:housename":null,"addr:housenumber":null,"addr:place":null,"addr:postcode":null,"addr:street":"Carrera 13","addr:unit":null,"air_conditioning":null,"alt_name":null,"amenity":"cafe","baby_feeding":null,"bar":null,"branch":null,"brand":null,"brand:wikidata":null,"brand:wikipedia":null,"building":null,"capacity":null,"check_date":null,"check_date:opening_hours":null,"contact:facebook":null,"contact:instagram":null,"contact:website":null,"contact:whatsapp":null,"cuisine":null,"currency:XBT":null,"delivery":null,"description":null,"diet:gluten_free":null,"diet:organic":null,"diet:vegan":null,"diet:vegetarian":null,"dog":null,"drink:espresso":null,"drink:filter_coffee":null,"drive_through":null,"email":null,"fixme":null,"floor":null,"indoor":null,"indoor_seating":null,"internet_access":null,"internet_access:fee":null,"internet_access:ssid":null,"level":null,"location":null,"name":"Donde Fercho","name:de":null,"name:en":null,"name:es":null,"name:fr":null,"note:opening_hours":null,"official_name":null,"opening_hours":null,"opening_hours:es":null,"opening_hours:signed":null,"operator":null,"outdoor_seating":null,"payment:app":null,"payment:apple_pay":null,"payment:cards":null,"payment:cash":null,"payment:contactless":null,"payment:credit_cards":null,"payment:debit_cards":null,"payment:google_pay":null,"payment:lightning":null,"payment:lightning_contactless":null,"payment:onchain":null,"pets":null,"phone":null,"service:electricity":null,"shop":null,"smoking":null,"source":"Kaart Ground Survey 2017","takeaway":null,"toilets":null,"toilets:access":null,"toilets:wheelchair":null,"tourism":null,"url":null,"website":null,"website:menu":null,"wheelchair":null,"wifi":null},"geometry":{"type":"Point","coordinates":[-74.0721514,4.6119926]}},
{"type":"Feature","properties":{"fid":689,"id":"node/5208939726","@id":"node/5208939726","addr:city":null,"addr:country":null,"addr:door":null,"addr:floor":null,"addr:full":null,"addr:housename":null,"addr:housenumber":null,"addr:place":null,"addr:postcode":null,"addr:street":"Carrera 13","addr:unit":null,"air_conditioning":null,"alt_name":null,"amenity":"cafe","baby_feeding":null,"bar":null,"branch":null,"brand":null,"brand:wikidata":null,"brand:wikipedia":null,"building":null,"capacity":null,"check_date":null,"check_date:opening_hours":null,"contact:facebook":null,"contact:instagram":null,"contact:website":null,"contact:whatsapp":null,"cuisine":null,"currency:XBT":null,"delivery":null,"description":null,"diet:gluten_free":null,"diet:organic":null,"diet:vegan":null,"diet:vegetarian":null,"dog":null,"drink:espresso":null,"drink:filter_coffee":null,"drive_through":null,"email":null,"fixme":null,"floor":null,"indoor":null,"indoor_seating":null,"internet_access":null,"internet_access:fee":null,"internet_access:ssid":null,"level":null,"location":null,"name":"Punto inca","name:de":null,"name:en":null,"name:es":null,"name:fr":null,"note:opening_hours":null,"official_name":null,"opening_hours":null,"opening_hours:es":null,"opening_hours:signed":null,"operator":null,"outdoor_seating":null,"payment:app":null,"payment:apple_pay":null,"payment:cards":null,"payment:cash":null,"payment:contactless":null,"payment:credit_cards":null,"payment:debit_cards":null,"payment:google_pay":null,"payment:lightning":null,"payment:lightning_contactless":null,"payment:onchain":null,"pets":null,"phone":null,"service:electricity":null,"shop":null,"smoking":null,"source":"Kaart Ground Survey 2017","takeaway":null,"toilets":null,"toilets:access":null,"toilets:wheelchair":null,"tourism":null,"url":null,"website":null,"website:menu":null,"wheelchair":null,"wifi":null},"geometry":{"type":"Point","coordinates":[-74.0723189,4.611802]}},
{"type":"Feature","properties":{"fid":690,"id":"node/5208939736","@id":"node/5208939736","addr:city":null,"addr:country":null,"addr:door":null,"addr:floor":null,"addr:full":null,"addr:housename":null,"addr:housenumber":null,"addr:place":null,"addr:postcode":null,"addr:street":"Carrera 13","addr:unit":null,"air_conditioning":null,"alt_name":null,"amenity":"cafe","baby_feeding":null,"bar":null,"branch":null,"brand":null,"brand:wikidata":null,"brand:wikipedia":null,"building":null,"capacity":null,"check_date":null,"check_date:opening_hours":null,"contact:facebook":null,"contact:instagram":null,"contact:website":null,"contact:whatsapp":null,"cuisine":null,"currency:XBT":null,"delivery":null,"description":null,"diet:gluten_free":null,"diet:organic":null,"diet:vegan":null,"diet:vegetarian":null,"dog":null,"drink:espresso":null,"drink:filter_coffee":null,"drive_through":null,"email":null,"fixme":null,"floor":null,"indoor":null,"indoor_seating":null,"internet_access":null,"internet_access:fee":null,"internet_access:ssid":null,"level":null,"location":null,"name":"Mandarina","name:de":null,"name:en":null,"name:es":null,"name:fr":null,"note:opening_hours":null,"official_name":null,"opening_hours":null,"opening_hours:es":null,"opening_hours:signed":null,"operator":null,"outdoor_seating":null,"payment:app":null,"payment:apple_pay":null,"payment:cards":null,"payment:cash":null,"payment:contactless":null,"payment:credit_cards":null,"payment:debit_cards":null,"payment:google_pay":null,"payment:lightning":null,"payment:lightning_contactless":null,"payment:onchain":null,"pets":null,"phone":null,"service:electricity":null,"shop":null,"smoking":null,"source":"Kaart Ground Survey 2017","takeaway":null,"toilets":null,"toilets:access":null,"toilets:wheelchair":null,"tourism":null,"url":null,"website":null,"website:menu":null,"wheelchair":null,"wifi":null},"geometry":{"type":"Point","coordinates":[-74.072738,4.6113669]}},
{"type":"Feature","properties":{"fid":691,"id":"node/5208939743","@id":"node/5208939743","addr:city":null,"addr:country":null,"addr:door":null,"addr:floor":null,"addr:full":null,"addr:housename":null,"addr:housenumber":null,"addr:place":null,"addr:postcode":null,"addr:street":"Carrera 13","addr:unit":null,"air_conditioning":null,"alt_name":null,"amenity":"cafe","baby_feeding":null,"bar":null,"branch":null,"brand":null,"brand:wikidata":null,"brand:wikipedia":null,"building":null,"capacity":null,"check_date":null,"check_date:opening_hours":null,"contact:facebook":null,"contact:instagram":null,"contact:website":null,"contact:whatsapp":null,"cuisine":null,"currency:XBT":null,"delivery":null,"description":null,"diet:gluten_free":null,"diet:organic":null,"diet:vegan":null,"diet:vegetarian":null,"dog":null,"drink:espresso":null,"drink:filter_coffee":null,"drive_through":null,"email":null,"fixme":null,"floor":null,"indoor":null,"indoor_seating":null,"internet_access":null,"internet_access:fee":null,"internet_access:ssid":null,"level":null,"location":null,"name":"Donde Alex","name:de":null,"name:en":null,"name:es":null,"name:fr":null,"note:opening_hours":null,"official_name":null,"opening_hours":null,"opening_hours:es":null,"opening_hours:signed":null,"operator":null,"outdoor_seating":null,"payment:app":null,"payment:apple_pay":null,"payment:cards":null,"payment:cash":null,"payment:contactless":null,"payment:credit_cards":null,"payment:debit_cards":null,"payment:google_pay":null,"payment:lightning":null,"payment:lightning_contactless":null,"payment:onchain":null,"pets":null,"phone":null,"service:electricity":null,"shop":null,"smoking":null,"source":"Kaart Ground Survey 2017","takeaway":null,"toilets":null,"toilets:access":null,"toilets:wheelchair":null,"tourism":null,"url":null,"website":null,"website:menu":null,"wheelchair":null,"wifi":null},"geometry":{"type":"Point","coordinates":[-74.0745051,4.6092419]}},
{"type":"Feature","properties":{"fid":692,"id":"node/5208985632","@id":"node/5208985632","addr:city":null,"addr:country":null,"addr:door":null,"addr:floor":null,"addr:full":null,"addr:housename":null,"addr:housenumber":null,"addr:place":null,"addr:postcode":null,"addr:street":"Carrera 13","addr:unit":null,"air_conditioning":null,"alt_name":null,"amenity":"cafe","baby_feeding":null,"bar":null,"branch":null,"brand":null,"brand:wikidata":null,"brand:wikipedia":null,"building":null,"capacity":null,"check_date":null,"check_date:opening_hours":null,"contact:facebook":null,"contact:instagram":null,"contact:website":null,"contact:whatsapp":null,"cuisine":null,"currency:XBT":null,"delivery":null,"description":null,"diet:gluten_free":null,"diet:organic":null,"diet:vegan":null,"diet:vegetarian":null,"dog":null,"drink:espresso":null,"drink:filter_coffee":null,"drive_through":null,"email":null,"fixme":null,"floor":null,"indoor":null,"indoor_seating":null,"internet_access":null,"internet_access:fee":null,"internet_access:ssid":null,"level":null,"location":null,"name":"Yasuri","name:de":null,"name:en":null,"name:es":null,"name:fr":null,"note:opening_hours":null,"official_name":null,"opening_hours":null,"opening_hours:es":null,"opening_hours:signed":null,"operator":null,"outdoor_seating":null,"payment:app":null,"payment:apple_pay":null,"payment:cards":null,"payment:cash":null,"payment:contactless":null,"payment:credit_cards":null,"payment:debit_cards":null,"payment:google_pay":null,"payment:lightning":null,"payment:lightning_contactless":null,"payment:onchain":null,"pets":null,"phone":null,"service:electricity":null,"shop":null,"smoking":null,"source":"Kaart Ground Survey 2017","takeaway":null,"toilets":null,"toilets:access":null,"toilets:wheelchair":null,"tourism":null,"url":null,"website":null,"website:menu":null,"wheelchair":null,"wifi":null},"geometry":{"type":"Point","coordinates":[-74.0752803,4.6082625]}},
{"type":"Feature","properties":{"fid":693,"id":"node/5209102202","@id":"node/5209102202","addr:city":null,"addr:country":null,"addr:door":null,"addr:floor":null,"addr:full":null,"addr:housename":null,"addr:housenumber":null,"addr:place":null,"addr:postcode":null,"addr:street":"Avenida Calle 13","addr:unit":null,"air_conditioning":null,"alt_name":null,"amenity":"cafe","baby_feeding":null,"bar":null,"branch":null,"brand":null,"brand:wikidata":null,"brand:wikipedia":null,"building":null,"capacity":null,"check_date":null,"check_date:opening_hours":null,"contact:facebook":null,"contact:instagram":null,"contact:website":null,"contact:whatsapp":null,"cuisine":null,"currency:XBT":null,"delivery":null,"description":null,"diet:gluten_free":null,"diet:organic":null,"diet:vegan":null,"diet:vegetarian":null,"dog":null,"drink:espresso":null,"drink:filter_coffee":null,"drive_through":null,"email":null,"fixme":null,"floor":null,"indoor":null,"indoor_seating":null,"internet_access":null,"internet_access:fee":null,"internet_access:ssid":null,"level":null,"location":null,"name":"Bunuelada de la 12","name:de":null,"name:en":null,"name:es":null,"name:fr":null,"note:opening_hours":null,"official_name":null,"opening_hours":null,"opening_hours:es":null,"opening_hours:signed":null,"operator":null,"outdoor_seating":null,"payment:app":null,"payment:apple_pay":null,"payment:cards":null,"payment:cash":null,"payment:contactless":null,"payment:credit_cards":null,"payment:debit_cards":null,"payment:google_pay":null,"payment:lightning":null,"payment:lightning_contactless":null,"payment:onchain":null,"pets":null,"phone":null,"service:electricity":null,"shop":null,"smoking":null,"source":"Kaart Ground Survey 2017","takeaway":null,"toilets":null,"toilets:access":null,"toilets:wheelchair":null,"tourism":null,"url":null,"website":null,"website:menu":null,"wheelchair":null,"wifi":null},"geometry":{"type":"Point","coordinates":[-74.0802076,4.6042464]}},
{"type":"Feature","properties":{"fid":699,"id":"node/5215107744","@id":"node/5215107744","addr:city":null,"addr:country":null,"addr:door":null,"addr:floor":null,"addr:full":null,"addr:housename":null,"addr:housenumber":null,"addr:place":null,"addr:postcode":null,"addr:street":"Calle 24","addr:unit":null,"air_conditioning":null,"alt_name":null,"amenity":"cafe","baby_feeding":null,"bar":null,"branch":null,"brand":null,"brand:wikidata":null,"brand:wikipedia":null,"building":null,"capacity":null,"check_date":null,"check_date:opening_hours":null,"contact:facebook":null,"contact:instagram":null,"contact:website":null,"contact:whatsapp":null,"cuisine":null,"currency:XBT":null,"delivery":null,"description":null,"diet:gluten_free":null,"diet:organic":null,"diet:vegan":null,"diet:vegetarian":null,"dog":null,"drink:espresso":null,"drink:filter_coffee":null,"drive_through":null,"email":null,"fixme":null,"floor":null,"indoor":null,"indoor_seating":null,"internet_access":null,"internet_access:fee":null,"internet_access:ssid":null,"level":null,"location":null,"name":"el gran surtidor dela 24","name:de":null,"name:en":null,"name:es":null,"name:fr":null,"note:opening_hours":null,"official_name":null,"opening_hours":null,"opening_hours:es":null,"opening_hours:signed":null,"operator":null,"outdoor_seating":null,"payment:app":null,"payment:apple_pay":null,"payment:cards":null,"payment:cash":null,"payment:contactless":null,"payment:credit_cards":null,"payment:debit_cards":null,"payment:google_pay":null,"payment:lightning":null,"payment:lightning_contactless":null,"payment:onchain":null,"pets":null,"phone":null,"service:electricity":null,"shop":null,"smoking":null,"source":"Kaart Ground Survey 2017","takeaway":null,"toilets":null,"toilets:access":null,"toilets:wheelchair":null,"tourism":null,"url":null,"website":null,"website:menu":null,"wheelchair":null,"wifi":null},"geometry":{"type":"Point","coordinates":[-74.0752056,4.6136208]}},
{"type":"Feature","properties":{"fid":700,"id":"node/5216334009","@id":"node/5216334009","addr:city":null,"addr:country":null,"addr:door":null,"addr:floor":null,"addr:full":null,"addr:housename":null,"addr:housenumber":null,"addr:place":null,"addr:postcode":null,"addr:street":"Carrera 13A","addr:unit":null,"air_conditioning":null,"alt_name":null,"amenity":"cafe","baby_feeding":null,"bar":null,"branch":null,"brand":null,"brand:wikidata":null,"brand:wikipedia":null,"building":null,"capacity":null,"check_date":null,"check_date:opening_hours":null,"contact:facebook":null,"contact:instagram":null,"contact:website":null,"contact:whatsapp":null,"cuisine":null,"currency:XBT":null,"delivery":null,"description":null,"diet:gluten_free":null,"diet:organic":null,"diet:vegan":null,"diet:vegetarian":null,"dog":null,"drink:espresso":null,"drink:filter_coffee":null,"drive_through":null,"email":null,"fixme":null,"floor":null,"indoor":null,"indoor_seating":null,"internet_access":null,"internet_access:fee":null,"internet_access:ssid":null,"level":null,"location":null,"name":"Cigarreria Donde El Vecino","name:de":null,"name:en":null,"name:es":null,"name:fr":null,"note:opening_hours":null,"official_name":null,"opening_hours":null,"opening_hours:es":null,"opening_hours:signed":null,"operator":null,"outdoor_seating":null,"payment:app":null,"payment:apple_pay":null,"payment:cards":null,"payment:cash":null,"payment:contactless":null,"payment:credit_cards":null,"payment:debit_cards":null,"payment:google_pay":null,"payment:lightning":null,"payment:lightning_contactless":null,"payment:onchain":null,"pets":null,"phone":null,"service:electricity":null,"shop":null,"smoking":null,"source":"Kaart Ground Survey 2017","takeaway":null,"toilets":null,"toilets:access":null,"toilets:wheelchair":null,"tourism":null,"url":null,"website":null,"website:menu":null,"wheelchair":null,"wifi":null},"geometry":{"type":"Point","coordinates":[-74.0738361,4.6110723]}},
{"type":"Feature","properties":{"fid":701,"id":"node/5216352026","@id":"node/5216352026","addr:city":null,"addr:country":null,"addr:door":null,"addr:floor":null,"addr:full":null,"addr:housename":null,"addr:housenumber":null,"addr:place":null,"addr:postcode":null,"addr:street":"Calle 22","addr:unit":null,"air_conditioning":null,"alt_name":null,"amenity":"cafe","baby_feeding":null,"bar":null,"branch":null,"brand":null,"brand:wikidata":null,"brand:wikipedia":null,"building":null,"capacity":null,"check_date":null,"check_date:opening_hours":null,"contact:facebook":null,"contact:instagram":null,"contact:website":null,"contact:whatsapp":null,"cuisine":null,"currency:XBT":null,"delivery":null,"description":null,"diet:gluten_free":null,"diet:organic":null,"diet:vegan":null,"diet:vegetarian":null,"dog":null,"drink:espresso":null,"drink:filter_coffee":null,"drive_through":null,"email":null,"fixme":null,"floor":null,"indoor":null,"indoor_seating":null,"internet_access":null,"internet_access:fee":null,"internet_access:ssid":null,"level":null,"location":null,"name":"Cafeteria Bar Pipe","name:de":null,"name:en":null,"name:es":null,"name:fr":null,"note:opening_hours":null,"official_name":null,"opening_hours":null,"opening_hours:es":null,"opening_hours:signed":null,"operator":null,"outdoor_seating":null,"payment:app":null,"payment:apple_pay":null,"payment:cards":null,"payment:cash":null,"payment:contactless":null,"payment:credit_cards":null,"payment:debit_cards":null,"payment:google_pay":null,"payment:lightning":null,"payment:lightning_contactless":null,"payment:onchain":null,"pets":null,"phone":null,"service:electricity":null,"shop":null,"smoking":null,"source":"Kaart Ground Survey 2017","takeaway":null,"toilets":null,"toilets:access":null,"toilets:wheelchair":null,"tourism":null,"url":null,"website":null,"website:menu":null,"wheelchair":null,"wifi":null},"geometry":{"type":"Point","coordinates":[-74.0756686,4.6114383]}},
{"type":"Feature","properties":{"fid":703,"id":"node/5216732070","@id":"node/5216732070","addr:city":null,"addr:country":null,"addr:door":null,"addr:floor":null,"addr:full":null,"addr:housename":null,"addr:housenumber":null,"addr:place":null,"addr:postcode":null,"addr:street":"Avenida Primero de Mayo","addr:unit":null,"air_conditioning":null,"alt_name":null,"amenity":"cafe","baby_feeding":null,"bar":null,"branch":null,"brand":null,"brand:wikidata":null,"brand:wikipedia":null,"building":null,"capacity":null,"check_date":null,"check_date:opening_hours":null,"contact:facebook":null,"contact:instagram":null,"contact:website":null,"contact:whatsapp":null,"cuisine":null,"currency:XBT":null,"delivery":null,"description":null,"diet:gluten_free":null,"diet:organic":null,"diet:vegan":null,"diet:vegetarian":null,"dog":null,"drink:espresso":null,"drink:filter_coffee":null,"drive_through":null,"email":null,"fixme":null,"floor":null,"indoor":null,"indoor_seating":null,"internet_access":null,"internet_access:fee":null,"internet_access:ssid":null,"level":null,"location":null,"name":"Cigarreria La Estrella","name:de":null,"name:en":null,"name:es":null,"name:fr":null,"note:opening_hours":null,"official_name":null,"opening_hours":null,"opening_hours:es":null,"opening_hours:signed":null,"operator":null,"outdoor_seating":null,"payment:app":null,"payment:apple_pay":null,"payment:cards":null,"payment:cash":null,"payment:contactless":null,"payment:credit_cards":null,"payment:debit_cards":null,"payment:google_pay":null,"payment:lightning":null,"payment:lightning_contactless":null,"payment:onchain":null,"pets":null,"phone":null,"service:electricity":null,"shop":null,"smoking":null,"source":"Kaart Ground Survey 2017","takeaway":null,"toilets":null,"toilets:access":null,"toilets:wheelchair":null,"tourism":null,"url":null,"website":null,"website:menu":null,"wheelchair":null,"wifi":null},"geometry":{"type":"Point","coordinates":[-74.1139443,4.5971667]}},
{"type":"Feature","properties":{"fid":705,"id":"node/5217058924","@id":"node/5217058924","addr:city":null,"addr:country":null,"addr:door":null,"addr:floor":null,"addr:full":null,"addr:housename":null,"addr:housenumber":null,"addr:place":null,"addr:postcode":null,"addr:street":"Carrera 50","addr:unit":null,"air_conditioning":null,"alt_name":null,"amenity":"cafe","baby_feeding":null,"bar":null,"branch":null,"brand":null,"brand:wikidata":null,"brand:wikipedia":null,"building":null,"capacity":null,"check_date":null,"check_date:opening_hours":null,"contact:facebook":null,"contact:instagram":null,"contact:website":null,"contact:whatsapp":null,"cuisine":null,"currency:XBT":null,"delivery":null,"description":null,"diet:gluten_free":null,"diet:organic":null,"diet:vegan":null,"diet:vegetarian":null,"dog":null,"drink:espresso":null,"drink:filter_coffee":null,"drive_through":null,"email":null,"fixme":null,"floor":null,"indoor":null,"indoor_seating":null,"internet_access":null,"internet_access:fee":null,"internet_access:ssid":null,"level":null,"location":null,"name":"La Embajadora","name:de":null,"name:en":null,"name:es":null,"name:fr":null,"note:opening_hours":null,"official_name":null,"opening_hours":null,"opening_hours:es":null,"opening_hours:signed":null,"operator":null,"outdoor_seating":null,"payment:app":null,"payment:apple_pay":null,"payment:cards":null,"payment:cash":null,"payment:contactless":null,"payment:credit_cards":null,"payment:debit_cards":null,"payment:google_pay":null,"payment:lightning":null,"payment:lightning_contactless":null,"payment:onchain":null,"pets":null,"phone":null,"service:electricity":null,"shop":null,"smoking":null,"source":"Kaart Ground Survey 2017","takeaway":null,"toilets":null,"toilets:access":null,"toilets:wheelchair":null,"tourism":null,"url":null,"website":null,"website:menu":null,"wheelchair":null,"wifi":null},"geometry":{"type":"Point","coordinates":[-74.1136811,4.6169044]}},
{"type":"Feature","properties":{"fid":706,"id":"node/5217110354","@id":"node/5217110354","addr:city":null,"addr:country":null,"addr:door":null,"addr:floor":null,"addr:full":null,"addr:housename":null,"addr:housenumber":null,"addr:place":null,"addr:postcode":null,"addr:street":"Carrera 50","addr:unit":null,"air_conditioning":null,"alt_name":null,"amenity":"cafe","baby_feeding":null,"bar":null,"branch":null,"brand":null,"brand:wikidata":null,"brand:wikipedia":null,"building":null,"capacity":null,"check_date":null,"check_date:opening_hours":null,"contact:facebook":null,"contact:instagram":null,"contact:website":null,"contact:whatsapp":null,"cuisine":null,"currency:XBT":null,"delivery":null,"description":null,"diet:gluten_free":null,"diet:organic":null,"diet:vegan":null,"diet:vegetarian":null,"dog":null,"drink:espresso":null,"drink:filter_coffee":null,"drive_through":null,"email":null,"fixme":null,"floor":null,"indoor":null,"indoor_seating":null,"internet_access":null,"internet_access:fee":null,"internet_access:ssid":null,"level":null,"location":null,"name":"Variedades Rosi","name:de":null,"name:en":null,"name:es":null,"name:fr":null,"note:opening_hours":null,"official_name":null,"opening_hours":null,"opening_hours:es":null,"opening_hours:signed":null,"operator":null,"outdoor_seating":null,"payment:app":null,"payment:apple_pay":null,"payment:cards":null,"payment:cash":null,"payment:contactless":null,"payment:credit_cards":null,"payment:debit_cards":null,"payment:google_pay":null,"payment:lightning":null,"payment:lightning_contactless":null,"payment:onchain":null,"pets":null,"phone":null,"service:electricity":null,"shop":null,"smoking":null,"source":"Kaart Ground Survey 2017","takeaway":null,"toilets":null,"toilets:access":null,"toilets:wheelchair":null,"tourism":null,"url":null,"website":null,"website:menu":null,"wheelchair":null,"wifi":null},"geometry":{"type":"Point","coordinates":[-74.1120958,4.6197697]}},
{"type":"Feature","properties":{"fid":717,"id":"node/5221882678","@id":"node/5221882678","addr:city":null,"addr:country":null,"addr:door":null,"addr:floor":null,"addr:full":null,"addr:housename":null,"addr:housenumber":null,"addr:place":null,"addr:postcode":null,"addr:street":"Avenida Carrera 19","addr:unit":null,"air_conditioning":null,"alt_name":null,"amenity":"cafe","baby_feeding":null,"bar":null,"branch":null,"brand":null,"brand:wikidata":null,"brand:wikipedia":null,"building":null,"capacity":null,"check_date":null,"check_date:opening_hours":null,"contact:facebook":null,"contact:instagram":null,"contact:website":null,"contact:whatsapp":null,"cuisine":null,"currency:XBT":null,"delivery":null,"description":null,"diet:gluten_free":null,"diet:organic":null,"diet:vegan":null,"diet:vegetarian":null,"dog":null,"drink:espresso":null,"drink:filter_coffee":null,"drive_through":null,"email":null,"fixme":null,"floor":null,"indoor":null,"indoor_seating":null,"internet_access":null,"internet_access:fee":null,"internet_access:ssid":null,"level":null,"location":null,"name":"Restaurante Maduros","name:de":null,"name:en":null,"name:es":null,"name:fr":null,"note:opening_hours":null,"official_name":null,"opening_hours":null,"opening_hours:es":null,"opening_hours:signed":null,"operator":null,"outdoor_seating":null,"payment:app":null,"payment:apple_pay":null,"payment:cards":null,"payment:cash":null,"payment:contactless":null,"payment:credit_cards":null,"payment:debit_cards":null,"payment:google_pay":null,"payment:lightning":null,"payment:lightning_contactless":null,"payment:onchain":null,"pets":null,"phone":null,"service:electricity":null,"shop":null,"smoking":null,"source":"Kaart Ground Survey 2017","takeaway":null,"toilets":null,"toilets:access":null,"toilets:wheelchair":null,"tourism":null,"url":null,"website":null,"website:menu":null,"wheelchair":null,"wifi":null},"geometry":{"type":"Point","coordinates":[-74.0511099,4.6931339]}},
{"type":"Feature","properties":{"fid":718,"id":"node/5222228559","@id":"node/5222228559","addr:city":null,"addr:country":null,"addr:door":null,"addr:floor":null,"addr:full":null,"addr:housename":null,"addr:housenumber":null,"addr:place":null,"addr:postcode":null,"addr:street":"Carrera 8","addr:unit":null,"air_conditioning":null,"alt_name":null,"amenity":"cafe","baby_feeding":null,"bar":null,"branch":null,"brand":null,"brand:wikidata":null,"brand:wikipedia":null,"building":null,"capacity":null,"check_date":null,"check_date:opening_hours":null,"contact:facebook":null,"contact:instagram":null,"contact:website":null,"contact:whatsapp":null,"cuisine":null,"currency:XBT":null,"delivery":null,"description":null,"diet:gluten_free":null,"diet:organic":null,"diet:vegan":null,"diet:vegetarian":null,"dog":null,"drink:espresso":null,"drink:filter_coffee":null,"drive_through":null,"email":null,"fixme":null,"floor":null,"indoor":null,"indoor_seating":null,"internet_access":null,"internet_access:fee":null,"internet_access:ssid":null,"level":null,"location":null,"name":"Caffe Expres","name:de":null,"name:en":null,"name:es":null,"name:fr":null,"note:opening_hours":null,"official_name":null,"opening_hours":null,"opening_hours:es":null,"opening_hours:signed":null,"operator":null,"outdoor_seating":null,"payment:app":null,"payment:apple_pay":null,"payment:cards":null,"payment:cash":null,"payment:contactless":null,"payment:credit_cards":null,"payment:debit_cards":null,"payment:google_pay":null,"payment:lightning":null,"payment:lightning_contactless":null,"payment:onchain":null,"pets":null,"phone":null,"service:electricity":null,"shop":null,"smoking":null,"source":"Kaart Ground Survey 2017","takeaway":null,"toilets":null,"toilets:access":null,"toilets:wheelchair":null,"tourism":null,"url":null,"website":null,"website:menu":null,"wheelchair":null,"wifi":null},"geometry":{"type":"Point","coordinates":[-74.0932913,4.5742414]}},
{"type":"Feature","properties":{"fid":721,"id":"node/5226769755","@id":"node/5226769755","addr:city":null,"addr:country":null,"addr:door":null,"addr:floor":null,"addr:full":null,"addr:housename":null,"addr:housenumber":null,"addr:place":null,"addr:postcode":null,"addr:street":"Carrera 17","addr:unit":null,"air_conditioning":null,"alt_name":null,"amenity":"cafe","baby_feeding":null,"bar":null,"branch":null,"brand":null,"brand:wikidata":null,"brand:wikipedia":null,"building":null,"capacity":null,"check_date":null,"check_date:opening_hours":null,"contact:facebook":null,"contact:instagram":null,"contact:website":null,"contact:whatsapp":null,"cuisine":null,"currency:XBT":null,"delivery":null,"description":null,"diet:gluten_free":null,"diet:organic":null,"diet:vegan":null,"diet:vegetarian":null,"dog":null,"drink:espresso":null,"drink:filter_coffee":null,"drive_through":null,"email":null,"fixme":null,"floor":null,"indoor":null,"indoor_seating":null,"internet_access":null,"internet_access:fee":null,"internet_access:ssid":null,"level":null,"location":null,"name":"Delicias Del Santa Fe Cafetería","name:de":null,"name:en":null,"name:es":null,"name:fr":null,"note:opening_hours":null,"official_name":null,"opening_hours":null,"opening_hours:es":null,"opening_hours:signed":null,"operator":null,"outdoor_seating":null,"payment:app":null,"payment:apple_pay":null,"payment:cards":null,"payment:cash":null,"payment:contactless":null,"payment:credit_cards":null,"payment:debit_cards":null,"payment:google_pay":null,"payment:lightning":null,"payment:lightning_contactless":null,"payment:onchain":null,"pets":null,"phone":null,"service:electricity":null,"shop":null,"smoking":null,"source":"Kaart Ground Survey 2017","takeaway":null,"toilets":null,"toilets:access":null,"toilets:wheelchair":null,"tourism":null,"url":null,"website":null,"website:menu":null,"wheelchair":null,"wifi":null},"geometry":{"type":"Point","coordinates":[-74.0770624,4.6130586]}},
{"type":"Feature","properties":{"fid":726,"id":"node/5227205151","@id":"node/5227205151","addr:city":null,"addr:country":null,"addr:door":null,"addr:floor":null,"addr:full":null,"addr:housename":null,"addr:housenumber":null,"addr:place":null,"addr:postcode":null,"addr:street":"Avenida Calle 80","addr:unit":null,"air_conditioning":null,"alt_name":null,"amenity":"cafe","baby_feeding":null,"bar":null,"branch":null,"brand":null,"brand:wikidata":null,"brand:wikipedia":null,"building":null,"capacity":null,"check_date":null,"check_date:opening_hours":null,"contact:facebook":null,"contact:instagram":null,"contact:website":null,"contact:whatsapp":null,"cuisine":null,"currency:XBT":null,"delivery":null,"description":null,"diet:gluten_free":null,"diet:organic":null,"diet:vegan":null,"diet:vegetarian":null,"dog":null,"drink:espresso":null,"drink:filter_coffee":null,"drive_through":null,"email":null,"fixme":null,"floor":null,"indoor":null,"indoor_seating":null,"internet_access":null,"internet_access:fee":null,"internet_access:ssid":null,"level":null,"location":null,"name":"Cafeteria El Punto 80","name:de":null,"name:en":null,"name:es":null,"name:fr":null,"note:opening_hours":null,"official_name":null,"opening_hours":null,"opening_hours:es":null,"opening_hours:signed":null,"operator":null,"outdoor_seating":null,"payment:app":null,"payment:apple_pay":null,"payment:cards":null,"payment:cash":null,"payment:contactless":null,"payment:credit_cards":null,"payment:debit_cards":null,"payment:google_pay":null,"payment:lightning":null,"payment:lightning_contactless":null,"payment:onchain":null,"pets":null,"phone":null,"service:electricity":null,"shop":null,"smoking":null,"source":"Kaart Ground Survey 2017","takeaway":null,"toilets":null,"toilets:access":null,"toilets:wheelchair":null,"tourism":null,"url":null,"website":null,"website:menu":null,"wheelchair":null,"wifi":null},"geometry":{"type":"Point","coordinates":[-74.0834893,4.6899714]}},
{"type":"Feature","properties":{"fid":728,"id":"node/5227211382","@id":"node/5227211382","addr:city":"Bogotá D.C.","addr:country":null,"addr:door":null,"addr:floor":null,"addr:full":null,"addr:housename":null,"addr:housenumber":null,"addr:place":null,"addr:postcode":null,"addr:street":"Carrera 57","addr:unit":null,"air_conditioning":null,"alt_name":null,"amenity":"cafe","baby_feeding":null,"bar":null,"branch":null,"brand":null,"brand:wikidata":null,"brand:wikipedia":null,"building":null,"capacity":null,"check_date":null,"check_date:opening_hours":null,"contact:facebook":null,"contact:instagram":null,"contact:website":null,"contact:whatsapp":null,"cuisine":null,"currency:XBT":null,"delivery":null,"description":null,"diet:gluten_free":null,"diet:organic":null,"diet:vegan":null,"diet:vegetarian":null,"dog":null,"drink:espresso":null,"drink:filter_coffee":null,"drive_through":null,"email":null,"fixme":null,"floor":null,"indoor":null,"indoor_seating":null,"internet_access":null,"internet_access:fee":null,"internet_access:ssid":null,"level":null,"location":null,"name":"Amigos Luna","name:de":null,"name:en":null,"name:es":null,"name:fr":null,"note:opening_hours":null,"official_name":null,"opening_hours":null,"opening_hours:es":null,"opening_hours:signed":null,"operator":null,"outdoor_seating":null,"payment:app":null,"payment:apple_pay":null,"payment:cards":null,"payment:cash":null,"payment:contactless":null,"payment:credit_cards":null,"payment:debit_cards":null,"payment:google_pay":null,"payment:lightning":null,"payment:lightning_contactless":null,"payment:onchain":null,"pets":null,"phone":null,"service:electricity":null,"shop":null,"smoking":null,"source":"Kaart Ground Survey 2017","takeaway":null,"toilets":null,"toilets:access":null,"toilets:wheelchair":null,"tourism":null,"url":null,"website":null,"website:menu":null,"wheelchair":null,"wifi":null},"geometry":{"type":"Point","coordinates":[-74.0646168,4.6817192]}},
{"type":"Feature","properties":{"fid":731,"id":"node/5228462327","@id":"node/5228462327","addr:city":null,"addr:country":null,"addr:door":null,"addr:floor":null,"addr:full":null,"addr:housename":null,"addr:housenumber":null,"addr:place":null,"addr:postcode":null,"addr:street":"Avenida Calle 26","addr:unit":null,"air_conditioning":null,"alt_name":null,"amenity":"cafe","baby_feeding":null,"bar":null,"branch":null,"brand":"Tostao’","brand:wikidata":"Q60632476","brand:wikipedia":null,"building":null,"capacity":null,"check_date":null,"check_date:opening_hours":null,"contact:facebook":null,"contact:instagram":null,"contact:website":null,"contact:whatsapp":null,"cuisine":"coffee_shop","currency:XBT":null,"delivery":null,"description":null,"diet:gluten_free":null,"diet:organic":null,"diet:vegan":null,"diet:vegetarian":null,"dog":null,"drink:espresso":null,"drink:filter_coffee":null,"drive_through":null,"email":null,"fixme":null,"floor":null,"indoor":null,"indoor_seating":null,"internet_access":null,"internet_access:fee":null,"internet_access:ssid":null,"level":null,"location":null,"name":"Tostao’","name:de":null,"name:en":null,"name:es":"Tostao’","name:fr":null,"note:opening_hours":null,"official_name":"TOSTAO’ Café & Pan","opening_hours":null,"opening_hours:es":null,"opening_hours:signed":null,"operator":null,"outdoor_seating":null,"payment:app":null,"payment:apple_pay":null,"payment:cards":null,"payment:cash":null,"payment:contactless":null,"payment:credit_cards":null,"payment:debit_cards":null,"payment:google_pay":null,"payment:lightning":null,"payment:lightning_contactless":null,"payment:onchain":null,"pets":null,"phone":null,"service:electricity":null,"shop":null,"smoking":null,"source":"Kaart Ground Survey 2017","takeaway":"yes","toilets":null,"toilets:access":null,"toilets:wheelchair":null,"tourism":null,"url":null,"website":null,"website:menu":null,"wheelchair":null,"wifi":null},"geometry":{"type":"Point","coordinates":[-74.0876676,4.6332555]}},
{"type":"Feature","properties":{"fid":743,"id":"node/5230564972","@id":"node/5230564972","addr:city":null,"addr:country":null,"addr:door":null,"addr:floor":null,"addr:full":null,"addr:housename":null,"addr:housenumber":"66-13","addr:place":null,"addr:postcode":null,"addr:street":"Avenida Carrera 11","addr:unit":null,"air_conditioning":null,"alt_name":null,"amenity":"cafe","baby_feeding":null,"bar":null,"branch":null,"brand":null,"brand:wikidata":null,"brand:wikipedia":null,"building":null,"capacity":null,"check_date":null,"check_date:opening_hours":null,"contact:facebook":null,"contact:instagram":null,"contact:website":null,"contact:whatsapp":null,"cuisine":"coffee_shop","currency:XBT":null,"delivery":null,"description":null,"diet:gluten_free":null,"diet:organic":null,"diet:vegan":null,"diet:vegetarian":null,"dog":null,"drink:espresso":null,"drink:filter_coffee":null,"drive_through":null,"email":null,"fixme":null,"floor":null,"indoor":null,"indoor_seating":null,"internet_access":null,"internet_access:fee":null,"internet_access:ssid":null,"level":null,"location":null,"name":"Frutos Coffee","name:de":null,"name:en":null,"name:es":null,"name:fr":null,"note:opening_hours":null,"official_name":null,"opening_hours":null,"opening_hours:es":null,"opening_hours:signed":null,"operator":null,"outdoor_seating":null,"payment:app":null,"payment:apple_pay":null,"payment:cards":null,"payment:cash":null,"payment:contactless":null,"payment:credit_cards":null,"payment:debit_cards":null,"payment:google_pay":null,"payment:lightning":null,"payment:lightning_contactless":null,"payment:onchain":null,"pets":null,"phone":null,"service:electricity":null,"shop":null,"smoking":null,"source":"Kaart Ground Survey 2017","takeaway":null,"toilets":null,"toilets:access":null,"toilets:wheelchair":null,"tourism":null,"url":null,"website":null,"website:menu":null,"wheelchair":null,"wifi":null},"geometry":{"type":"Point","coordinates":[-74.0618426,4.6522256]}},
{"type":"Feature","properties":{"fid":745,"id":"node/5230715030","@id":"node/5230715030","addr:city":null,"addr:country":null,"addr:door":null,"addr:floor":null,"addr:full":null,"addr:housename":null,"addr:housenumber":"64-25","addr:place":null,"addr:postcode":null,"addr:street":"Avenida Carrera 11","addr:unit":null,"air_conditioning":null,"alt_name":null,"amenity":"cafe","baby_feeding":null,"bar":null,"branch":null,"brand":null,"brand:wikidata":null,"brand:wikipedia":null,"building":null,"capacity":null,"check_date":null,"check_date:opening_hours":null,"contact:facebook":null,"contact:instagram":null,"contact:website":null,"contact:whatsapp":null,"cuisine":"pizza","currency:XBT":null,"delivery":null,"description":null,"diet:gluten_free":null,"diet:organic":null,"diet:vegan":null,"diet:vegetarian":null,"dog":null,"drink:espresso":null,"drink:filter_coffee":null,"drive_through":null,"email":null,"fixme":null,"floor":null,"indoor":null,"indoor_seating":null,"internet_access":null,"internet_access:fee":null,"internet_access:ssid":null,"level":null,"location":null,"name":"City Pizza Cafe","name:de":null,"name:en":null,"name:es":null,"name:fr":null,"note:opening_hours":null,"official_name":null,"opening_hours":null,"opening_hours:es":null,"opening_hours:signed":null,"operator":null,"outdoor_seating":null,"payment:app":null,"payment:apple_pay":null,"payment:cards":null,"payment:cash":null,"payment:contactless":null,"payment:credit_cards":null,"payment:debit_cards":null,"payment:google_pay":null,"payment:lightning":null,"payment:lightning_contactless":null,"payment:onchain":null,"pets":null,"phone":null,"service:electricity":null,"shop":null,"smoking":null,"source":"Kaart Ground Survey 2017","takeaway":null,"toilets":null,"toilets:access":null,"toilets:wheelchair":null,"tourism":null,"url":null,"website":null,"website:menu":null,"wheelchair":null,"wifi":null},"geometry":{"type":"Point","coordinates":[-74.0626086,4.6506655]}},
{"type":"Feature","properties":{"fid":746,"id":"node/5230720167","@id":"node/5230720167","addr:city":"Bogotá D.C.","addr:country":null,"addr:door":null,"addr:floor":null,"addr:full":null,"addr:housename":null,"addr:housenumber":null,"addr:place":null,"addr:postcode":null,"addr:street":"Avenida Carrera 40","addr:unit":null,"air_conditioning":null,"alt_name":null,"amenity":"cafe","baby_feeding":null,"bar":null,"branch":null,"brand":"Café OMA","brand:wikidata":"Q108929487","brand:wikipedia":null,"building":null,"capacity":null,"check_date":null,"check_date:opening_hours":null,"contact:facebook":null,"contact:instagram":null,"contact:website":null,"contact:whatsapp":null,"cuisine":null,"currency:XBT":null,"delivery":null,"description":null,"diet:gluten_free":null,"diet:organic":null,"diet:vegan":null,"diet:vegetarian":null,"dog":null,"drink:espresso":null,"drink:filter_coffee":null,"drive_through":null,"email":null,"fixme":null,"floor":null,"indoor":null,"indoor_seating":null,"internet_access":null,"internet_access:fee":null,"internet_access:ssid":null,"level":null,"location":null,"name":"Café OMA","name:de":null,"name:en":null,"name:es":null,"name:fr":null,"note:opening_hours":null,"official_name":null,"opening_hours":null,"opening_hours:es":null,"opening_hours:signed":null,"operator":null,"outdoor_seating":null,"payment:app":null,"payment:apple_pay":null,"payment:cards":null,"payment:cash":null,"payment:contactless":null,"payment:credit_cards":null,"payment:debit_cards":null,"payment:google_pay":null,"payment:lightning":null,"payment:lightning_contactless":null,"payment:onchain":null,"pets":null,"phone":null,"service:electricity":null,"shop":null,"smoking":null,"source":"Kaart Ground Survey 2017","takeaway":"yes","toilets":null,"toilets:access":null,"toilets:wheelchair":null,"tourism":null,"url":null,"website":"https://www.cafeoma.com/","website:menu":null,"wheelchair":null,"wifi":null},"geometry":{"type":"Point","coordinates":[-74.0905631,4.632542]}},
{"type":"Feature","properties":{"fid":747,"id":"node/5230736733","@id":"node/5230736733","addr:city":null,"addr:country":null,"addr:door":null,"addr:floor":null,"addr:full":null,"addr:housename":null,"addr:housenumber":null,"addr:place":null,"addr:postcode":null,"addr:street":"Avenida Calle 24","addr:unit":null,"air_conditioning":null,"alt_name":null,"amenity":"cafe","baby_feeding":null,"bar":null,"branch":null,"brand":"Tostao’","brand:wikidata":"Q60632476","brand:wikipedia":null,"building":null,"capacity":null,"check_date":null,"check_date:opening_hours":null,"contact:facebook":null,"contact:instagram":null,"contact:website":null,"contact:whatsapp":null,"cuisine":"coffee_shop","currency:XBT":null,"delivery":null,"description":null,"diet:gluten_free":null,"diet:organic":null,"diet:vegan":null,"diet:vegetarian":null,"dog":null,"drink:espresso":null,"drink:filter_coffee":null,"drive_through":null,"email":null,"fixme":null,"floor":null,"indoor":null,"indoor_seating":null,"internet_access":null,"internet_access:fee":null,"internet_access:ssid":null,"level":null,"location":null,"name":"Tostao’","name:de":null,"name:en":null,"name:es":"Tostao’","name:fr":null,"note:opening_hours":null,"official_name":"TOSTAO’ Café & Pan","opening_hours":null,"opening_hours:es":null,"opening_hours:signed":null,"operator":null,"outdoor_seating":null,"payment:app":null,"payment:apple_pay":null,"payment:cards":null,"payment:cash":null,"payment:contactless":null,"payment:credit_cards":null,"payment:debit_cards":null,"payment:google_pay":null,"payment:lightning":null,"payment:lightning_contactless":null,"payment:onchain":null,"pets":null,"phone":null,"service:electricity":null,"shop":null,"smoking":null,"source":"Kaart Ground Survey 2017","takeaway":"yes","toilets":null,"toilets:access":null,"toilets:wheelchair":null,"tourism":null,"url":null,"website":null,"website:menu":null,"wheelchair":null,"wifi":null},"geometry":{"type":"Point","coordinates":[-74.0930525,4.6309334]}},
{"type":"Feature","properties":{"fid":762,"id":"node/5231509288","@id":"node/5231509288","addr:city":null,"addr:country":null,"addr:door":null,"addr:floor":null,"addr:full":null,"addr:housename":null,"addr:housenumber":null,"addr:place":null,"addr:postcode":null,"addr:street":"Avenida Carrera 19","addr:unit":null,"air_conditioning":null,"alt_name":null,"amenity":"cafe","baby_feeding":null,"bar":null,"branch":null,"brand":null,"brand:wikidata":null,"brand:wikipedia":null,"building":null,"capacity":null,"check_date":null,"check_date:opening_hours":null,"contact:facebook":null,"contact:instagram":null,"contact:website":null,"contact:whatsapp":null,"cuisine":null,"currency:XBT":null,"delivery":null,"description":null,"diet:gluten_free":null,"diet:organic":null,"diet:vegan":null,"diet:vegetarian":null,"dog":null,"drink:espresso":null,"drink:filter_coffee":null,"drive_through":null,"email":null,"fixme":null,"floor":null,"indoor":null,"indoor_seating":null,"internet_access":null,"internet_access:fee":null,"internet_access:ssid":null,"level":null,"location":null,"name":"Tostao'","name:de":null,"name:en":null,"name:es":null,"name:fr":null,"note:opening_hours":null,"official_name":null,"opening_hours":null,"opening_hours:es":null,"opening_hours:signed":null,"operator":null,"outdoor_seating":null,"payment:app":null,"payment:apple_pay":null,"payment:cards":null,"payment:cash":null,"payment:contactless":null,"payment:credit_cards":null,"payment:debit_cards":null,"payment:google_pay":null,"payment:lightning":null,"payment:lightning_contactless":null,"payment:onchain":null,"pets":null,"phone":null,"service:electricity":null,"shop":null,"smoking":null,"source":"Kaart Ground Survey 2017","takeaway":null,"toilets":null,"toilets:access":null,"toilets:wheelchair":null,"tourism":null,"url":null,"website":null,"website:menu":null,"wheelchair":null,"wifi":null},"geometry":{"type":"Point","coordinates":[-74.0527642,4.6830832]}},
{"type":"Feature","properties":{"fid":765,"id":"node/5233260797","@id":"node/5233260797","addr:city":"Bogotá D.C.","addr:country":null,"addr:door":null,"addr:floor":null,"addr:full":null,"addr:housename":null,"addr:housenumber":null,"addr:place":null,"addr:postcode":null,"addr:street":"Calle 92","addr:unit":null,"air_conditioning":null,"alt_name":null,"amenity":"cafe","baby_feeding":null,"bar":null,"branch":null,"brand":null,"brand:wikidata":null,"brand:wikipedia":null,"building":null,"capacity":null,"check_date":null,"check_date:opening_hours":null,"contact:facebook":null,"contact:instagram":null,"contact:website":null,"contact:whatsapp":null,"cuisine":null,"currency:XBT":null,"delivery":null,"description":null,"diet:gluten_free":null,"diet:organic":null,"diet:vegan":null,"diet:vegetarian":null,"dog":null,"drink:espresso":null,"drink:filter_coffee":null,"drive_through":null,"email":null,"fixme":null,"floor":null,"indoor":null,"indoor_seating":null,"internet_access":null,"internet_access:fee":null,"internet_access:ssid":null,"level":null,"location":null,"name":"Mysteria","name:de":null,"name:en":null,"name:es":null,"name:fr":null,"note:opening_hours":null,"official_name":null,"opening_hours":null,"opening_hours:es":null,"opening_hours:signed":null,"operator":null,"outdoor_seating":null,"payment:app":null,"payment:apple_pay":null,"payment:cards":null,"payment:cash":null,"payment:contactless":null,"payment:credit_cards":null,"payment:debit_cards":null,"payment:google_pay":null,"payment:lightning":null,"payment:lightning_contactless":null,"payment:onchain":null,"pets":null,"phone":null,"service:electricity":null,"shop":null,"smoking":null,"source":"Kaart Ground Survey 2017","takeaway":null,"toilets":null,"toilets:access":null,"toilets:wheelchair":null,"tourism":null,"url":null,"website":null,"website:menu":null,"wheelchair":null,"wifi":null},"geometry":{"type":"Point","coordinates":[-74.0529304,4.6763984]}},
{"type":"Feature","properties":{"fid":766,"id":"node/5233333216","@id":"node/5233333216","addr:city":null,"addr:country":null,"addr:door":null,"addr:floor":null,"addr:full":null,"addr:housename":null,"addr:housenumber":null,"addr:place":null,"addr:postcode":null,"addr:street":"Carrera 69B","addr:unit":null,"air_conditioning":null,"alt_name":null,"amenity":"cafe","baby_feeding":null,"bar":null,"branch":null,"brand":"Juan Valdez Café","brand:wikidata":"Q6301102","brand:wikipedia":"en:Juan Valdez Café","building":null,"capacity":null,"check_date":"2025-10-25","check_date:opening_hours":null,"contact:facebook":null,"contact:instagram":null,"contact:website":null,"contact:whatsapp":null,"cuisine":"coffee_shop","currency:XBT":null,"delivery":null,"description":null,"diet:gluten_free":null,"diet:organic":null,"diet:vegan":null,"diet:vegetarian":null,"dog":null,"drink:espresso":null,"drink:filter_coffee":null,"drive_through":null,"email":null,"fixme":null,"floor":null,"indoor":null,"indoor_seating":null,"internet_access":null,"internet_access:fee":null,"internet_access:ssid":null,"level":null,"location":null,"name":"Juan Valdez Café","name:de":null,"name:en":null,"name:es":"Juan Valdez Café","name:fr":null,"note:opening_hours":null,"official_name":null,"opening_hours":null,"opening_hours:es":null,"opening_hours:signed":null,"operator":null,"outdoor_seating":null,"payment:app":null,"payment:apple_pay":null,"payment:cards":null,"payment:cash":null,"payment:contactless":null,"payment:credit_cards":null,"payment:debit_cards":null,"payment:google_pay":null,"payment:lightning":null,"payment:lightning_contactless":null,"payment:onchain":null,"pets":null,"phone":null,"service:electricity":null,"shop":"coffee","smoking":null,"source":"Kaart Ground Survey 2017","takeaway":"yes","toilets":null,"toilets:access":null,"toilets:wheelchair":null,"tourism":null,"url":null,"website":"https://juanvaldez.com/","website:menu":null,"wheelchair":null,"wifi":null},"geometry":{"type":"Point","coordinates":[-74.1080406,4.6592615]}},
{"type":"Feature","properties":{"fid":768,"id":"node/5233419538","@id":"node/5233419538","addr:city":null,"addr:country":null,"addr:door":null,"addr:floor":null,"addr:full":null,"addr:housename":null,"addr:housenumber":null,"addr:place":null,"addr:postcode":null,"addr:street":"Avenida Calle 13","addr:unit":null,"air_conditioning":null,"alt_name":null,"amenity":"cafe","baby_feeding":null,"bar":null,"branch":null,"brand":null,"brand:wikidata":null,"brand:wikipedia":null,"building":null,"capacity":null,"check_date":null,"check_date:opening_hours":null,"contact:facebook":null,"contact:instagram":null,"contact:website":null,"contact:whatsapp":null,"cuisine":null,"currency:XBT":null,"delivery":null,"description":null,"diet:gluten_free":null,"diet:organic":null,"diet:vegan":null,"diet:vegetarian":null,"dog":null,"drink:espresso":null,"drink:filter_coffee":null,"drive_through":null,"email":null,"fixme":null,"floor":null,"indoor":null,"indoor_seating":null,"internet_access":null,"internet_access:fee":null,"internet_access:ssid":null,"level":null,"location":null,"name":"Futbols Cafeteria","name:de":null,"name:en":null,"name:es":null,"name:fr":null,"note:opening_hours":null,"official_name":null,"opening_hours":null,"opening_hours:es":null,"opening_hours:signed":null,"operator":null,"outdoor_seating":null,"payment:app":null,"payment:apple_pay":null,"payment:cards":null,"payment:cash":null,"payment:contactless":null,"payment:credit_cards":null,"payment:debit_cards":null,"payment:google_pay":null,"payment:lightning":null,"payment:lightning_contactless":null,"payment:onchain":null,"pets":null,"phone":null,"service:electricity":null,"shop":null,"smoking":null,"source":"Kaart Ground Survey 2017","takeaway":null,"toilets":null,"toilets:access":null,"toilets:wheelchair":null,"tourism":null,"url":null,"website":null,"website:menu":null,"wheelchair":null,"wifi":null},"geometry":{"type":"Point","coordinates":[-74.1043537,4.6256954]}},
{"type":"Feature","properties":{"fid":776,"id":"node/5233657667","@id":"node/5233657667","addr:city":null,"addr:country":null,"addr:door":null,"addr:floor":null,"addr:full":null,"addr:housename":null,"addr:housenumber":null,"addr:place":null,"addr:postcode":null,"addr:street":"Calle 12B","addr:unit":null,"air_conditioning":null,"alt_name":null,"amenity":"cafe","baby_feeding":null,"bar":null,"branch":null,"brand":null,"brand:wikidata":null,"brand:wikipedia":null,"building":null,"capacity":null,"check_date":null,"check_date:opening_hours":null,"contact:facebook":null,"contact:instagram":null,"contact:website":null,"contact:whatsapp":null,"cuisine":null,"currency:XBT":null,"delivery":null,"description":null,"diet:gluten_free":null,"diet:organic":null,"diet:vegan":null,"diet:vegetarian":null,"dog":null,"drink:espresso":null,"drink:filter_coffee":null,"drive_through":null,"email":null,"fixme":null,"floor":null,"indoor":null,"indoor_seating":null,"internet_access":null,"internet_access:fee":null,"internet_access:ssid":null,"level":null,"location":null,"name":"Sabor y Carbon","name:de":null,"name:en":null,"name:es":null,"name:fr":null,"note:opening_hours":null,"official_name":null,"opening_hours":null,"opening_hours:es":null,"opening_hours:signed":null,"operator":null,"outdoor_seating":null,"payment:app":null,"payment:apple_pay":null,"payment:cards":null,"payment:cash":null,"payment:contactless":null,"payment:credit_cards":null,"payment:debit_cards":null,"payment:google_pay":null,"payment:lightning":null,"payment:lightning_contactless":null,"payment:onchain":null,"pets":null,"phone":null,"service:electricity":null,"shop":null,"smoking":null,"source":"Kaart Ground Survey 2017","takeaway":null,"toilets":null,"toilets:access":null,"toilets:wheelchair":null,"tourism":null,"url":null,"website":null,"website:menu":null,"wheelchair":null,"wifi":null},"geometry":{"type":"Point","coordinates":[-74.1033867,4.6232559]}},
{"type":"Feature","properties":{"fid":777,"id":"node/5233657668","@id":"node/5233657668","addr:city":null,"addr:country":null,"addr:door":null,"addr:floor":null,"addr:full":null,"addr:housename":null,"addr:housenumber":null,"addr:place":null,"addr:postcode":null,"addr:street":"Calle 12B","addr:unit":null,"air_conditioning":null,"alt_name":null,"amenity":"cafe","baby_feeding":null,"bar":null,"branch":null,"brand":null,"brand:wikidata":null,"brand:wikipedia":null,"building":null,"capacity":null,"check_date":null,"check_date:opening_hours":null,"contact:facebook":null,"contact:instagram":null,"contact:website":null,"contact:whatsapp":null,"cuisine":null,"currency:XBT":null,"delivery":null,"description":null,"diet:gluten_free":null,"diet:organic":null,"diet:vegan":null,"diet:vegetarian":null,"dog":null,"drink:espresso":null,"drink:filter_coffee":null,"drive_through":null,"email":null,"fixme":null,"floor":null,"indoor":null,"indoor_seating":null,"internet_access":null,"internet_access:fee":null,"internet_access:ssid":null,"level":null,"location":null,"name":"Desayunos Almuenzos Pescaderia","name:de":null,"name:en":null,"name:es":null,"name:fr":null,"note:opening_hours":null,"official_name":null,"opening_hours":null,"opening_hours:es":null,"opening_hours:signed":null,"operator":null,"outdoor_seating":null,"payment:app":null,"payment:apple_pay":null,"payment:cards":null,"payment:cash":null,"payment:contactless":null,"payment:credit_cards":null,"payment:debit_cards":null,"payment:google_pay":null,"payment:lightning":null,"payment:lightning_contactless":null,"payment:onchain":null,"pets":null,"phone":null,"service:electricity":null,"shop":null,"smoking":null,"source":"Kaart Ground Survey 2017","takeaway":null,"toilets":null,"toilets:access":null,"toilets:wheelchair":null,"tourism":null,"url":null,"website":null,"website:menu":null,"wheelchair":null,"wifi":null},"geometry":{"type":"Point","coordinates":[-74.1035135,4.6233667]}},
{"type":"Feature","properties":{"fid":784,"id":"node/5235458499","@id":"node/5235458499","addr:city":"bogotá D.C.","addr:country":null,"addr:door":null,"addr:floor":null,"addr:full":null,"addr:housename":null,"addr:housenumber":null,"addr:place":null,"addr:postcode":null,"addr:street":"Carrera 68I","addr:unit":null,"air_conditioning":null,"alt_name":null,"amenity":"cafe","baby_feeding":null,"bar":null,"branch":null,"brand":null,"brand:wikidata":null,"brand:wikipedia":null,"building":null,"capacity":null,"check_date":null,"check_date:opening_hours":null,"contact:facebook":null,"contact:instagram":null,"contact:website":null,"contact:whatsapp":null,"cuisine":null,"currency:XBT":null,"delivery":null,"description":null,"diet:gluten_free":null,"diet:organic":null,"diet:vegan":null,"diet:vegetarian":null,"dog":null,"drink:espresso":null,"drink:filter_coffee":null,"drive_through":null,"email":null,"fixme":null,"floor":null,"indoor":null,"indoor_seating":null,"internet_access":null,"internet_access:fee":null,"internet_access:ssid":null,"level":null,"location":null,"name":"Cafeteria","name:de":null,"name:en":null,"name:es":null,"name:fr":null,"note:opening_hours":null,"official_name":null,"opening_hours":null,"opening_hours:es":null,"opening_hours:signed":null,"operator":null,"outdoor_seating":null,"payment:app":null,"payment:apple_pay":null,"payment:cards":null,"payment:cash":null,"payment:contactless":null,"payment:credit_cards":null,"payment:debit_cards":null,"payment:google_pay":null,"payment:lightning":null,"payment:lightning_contactless":null,"payment:onchain":null,"pets":null,"phone":null,"service:electricity":null,"shop":null,"smoking":null,"source":"Kaart Ground Survey 2017","takeaway":null,"toilets":null,"toilets:access":null,"toilets:wheelchair":null,"tourism":null,"url":null,"website":null,"website:menu":null,"wheelchair":null,"wifi":null},"geometry":{"type":"Point","coordinates":[-74.13669,4.6082552]}},
{"type":"Feature","properties":{"fid":794,"id":"node/5240062215","@id":"node/5240062215","addr:city":null,"addr:country":null,"addr:door":null,"addr:floor":null,"addr:full":null,"addr:housename":null,"addr:housenumber":null,"addr:place":null,"addr:postcode":null,"addr:street":"Calle 1S","addr:unit":null,"air_conditioning":null,"alt_name":null,"amenity":"cafe","baby_feeding":null,"bar":null,"branch":null,"brand":null,"brand:wikidata":null,"brand:wikipedia":null,"building":null,"capacity":null,"check_date":null,"check_date:opening_hours":null,"contact:facebook":null,"contact:instagram":null,"contact:website":null,"contact:whatsapp":null,"cuisine":null,"currency:XBT":null,"delivery":null,"description":null,"diet:gluten_free":null,"diet:organic":null,"diet:vegan":null,"diet:vegetarian":null,"dog":null,"drink:espresso":null,"drink:filter_coffee":null,"drive_through":null,"email":null,"fixme":null,"floor":null,"indoor":null,"indoor_seating":null,"internet_access":null,"internet_access:fee":null,"internet_access:ssid":null,"level":null,"location":null,"name":"El Palacio Del Pan L&L","name:de":null,"name:en":null,"name:es":null,"name:fr":null,"note:opening_hours":null,"official_name":null,"opening_hours":null,"opening_hours:es":null,"opening_hours:signed":null,"operator":null,"outdoor_seating":null,"payment:app":null,"payment:apple_pay":null,"payment:cards":null,"payment:cash":null,"payment:contactless":null,"payment:credit_cards":null,"payment:debit_cards":null,"payment:google_pay":null,"payment:lightning":null,"payment:lightning_contactless":null,"payment:onchain":null,"pets":null,"phone":null,"service:electricity":null,"shop":null,"smoking":null,"source":"Kaart Ground Survey 2017","takeaway":null,"toilets":null,"toilets:access":null,"toilets:wheelchair":null,"tourism":null,"url":null,"website":null,"website:menu":null,"wheelchair":null,"wifi":null},"geometry":{"type":"Point","coordinates":[-74.1262418,4.6206407]}},
{"type":"Feature","properties":{"fid":802,"id":"node/5241795988","@id":"node/5241795988","addr:city":null,"addr:country":null,"addr:door":null,"addr:floor":null,"addr:full":null,"addr:housename":null,"addr:housenumber":null,"addr:place":null,"addr:postcode":null,"addr:street":"Avenida Calle 13","addr:unit":null,"air_conditioning":null,"alt_name":null,"amenity":"cafe","baby_feeding":null,"bar":null,"branch":null,"brand":null,"brand:wikidata":null,"brand:wikipedia":null,"building":null,"capacity":null,"check_date":null,"check_date:opening_hours":null,"contact:facebook":null,"contact:instagram":null,"contact:website":null,"contact:whatsapp":null,"cuisine":null,"currency:XBT":null,"delivery":null,"description":null,"diet:gluten_free":null,"diet:organic":null,"diet:vegan":null,"diet:vegetarian":null,"dog":null,"drink:espresso":null,"drink:filter_coffee":null,"drive_through":null,"email":null,"fixme":null,"floor":null,"indoor":null,"indoor_seating":null,"internet_access":null,"internet_access:fee":null,"internet_access:ssid":null,"level":null,"location":null,"name":"Aroma de Café","name:de":null,"name:en":null,"name:es":null,"name:fr":null,"note:opening_hours":null,"official_name":null,"opening_hours":null,"opening_hours:es":null,"opening_hours:signed":null,"operator":null,"outdoor_seating":null,"payment:app":null,"payment:apple_pay":null,"payment:cards":null,"payment:cash":null,"payment:contactless":null,"payment:credit_cards":null,"payment:debit_cards":null,"payment:google_pay":null,"payment:lightning":null,"payment:lightning_contactless":null,"payment:onchain":null,"pets":null,"phone":null,"service:electricity":null,"shop":null,"smoking":null,"source":"Kaart Ground Survey 2017","takeaway":null,"toilets":null,"toilets:access":null,"toilets:wheelchair":null,"tourism":null,"url":null,"website":null,"website:menu":null,"wheelchair":null,"wifi":null},"geometry":{"type":"Point","coordinates":[-74.0987866,4.6199835]}},
{"type":"Feature","properties":{"fid":804,"id":"node/5250622088","@id":"node/5250622088","addr:city":"Bogotá","addr:country":null,"addr:door":null,"addr:floor":null,"addr:full":null,"addr:housename":null,"addr:housenumber":null,"addr:place":null,"addr:postcode":null,"addr:street":"Calle 54 S","addr:unit":null,"air_conditioning":null,"alt_name":null,"amenity":"cafe","baby_feeding":null,"bar":null,"branch":null,"brand":null,"brand:wikidata":null,"brand:wikipedia":null,"building":null,"capacity":null,"check_date":null,"check_date:opening_hours":null,"contact:facebook":null,"contact:instagram":null,"contact:website":null,"contact:whatsapp":null,"cuisine":null,"currency:XBT":null,"delivery":null,"description":null,"diet:gluten_free":null,"diet:organic":null,"diet:vegan":null,"diet:vegetarian":null,"dog":null,"drink:espresso":null,"drink:filter_coffee":null,"drive_through":null,"email":null,"fixme":null,"floor":null,"indoor":null,"indoor_seating":null,"internet_access":null,"internet_access:fee":null,"internet_access:ssid":null,"level":null,"location":null,"name":"Barista Roja","name:de":null,"name:en":null,"name:es":null,"name:fr":null,"note:opening_hours":null,"official_name":null,"opening_hours":null,"opening_hours:es":null,"opening_hours:signed":null,"operator":null,"outdoor_seating":null,"payment:app":null,"payment:apple_pay":null,"payment:cards":null,"payment:cash":null,"payment:contactless":null,"payment:credit_cards":null,"payment:debit_cards":null,"payment:google_pay":null,"payment:lightning":null,"payment:lightning_contactless":null,"payment:onchain":null,"pets":null,"phone":null,"service:electricity":null,"shop":null,"smoking":null,"source":"Kaart Ground Survey 2017","takeaway":null,"toilets":null,"toilets:access":null,"toilets:wheelchair":null,"tourism":null,"url":null,"website":null,"website:menu":null,"wheelchair":null,"wifi":null},"geometry":{"type":"Point","coordinates":[-74.1416401,4.5856531]}},
{"type":"Feature","properties":{"fid":806,"id":"node/5250722022","@id":"node/5250722022","addr:city":null,"addr:country":null,"addr:door":null,"addr:floor":null,"addr:full":null,"addr:housename":null,"addr:housenumber":null,"addr:place":null,"addr:postcode":null,"addr:street":"Avenida de las Américas","addr:unit":null,"air_conditioning":null,"alt_name":null,"amenity":"cafe","baby_feeding":null,"bar":null,"branch":null,"brand":null,"brand:wikidata":null,"brand:wikipedia":null,"building":null,"capacity":null,"check_date":null,"check_date:opening_hours":null,"contact:facebook":null,"contact:instagram":null,"contact:website":null,"contact:whatsapp":null,"cuisine":null,"currency:XBT":null,"delivery":null,"description":null,"diet:gluten_free":null,"diet:organic":null,"diet:vegan":null,"diet:vegetarian":null,"dog":null,"drink:espresso":null,"drink:filter_coffee":null,"drive_through":null,"email":null,"fixme":null,"floor":null,"indoor":null,"indoor_seating":null,"internet_access":null,"internet_access:fee":null,"internet_access:ssid":null,"level":null,"location":null,"name":"Cafetería","name:de":null,"name:en":null,"name:es":null,"name:fr":null,"note:opening_hours":null,"official_name":null,"opening_hours":null,"opening_hours:es":null,"opening_hours:signed":null,"operator":null,"outdoor_seating":null,"payment:app":null,"payment:apple_pay":null,"payment:cards":null,"payment:cash":null,"payment:contactless":null,"payment:credit_cards":null,"payment:debit_cards":null,"payment:google_pay":null,"payment:lightning":null,"payment:lightning_contactless":null,"payment:onchain":null,"pets":null,"phone":null,"service:electricity":null,"shop":null,"smoking":null,"source":"Kaart Ground Survey 2017","takeaway":null,"toilets":null,"toilets:access":null,"toilets:wheelchair":null,"tourism":null,"url":null,"website":null,"website:menu":null,"wheelchair":null,"wifi":null},"geometry":{"type":"Point","coordinates":[-74.1550763,4.6375061]}},
{"type":"Feature","properties":{"fid":818,"id":"node/5254247751","@id":"node/5254247751","addr:city":null,"addr:country":null,"addr:door":null,"addr:floor":null,"addr:full":null,"addr:housename":null,"addr:housenumber":null,"addr:place":null,"addr:postcode":null,"addr:street":"Carrera 69B","addr:unit":null,"air_conditioning":null,"alt_name":null,"amenity":"cafe","baby_feeding":null,"bar":null,"branch":null,"brand":null,"brand:wikidata":null,"brand:wikipedia":null,"building":null,"capacity":null,"check_date":null,"check_date:opening_hours":null,"contact:facebook":null,"contact:instagram":null,"contact:website":null,"contact:whatsapp":null,"cuisine":null,"currency:XBT":null,"delivery":null,"description":null,"diet:gluten_free":null,"diet:organic":null,"diet:vegan":null,"diet:vegetarian":null,"dog":null,"drink:espresso":null,"drink:filter_coffee":null,"drive_through":null,"email":null,"fixme":null,"floor":null,"indoor":null,"indoor_seating":null,"internet_access":null,"internet_access:fee":null,"internet_access:ssid":null,"level":null,"location":null,"name":"La Villetana","name:de":null,"name:en":null,"name:es":null,"name:fr":null,"note:opening_hours":null,"official_name":null,"opening_hours":null,"opening_hours:es":null,"opening_hours:signed":null,"operator":null,"outdoor_seating":null,"payment:app":null,"payment:apple_pay":null,"payment:cards":null,"payment:cash":null,"payment:contactless":null,"payment:credit_cards":null,"payment:debit_cards":null,"payment:google_pay":null,"payment:lightning":null,"payment:lightning_contactless":null,"payment:onchain":null,"pets":null,"phone":null,"service:electricity":null,"shop":null,"smoking":null,"source":"Kaart Ground Survey 2017","takeaway":null,"toilets":null,"toilets:access":null,"toilets:wheelchair":null,"tourism":null,"url":null,"website":null,"website:menu":null,"wheelchair":null,"wifi":null},"geometry":{"type":"Point","coordinates":[-74.1383775,4.6124045]}},
{"type":"Feature","properties":{"fid":819,"id":"node/5254247761","@id":"node/5254247761","addr:city":null,"addr:country":null,"addr:door":null,"addr:floor":null,"addr:full":null,"addr:housename":null,"addr:housenumber":null,"addr:place":null,"addr:postcode":null,"addr:street":"Calle 37B Sur","addr:unit":null,"air_conditioning":null,"alt_name":null,"amenity":"cafe","baby_feeding":null,"bar":null,"branch":null,"brand":null,"brand:wikidata":null,"brand:wikipedia":null,"building":null,"capacity":null,"check_date":null,"check_date:opening_hours":null,"contact:facebook":null,"contact:instagram":null,"contact:website":null,"contact:whatsapp":null,"cuisine":null,"currency:XBT":null,"delivery":null,"description":null,"diet:gluten_free":null,"diet:organic":null,"diet:vegan":null,"diet:vegetarian":null,"dog":null,"drink:espresso":null,"drink:filter_coffee":null,"drive_through":null,"email":null,"fixme":null,"floor":null,"indoor":null,"indoor_seating":null,"internet_access":null,"internet_access:fee":null,"internet_access:ssid":null,"level":null,"location":null,"name":"El Tolimense","name:de":null,"name:en":null,"name:es":null,"name:fr":null,"note:opening_hours":null,"official_name":null,"opening_hours":null,"opening_hours:es":null,"opening_hours:signed":null,"operator":null,"outdoor_seating":null,"payment:app":null,"payment:apple_pay":null,"payment:cards":null,"payment:cash":null,"payment:contactless":null,"payment:credit_cards":null,"payment:debit_cards":null,"payment:google_pay":null,"payment:lightning":null,"payment:lightning_contactless":null,"payment:onchain":null,"pets":null,"phone":null,"service:electricity":null,"shop":null,"smoking":null,"source":"Kaart Ground Survey 2017","takeaway":null,"toilets":null,"toilets:access":null,"toilets:wheelchair":null,"tourism":null,"url":null,"website":null,"website:menu":null,"wheelchair":null,"wifi":null},"geometry":{"type":"Point","coordinates":[-74.1394997,4.6112982]}},
{"type":"Feature","properties":{"fid":820,"id":"node/5254247770","@id":"node/5254247770","addr:city":null,"addr:country":null,"addr:door":null,"addr:floor":null,"addr:full":null,"addr:housename":null,"addr:housenumber":null,"addr:place":null,"addr:postcode":null,"addr:street":"Carrera 68L","addr:unit":null,"air_conditioning":null,"alt_name":null,"amenity":"cafe","baby_feeding":null,"bar":null,"branch":null,"brand":null,"brand:wikidata":null,"brand:wikipedia":null,"building":null,"capacity":null,"check_date":null,"check_date:opening_hours":null,"contact:facebook":null,"contact:instagram":null,"contact:website":null,"contact:whatsapp":null,"cuisine":null,"currency:XBT":null,"delivery":null,"description":null,"diet:gluten_free":null,"diet:organic":null,"diet:vegan":null,"diet:vegetarian":null,"dog":null,"drink:espresso":null,"drink:filter_coffee":null,"drive_through":null,"email":null,"fixme":null,"floor":null,"indoor":null,"indoor_seating":null,"internet_access":null,"internet_access:fee":null,"internet_access:ssid":null,"level":null,"location":null,"name":"Stefany Gourmet","name:de":null,"name:en":null,"name:es":null,"name:fr":null,"note:opening_hours":null,"official_name":null,"opening_hours":null,"opening_hours:es":null,"opening_hours:signed":null,"operator":null,"outdoor_seating":null,"payment:app":null,"payment:apple_pay":null,"payment:cards":null,"payment:cash":null,"payment:contactless":null,"payment:credit_cards":null,"payment:debit_cards":null,"payment:google_pay":null,"payment:lightning":null,"payment:lightning_contactless":null,"payment:onchain":null,"pets":null,"phone":null,"service:electricity":null,"shop":null,"smoking":null,"source":"Kaart Ground Survey 2017","takeaway":null,"toilets":null,"toilets:access":null,"toilets:wheelchair":null,"tourism":null,"url":null,"website":null,"website:menu":null,"wheelchair":null,"wifi":null},"geometry":{"type":"Point","coordinates":[-74.1401694,4.6064252]}},
{"type":"Feature","properties":{"fid":821,"id":"node/5254247780","@id":"node/5254247780","addr:city":null,"addr:country":null,"addr:door":null,"addr:floor":null,"addr:full":null,"addr:housename":null,"addr:housenumber":null,"addr:place":null,"addr:postcode":null,"addr:street":"Carrera 68L","addr:unit":null,"air_conditioning":null,"alt_name":null,"amenity":"cafe","baby_feeding":null,"bar":null,"branch":null,"brand":null,"brand:wikidata":null,"brand:wikipedia":null,"building":null,"capacity":null,"check_date":null,"check_date:opening_hours":null,"contact:facebook":null,"contact:instagram":null,"contact:website":null,"contact:whatsapp":null,"cuisine":null,"currency:XBT":null,"delivery":null,"description":null,"diet:gluten_free":null,"diet:organic":null,"diet:vegan":null,"diet:vegetarian":null,"dog":null,"drink:espresso":null,"drink:filter_coffee":null,"drive_through":null,"email":null,"fixme":null,"floor":null,"indoor":null,"indoor_seating":null,"internet_access":null,"internet_access:fee":null,"internet_access:ssid":null,"level":null,"location":null,"name":"A & M","name:de":null,"name:en":null,"name:es":null,"name:fr":null,"note:opening_hours":null,"official_name":null,"opening_hours":null,"opening_hours:es":null,"opening_hours:signed":null,"operator":null,"outdoor_seating":null,"payment:app":null,"payment:apple_pay":null,"payment:cards":null,"payment:cash":null,"payment:contactless":null,"payment:credit_cards":null,"payment:debit_cards":null,"payment:google_pay":null,"payment:lightning":null,"payment:lightning_contactless":null,"payment:onchain":null,"pets":null,"phone":null,"service:electricity":null,"shop":null,"smoking":null,"source":"Kaart Ground Survey 2017","takeaway":null,"toilets":null,"toilets:access":null,"toilets:wheelchair":null,"tourism":null,"url":null,"website":null,"website:menu":null,"wheelchair":null,"wifi":null},"geometry":{"type":"Point","coordinates":[-74.1377332,4.6075563]}},
{"type":"Feature","properties":{"fid":823,"id":"node/5254247806","@id":"node/5254247806","addr:city":null,"addr:country":null,"addr:door":null,"addr:floor":null,"addr:full":null,"addr:housename":null,"addr:housenumber":null,"addr:place":null,"addr:postcode":null,"addr:street":"Calle 35 Sur","addr:unit":null,"air_conditioning":null,"alt_name":null,"amenity":"cafe","baby_feeding":null,"bar":null,"branch":null,"brand":null,"brand:wikidata":null,"brand:wikipedia":null,"building":null,"capacity":null,"check_date":null,"check_date:opening_hours":null,"contact:facebook":null,"contact:instagram":null,"contact:website":null,"contact:whatsapp":null,"cuisine":null,"currency:XBT":null,"delivery":null,"description":null,"diet:gluten_free":null,"diet:organic":null,"diet:vegan":null,"diet:vegetarian":null,"dog":null,"drink:espresso":null,"drink:filter_coffee":null,"drive_through":null,"email":null,"fixme":null,"floor":null,"indoor":null,"indoor_seating":null,"internet_access":null,"internet_access:fee":null,"internet_access:ssid":null,"level":null,"location":null,"name":"Kronos","name:de":null,"name:en":null,"name:es":null,"name:fr":null,"note:opening_hours":null,"official_name":null,"opening_hours":null,"opening_hours:es":null,"opening_hours:signed":null,"operator":null,"outdoor_seating":null,"payment:app":null,"payment:apple_pay":null,"payment:cards":null,"payment:cash":null,"payment:contactless":null,"payment:credit_cards":null,"payment:debit_cards":null,"payment:google_pay":null,"payment:lightning":null,"payment:lightning_contactless":null,"payment:onchain":null,"pets":null,"phone":null,"service:electricity":null,"shop":null,"smoking":null,"source":"Kaart Ground Survey 2017","takeaway":null,"toilets":null,"toilets:access":null,"toilets:wheelchair":null,"tourism":null,"url":null,"website":null,"website:menu":null,"wheelchair":null,"wifi":null},"geometry":{"type":"Point","coordinates":[-74.1378289,4.6131928]}},
{"type":"Feature","properties":{"fid":828,"id":"node/5286517821","@id":"node/5286517821","addr:city":null,"addr:country":null,"addr:door":null,"addr:floor":null,"addr:full":null,"addr:housename":null,"addr:housenumber":"12-79","addr:place":null,"addr:postcode":null,"addr:street":"carrera 6","addr:unit":null,"air_conditioning":null,"alt_name":null,"amenity":"cafe","baby_feeding":null,"bar":null,"branch":null,"brand":null,"brand:wikidata":null,"brand:wikipedia":null,"building":null,"capacity":null,"check_date":null,"check_date:opening_hours":null,"contact:facebook":null,"contact:instagram":null,"contact:website":null,"contact:whatsapp":null,"cuisine":null,"currency:XBT":null,"delivery":null,"description":null,"diet:gluten_free":null,"diet:organic":null,"diet:vegan":null,"diet:vegetarian":null,"dog":null,"drink:espresso":null,"drink:filter_coffee":null,"drive_through":null,"email":null,"fixme":null,"floor":null,"indoor":null,"indoor_seating":null,"internet_access":null,"internet_access:fee":null,"internet_access:ssid":null,"level":null,"location":null,"name":"Café Expréss La Catedral","name:de":null,"name:en":null,"name:es":null,"name:fr":null,"note:opening_hours":null,"official_name":null,"opening_hours":null,"opening_hours:es":null,"opening_hours:signed":null,"operator":null,"outdoor_seating":null,"payment:app":null,"payment:apple_pay":null,"payment:cards":null,"payment:cash":null,"payment:contactless":null,"payment:credit_cards":"yes","payment:debit_cards":"yes","payment:google_pay":null,"payment:lightning":null,"payment:lightning_contactless":null,"payment:onchain":null,"pets":null,"phone":null,"service:electricity":null,"shop":null,"smoking":null,"source":null,"takeaway":null,"toilets":null,"toilets:access":null,"toilets:wheelchair":null,"tourism":null,"url":null,"website":null,"website:menu":null,"wheelchair":null,"wifi":null},"geometry":{"type":"Point","coordinates":[-74.0737943,4.5993567]}},
{"type":"Feature","properties":{"fid":832,"id":"node/5335606021","@id":"node/5335606021","addr:city":null,"addr:country":null,"addr:door":null,"addr:floor":null,"addr:full":null,"addr:housename":null,"addr:housenumber":null,"addr:place":null,"addr:postcode":null,"addr:street":null,"addr:unit":null,"air_conditioning":null,"alt_name":null,"amenity":"cafe","baby_feeding":null,"bar":null,"branch":null,"brand":null,"brand:wikidata":null,"brand:wikipedia":null,"building":null,"capacity":null,"check_date":null,"check_date:opening_hours":null,"contact:facebook":null,"contact:instagram":null,"contact:website":null,"contact:whatsapp":null,"cuisine":null,"currency:XBT":null,"delivery":null,"description":null,"diet:gluten_free":null,"diet:organic":null,"diet:vegan":null,"diet:vegetarian":null,"dog":null,"drink:espresso":null,"drink:filter_coffee":null,"drive_through":null,"email":null,"fixme":null,"floor":null,"indoor":null,"indoor_seating":null,"internet_access":null,"internet_access:fee":null,"internet_access:ssid":null,"level":null,"location":null,"name":"La Plazuela","name:de":null,"name:en":null,"name:es":null,"name:fr":null,"note:opening_hours":null,"official_name":null,"opening_hours":null,"opening_hours:es":null,"opening_hours:signed":null,"operator":null,"outdoor_seating":null,"payment:app":null,"payment:apple_pay":null,"payment:cards":null,"payment:cash":null,"payment:contactless":null,"payment:credit_cards":"yes","payment:debit_cards":"yes","payment:google_pay":null,"payment:lightning":null,"payment:lightning_contactless":null,"payment:onchain":null,"pets":null,"phone":null,"service:electricity":null,"shop":null,"smoking":null,"source":null,"takeaway":null,"toilets":null,"toilets:access":null,"toilets:wheelchair":null,"tourism":null,"url":null,"website":null,"website:menu":null,"wheelchair":null,"wifi":null},"geometry":{"type":"Point","coordinates":[-74.0732202,4.6008005]}},
{"type":"Feature","properties":{"fid":833,"id":"node/5366416224","@id":"node/5366416224","addr:city":null,"addr:country":null,"addr:door":null,"addr:floor":null,"addr:full":null,"addr:housename":null,"addr:housenumber":null,"addr:place":null,"addr:postcode":null,"addr:street":null,"addr:unit":null,"air_conditioning":null,"alt_name":null,"amenity":"cafe","baby_feeding":null,"bar":null,"branch":null,"brand":null,"brand:wikidata":null,"brand:wikipedia":null,"building":null,"capacity":null,"check_date":null,"check_date:opening_hours":null,"contact:facebook":null,"contact:instagram":null,"contact:website":null,"contact:whatsapp":null,"cuisine":null,"currency:XBT":null,"delivery":null,"description":null,"diet:gluten_free":null,"diet:organic":null,"diet:vegan":null,"diet:vegetarian":null,"dog":null,"drink:espresso":null,"drink:filter_coffee":null,"drive_through":null,"email":null,"fixme":null,"floor":null,"indoor":null,"indoor_seating":null,"internet_access":null,"internet_access:fee":null,"internet_access:ssid":null,"level":null,"location":null,"name":"Arte y Pasion Cafe","name:de":null,"name:en":null,"name:es":null,"name:fr":null,"note:opening_hours":null,"official_name":null,"opening_hours":null,"opening_hours:es":null,"opening_hours:signed":null,"operator":null,"outdoor_seating":null,"payment:app":null,"payment:apple_pay":null,"payment:cards":null,"payment:cash":null,"payment:contactless":null,"payment:credit_cards":null,"payment:debit_cards":null,"payment:google_pay":null,"payment:lightning":null,"payment:lightning_contactless":null,"payment:onchain":null,"pets":null,"phone":null,"service:electricity":null,"shop":null,"smoking":null,"source":null,"takeaway":null,"toilets":null,"toilets:access":null,"toilets:wheelchair":null,"tourism":null,"url":null,"website":null,"website:menu":null,"wheelchair":null,"wifi":null},"geometry":{"type":"Point","coordinates":[-74.0733858,4.6030311]}},
{"type":"Feature","properties":{"fid":834,"id":"node/5391163321","@id":"node/5391163321","addr:city":null,"addr:country":null,"addr:door":null,"addr:floor":null,"addr:full":null,"addr:housename":null,"addr:housenumber":null,"addr:place":null,"addr:postcode":null,"addr:street":null,"addr:unit":null,"air_conditioning":null,"alt_name":null,"amenity":"cafe","baby_feeding":null,"bar":null,"branch":null,"brand":null,"brand:wikidata":null,"brand:wikipedia":null,"building":null,"capacity":null,"check_date":null,"check_date:opening_hours":null,"contact:facebook":null,"contact:instagram":null,"contact:website":null,"contact:whatsapp":null,"cuisine":null,"currency:XBT":null,"delivery":null,"description":null,"diet:gluten_free":null,"diet:organic":null,"diet:vegan":null,"diet:vegetarian":null,"dog":null,"drink:espresso":null,"drink:filter_coffee":null,"drive_through":null,"email":null,"fixme":null,"floor":null,"indoor":null,"indoor_seating":null,"internet_access":null,"internet_access:fee":null,"internet_access:ssid":null,"level":null,"location":null,"name":"Candelaria Café","name:de":null,"name:en":null,"name:es":null,"name:fr":null,"note:opening_hours":null,"official_name":null,"opening_hours":null,"opening_hours:es":null,"opening_hours:signed":null,"operator":null,"outdoor_seating":null,"payment:app":null,"payment:apple_pay":null,"payment:cards":null,"payment:cash":null,"payment:contactless":null,"payment:credit_cards":"yes","payment:debit_cards":"yes","payment:google_pay":null,"payment:lightning":null,"payment:lightning_contactless":null,"payment:onchain":null,"pets":null,"phone":null,"service:electricity":null,"shop":null,"smoking":null,"source":null,"takeaway":null,"toilets":null,"toilets:access":null,"toilets:wheelchair":null,"tourism":null,"url":null,"website":null,"website:menu":null,"wheelchair":null,"wifi":null},"geometry":{"type":"Point","coordinates":[-74.0742953,4.5997289]}},
{"type":"Feature","properties":{"fid":836,"id":"node/5424627721","@id":"node/5424627721","addr:city":null,"addr:country":null,"addr:door":null,"addr:floor":null,"addr:full":null,"addr:housename":null,"addr:housenumber":"70H24","addr:place":null,"addr:postcode":null,"addr:street":"Calle 163A","addr:unit":null,"air_conditioning":null,"alt_name":null,"amenity":"cafe","baby_feeding":null,"bar":null,"branch":null,"brand":"Tostao’","brand:wikidata":"Q60632476","brand:wikipedia":null,"building":null,"capacity":null,"check_date":null,"check_date:opening_hours":null,"contact:facebook":null,"contact:instagram":null,"contact:website":null,"contact:whatsapp":null,"cuisine":"coffee_shop","currency:XBT":null,"delivery":null,"description":null,"diet:gluten_free":null,"diet:organic":null,"diet:vegan":null,"diet:vegetarian":null,"dog":null,"drink:espresso":null,"drink:filter_coffee":null,"drive_through":null,"email":null,"fixme":null,"floor":null,"indoor":null,"indoor_seating":null,"internet_access":null,"internet_access:fee":null,"internet_access:ssid":null,"level":null,"location":null,"name":"Tostao’","name:de":null,"name:en":null,"name:es":"Tostao’","name:fr":null,"note:opening_hours":null,"official_name":null,"opening_hours":"Mo-Su 07:00-20:00","opening_hours:es":null,"opening_hours:signed":null,"operator":null,"outdoor_seating":null,"payment:app":null,"payment:apple_pay":null,"payment:cards":null,"payment:cash":null,"payment:contactless":null,"payment:credit_cards":null,"payment:debit_cards":null,"payment:google_pay":null,"payment:lightning":null,"payment:lightning_contactless":null,"payment:onchain":null,"pets":null,"phone":null,"service:electricity":null,"shop":null,"smoking":null,"source":null,"takeaway":null,"toilets":null,"toilets:access":null,"toilets:wheelchair":null,"tourism":null,"url":null,"website":null,"website:menu":null,"wheelchair":null,"wifi":null},"geometry":{"type":"Point","coordinates":[-74.0262111,4.7391988]}},
{"type":"Feature","properties":{"fid":837,"id":"node/5454289896","@id":"node/5454289896","addr:city":null,"addr:country":null,"addr:door":null,"addr:floor":null,"addr:full":null,"addr:housename":null,"addr:housenumber":"19-30","addr:place":null,"addr:postcode":null,"addr:street":"Calle 43","addr:unit":null,"air_conditioning":null,"alt_name":null,"amenity":"cafe","baby_feeding":null,"bar":null,"branch":null,"brand":null,"brand:wikidata":null,"brand:wikipedia":null,"building":null,"capacity":null,"check_date":null,"check_date:opening_hours":null,"contact:facebook":null,"contact:instagram":null,"contact:website":null,"contact:whatsapp":null,"cuisine":null,"currency:XBT":null,"delivery":null,"description":null,"diet:gluten_free":null,"diet:organic":null,"diet:vegan":null,"diet:vegetarian":null,"dog":null,"drink:espresso":null,"drink:filter_coffee":null,"drive_through":null,"email":null,"fixme":null,"floor":null,"indoor":null,"indoor_seating":null,"internet_access":null,"internet_access:fee":null,"internet_access:ssid":null,"level":null,"location":null,"name":"Bogotá Coffee Roasters","name:de":null,"name:en":null,"name:es":null,"name:fr":null,"note:opening_hours":null,"official_name":null,"opening_hours":null,"opening_hours:es":null,"opening_hours:signed":null,"operator":null,"outdoor_seating":null,"payment:app":null,"payment:apple_pay":null,"payment:cards":null,"payment:cash":null,"payment:contactless":null,"payment:credit_cards":null,"payment:debit_cards":null,"payment:google_pay":null,"payment:lightning":null,"payment:lightning_contactless":null,"payment:onchain":null,"pets":null,"phone":null,"service:electricity":null,"shop":null,"smoking":null,"source":null,"takeaway":null,"toilets":null,"toilets:access":null,"toilets:wheelchair":null,"tourism":null,"url":null,"website":null,"website:menu":null,"wheelchair":null,"wifi":null},"geometry":{"type":"Point","coordinates":[-74.0725739,4.6318327]}},
{"type":"Feature","properties":{"fid":838,"id":"node/5470271821","@id":"node/5470271821","addr:city":null,"addr:country":null,"addr:door":null,"addr:floor":null,"addr:full":null,"addr:housename":null,"addr:housenumber":null,"addr:place":null,"addr:postcode":null,"addr:street":null,"addr:unit":null,"air_conditioning":null,"alt_name":null,"amenity":"cafe","baby_feeding":null,"bar":null,"branch":null,"brand":null,"brand:wikidata":null,"brand:wikipedia":null,"building":null,"capacity":null,"check_date":null,"check_date:opening_hours":null,"contact:facebook":null,"contact:instagram":null,"contact:website":null,"contact:whatsapp":null,"cuisine":null,"currency:XBT":null,"delivery":null,"description":null,"diet:gluten_free":null,"diet:organic":null,"diet:vegan":null,"diet:vegetarian":null,"dog":null,"drink:espresso":null,"drink:filter_coffee":null,"drive_through":null,"email":null,"fixme":null,"floor":null,"indoor":null,"indoor_seating":null,"internet_access":null,"internet_access:fee":null,"internet_access:ssid":null,"level":null,"location":null,"name":"Café Devoción","name:de":null,"name:en":null,"name:es":null,"name:fr":null,"note:opening_hours":null,"official_name":null,"opening_hours":null,"opening_hours:es":null,"opening_hours:signed":null,"operator":null,"outdoor_seating":null,"payment:app":null,"payment:apple_pay":null,"payment:cards":null,"payment:cash":null,"payment:contactless":null,"payment:credit_cards":null,"payment:debit_cards":null,"payment:google_pay":null,"payment:lightning":null,"payment:lightning_contactless":null,"payment:onchain":null,"pets":null,"phone":null,"service:electricity":null,"shop":null,"smoking":null,"source":null,"takeaway":null,"toilets":null,"toilets:access":null,"toilets:wheelchair":null,"tourism":null,"url":null,"website":null,"website:menu":null,"wheelchair":null,"wifi":null},"geometry":{"type":"Point","coordinates":[-74.0552363,4.655758]}},
{"type":"Feature","properties":{"fid":839,"id":"node/5483069521","@id":"node/5483069521","addr:city":null,"addr:country":null,"addr:door":null,"addr:floor":null,"addr:full":null,"addr:housename":null,"addr:housenumber":null,"addr:place":null,"addr:postcode":null,"addr:street":null,"addr:unit":null,"air_conditioning":null,"alt_name":null,"amenity":"cafe","baby_feeding":null,"bar":null,"branch":null,"brand":"Tostao’","brand:wikidata":"Q60632476","brand:wikipedia":null,"building":null,"capacity":null,"check_date":null,"check_date:opening_hours":null,"contact:facebook":null,"contact:instagram":null,"contact:website":null,"contact:whatsapp":null,"cuisine":"coffee_shop","currency:XBT":null,"delivery":null,"description":null,"diet:gluten_free":null,"diet:organic":null,"diet:vegan":null,"diet:vegetarian":null,"dog":null,"drink:espresso":null,"drink:filter_coffee":null,"drive_through":null,"email":null,"fixme":null,"floor":null,"indoor":null,"indoor_seating":null,"internet_access":null,"internet_access:fee":null,"internet_access:ssid":null,"level":null,"location":null,"name":"Tostao’","name:de":null,"name:en":null,"name:es":"Tostao’","name:fr":null,"note:opening_hours":null,"official_name":"TOSTAO’ Café & Pan","opening_hours":null,"opening_hours:es":null,"opening_hours:signed":null,"operator":null,"outdoor_seating":null,"payment:app":null,"payment:apple_pay":null,"payment:cards":null,"payment:cash":null,"payment:contactless":null,"payment:credit_cards":null,"payment:debit_cards":null,"payment:google_pay":null,"payment:lightning":null,"payment:lightning_contactless":null,"payment:onchain":null,"pets":null,"phone":null,"service:electricity":null,"shop":null,"smoking":null,"source":null,"takeaway":"yes","toilets":null,"toilets:access":null,"toilets:wheelchair":null,"tourism":null,"url":null,"website":null,"website:menu":null,"wheelchair":null,"wifi":null},"geometry":{"type":"Point","coordinates":[-74.0493943,4.7046942]}},
{"type":"Feature","properties":{"fid":840,"id":"node/5485383122","@id":"node/5485383122","addr:city":null,"addr:country":null,"addr:door":null,"addr:floor":null,"addr:full":null,"addr:housename":null,"addr:housenumber":"79-66","addr:place":null,"addr:postcode":null,"addr:street":"Carrera 13A","addr:unit":null,"air_conditioning":null,"alt_name":null,"amenity":"cafe","baby_feeding":null,"bar":null,"branch":null,"brand":null,"brand:wikidata":null,"brand:wikipedia":null,"building":null,"capacity":null,"check_date":null,"check_date:opening_hours":null,"contact:facebook":"https://www.facebook.com/FrambuesaVegan/","contact:instagram":"https://www.instagram.com/frambuesavegan/","contact:website":null,"contact:whatsapp":null,"cuisine":null,"currency:XBT":null,"delivery":null,"description":null,"diet:gluten_free":null,"diet:organic":null,"diet:vegan":"only","diet:vegetarian":null,"dog":null,"drink:espresso":null,"drink:filter_coffee":null,"drive_through":null,"email":null,"fixme":null,"floor":null,"indoor":null,"indoor_seating":null,"internet_access":null,"internet_access:fee":null,"internet_access:ssid":null,"level":null,"location":null,"name":"Frambuesa","name:de":null,"name:en":null,"name:es":null,"name:fr":null,"note:opening_hours":null,"official_name":null,"opening_hours":"11:00-20:00; Su off","opening_hours:es":null,"opening_hours:signed":null,"operator":null,"outdoor_seating":null,"payment:app":null,"payment:apple_pay":null,"payment:cards":null,"payment:cash":null,"payment:contactless":null,"payment:credit_cards":null,"payment:debit_cards":null,"payment:google_pay":null,"payment:lightning":null,"payment:lightning_contactless":null,"payment:onchain":null,"pets":null,"phone":null,"service:electricity":null,"shop":"pastry","smoking":null,"source":null,"takeaway":null,"toilets":null,"toilets:access":null,"toilets:wheelchair":null,"tourism":null,"url":null,"website":null,"website:menu":null,"wheelchair":null,"wifi":null},"geometry":{"type":"Point","coordinates":[-74.0560432,4.6656954]}},
{"type":"Feature","properties":{"fid":846,"id":"node/5495053502","@id":"node/5495053502","addr:city":null,"addr:country":null,"addr:door":null,"addr:floor":null,"addr:full":null,"addr:housename":null,"addr:housenumber":null,"addr:place":null,"addr:postcode":null,"addr:street":null,"addr:unit":null,"air_conditioning":null,"alt_name":null,"amenity":"cafe","baby_feeding":null,"bar":null,"branch":null,"brand":"Tostao’","brand:wikidata":"Q60632476","brand:wikipedia":null,"building":null,"capacity":null,"check_date":null,"check_date:opening_hours":null,"contact:facebook":null,"contact:instagram":null,"contact:website":null,"contact:whatsapp":null,"cuisine":"coffee_shop","currency:XBT":null,"delivery":null,"description":null,"diet:gluten_free":null,"diet:organic":null,"diet:vegan":null,"diet:vegetarian":null,"dog":null,"drink:espresso":null,"drink:filter_coffee":null,"drive_through":null,"email":null,"fixme":null,"floor":null,"indoor":null,"indoor_seating":null,"internet_access":null,"internet_access:fee":null,"internet_access:ssid":null,"level":null,"location":null,"name":"Tostao’","name:de":null,"name:en":null,"name:es":"Tostao’","name:fr":null,"note:opening_hours":null,"official_name":"TOSTAO’ Café & Pan","opening_hours":null,"opening_hours:es":null,"opening_hours:signed":null,"operator":null,"outdoor_seating":null,"payment:app":null,"payment:apple_pay":null,"payment:cards":null,"payment:cash":null,"payment:contactless":null,"payment:credit_cards":null,"payment:debit_cards":null,"payment:google_pay":null,"payment:lightning":null,"payment:lightning_contactless":null,"payment:onchain":null,"pets":null,"phone":null,"service:electricity":null,"shop":null,"smoking":null,"source":null,"takeaway":"yes","toilets":null,"toilets:access":null,"toilets:wheelchair":null,"tourism":null,"url":null,"website":null,"website:menu":null,"wheelchair":null,"wifi":null},"geometry":{"type":"Point","coordinates":[-74.0909712,4.6967218]}},
{"type":"Feature","properties":{"fid":849,"id":"node/5504051923","@id":"node/5504051923","addr:city":null,"addr:country":null,"addr:door":null,"addr:floor":null,"addr:full":null,"addr:housename":null,"addr:housenumber":"4-40","addr:place":null,"addr:postcode":null,"addr:street":"Calle 20","addr:unit":null,"air_conditioning":null,"alt_name":null,"amenity":"cafe","baby_feeding":null,"bar":null,"branch":null,"brand":null,"brand:wikidata":null,"brand:wikipedia":null,"building":null,"capacity":null,"check_date":null,"check_date:opening_hours":null,"contact:facebook":null,"contact:instagram":null,"contact:website":null,"contact:whatsapp":null,"cuisine":null,"currency:XBT":null,"delivery":null,"description":null,"diet:gluten_free":null,"diet:organic":null,"diet:vegan":null,"diet:vegetarian":null,"dog":null,"drink:espresso":null,"drink:filter_coffee":null,"drive_through":null,"email":null,"fixme":null,"floor":null,"indoor":null,"indoor_seating":null,"internet_access":"wlan","internet_access:fee":null,"internet_access:ssid":null,"level":null,"location":null,"name":"Muros Cafe","name:de":null,"name:en":null,"name:es":null,"name:fr":null,"note:opening_hours":null,"official_name":null,"opening_hours":null,"opening_hours:es":null,"opening_hours:signed":null,"operator":null,"outdoor_seating":null,"payment:app":null,"payment:apple_pay":null,"payment:cards":null,"payment:cash":null,"payment:contactless":null,"payment:credit_cards":null,"payment:debit_cards":null,"payment:google_pay":null,"payment:lightning":null,"payment:lightning_contactless":null,"payment:onchain":null,"pets":null,"phone":null,"service:electricity":null,"shop":null,"smoking":null,"source":null,"takeaway":null,"toilets":null,"toilets:access":null,"toilets:wheelchair":null,"tourism":null,"url":null,"website":null,"website:menu":null,"wheelchair":null,"wifi":null},"geometry":{"type":"Point","coordinates":[-74.0687541,4.6048124]}},
{"type":"Feature","properties":{"fid":856,"id":"node/5543816957","@id":"node/5543816957","addr:city":null,"addr:country":null,"addr:door":null,"addr:floor":null,"addr:full":null,"addr:housename":null,"addr:housenumber":"66-54","addr:place":null,"addr:postcode":null,"addr:street":"60","addr:unit":null,"air_conditioning":null,"alt_name":null,"amenity":"cafe","baby_feeding":null,"bar":null,"branch":null,"brand":null,"brand:wikidata":null,"brand:wikipedia":null,"building":null,"capacity":null,"check_date":null,"check_date:opening_hours":null,"contact:facebook":null,"contact:instagram":null,"contact:website":null,"contact:whatsapp":null,"cuisine":null,"currency:XBT":null,"delivery":null,"description":null,"diet:gluten_free":null,"diet:organic":null,"diet:vegan":null,"diet:vegetarian":null,"dog":null,"drink:espresso":null,"drink:filter_coffee":null,"drive_through":null,"email":null,"fixme":null,"floor":null,"indoor":null,"indoor_seating":null,"internet_access":null,"internet_access:fee":null,"internet_access:ssid":null,"level":null,"location":null,"name":"Tu Dulce Compañía","name:de":null,"name:en":null,"name:es":null,"name:fr":null,"note:opening_hours":null,"official_name":null,"opening_hours":null,"opening_hours:es":null,"opening_hours:signed":null,"operator":null,"outdoor_seating":null,"payment:app":null,"payment:apple_pay":null,"payment:cards":null,"payment:cash":null,"payment:contactless":null,"payment:credit_cards":null,"payment:debit_cards":null,"payment:google_pay":null,"payment:lightning":null,"payment:lightning_contactless":null,"payment:onchain":null,"pets":null,"phone":null,"service:electricity":null,"shop":null,"smoking":null,"source":null,"takeaway":null,"toilets":null,"toilets:access":null,"toilets:wheelchair":null,"tourism":null,"url":null,"website":null,"website:menu":null,"wheelchair":null,"wifi":null},"geometry":{"type":"Point","coordinates":[-74.083625,4.6683132]}},
{"type":"Feature","properties":{"fid":857,"id":"node/5543816958","@id":"node/5543816958","addr:city":null,"addr:country":null,"addr:door":null,"addr:floor":null,"addr:full":null,"addr:housename":null,"addr:housenumber":"66-54","addr:place":null,"addr:postcode":null,"addr:street":"60","addr:unit":null,"air_conditioning":null,"alt_name":null,"amenity":"cafe","baby_feeding":null,"bar":null,"branch":null,"brand":null,"brand:wikidata":null,"brand:wikipedia":null,"building":null,"capacity":null,"check_date":null,"check_date:opening_hours":null,"contact:facebook":null,"contact:instagram":null,"contact:website":null,"contact:whatsapp":null,"cuisine":null,"currency:XBT":null,"delivery":null,"description":null,"diet:gluten_free":null,"diet:organic":null,"diet:vegan":null,"diet:vegetarian":null,"dog":null,"drink:espresso":null,"drink:filter_coffee":null,"drive_through":null,"email":null,"fixme":null,"floor":null,"indoor":null,"indoor_seating":null,"internet_access":null,"internet_access:fee":null,"internet_access:ssid":null,"level":null,"location":null,"name":"Tu Dulce Compañía","name:de":null,"name:en":null,"name:es":null,"name:fr":null,"note:opening_hours":null,"official_name":null,"opening_hours":null,"opening_hours:es":null,"opening_hours:signed":null,"operator":null,"outdoor_seating":null,"payment:app":null,"payment:apple_pay":null,"payment:cards":null,"payment:cash":null,"payment:contactless":null,"payment:credit_cards":null,"payment:debit_cards":null,"payment:google_pay":null,"payment:lightning":null,"payment:lightning_contactless":null,"payment:onchain":null,"pets":null,"phone":null,"service:electricity":null,"shop":null,"smoking":null,"source":null,"takeaway":null,"toilets":null,"toilets:access":null,"toilets:wheelchair":null,"tourism":null,"url":null,"website":null,"website:menu":null,"wheelchair":null,"wifi":null},"geometry":{"type":"Point","coordinates":[-74.0835994,4.6683808]}},
{"type":"Feature","properties":{"fid":861,"id":"node/5731333521","@id":"node/5731333521","addr:city":null,"addr:country":null,"addr:door":null,"addr:floor":null,"addr:full":null,"addr:housename":null,"addr:housenumber":"114A-26","addr:place":null,"addr:postcode":null,"addr:street":"Avenida Carrera 19","addr:unit":null,"air_conditioning":null,"alt_name":null,"amenity":"cafe","baby_feeding":null,"bar":null,"branch":null,"brand":null,"brand:wikidata":null,"brand:wikipedia":null,"building":null,"capacity":null,"check_date":null,"check_date:opening_hours":null,"contact:facebook":null,"contact:instagram":null,"contact:website":null,"contact:whatsapp":null,"cuisine":null,"currency:XBT":null,"delivery":null,"description":null,"diet:gluten_free":null,"diet:organic":null,"diet:vegan":null,"diet:vegetarian":null,"dog":null,"drink:espresso":null,"drink:filter_coffee":null,"drive_through":null,"email":null,"fixme":null,"floor":null,"indoor":null,"indoor_seating":null,"internet_access":null,"internet_access:fee":null,"internet_access:ssid":null,"level":null,"location":null,"name":"Kurenai maid cafe","name:de":null,"name:en":null,"name:es":null,"name:fr":null,"note:opening_hours":null,"official_name":null,"opening_hours":null,"opening_hours:es":null,"opening_hours:signed":null,"operator":null,"outdoor_seating":null,"payment:app":null,"payment:apple_pay":null,"payment:cards":null,"payment:cash":null,"payment:contactless":null,"payment:credit_cards":null,"payment:debit_cards":null,"payment:google_pay":null,"payment:lightning":null,"payment:lightning_contactless":null,"payment:onchain":null,"pets":null,"phone":null,"service:electricity":null,"shop":null,"smoking":null,"source":null,"takeaway":null,"toilets":null,"toilets:access":null,"toilets:wheelchair":null,"tourism":null,"url":null,"website":null,"website:menu":null,"wheelchair":null,"wifi":null},"geometry":{"type":"Point","coordinates":[-74.0498725,4.698419]}},
{"type":"Feature","properties":{"fid":862,"id":"node/5749998025","@id":"node/5749998025","addr:city":null,"addr:country":null,"addr:door":null,"addr:floor":null,"addr:full":null,"addr:housename":null,"addr:housenumber":"14-50","addr:place":null,"addr:postcode":null,"addr:street":"Avenida Calle 53","addr:unit":null,"air_conditioning":null,"alt_name":null,"amenity":"cafe","baby_feeding":null,"bar":null,"branch":null,"brand":"Tostao’","brand:wikidata":"Q60632476","brand:wikipedia":null,"building":null,"capacity":null,"check_date":null,"check_date:opening_hours":null,"contact:facebook":null,"contact:instagram":null,"contact:website":null,"contact:whatsapp":null,"cuisine":"coffee_shop","currency:XBT":null,"delivery":null,"description":null,"diet:gluten_free":null,"diet:organic":null,"diet:vegan":null,"diet:vegetarian":null,"dog":null,"drink:espresso":null,"drink:filter_coffee":null,"drive_through":null,"email":null,"fixme":null,"floor":null,"indoor":null,"indoor_seating":null,"internet_access":null,"internet_access:fee":null,"internet_access:ssid":null,"level":null,"location":null,"name":"Tostao’","name:de":null,"name:en":null,"name:es":"Tostao’","name:fr":null,"note:opening_hours":null,"official_name":"TOSTAO’ Café & Pan","opening_hours":null,"opening_hours:es":null,"opening_hours:signed":null,"operator":null,"outdoor_seating":null,"payment:app":null,"payment:apple_pay":null,"payment:cards":null,"payment:cash":null,"payment:contactless":null,"payment:credit_cards":null,"payment:debit_cards":null,"payment:google_pay":null,"payment:lightning":null,"payment:lightning_contactless":null,"payment:onchain":null,"pets":null,"phone":null,"service:electricity":null,"shop":null,"smoking":null,"source":null,"takeaway":"yes","toilets":null,"toilets:access":null,"toilets:wheelchair":null,"tourism":null,"url":null,"website":null,"website:menu":null,"wheelchair":null,"wifi":null},"geometry":{"type":"Point","coordinates":[-74.0668483,4.6406332]}},
{"type":"Feature","properties":{"fid":867,"id":"node/5939364285","@id":"node/5939364285","addr:city":null,"addr:country":null,"addr:door":null,"addr:floor":null,"addr:full":null,"addr:housename":null,"addr:housenumber":"41-94","addr:place":null,"addr:postcode":null,"addr:street":"Carrera 25","addr:unit":null,"air_conditioning":null,"alt_name":null,"amenity":"cafe","baby_feeding":null,"bar":null,"branch":null,"brand":null,"brand:wikidata":null,"brand:wikipedia":null,"building":null,"capacity":null,"check_date":null,"check_date:opening_hours":null,"contact:facebook":null,"contact:instagram":null,"contact:website":null,"contact:whatsapp":null,"cuisine":"coffee_shop","currency:XBT":null,"delivery":null,"description":null,"diet:gluten_free":null,"diet:organic":null,"diet:vegan":null,"diet:vegetarian":null,"dog":null,"drink:espresso":null,"drink:filter_coffee":null,"drive_through":null,"email":null,"fixme":null,"floor":null,"indoor":null,"indoor_seating":null,"internet_access":"wlan","internet_access:fee":null,"internet_access:ssid":null,"level":null,"location":null,"name":"Cantera Cafe Work","name:de":null,"name:en":null,"name:es":null,"name:fr":null,"note:opening_hours":null,"official_name":null,"opening_hours":"Mo-Th 08:00-20:00; Fr-Sa 08:00-21:00; Su 09:00-16:00","opening_hours:es":null,"opening_hours:signed":null,"operator":null,"outdoor_seating":null,"payment:app":null,"payment:apple_pay":null,"payment:cards":null,"payment:cash":null,"payment:contactless":null,"payment:credit_cards":null,"payment:debit_cards":null,"payment:google_pay":null,"payment:lightning":null,"payment:lightning_contactless":null,"payment:onchain":null,"pets":null,"phone":null,"service:electricity":null,"shop":null,"smoking":null,"source":null,"takeaway":null,"toilets":null,"toilets:access":null,"toilets:wheelchair":null,"tourism":null,"url":null,"website":null,"website:menu":null,"wheelchair":null,"wifi":null},"geometry":{"type":"Point","coordinates":[-74.0757244,4.6323506]}},
{"type":"Feature","properties":{"fid":869,"id":"node/6006295707","@id":"node/6006295707","addr:city":null,"addr:country":null,"addr:door":null,"addr:floor":null,"addr:full":null,"addr:housename":null,"addr:housenumber":null,"addr:place":null,"addr:postcode":null,"addr:street":null,"addr:unit":null,"air_conditioning":null,"alt_name":null,"amenity":"cafe","baby_feeding":null,"bar":null,"branch":null,"brand":null,"brand:wikidata":null,"brand:wikipedia":null,"building":null,"capacity":null,"check_date":null,"check_date:opening_hours":null,"contact:facebook":null,"contact:instagram":null,"contact:website":null,"contact:whatsapp":null,"cuisine":null,"currency:XBT":null,"delivery":null,"description":null,"diet:gluten_free":null,"diet:organic":null,"diet:vegan":null,"diet:vegetarian":null,"dog":null,"drink:espresso":null,"drink:filter_coffee":null,"drive_through":null,"email":null,"fixme":null,"floor":null,"indoor":null,"indoor_seating":null,"internet_access":null,"internet_access:fee":null,"internet_access:ssid":null,"level":null,"location":null,"name":"Mosto","name:de":null,"name:en":null,"name:es":null,"name:fr":null,"note:opening_hours":null,"official_name":null,"opening_hours":null,"opening_hours:es":null,"opening_hours:signed":null,"operator":null,"outdoor_seating":null,"payment:app":null,"payment:apple_pay":null,"payment:cards":null,"payment:cash":null,"payment:contactless":null,"payment:credit_cards":null,"payment:debit_cards":null,"payment:google_pay":null,"payment:lightning":null,"payment:lightning_contactless":null,"payment:onchain":null,"pets":null,"phone":null,"service:electricity":null,"shop":null,"smoking":null,"source":null,"takeaway":null,"toilets":null,"toilets:access":null,"toilets:wheelchair":null,"tourism":null,"url":null,"website":null,"website:menu":null,"wheelchair":null,"wifi":null},"geometry":{"type":"Point","coordinates":[-74.07344,4.6259435]}},
{"type":"Feature","properties":{"fid":870,"id":"node/6022813336","@id":"node/6022813336","addr:city":"Bogotá","addr:country":null,"addr:door":null,"addr:floor":null,"addr:full":null,"addr:housename":null,"addr:housenumber":null,"addr:place":null,"addr:postcode":null,"addr:street":"Carrera 9A","addr:unit":null,"air_conditioning":null,"alt_name":null,"amenity":"cafe","baby_feeding":null,"bar":null,"branch":null,"brand":"Tostao’","brand:wikidata":"Q60632476","brand:wikipedia":null,"building":null,"capacity":null,"check_date":null,"check_date:opening_hours":null,"contact:facebook":null,"contact:instagram":null,"contact:website":null,"contact:whatsapp":null,"cuisine":"coffee_shop","currency:XBT":null,"delivery":null,"description":null,"diet:gluten_free":null,"diet:organic":null,"diet:vegan":null,"diet:vegetarian":null,"dog":null,"drink:espresso":null,"drink:filter_coffee":null,"drive_through":null,"email":null,"fixme":null,"floor":null,"indoor":null,"indoor_seating":null,"internet_access":null,"internet_access:fee":null,"internet_access:ssid":null,"level":null,"location":null,"name":"Tostao’","name:de":null,"name:en":null,"name:es":"Tostao’","name:fr":null,"note:opening_hours":null,"official_name":"TOSTAO’ Café & Pan","opening_hours":null,"opening_hours:es":null,"opening_hours:signed":null,"operator":"Tostao","outdoor_seating":null,"payment:app":null,"payment:apple_pay":null,"payment:cards":null,"payment:cash":null,"payment:contactless":null,"payment:credit_cards":null,"payment:debit_cards":null,"payment:google_pay":null,"payment:lightning":null,"payment:lightning_contactless":null,"payment:onchain":null,"pets":null,"phone":null,"service:electricity":null,"shop":null,"smoking":null,"source":null,"takeaway":"yes","toilets":null,"toilets:access":null,"toilets:wheelchair":null,"tourism":null,"url":null,"website":null,"website:menu":null,"wheelchair":null,"wifi":null},"geometry":{"type":"Point","coordinates":[-74.0420412,4.6812232]}},
{"type":"Feature","properties":{"fid":871,"id":"node/6026307042","@id":"node/6026307042","addr:city":"Bogotá","addr:country":null,"addr:door":null,"addr:floor":null,"addr:full":null,"addr:housename":null,"addr:housenumber":"25-26","addr:place":null,"addr:postcode":null,"addr:street":"Calle 41","addr:unit":null,"air_conditioning":null,"alt_name":null,"amenity":"cafe","baby_feeding":null,"bar":null,"branch":null,"brand":null,"brand:wikidata":null,"brand:wikipedia":null,"building":null,"capacity":null,"check_date":null,"check_date:opening_hours":null,"contact:facebook":null,"contact:instagram":null,"contact:website":null,"contact:whatsapp":null,"cuisine":null,"currency:XBT":null,"delivery":null,"description":null,"diet:gluten_free":null,"diet:organic":null,"diet:vegan":null,"diet:vegetarian":null,"dog":null,"drink:espresso":null,"drink:filter_coffee":null,"drive_through":null,"email":null,"fixme":null,"floor":null,"indoor":null,"indoor_seating":null,"internet_access":null,"internet_access:fee":null,"internet_access:ssid":null,"level":null,"location":null,"name":"Coffee Way","name:de":null,"name:en":null,"name:es":null,"name:fr":null,"note:opening_hours":null,"official_name":null,"opening_hours":null,"opening_hours:es":null,"opening_hours:signed":null,"operator":null,"outdoor_seating":null,"payment:app":null,"payment:apple_pay":null,"payment:cards":null,"payment:cash":null,"payment:contactless":null,"payment:credit_cards":null,"payment:debit_cards":null,"payment:google_pay":null,"payment:lightning":null,"payment:lightning_contactless":null,"payment:onchain":null,"pets":null,"phone":null,"service:electricity":null,"shop":null,"smoking":null,"source":null,"takeaway":null,"toilets":null,"toilets:access":null,"toilets:wheelchair":null,"tourism":null,"url":null,"website":null,"website:menu":null,"wheelchair":null,"wifi":null},"geometry":{"type":"Point","coordinates":[-74.076463,4.631614]}},
{"type":"Feature","properties":{"fid":872,"id":"node/6027701444","@id":"node/6027701444","addr:city":"Bogotá","addr:country":null,"addr:door":null,"addr:floor":null,"addr:full":null,"addr:housename":null,"addr:housenumber":null,"addr:place":null,"addr:postcode":null,"addr:street":"Avenida Calle 26","addr:unit":null,"air_conditioning":null,"alt_name":null,"amenity":"cafe","baby_feeding":null,"bar":null,"branch":null,"brand":null,"brand:wikidata":null,"brand:wikipedia":null,"building":null,"capacity":null,"check_date":null,"check_date:opening_hours":null,"contact:facebook":null,"contact:instagram":null,"contact:website":null,"contact:whatsapp":null,"cuisine":null,"currency:XBT":null,"delivery":null,"description":null,"diet:gluten_free":null,"diet:organic":null,"diet:vegan":null,"diet:vegetarian":null,"dog":null,"drink:espresso":null,"drink:filter_coffee":null,"drive_through":null,"email":null,"fixme":null,"floor":null,"indoor":null,"indoor_seating":null,"internet_access":null,"internet_access:fee":null,"internet_access:ssid":null,"level":null,"location":null,"name":"Mango Plus","name:de":null,"name:en":null,"name:es":null,"name:fr":null,"note:opening_hours":null,"official_name":null,"opening_hours":null,"opening_hours:es":null,"opening_hours:signed":null,"operator":null,"outdoor_seating":null,"payment:app":null,"payment:apple_pay":null,"payment:cards":null,"payment:cash":null,"payment:contactless":null,"payment:credit_cards":null,"payment:debit_cards":null,"payment:google_pay":null,"payment:lightning":null,"payment:lightning_contactless":null,"payment:onchain":null,"pets":null,"phone":null,"service:electricity":null,"shop":null,"smoking":null,"source":null,"takeaway":null,"toilets":null,"toilets:access":null,"toilets:wheelchair":null,"tourism":null,"url":null,"website":null,"website:menu":null,"wheelchair":null,"wifi":null},"geometry":{"type":"Point","coordinates":[-74.0812254,4.6277865]}},
{"type":"Feature","properties":{"fid":873,"id":"node/6028733691","@id":"node/6028733691","addr:city":"Bogotá D.C.","addr:country":null,"addr:door":null,"addr:floor":null,"addr:full":null,"addr:housename":null,"addr:housenumber":"106-84","addr:place":null,"addr:postcode":null,"addr:street":"Carrera 8D","addr:unit":null,"air_conditioning":null,"alt_name":null,"amenity":"cafe","baby_feeding":null,"bar":null,"branch":null,"brand":null,"brand:wikidata":null,"brand:wikipedia":null,"building":null,"capacity":null,"check_date":null,"check_date:opening_hours":null,"contact:facebook":null,"contact:instagram":null,"contact:website":null,"contact:whatsapp":null,"cuisine":"american","currency:XBT":null,"delivery":null,"description":null,"diet:gluten_free":null,"diet:organic":null,"diet:vegan":null,"diet:vegetarian":null,"dog":null,"drink:espresso":null,"drink:filter_coffee":null,"drive_through":null,"email":null,"fixme":null,"floor":null,"indoor":null,"indoor_seating":null,"internet_access":"yes","internet_access:fee":"no","internet_access:ssid":null,"level":null,"location":null,"name":"Charlies Cafe","name:de":null,"name:en":null,"name:es":null,"name:fr":null,"note:opening_hours":null,"official_name":null,"opening_hours":"Mo-Sa 06:00-12:00","opening_hours:es":null,"opening_hours:signed":null,"operator":null,"outdoor_seating":"yes","payment:app":null,"payment:apple_pay":null,"payment:cards":null,"payment:cash":null,"payment:contactless":null,"payment:credit_cards":null,"payment:debit_cards":null,"payment:google_pay":null,"payment:lightning":null,"payment:lightning_contactless":null,"payment:onchain":null,"pets":null,"phone":null,"service:electricity":null,"shop":null,"smoking":"no","source":null,"takeaway":null,"toilets":null,"toilets:access":null,"toilets:wheelchair":null,"tourism":null,"url":null,"website":null,"website:menu":null,"wheelchair":null,"wifi":null},"geometry":{"type":"Point","coordinates":[-74.0407909,4.6888979]}},
{"type":"Feature","properties":{"fid":874,"id":"node/6032137063","@id":"node/6032137063","addr:city":null,"addr:country":null,"addr:door":null,"addr:floor":null,"addr:full":null,"addr:housename":null,"addr:housenumber":null,"addr:place":null,"addr:postcode":null,"addr:street":null,"addr:unit":null,"air_conditioning":null,"alt_name":null,"amenity":"cafe","baby_feeding":null,"bar":null,"branch":null,"brand":null,"brand:wikidata":null,"brand:wikipedia":null,"building":null,"capacity":null,"check_date":null,"check_date:opening_hours":null,"contact:facebook":null,"contact:instagram":null,"contact:website":null,"contact:whatsapp":null,"cuisine":null,"currency:XBT":null,"delivery":null,"description":null,"diet:gluten_free":null,"diet:organic":null,"diet:vegan":null,"diet:vegetarian":null,"dog":null,"drink:espresso":null,"drink:filter_coffee":null,"drive_through":null,"email":null,"fixme":null,"floor":null,"indoor":null,"indoor_seating":null,"internet_access":null,"internet_access:fee":null,"internet_access:ssid":null,"level":null,"location":null,"name":null,"name:de":null,"name:en":null,"name:es":null,"name:fr":null,"note:opening_hours":null,"official_name":null,"opening_hours":null,"opening_hours:es":null,"opening_hours:signed":null,"operator":null,"outdoor_seating":null,"payment:app":null,"payment:apple_pay":null,"payment:cards":null,"payment:cash":null,"payment:contactless":null,"payment:credit_cards":null,"payment:debit_cards":null,"payment:google_pay":null,"payment:lightning":null,"payment:lightning_contactless":null,"payment:onchain":null,"pets":null,"phone":null,"service:electricity":null,"shop":null,"smoking":null,"source":null,"takeaway":null,"toilets":null,"toilets:access":null,"toilets:wheelchair":null,"tourism":null,"url":null,"website":null,"website:menu":null,"wheelchair":null,"wifi":null},"geometry":{"type":"Point","coordinates":[-74.073266,4.6204833]}},
{"type":"Feature","properties":{"fid":875,"id":"node/6032137067","@id":"node/6032137067","addr:city":null,"addr:country":null,"addr:door":null,"addr:floor":null,"addr:full":null,"addr:housename":null,"addr:housenumber":null,"addr:place":null,"addr:postcode":null,"addr:street":null,"addr:unit":null,"air_conditioning":null,"alt_name":null,"amenity":"cafe","baby_feeding":null,"bar":null,"branch":null,"brand":null,"brand:wikidata":null,"brand:wikipedia":null,"building":null,"capacity":null,"check_date":null,"check_date:opening_hours":null,"contact:facebook":null,"contact:instagram":null,"contact:website":null,"contact:whatsapp":null,"cuisine":null,"currency:XBT":null,"delivery":null,"description":null,"diet:gluten_free":null,"diet:organic":null,"diet:vegan":null,"diet:vegetarian":null,"dog":null,"drink:espresso":null,"drink:filter_coffee":null,"drive_through":null,"email":null,"fixme":null,"floor":null,"indoor":null,"indoor_seating":null,"internet_access":null,"internet_access:fee":null,"internet_access:ssid":null,"level":null,"location":null,"name":null,"name:de":null,"name:en":null,"name:es":null,"name:fr":null,"note:opening_hours":null,"official_name":null,"opening_hours":null,"opening_hours:es":null,"opening_hours:signed":null,"operator":null,"outdoor_seating":null,"payment:app":null,"payment:apple_pay":null,"payment:cards":null,"payment:cash":null,"payment:contactless":null,"payment:credit_cards":null,"payment:debit_cards":null,"payment:google_pay":null,"payment:lightning":null,"payment:lightning_contactless":null,"payment:onchain":null,"pets":null,"phone":null,"service:electricity":null,"shop":null,"smoking":null,"source":null,"takeaway":null,"toilets":null,"toilets:access":null,"toilets:wheelchair":null,"tourism":null,"url":null,"website":null,"website:menu":null,"wheelchair":null,"wifi":null},"geometry":{"type":"Point","coordinates":[-74.072513,4.6213124]}},
{"type":"Feature","properties":{"fid":876,"id":"node/6032137071","@id":"node/6032137071","addr:city":"Bogotá","addr:country":null,"addr:door":null,"addr:floor":null,"addr:full":null,"addr:housename":null,"addr:housenumber":null,"addr:place":null,"addr:postcode":null,"addr:street":"Carrera 17","addr:unit":null,"air_conditioning":null,"alt_name":null,"amenity":"cafe","baby_feeding":null,"bar":null,"branch":null,"brand":null,"brand:wikidata":null,"brand:wikipedia":null,"building":null,"capacity":null,"check_date":null,"check_date:opening_hours":null,"contact:facebook":null,"contact:instagram":null,"contact:website":null,"contact:whatsapp":null,"cuisine":null,"currency:XBT":null,"delivery":null,"description":null,"diet:gluten_free":null,"diet:organic":null,"diet:vegan":null,"diet:vegetarian":null,"dog":null,"drink:espresso":null,"drink:filter_coffee":null,"drive_through":null,"email":null,"fixme":null,"floor":null,"indoor":null,"indoor_seating":null,"internet_access":null,"internet_access:fee":null,"internet_access:ssid":null,"level":null,"location":null,"name":"Ofiservice & Coffee","name:de":null,"name:en":null,"name:es":null,"name:fr":null,"note:opening_hours":null,"official_name":null,"opening_hours":null,"opening_hours:es":null,"opening_hours:signed":null,"operator":null,"outdoor_seating":null,"payment:app":null,"payment:apple_pay":null,"payment:cards":null,"payment:cash":null,"payment:contactless":null,"payment:credit_cards":null,"payment:debit_cards":null,"payment:google_pay":null,"payment:lightning":null,"payment:lightning_contactless":null,"payment:onchain":null,"pets":null,"phone":null,"service:electricity":null,"shop":null,"smoking":null,"source":null,"takeaway":null,"toilets":null,"toilets:access":null,"toilets:wheelchair":null,"tourism":null,"url":null,"website":null,"website:menu":null,"wheelchair":null,"wifi":null},"geometry":{"type":"Point","coordinates":[-74.0723878,4.6219077]}},
{"type":"Feature","properties":{"fid":878,"id":"node/6040264202","@id":"node/6040264202","addr:city":null,"addr:country":null,"addr:door":null,"addr:floor":null,"addr:full":null,"addr:housename":null,"addr:housenumber":null,"addr:place":null,"addr:postcode":null,"addr:street":null,"addr:unit":null,"air_conditioning":null,"alt_name":null,"amenity":"cafe","baby_feeding":null,"bar":null,"branch":null,"brand":null,"brand:wikidata":null,"brand:wikipedia":null,"building":null,"capacity":null,"check_date":null,"check_date:opening_hours":null,"contact:facebook":null,"contact:instagram":null,"contact:website":null,"contact:whatsapp":null,"cuisine":null,"currency:XBT":null,"delivery":null,"description":null,"diet:gluten_free":null,"diet:organic":null,"diet:vegan":null,"diet:vegetarian":null,"dog":null,"drink:espresso":null,"drink:filter_coffee":null,"drive_through":null,"email":null,"fixme":null,"floor":null,"indoor":null,"indoor_seating":null,"internet_access":null,"internet_access:fee":null,"internet_access:ssid":null,"level":null,"location":null,"name":null,"name:de":null,"name:en":null,"name:es":null,"name:fr":null,"note:opening_hours":null,"official_name":null,"opening_hours":null,"opening_hours:es":null,"opening_hours:signed":null,"operator":null,"outdoor_seating":null,"payment:app":null,"payment:apple_pay":null,"payment:cards":null,"payment:cash":null,"payment:contactless":null,"payment:credit_cards":null,"payment:debit_cards":null,"payment:google_pay":null,"payment:lightning":null,"payment:lightning_contactless":null,"payment:onchain":null,"pets":null,"phone":null,"service:electricity":null,"shop":null,"smoking":null,"source":null,"takeaway":null,"toilets":null,"toilets:access":null,"toilets:wheelchair":null,"tourism":null,"url":null,"website":null,"website:menu":null,"wheelchair":null,"wifi":null},"geometry":{"type":"Point","coordinates":[-74.0817191,4.6885011]}},
{"type":"Feature","properties":{"fid":879,"id":"node/6040293991","@id":"node/6040293991","addr:city":null,"addr:country":null,"addr:door":null,"addr:floor":null,"addr:full":null,"addr:housename":null,"addr:housenumber":null,"addr:place":null,"addr:postcode":null,"addr:street":null,"addr:unit":null,"air_conditioning":null,"alt_name":null,"amenity":"cafe","baby_feeding":null,"bar":null,"branch":null,"brand":null,"brand:wikidata":null,"brand:wikipedia":null,"building":null,"capacity":null,"check_date":null,"check_date:opening_hours":null,"contact:facebook":null,"contact:instagram":null,"contact:website":null,"contact:whatsapp":null,"cuisine":null,"currency:XBT":null,"delivery":null,"description":null,"diet:gluten_free":null,"diet:organic":null,"diet:vegan":null,"diet:vegetarian":null,"dog":null,"drink:espresso":null,"drink:filter_coffee":null,"drive_through":null,"email":null,"fixme":null,"floor":null,"indoor":null,"indoor_seating":null,"internet_access":null,"internet_access:fee":null,"internet_access:ssid":null,"level":null,"location":null,"name":"MusiCafé 80s","name:de":null,"name:en":null,"name:es":null,"name:fr":null,"note:opening_hours":null,"official_name":null,"opening_hours":null,"opening_hours:es":null,"opening_hours:signed":null,"operator":null,"outdoor_seating":null,"payment:app":null,"payment:apple_pay":null,"payment:cards":null,"payment:cash":null,"payment:contactless":null,"payment:credit_cards":null,"payment:debit_cards":null,"payment:google_pay":null,"payment:lightning":null,"payment:lightning_contactless":null,"payment:onchain":null,"pets":null,"phone":null,"service:electricity":null,"shop":null,"smoking":null,"source":null,"takeaway":null,"toilets":null,"toilets:access":null,"toilets:wheelchair":null,"tourism":null,"url":null,"website":null,"website:menu":null,"wheelchair":null,"wifi":null},"geometry":{"type":"Point","coordinates":[-74.0924616,4.6975131]}},
{"type":"Feature","properties":{"fid":881,"id":"node/6113052647","@id":"node/6113052647","addr:city":null,"addr:country":null,"addr:door":null,"addr:floor":null,"addr:full":null,"addr:housename":null,"addr:housenumber":null,"addr:place":null,"addr:postcode":null,"addr:street":"Avenida Calle 85","addr:unit":null,"air_conditioning":null,"alt_name":null,"amenity":"cafe","baby_feeding":null,"bar":null,"branch":null,"brand":null,"brand:wikidata":null,"brand:wikipedia":null,"building":null,"capacity":null,"check_date":null,"check_date:opening_hours":null,"contact:facebook":null,"contact:instagram":null,"contact:website":null,"contact:whatsapp":null,"cuisine":null,"currency:XBT":null,"delivery":null,"description":null,"diet:gluten_free":null,"diet:organic":null,"diet:vegan":null,"diet:vegetarian":null,"dog":null,"drink:espresso":null,"drink:filter_coffee":null,"drive_through":null,"email":null,"fixme":null,"floor":null,"indoor":null,"indoor_seating":null,"internet_access":null,"internet_access:fee":null,"internet_access:ssid":null,"level":null,"location":null,"name":"Bimbi","name:de":null,"name:en":null,"name:es":null,"name:fr":null,"note:opening_hours":null,"official_name":null,"opening_hours":null,"opening_hours:es":null,"opening_hours:signed":null,"operator":null,"outdoor_seating":null,"payment:app":null,"payment:apple_pay":null,"payment:cards":null,"payment:cash":null,"payment:contactless":null,"payment:credit_cards":null,"payment:debit_cards":null,"payment:google_pay":null,"payment:lightning":null,"payment:lightning_contactless":null,"payment:onchain":null,"pets":null,"phone":null,"service:electricity":null,"shop":null,"smoking":null,"source":null,"takeaway":null,"toilets":null,"toilets:access":null,"toilets:wheelchair":null,"tourism":null,"url":null,"website":null,"website:menu":null,"wheelchair":null,"wifi":null},"geometry":{"type":"Point","coordinates":[-74.0538268,4.669393]}},
{"type":"Feature","properties":{"fid":882,"id":"node/6198799972","@id":"node/6198799972","addr:city":null,"addr:country":null,"addr:door":null,"addr:floor":null,"addr:full":null,"addr:housename":null,"addr:housenumber":null,"addr:place":null,"addr:postcode":null,"addr:street":null,"addr:unit":null,"air_conditioning":null,"alt_name":null,"amenity":"cafe","baby_feeding":null,"bar":null,"branch":null,"brand":"Juan Valdez Café","brand:wikidata":"Q6301102","brand:wikipedia":"en:Juan Valdez Café","building":null,"capacity":null,"check_date":"2025-02-15","check_date:opening_hours":null,"contact:facebook":null,"contact:instagram":null,"contact:website":null,"contact:whatsapp":null,"cuisine":"coffee_shop","currency:XBT":null,"delivery":null,"description":null,"diet:gluten_free":null,"diet:organic":null,"diet:vegan":null,"diet:vegetarian":null,"dog":null,"drink:espresso":null,"drink:filter_coffee":null,"drive_through":null,"email":null,"fixme":null,"floor":null,"indoor":null,"indoor_seating":null,"internet_access":null,"internet_access:fee":null,"internet_access:ssid":null,"level":null,"location":null,"name":"Juan Valdez Café","name:de":null,"name:en":null,"name:es":"Juan Valdez Café","name:fr":null,"note:opening_hours":null,"official_name":null,"opening_hours":null,"opening_hours:es":null,"opening_hours:signed":null,"operator":null,"outdoor_seating":"no","payment:app":null,"payment:apple_pay":null,"payment:cards":null,"payment:cash":null,"payment:contactless":null,"payment:credit_cards":null,"payment:debit_cards":null,"payment:google_pay":null,"payment:lightning":null,"payment:lightning_contactless":null,"payment:onchain":null,"pets":null,"phone":null,"service:electricity":null,"shop":"coffee","smoking":null,"source":null,"takeaway":"yes","toilets":null,"toilets:access":null,"toilets:wheelchair":null,"tourism":null,"url":null,"website":"https://juanvaldez.com/","website:menu":null,"wheelchair":null,"wifi":null},"geometry":{"type":"Point","coordinates":[-74.0582967,4.650918]}},
{"type":"Feature","properties":{"fid":883,"id":"node/6199579537","@id":"node/6199579537","addr:city":null,"addr:country":null,"addr:door":null,"addr:floor":null,"addr:full":null,"addr:housename":null,"addr:housenumber":null,"addr:place":null,"addr:postcode":null,"addr:street":null,"addr:unit":null,"air_conditioning":null,"alt_name":null,"amenity":"cafe","baby_feeding":null,"bar":null,"branch":null,"brand":"Tostao’","brand:wikidata":"Q60632476","brand:wikipedia":null,"building":null,"capacity":null,"check_date":null,"check_date:opening_hours":null,"contact:facebook":null,"contact:instagram":null,"contact:website":null,"contact:whatsapp":null,"cuisine":"coffee_shop","currency:XBT":null,"delivery":null,"description":null,"diet:gluten_free":null,"diet:organic":null,"diet:vegan":null,"diet:vegetarian":null,"dog":null,"drink:espresso":null,"drink:filter_coffee":null,"drive_through":null,"email":null,"fixme":null,"floor":null,"indoor":null,"indoor_seating":null,"internet_access":null,"internet_access:fee":null,"internet_access:ssid":null,"level":null,"location":null,"name":"Tostao’","name:de":null,"name:en":null,"name:es":"Tostao’","name:fr":null,"note:opening_hours":null,"official_name":"TOSTAO’ Café & Pan","opening_hours":null,"opening_hours:es":null,"opening_hours:signed":null,"operator":null,"outdoor_seating":null,"payment:app":null,"payment:apple_pay":null,"payment:cards":null,"payment:cash":null,"payment:contactless":null,"payment:credit_cards":null,"payment:debit_cards":null,"payment:google_pay":null,"payment:lightning":null,"payment:lightning_contactless":null,"payment:onchain":null,"pets":null,"phone":null,"service:electricity":null,"shop":null,"smoking":null,"source":null,"takeaway":"yes","toilets":null,"toilets:access":null,"toilets:wheelchair":null,"tourism":null,"url":null,"website":null,"website:menu":null,"wheelchair":null,"wifi":null},"geometry":{"type":"Point","coordinates":[-74.0581627,4.6514139]}},
{"type":"Feature","properties":{"fid":884,"id":"node/6201884674","@id":"node/6201884674","addr:city":null,"addr:country":null,"addr:door":null,"addr:floor":null,"addr:full":null,"addr:housename":null,"addr:housenumber":null,"addr:place":null,"addr:postcode":null,"addr:street":null,"addr:unit":null,"air_conditioning":null,"alt_name":null,"amenity":"cafe","baby_feeding":null,"bar":null,"branch":null,"brand":null,"brand:wikidata":null,"brand:wikipedia":null,"building":null,"capacity":null,"check_date":null,"check_date:opening_hours":null,"contact:facebook":null,"contact:instagram":null,"contact:website":null,"contact:whatsapp":null,"cuisine":null,"currency:XBT":null,"delivery":null,"description":null,"diet:gluten_free":null,"diet:organic":null,"diet:vegan":null,"diet:vegetarian":null,"dog":null,"drink:espresso":null,"drink:filter_coffee":null,"drive_through":null,"email":null,"fixme":null,"floor":null,"indoor":null,"indoor_seating":null,"internet_access":null,"internet_access:fee":null,"internet_access:ssid":null,"level":null,"location":null,"name":"La Tortata","name:de":null,"name:en":null,"name:es":null,"name:fr":null,"note:opening_hours":null,"official_name":null,"opening_hours":null,"opening_hours:es":null,"opening_hours:signed":null,"operator":null,"outdoor_seating":null,"payment:app":null,"payment:apple_pay":null,"payment:cards":null,"payment:cash":null,"payment:contactless":null,"payment:credit_cards":null,"payment:debit_cards":null,"payment:google_pay":null,"payment:lightning":null,"payment:lightning_contactless":null,"payment:onchain":null,"pets":null,"phone":null,"service:electricity":null,"shop":null,"smoking":null,"source":null,"takeaway":null,"toilets":null,"toilets:access":null,"toilets:wheelchair":null,"tourism":null,"url":null,"website":null,"website:menu":null,"wheelchair":null,"wifi":null},"geometry":{"type":"Point","coordinates":[-74.0590032,4.6500529]}},
{"type":"Feature","properties":{"fid":885,"id":"node/6210283456","@id":"node/6210283456","addr:city":null,"addr:country":null,"addr:door":null,"addr:floor":null,"addr:full":null,"addr:housename":null,"addr:housenumber":null,"addr:place":null,"addr:postcode":null,"addr:street":null,"addr:unit":null,"air_conditioning":null,"alt_name":null,"amenity":"cafe","baby_feeding":null,"bar":null,"branch":null,"brand":null,"brand:wikidata":null,"brand:wikipedia":null,"building":null,"capacity":null,"check_date":null,"check_date:opening_hours":null,"contact:facebook":null,"contact:instagram":null,"contact:website":null,"contact:whatsapp":null,"cuisine":null,"currency:XBT":null,"delivery":null,"description":null,"diet:gluten_free":null,"diet:organic":null,"diet:vegan":null,"diet:vegetarian":null,"dog":null,"drink:espresso":null,"drink:filter_coffee":null,"drive_through":null,"email":null,"fixme":null,"floor":null,"indoor":null,"indoor_seating":null,"internet_access":null,"internet_access:fee":null,"internet_access:ssid":null,"level":null,"location":null,"name":null,"name:de":null,"name:en":null,"name:es":null,"name:fr":null,"note:opening_hours":null,"official_name":null,"opening_hours":null,"opening_hours:es":null,"opening_hours:signed":null,"operator":null,"outdoor_seating":null,"payment:app":null,"payment:apple_pay":null,"payment:cards":null,"payment:cash":null,"payment:contactless":null,"payment:credit_cards":null,"payment:debit_cards":null,"payment:google_pay":null,"payment:lightning":null,"payment:lightning_contactless":null,"payment:onchain":null,"pets":null,"phone":null,"service:electricity":null,"shop":null,"smoking":null,"source":null,"takeaway":null,"toilets":null,"toilets:access":null,"toilets:wheelchair":null,"tourism":null,"url":null,"website":null,"website:menu":null,"wheelchair":null,"wifi":null},"geometry":{"type":"Point","coordinates":[-74.064518800000016,4.6272285]}},
{"type":"Feature","properties":{"fid":888,"id":"node/6315227628","@id":"node/6315227628","addr:city":null,"addr:country":null,"addr:door":null,"addr:floor":null,"addr:full":null,"addr:housename":null,"addr:housenumber":null,"addr:place":null,"addr:postcode":null,"addr:street":null,"addr:unit":null,"air_conditioning":null,"alt_name":null,"amenity":"cafe","baby_feeding":null,"bar":null,"branch":null,"brand":"Tostao'","brand:wikidata":"Q60632476","brand:wikipedia":null,"building":null,"capacity":null,"check_date":null,"check_date:opening_hours":null,"contact:facebook":null,"contact:instagram":null,"contact:website":null,"contact:whatsapp":null,"cuisine":"coffee_shop","currency:XBT":null,"delivery":null,"description":null,"diet:gluten_free":null,"diet:organic":null,"diet:vegan":null,"diet:vegetarian":null,"dog":null,"drink:espresso":null,"drink:filter_coffee":null,"drive_through":null,"email":null,"fixme":null,"floor":null,"indoor":null,"indoor_seating":null,"internet_access":null,"internet_access:fee":null,"internet_access:ssid":null,"level":null,"location":null,"name":"Tostao'","name:de":null,"name:en":null,"name:es":"Tostao’","name:fr":null,"note:opening_hours":null,"official_name":"TOSTAO' Café & Pan","opening_hours":null,"opening_hours:es":null,"opening_hours:signed":null,"operator":null,"outdoor_seating":null,"payment:app":null,"payment:apple_pay":null,"payment:cards":null,"payment:cash":null,"payment:contactless":null,"payment:credit_cards":null,"payment:debit_cards":null,"payment:google_pay":null,"payment:lightning":null,"payment:lightning_contactless":null,"payment:onchain":null,"pets":null,"phone":null,"service:electricity":null,"shop":null,"smoking":null,"source":null,"takeaway":"yes","toilets":null,"toilets:access":null,"toilets:wheelchair":null,"tourism":null,"url":null,"website":null,"website:menu":null,"wheelchair":null,"wifi":null},"geometry":{"type":"Point","coordinates":[-74.0663723,4.6316031]}},
{"type":"Feature","properties":{"fid":892,"id":"node/6320074865","@id":"node/6320074865","addr:city":null,"addr:country":null,"addr:door":null,"addr:floor":null,"addr:full":null,"addr:housename":null,"addr:housenumber":null,"addr:place":null,"addr:postcode":null,"addr:street":"Carrera 19","addr:unit":null,"air_conditioning":null,"alt_name":null,"amenity":"cafe","baby_feeding":null,"bar":null,"branch":null,"brand":null,"brand:wikidata":null,"brand:wikipedia":null,"building":null,"capacity":null,"check_date":null,"check_date:opening_hours":null,"contact:facebook":null,"contact:instagram":null,"contact:website":null,"contact:whatsapp":null,"cuisine":null,"currency:XBT":null,"delivery":null,"description":null,"diet:gluten_free":null,"diet:organic":null,"diet:vegan":null,"diet:vegetarian":null,"dog":null,"drink:espresso":null,"drink:filter_coffee":null,"drive_through":null,"email":null,"fixme":null,"floor":null,"indoor":null,"indoor_seating":null,"internet_access":null,"internet_access:fee":null,"internet_access:ssid":null,"level":null,"location":null,"name":"Café Irlandés","name:de":null,"name:en":null,"name:es":null,"name:fr":null,"note:opening_hours":null,"official_name":null,"opening_hours":null,"opening_hours:es":null,"opening_hours:signed":null,"operator":null,"outdoor_seating":null,"payment:app":null,"payment:apple_pay":null,"payment:cards":null,"payment:cash":null,"payment:contactless":null,"payment:credit_cards":null,"payment:debit_cards":null,"payment:google_pay":null,"payment:lightning":null,"payment:lightning_contactless":null,"payment:onchain":null,"pets":null,"phone":null,"service:electricity":null,"shop":null,"smoking":null,"source":null,"takeaway":null,"toilets":null,"toilets:access":null,"toilets:wheelchair":null,"tourism":null,"url":null,"website":null,"website:menu":null,"wheelchair":null,"wifi":null},"geometry":{"type":"Point","coordinates":[-74.0720941,4.6329356]}},
{"type":"Feature","properties":{"fid":895,"id":"node/6321905502","@id":"node/6321905502","addr:city":null,"addr:country":null,"addr:door":null,"addr:floor":null,"addr:full":null,"addr:housename":null,"addr:housenumber":null,"addr:place":null,"addr:postcode":null,"addr:street":null,"addr:unit":null,"air_conditioning":null,"alt_name":null,"amenity":"cafe","baby_feeding":null,"bar":null,"branch":null,"brand":null,"brand:wikidata":null,"brand:wikipedia":null,"building":null,"capacity":null,"check_date":null,"check_date:opening_hours":null,"contact:facebook":null,"contact:instagram":null,"contact:website":null,"contact:whatsapp":null,"cuisine":null,"currency:XBT":null,"delivery":null,"description":null,"diet:gluten_free":null,"diet:organic":null,"diet:vegan":null,"diet:vegetarian":null,"dog":null,"drink:espresso":null,"drink:filter_coffee":null,"drive_through":null,"email":null,"fixme":null,"floor":null,"indoor":null,"indoor_seating":null,"internet_access":null,"internet_access:fee":null,"internet_access:ssid":null,"level":null,"location":null,"name":"Delizziozo","name:de":null,"name:en":null,"name:es":null,"name:fr":null,"note:opening_hours":null,"official_name":null,"opening_hours":null,"opening_hours:es":null,"opening_hours:signed":null,"operator":null,"outdoor_seating":null,"payment:app":null,"payment:apple_pay":null,"payment:cards":null,"payment:cash":null,"payment:contactless":null,"payment:credit_cards":null,"payment:debit_cards":null,"payment:google_pay":null,"payment:lightning":null,"payment:lightning_contactless":null,"payment:onchain":null,"pets":null,"phone":null,"service:electricity":null,"shop":null,"smoking":null,"source":null,"takeaway":null,"toilets":null,"toilets:access":null,"toilets:wheelchair":null,"tourism":null,"url":null,"website":null,"website:menu":null,"wheelchair":null,"wifi":null},"geometry":{"type":"Point","coordinates":[-74.0648432,4.642202]}},
{"type":"Feature","properties":{"fid":896,"id":"node/6321905507","@id":"node/6321905507","addr:city":null,"addr:country":null,"addr:door":null,"addr:floor":null,"addr:full":null,"addr:housename":null,"addr:housenumber":null,"addr:place":null,"addr:postcode":null,"addr:street":null,"addr:unit":null,"air_conditioning":null,"alt_name":null,"amenity":"cafe","baby_feeding":null,"bar":null,"branch":null,"brand":"Tostao’","brand:wikidata":"Q60632476","brand:wikipedia":null,"building":null,"capacity":null,"check_date":null,"check_date:opening_hours":null,"contact:facebook":null,"contact:instagram":null,"contact:website":null,"contact:whatsapp":null,"cuisine":"coffee_shop","currency:XBT":null,"delivery":null,"description":null,"diet:gluten_free":null,"diet:organic":null,"diet:vegan":null,"diet:vegetarian":null,"dog":null,"drink:espresso":null,"drink:filter_coffee":null,"drive_through":null,"email":null,"fixme":null,"floor":null,"indoor":null,"indoor_seating":null,"internet_access":null,"internet_access:fee":null,"internet_access:ssid":null,"level":null,"location":null,"name":"Tostao’","name:de":null,"name:en":null,"name:es":"Tostao’","name:fr":null,"note:opening_hours":null,"official_name":"TOSTAO’ Café & Pan","opening_hours":"Mo-Sa 06:00-20:00; PH,Su 08:00-15:00","opening_hours:es":null,"opening_hours:signed":null,"operator":null,"outdoor_seating":null,"payment:app":null,"payment:apple_pay":null,"payment:cards":null,"payment:cash":null,"payment:contactless":null,"payment:credit_cards":null,"payment:debit_cards":null,"payment:google_pay":null,"payment:lightning":null,"payment:lightning_contactless":null,"payment:onchain":null,"pets":null,"phone":null,"service:electricity":null,"shop":null,"smoking":null,"source":null,"takeaway":"yes","toilets":null,"toilets:access":null,"toilets:wheelchair":null,"tourism":null,"url":null,"website":null,"website:menu":null,"wheelchair":null,"wifi":null},"geometry":{"type":"Point","coordinates":[-74.0649724,4.6419871]}},
{"type":"Feature","properties":{"fid":898,"id":"node/6328222852","@id":"node/6328222852","addr:city":null,"addr:country":null,"addr:door":null,"addr:floor":null,"addr:full":null,"addr:housename":null,"addr:housenumber":null,"addr:place":null,"addr:postcode":null,"addr:street":null,"addr:unit":null,"air_conditioning":null,"alt_name":null,"amenity":"cafe","baby_feeding":null,"bar":null,"branch":null,"brand":null,"brand:wikidata":null,"brand:wikipedia":null,"building":null,"capacity":null,"check_date":null,"check_date:opening_hours":null,"contact:facebook":null,"contact:instagram":null,"contact:website":null,"contact:whatsapp":null,"cuisine":null,"currency:XBT":null,"delivery":null,"description":null,"diet:gluten_free":null,"diet:organic":null,"diet:vegan":null,"diet:vegetarian":null,"dog":null,"drink:espresso":null,"drink:filter_coffee":null,"drive_through":null,"email":null,"fixme":null,"floor":null,"indoor":null,"indoor_seating":null,"internet_access":null,"internet_access:fee":null,"internet_access:ssid":null,"level":null,"location":null,"name":"Caffeto","name:de":null,"name:en":null,"name:es":null,"name:fr":null,"note:opening_hours":null,"official_name":null,"opening_hours":null,"opening_hours:es":null,"opening_hours:signed":null,"operator":null,"outdoor_seating":null,"payment:app":null,"payment:apple_pay":null,"payment:cards":null,"payment:cash":null,"payment:contactless":null,"payment:credit_cards":null,"payment:debit_cards":null,"payment:google_pay":null,"payment:lightning":null,"payment:lightning_contactless":null,"payment:onchain":null,"pets":null,"phone":null,"service:electricity":null,"shop":null,"smoking":null,"source":null,"takeaway":null,"toilets":null,"toilets:access":null,"toilets:wheelchair":null,"tourism":null,"url":null,"website":null,"website:menu":null,"wheelchair":null,"wifi":null},"geometry":{"type":"Point","coordinates":[-74.0684848,4.6191336]}},
{"type":"Feature","properties":{"fid":899,"id":"node/6328222854","@id":"node/6328222854","addr:city":null,"addr:country":null,"addr:door":null,"addr:floor":null,"addr:full":null,"addr:housename":null,"addr:housenumber":"32-40","addr:place":null,"addr:postcode":null,"addr:street":"Carrera 13","addr:unit":null,"air_conditioning":null,"alt_name":null,"amenity":"cafe","baby_feeding":null,"bar":null,"branch":null,"brand":null,"brand:wikidata":null,"brand:wikipedia":null,"building":null,"capacity":null,"check_date":null,"check_date:opening_hours":null,"contact:facebook":null,"contact:instagram":null,"contact:website":null,"contact:whatsapp":null,"cuisine":null,"currency:XBT":null,"delivery":null,"description":null,"diet:gluten_free":null,"diet:organic":null,"diet:vegan":null,"diet:vegetarian":null,"dog":null,"drink:espresso":null,"drink:filter_coffee":null,"drive_through":null,"email":null,"fixme":null,"floor":null,"indoor":null,"indoor_seating":null,"internet_access":null,"internet_access:fee":null,"internet_access:ssid":null,"level":null,"location":null,"name":"Pal Break","name:de":null,"name:en":null,"name:es":null,"name:fr":null,"note:opening_hours":null,"official_name":null,"opening_hours":null,"opening_hours:es":null,"opening_hours:signed":null,"operator":null,"outdoor_seating":null,"payment:app":null,"payment:apple_pay":null,"payment:cards":null,"payment:cash":null,"payment:contactless":null,"payment:credit_cards":null,"payment:debit_cards":null,"payment:google_pay":null,"payment:lightning":null,"payment:lightning_contactless":null,"payment:onchain":null,"pets":null,"phone":null,"service:electricity":null,"shop":null,"smoking":null,"source":null,"takeaway":null,"toilets":null,"toilets:access":null,"toilets:wheelchair":null,"tourism":null,"url":null,"website":null,"website:menu":null,"wheelchair":null,"wifi":null},"geometry":{"type":"Point","coordinates":[-74.0684715,4.6192609]}},
{"type":"Feature","properties":{"fid":900,"id":"node/6328222855","@id":"node/6328222855","addr:city":null,"addr:country":null,"addr:door":null,"addr:floor":null,"addr:full":null,"addr:housename":null,"addr:housenumber":"32-92","addr:place":null,"addr:postcode":null,"addr:street":"Carrera 13","addr:unit":null,"air_conditioning":null,"alt_name":null,"amenity":"cafe","baby_feeding":null,"bar":null,"branch":null,"brand":null,"brand:wikidata":null,"brand:wikipedia":null,"building":null,"capacity":null,"check_date":null,"check_date:opening_hours":null,"contact:facebook":null,"contact:instagram":null,"contact:website":null,"contact:whatsapp":null,"cuisine":null,"currency:XBT":null,"delivery":null,"description":null,"diet:gluten_free":null,"diet:organic":null,"diet:vegan":null,"diet:vegetarian":null,"dog":null,"drink:espresso":null,"drink:filter_coffee":null,"drive_through":null,"email":null,"fixme":null,"floor":null,"indoor":null,"indoor_seating":null,"internet_access":null,"internet_access:fee":null,"internet_access:ssid":null,"level":null,"location":null,"name":"Café 32","name:de":null,"name:en":null,"name:es":null,"name:fr":null,"note:opening_hours":null,"official_name":null,"opening_hours":null,"opening_hours:es":null,"opening_hours:signed":null,"operator":null,"outdoor_seating":null,"payment:app":null,"payment:apple_pay":null,"payment:cards":null,"payment:cash":null,"payment:contactless":null,"payment:credit_cards":null,"payment:debit_cards":null,"payment:google_pay":null,"payment:lightning":null,"payment:lightning_contactless":null,"payment:onchain":null,"pets":null,"phone":"+57 1 285 4420","service:electricity":null,"shop":null,"smoking":null,"source":null,"takeaway":null,"toilets":null,"toilets:access":null,"toilets:wheelchair":null,"tourism":null,"url":null,"website":null,"website:menu":null,"wheelchair":null,"wifi":null},"geometry":{"type":"Point","coordinates":[-74.0683563,4.6200374]}},
{"type":"Feature","properties":{"fid":901,"id":"node/6328222877","@id":"node/6328222877","addr:city":null,"addr:country":null,"addr:door":null,"addr:floor":null,"addr:full":null,"addr:housename":null,"addr:housenumber":"33-62","addr:place":null,"addr:postcode":null,"addr:street":"Carrera 13","addr:unit":null,"air_conditioning":null,"alt_name":null,"amenity":"cafe","baby_feeding":null,"bar":null,"branch":null,"brand":null,"brand:wikidata":null,"brand:wikipedia":null,"building":null,"capacity":null,"check_date":null,"check_date:opening_hours":null,"contact:facebook":null,"contact:instagram":null,"contact:website":null,"contact:whatsapp":null,"cuisine":null,"currency:XBT":null,"delivery":"yes","description":null,"diet:gluten_free":null,"diet:organic":null,"diet:vegan":null,"diet:vegetarian":null,"dog":null,"drink:espresso":null,"drink:filter_coffee":null,"drive_through":null,"email":null,"fixme":null,"floor":null,"indoor":null,"indoor_seating":null,"internet_access":null,"internet_access:fee":null,"internet_access:ssid":null,"level":null,"location":null,"name":"Café Bar Jack Daniels","name:de":null,"name:en":null,"name:es":null,"name:fr":null,"note:opening_hours":null,"official_name":null,"opening_hours":null,"opening_hours:es":null,"opening_hours:signed":null,"operator":null,"outdoor_seating":null,"payment:app":null,"payment:apple_pay":null,"payment:cards":null,"payment:cash":null,"payment:contactless":null,"payment:credit_cards":null,"payment:debit_cards":null,"payment:google_pay":null,"payment:lightning":null,"payment:lightning_contactless":null,"payment:onchain":null,"pets":null,"phone":"+57 1 608 6088;+57 1 245 7308","service:electricity":null,"shop":null,"smoking":null,"source":null,"takeaway":null,"toilets":null,"toilets:access":null,"toilets:wheelchair":null,"tourism":null,"url":null,"website":null,"website:menu":null,"wheelchair":null,"wifi":null},"geometry":{"type":"Point","coordinates":[-74.068177300000016,4.6210314]}},
{"type":"Feature","properties":{"fid":904,"id":"node/6329709732","@id":"node/6329709732","addr:city":null,"addr:country":null,"addr:door":null,"addr:floor":null,"addr:full":null,"addr:housename":null,"addr:housenumber":"45A-17","addr:place":null,"addr:postcode":null,"addr:street":"Carrera 19","addr:unit":null,"air_conditioning":null,"alt_name":null,"amenity":"cafe","baby_feeding":null,"bar":null,"branch":null,"brand":null,"brand:wikidata":null,"brand:wikipedia":null,"building":null,"capacity":null,"check_date":null,"check_date:opening_hours":null,"contact:facebook":null,"contact:instagram":null,"contact:website":null,"contact:whatsapp":null,"cuisine":null,"currency:XBT":null,"delivery":null,"description":null,"diet:gluten_free":null,"diet:organic":null,"diet:vegan":null,"diet:vegetarian":null,"dog":null,"drink:espresso":null,"drink:filter_coffee":null,"drive_through":null,"email":null,"fixme":null,"floor":null,"indoor":null,"indoor_seating":null,"internet_access":null,"internet_access:fee":null,"internet_access:ssid":null,"level":null,"location":null,"name":"El Café de la Maldita Vanidad","name:de":null,"name:en":null,"name:es":null,"name:fr":null,"note:opening_hours":null,"official_name":null,"opening_hours":null,"opening_hours:es":null,"opening_hours:signed":null,"operator":null,"outdoor_seating":"no","payment:app":null,"payment:apple_pay":null,"payment:cards":null,"payment:cash":null,"payment:contactless":null,"payment:credit_cards":null,"payment:debit_cards":null,"payment:google_pay":null,"payment:lightning":null,"payment:lightning_contactless":null,"payment:onchain":null,"pets":null,"phone":null,"service:electricity":null,"shop":null,"smoking":null,"source":null,"takeaway":null,"toilets":null,"toilets:access":null,"toilets:wheelchair":null,"tourism":null,"url":null,"website":"https://www.lamalditavanidadteatro.com/elcafe","website:menu":null,"wheelchair":null,"wifi":null},"geometry":{"type":"Point","coordinates":[-74.0719121,4.6340069]}},
{"type":"Feature","properties":{"fid":905,"id":"node/6329709738","@id":"node/6329709738","addr:city":null,"addr:country":null,"addr:door":null,"addr:floor":null,"addr:full":null,"addr:housename":null,"addr:housenumber":null,"addr:place":null,"addr:postcode":null,"addr:street":null,"addr:unit":null,"air_conditioning":null,"alt_name":null,"amenity":"cafe","baby_feeding":null,"bar":null,"branch":null,"brand":null,"brand:wikidata":null,"brand:wikipedia":null,"building":null,"capacity":null,"check_date":null,"check_date:opening_hours":null,"contact:facebook":null,"contact:instagram":null,"contact:website":null,"contact:whatsapp":null,"cuisine":null,"currency:XBT":null,"delivery":null,"description":null,"diet:gluten_free":null,"diet:organic":null,"diet:vegan":null,"diet:vegetarian":null,"dog":null,"drink:espresso":null,"drink:filter_coffee":null,"drive_through":null,"email":null,"fixme":null,"floor":null,"indoor":null,"indoor_seating":null,"internet_access":"wlan","internet_access:fee":null,"internet_access:ssid":null,"level":null,"location":null,"name":"Café Marrón","name:de":null,"name:en":null,"name:es":null,"name:fr":null,"note:opening_hours":null,"official_name":null,"opening_hours":null,"opening_hours:es":null,"opening_hours:signed":null,"operator":null,"outdoor_seating":"no","payment:app":null,"payment:apple_pay":null,"payment:cards":null,"payment:cash":null,"payment:contactless":null,"payment:credit_cards":null,"payment:debit_cards":null,"payment:google_pay":null,"payment:lightning":null,"payment:lightning_contactless":null,"payment:onchain":null,"pets":null,"phone":null,"service:electricity":null,"shop":null,"smoking":null,"source":null,"takeaway":null,"toilets":null,"toilets:access":null,"toilets:wheelchair":null,"tourism":null,"url":null,"website":null,"website:menu":null,"wheelchair":null,"wifi":null},"geometry":{"type":"Point","coordinates":[-74.0719873,4.6335827]}},
{"type":"Feature","properties":{"fid":906,"id":"node/6329844837","@id":"node/6329844837","addr:city":null,"addr:country":null,"addr:door":null,"addr:floor":null,"addr:full":null,"addr:housename":null,"addr:housenumber":"48-13","addr:place":null,"addr:postcode":null,"addr:street":"Carrera 8","addr:unit":null,"air_conditioning":null,"alt_name":null,"amenity":"cafe","baby_feeding":null,"bar":null,"branch":null,"brand":null,"brand:wikidata":null,"brand:wikipedia":null,"building":null,"capacity":null,"check_date":null,"check_date:opening_hours":null,"contact:facebook":"CadaLoco.co","contact:instagram":null,"contact:website":null,"contact:whatsapp":"+57 313 852 7043","cuisine":null,"currency:XBT":null,"delivery":null,"description":null,"diet:gluten_free":null,"diet:organic":null,"diet:vegan":null,"diet:vegetarian":null,"dog":null,"drink:espresso":null,"drink:filter_coffee":null,"drive_through":null,"email":null,"fixme":null,"floor":null,"indoor":null,"indoor_seating":null,"internet_access":null,"internet_access:fee":null,"internet_access:ssid":null,"level":null,"location":null,"name":"Cada Loco con su Tema","name:de":null,"name:en":null,"name:es":null,"name:fr":null,"note:opening_hours":null,"official_name":null,"opening_hours":"09:00-22:00","opening_hours:es":null,"opening_hours:signed":null,"operator":null,"outdoor_seating":null,"payment:app":null,"payment:apple_pay":null,"payment:cards":null,"payment:cash":null,"payment:contactless":null,"payment:credit_cards":null,"payment:debit_cards":null,"payment:google_pay":null,"payment:lightning":null,"payment:lightning_contactless":null,"payment:onchain":null,"pets":null,"phone":"+57 1 457 3257","service:electricity":null,"shop":null,"smoking":null,"source":null,"takeaway":null,"toilets":null,"toilets:access":null,"toilets:wheelchair":null,"tourism":null,"url":null,"website":"http://cadaloco.co","website:menu":null,"wheelchair":null,"wifi":null},"geometry":{"type":"Point","coordinates":[-74.064468,4.6351633]}},
{"type":"Feature","properties":{"fid":909,"id":"node/6329883259","@id":"node/6329883259","addr:city":null,"addr:country":null,"addr:door":null,"addr:floor":null,"addr:full":null,"addr:housename":null,"addr:housenumber":null,"addr:place":null,"addr:postcode":null,"addr:street":null,"addr:unit":null,"air_conditioning":null,"alt_name":null,"amenity":"cafe","baby_feeding":null,"bar":null,"branch":null,"brand":null,"brand:wikidata":null,"brand:wikipedia":null,"building":null,"capacity":null,"check_date":null,"check_date:opening_hours":null,"contact:facebook":null,"contact:instagram":null,"contact:website":null,"contact:whatsapp":null,"cuisine":null,"currency:XBT":null,"delivery":null,"description":null,"diet:gluten_free":null,"diet:organic":null,"diet:vegan":null,"diet:vegetarian":null,"dog":null,"drink:espresso":null,"drink:filter_coffee":null,"drive_through":null,"email":null,"fixme":null,"floor":null,"indoor":null,"indoor_seating":null,"internet_access":null,"internet_access:fee":null,"internet_access:ssid":null,"level":null,"location":null,"name":"K-feto","name:de":null,"name:en":null,"name:es":null,"name:fr":null,"note:opening_hours":null,"official_name":null,"opening_hours":null,"opening_hours:es":null,"opening_hours:signed":null,"operator":null,"outdoor_seating":null,"payment:app":null,"payment:apple_pay":null,"payment:cards":null,"payment:cash":null,"payment:contactless":null,"payment:credit_cards":null,"payment:debit_cards":null,"payment:google_pay":null,"payment:lightning":null,"payment:lightning_contactless":null,"payment:onchain":null,"pets":null,"phone":null,"service:electricity":null,"shop":null,"smoking":null,"source":null,"takeaway":null,"toilets":null,"toilets:access":null,"toilets:wheelchair":null,"tourism":null,"url":null,"website":null,"website:menu":null,"wheelchair":null,"wifi":null},"geometry":{"type":"Point","coordinates":[-74.0716796,4.612744]}},
{"type":"Feature","properties":{"fid":910,"id":"node/6329883263","@id":"node/6329883263","addr:city":null,"addr:country":null,"addr:door":null,"addr:floor":null,"addr:full":null,"addr:housename":null,"addr:housenumber":null,"addr:place":null,"addr:postcode":null,"addr:street":null,"addr:unit":null,"air_conditioning":null,"alt_name":null,"amenity":"cafe","baby_feeding":null,"bar":null,"branch":null,"brand":null,"brand:wikidata":null,"brand:wikipedia":null,"building":null,"capacity":null,"check_date":null,"check_date:opening_hours":null,"contact:facebook":null,"contact:instagram":null,"contact:website":null,"contact:whatsapp":null,"cuisine":null,"currency:XBT":null,"delivery":null,"description":null,"diet:gluten_free":null,"diet:organic":null,"diet:vegan":null,"diet:vegetarian":null,"dog":null,"drink:espresso":null,"drink:filter_coffee":null,"drive_through":null,"email":null,"fixme":null,"floor":null,"indoor":null,"indoor_seating":null,"internet_access":null,"internet_access:fee":null,"internet_access:ssid":null,"level":null,"location":null,"name":"Toffe Café","name:de":null,"name:en":null,"name:es":null,"name:fr":null,"note:opening_hours":null,"official_name":null,"opening_hours":null,"opening_hours:es":null,"opening_hours:signed":null,"operator":null,"outdoor_seating":null,"payment:app":null,"payment:apple_pay":null,"payment:cards":null,"payment:cash":null,"payment:contactless":null,"payment:credit_cards":null,"payment:debit_cards":null,"payment:google_pay":null,"payment:lightning":null,"payment:lightning_contactless":null,"payment:onchain":null,"pets":null,"phone":null,"service:electricity":null,"shop":null,"smoking":null,"source":null,"takeaway":null,"toilets":null,"toilets:access":null,"toilets:wheelchair":null,"tourism":null,"url":null,"website":null,"website:menu":null,"wheelchair":null,"wifi":null},"geometry":{"type":"Point","coordinates":[-74.0716467,4.6120556]}},
{"type":"Feature","properties":{"fid":911,"id":"node/6329883269","@id":"node/6329883269","addr:city":null,"addr:country":null,"addr:door":null,"addr:floor":null,"addr:full":null,"addr:housename":null,"addr:housenumber":null,"addr:place":null,"addr:postcode":null,"addr:street":null,"addr:unit":null,"air_conditioning":null,"alt_name":null,"amenity":"cafe","baby_feeding":null,"bar":null,"branch":null,"brand":null,"brand:wikidata":null,"brand:wikipedia":null,"building":null,"capacity":null,"check_date":null,"check_date:opening_hours":null,"contact:facebook":null,"contact:instagram":null,"contact:website":null,"contact:whatsapp":null,"cuisine":null,"currency:XBT":null,"delivery":null,"description":null,"diet:gluten_free":null,"diet:organic":null,"diet:vegan":null,"diet:vegetarian":null,"dog":null,"drink:espresso":null,"drink:filter_coffee":null,"drive_through":null,"email":null,"fixme":null,"floor":null,"indoor":null,"indoor_seating":null,"internet_access":null,"internet_access:fee":null,"internet_access:ssid":null,"level":null,"location":null,"name":"Rapifrutis","name:de":null,"name:en":null,"name:es":null,"name:fr":null,"note:opening_hours":null,"official_name":null,"opening_hours":null,"opening_hours:es":null,"opening_hours:signed":null,"operator":null,"outdoor_seating":null,"payment:app":null,"payment:apple_pay":null,"payment:cards":null,"payment:cash":null,"payment:contactless":null,"payment:credit_cards":null,"payment:debit_cards":null,"payment:google_pay":null,"payment:lightning":null,"payment:lightning_contactless":null,"payment:onchain":null,"pets":null,"phone":null,"service:electricity":null,"shop":null,"smoking":null,"source":null,"takeaway":null,"toilets":null,"toilets:access":null,"toilets:wheelchair":null,"tourism":null,"url":null,"website":null,"website:menu":null,"wheelchair":null,"wifi":null},"geometry":{"type":"Point","coordinates":[-74.0721041,4.6120619]}},
{"type":"Feature","properties":{"fid":912,"id":"node/6329883270","@id":"node/6329883270","addr:city":null,"addr:country":null,"addr:door":null,"addr:floor":null,"addr:full":null,"addr:housename":null,"addr:housenumber":null,"addr:place":null,"addr:postcode":null,"addr:street":null,"addr:unit":null,"air_conditioning":null,"alt_name":null,"amenity":"cafe","baby_feeding":null,"bar":null,"branch":null,"brand":null,"brand:wikidata":null,"brand:wikipedia":null,"building":null,"capacity":null,"check_date":null,"check_date:opening_hours":null,"contact:facebook":null,"contact:instagram":null,"contact:website":null,"contact:whatsapp":null,"cuisine":null,"currency:XBT":null,"delivery":null,"description":"Crema de Avena de la Casa","diet:gluten_free":null,"diet:organic":null,"diet:vegan":null,"diet:vegetarian":null,"dog":null,"drink:espresso":null,"drink:filter_coffee":null,"drive_through":null,"email":null,"fixme":null,"floor":null,"indoor":null,"indoor_seating":null,"internet_access":null,"internet_access:fee":null,"internet_access:ssid":null,"level":null,"location":null,"name":null,"name:de":null,"name:en":null,"name:es":null,"name:fr":null,"note:opening_hours":null,"official_name":null,"opening_hours":null,"opening_hours:es":null,"opening_hours:signed":null,"operator":null,"outdoor_seating":null,"payment:app":null,"payment:apple_pay":null,"payment:cards":null,"payment:cash":null,"payment:contactless":null,"payment:credit_cards":null,"payment:debit_cards":null,"payment:google_pay":null,"payment:lightning":null,"payment:lightning_contactless":null,"payment:onchain":null,"pets":null,"phone":null,"service:electricity":null,"shop":null,"smoking":null,"source":null,"takeaway":null,"toilets":null,"toilets:access":null,"toilets:wheelchair":null,"tourism":null,"url":null,"website":null,"website:menu":null,"wheelchair":null,"wifi":null},"geometry":{"type":"Point","coordinates":[-74.0720747,4.6120885]}},
{"type":"Feature","properties":{"fid":913,"id":"node/6329883273","@id":"node/6329883273","addr:city":null,"addr:country":null,"addr:door":null,"addr:floor":null,"addr:full":null,"addr:housename":null,"addr:housenumber":null,"addr:place":null,"addr:postcode":null,"addr:street":null,"addr:unit":null,"air_conditioning":null,"alt_name":null,"amenity":"cafe","baby_feeding":null,"bar":null,"branch":null,"brand":null,"brand:wikidata":null,"brand:wikipedia":null,"building":null,"capacity":null,"check_date":null,"check_date:opening_hours":null,"contact:facebook":null,"contact:instagram":null,"contact:website":null,"contact:whatsapp":null,"cuisine":null,"currency:XBT":null,"delivery":null,"description":null,"diet:gluten_free":null,"diet:organic":null,"diet:vegan":null,"diet:vegetarian":null,"dog":null,"drink:espresso":null,"drink:filter_coffee":null,"drive_through":null,"email":null,"fixme":null,"floor":null,"indoor":null,"indoor_seating":null,"internet_access":null,"internet_access:fee":null,"internet_access:ssid":null,"level":null,"location":null,"name":null,"name:de":null,"name:en":null,"name:es":null,"name:fr":null,"note:opening_hours":null,"official_name":null,"opening_hours":null,"opening_hours:es":null,"opening_hours:signed":null,"operator":null,"outdoor_seating":null,"payment:app":null,"payment:apple_pay":null,"payment:cards":null,"payment:cash":null,"payment:contactless":null,"payment:credit_cards":null,"payment:debit_cards":null,"payment:google_pay":null,"payment:lightning":null,"payment:lightning_contactless":null,"payment:onchain":null,"pets":null,"phone":null,"service:electricity":null,"shop":null,"smoking":null,"source":null,"takeaway":null,"toilets":null,"toilets:access":null,"toilets:wheelchair":null,"tourism":null,"url":null,"website":null,"website:menu":null,"wheelchair":null,"wifi":null},"geometry":{"type":"Point","coordinates":[-74.072017800000012,4.612171]}},
{"type":"Feature","properties":{"fid":914,"id":"node/6329883280","@id":"node/6329883280","addr:city":null,"addr:country":null,"addr:door":null,"addr:floor":null,"addr:full":null,"addr:housename":null,"addr:housenumber":null,"addr:place":null,"addr:postcode":null,"addr:street":null,"addr:unit":null,"air_conditioning":null,"alt_name":null,"amenity":"cafe","baby_feeding":null,"bar":null,"branch":null,"brand":null,"brand:wikidata":null,"brand:wikipedia":null,"building":null,"capacity":null,"check_date":null,"check_date:opening_hours":null,"contact:facebook":null,"contact:instagram":null,"contact:website":null,"contact:whatsapp":null,"cuisine":null,"currency:XBT":null,"delivery":null,"description":null,"diet:gluten_free":null,"diet:organic":null,"diet:vegan":null,"diet:vegetarian":null,"dog":null,"drink:espresso":null,"drink:filter_coffee":null,"drive_through":null,"email":null,"fixme":null,"floor":null,"indoor":null,"indoor_seating":null,"internet_access":null,"internet_access:fee":null,"internet_access:ssid":null,"level":null,"location":null,"name":"Cafetin Express","name:de":null,"name:en":null,"name:es":null,"name:fr":null,"note:opening_hours":null,"official_name":null,"opening_hours":null,"opening_hours:es":null,"opening_hours:signed":null,"operator":null,"outdoor_seating":null,"payment:app":null,"payment:apple_pay":null,"payment:cards":null,"payment:cash":null,"payment:contactless":null,"payment:credit_cards":null,"payment:debit_cards":null,"payment:google_pay":null,"payment:lightning":null,"payment:lightning_contactless":null,"payment:onchain":null,"pets":null,"phone":null,"service:electricity":null,"shop":null,"smoking":null,"source":null,"takeaway":null,"toilets":null,"toilets:access":null,"toilets:wheelchair":null,"tourism":null,"url":null,"website":null,"website:menu":null,"wheelchair":null,"wifi":null},"geometry":{"type":"Point","coordinates":[-74.0722607,4.6115277]}},
{"type":"Feature","properties":{"fid":915,"id":"node/6329883787","@id":"node/6329883787","addr:city":null,"addr:country":null,"addr:door":null,"addr:floor":null,"addr:full":null,"addr:housename":null,"addr:housenumber":null,"addr:place":null,"addr:postcode":null,"addr:street":null,"addr:unit":null,"air_conditioning":null,"alt_name":null,"amenity":"cafe","baby_feeding":null,"bar":null,"branch":null,"brand":"Tostao’","brand:wikidata":"Q60632476","brand:wikipedia":null,"building":null,"capacity":null,"check_date":null,"check_date:opening_hours":null,"contact:facebook":null,"contact:instagram":null,"contact:website":null,"contact:whatsapp":null,"cuisine":"coffee_shop","currency:XBT":null,"delivery":null,"description":null,"diet:gluten_free":null,"diet:organic":null,"diet:vegan":null,"diet:vegetarian":null,"dog":null,"drink:espresso":null,"drink:filter_coffee":null,"drive_through":null,"email":null,"fixme":null,"floor":null,"indoor":null,"indoor_seating":null,"internet_access":null,"internet_access:fee":null,"internet_access:ssid":null,"level":null,"location":null,"name":"Tostao’","name:de":null,"name:en":null,"name:es":"Tostao’","name:fr":null,"note:opening_hours":null,"official_name":null,"opening_hours":null,"opening_hours:es":null,"opening_hours:signed":null,"operator":null,"outdoor_seating":null,"payment:app":null,"payment:apple_pay":null,"payment:cards":null,"payment:cash":null,"payment:contactless":null,"payment:credit_cards":null,"payment:debit_cards":null,"payment:google_pay":null,"payment:lightning":null,"payment:lightning_contactless":null,"payment:onchain":null,"pets":null,"phone":null,"service:electricity":null,"shop":null,"smoking":null,"source":null,"takeaway":null,"toilets":null,"toilets:access":null,"toilets:wheelchair":null,"tourism":null,"url":null,"website":null,"website:menu":null,"wheelchair":null,"wifi":null},"geometry":{"type":"Point","coordinates":[-74.0728523,4.6111688]}},
{"type":"Feature","properties":{"fid":917,"id":"node/6339957634","@id":"node/6339957634","addr:city":null,"addr:country":null,"addr:door":null,"addr:floor":null,"addr:full":null,"addr:housename":null,"addr:housenumber":"6-40","addr:place":null,"addr:postcode":null,"addr:street":"Calle 30","addr:unit":null,"air_conditioning":null,"alt_name":null,"amenity":"cafe","baby_feeding":null,"bar":null,"branch":null,"brand":null,"brand:wikidata":null,"brand:wikipedia":null,"building":null,"capacity":null,"check_date":null,"check_date:opening_hours":null,"contact:facebook":null,"contact:instagram":null,"contact:website":null,"contact:whatsapp":null,"cuisine":null,"currency:XBT":null,"delivery":null,"description":null,"diet:gluten_free":null,"diet:organic":null,"diet:vegan":null,"diet:vegetarian":null,"dog":null,"drink:espresso":null,"drink:filter_coffee":null,"drive_through":null,"email":null,"fixme":null,"floor":null,"indoor":null,"indoor_seating":null,"internet_access":null,"internet_access:fee":null,"internet_access:ssid":null,"level":null,"location":null,"name":null,"name:de":null,"name:en":null,"name:es":null,"name:fr":null,"note:opening_hours":null,"official_name":null,"opening_hours":null,"opening_hours:es":null,"opening_hours:signed":null,"operator":null,"outdoor_seating":null,"payment:app":null,"payment:apple_pay":null,"payment:cards":null,"payment:cash":null,"payment:contactless":null,"payment:credit_cards":null,"payment:debit_cards":null,"payment:google_pay":null,"payment:lightning":null,"payment:lightning_contactless":null,"payment:onchain":null,"pets":null,"phone":null,"service:electricity":null,"shop":null,"smoking":null,"source":null,"takeaway":null,"toilets":null,"toilets:access":null,"toilets:wheelchair":null,"tourism":null,"url":null,"website":null,"website:menu":null,"wheelchair":null,"wifi":null},"geometry":{"type":"Point","coordinates":[-74.068075,4.61643]}},
{"type":"Feature","properties":{"fid":918,"id":"node/6343933709","@id":"node/6343933709","addr:city":null,"addr:country":null,"addr:door":null,"addr:floor":null,"addr:full":null,"addr:housename":null,"addr:housenumber":null,"addr:place":null,"addr:postcode":null,"addr:street":null,"addr:unit":null,"air_conditioning":null,"alt_name":null,"amenity":"cafe","baby_feeding":null,"bar":null,"branch":null,"brand":null,"brand:wikidata":null,"brand:wikipedia":null,"building":null,"capacity":null,"check_date":null,"check_date:opening_hours":null,"contact:facebook":null,"contact:instagram":null,"contact:website":null,"contact:whatsapp":null,"cuisine":null,"currency:XBT":null,"delivery":null,"description":null,"diet:gluten_free":null,"diet:organic":null,"diet:vegan":null,"diet:vegetarian":null,"dog":null,"drink:espresso":null,"drink:filter_coffee":null,"drive_through":null,"email":null,"fixme":null,"floor":null,"indoor":null,"indoor_seating":null,"internet_access":null,"internet_access:fee":null,"internet_access:ssid":null,"level":null,"location":null,"name":null,"name:de":null,"name:en":null,"name:es":null,"name:fr":null,"note:opening_hours":null,"official_name":null,"opening_hours":null,"opening_hours:es":null,"opening_hours:signed":null,"operator":null,"outdoor_seating":null,"payment:app":null,"payment:apple_pay":null,"payment:cards":null,"payment:cash":null,"payment:contactless":null,"payment:credit_cards":null,"payment:debit_cards":null,"payment:google_pay":null,"payment:lightning":null,"payment:lightning_contactless":null,"payment:onchain":null,"pets":null,"phone":null,"service:electricity":null,"shop":null,"smoking":null,"source":null,"takeaway":null,"toilets":null,"toilets:access":null,"toilets:wheelchair":null,"tourism":null,"url":null,"website":null,"website:menu":null,"wheelchair":null,"wifi":null},"geometry":{"type":"Point","coordinates":[-74.0753284,4.6201684]}},
{"type":"Feature","properties":{"fid":927,"id":"node/6387004024","@id":"node/6387004024","addr:city":null,"addr:country":null,"addr:door":null,"addr:floor":null,"addr:full":null,"addr:housename":null,"addr:housenumber":null,"addr:place":null,"addr:postcode":null,"addr:street":null,"addr:unit":null,"air_conditioning":null,"alt_name":null,"amenity":"cafe","baby_feeding":null,"bar":null,"branch":null,"brand":null,"brand:wikidata":null,"brand:wikipedia":null,"building":null,"capacity":null,"check_date":null,"check_date:opening_hours":null,"contact:facebook":null,"contact:instagram":null,"contact:website":null,"contact:whatsapp":null,"cuisine":null,"currency:XBT":null,"delivery":null,"description":null,"diet:gluten_free":null,"diet:organic":null,"diet:vegan":null,"diet:vegetarian":null,"dog":null,"drink:espresso":null,"drink:filter_coffee":null,"drive_through":null,"email":null,"fixme":null,"floor":null,"indoor":null,"indoor_seating":null,"internet_access":null,"internet_access:fee":null,"internet_access:ssid":null,"level":null,"location":null,"name":null,"name:de":null,"name:en":null,"name:es":null,"name:fr":null,"note:opening_hours":null,"official_name":null,"opening_hours":null,"opening_hours:es":null,"opening_hours:signed":null,"operator":null,"outdoor_seating":null,"payment:app":null,"payment:apple_pay":null,"payment:cards":null,"payment:cash":null,"payment:contactless":null,"payment:credit_cards":null,"payment:debit_cards":null,"payment:google_pay":null,"payment:lightning":null,"payment:lightning_contactless":null,"payment:onchain":null,"pets":null,"phone":null,"service:electricity":null,"shop":null,"smoking":null,"source":null,"takeaway":null,"toilets":null,"toilets:access":null,"toilets:wheelchair":null,"tourism":null,"url":null,"website":null,"website:menu":null,"wheelchair":null,"wifi":null},"geometry":{"type":"Point","coordinates":[-74.0698018,4.6416051]}},
{"type":"Feature","properties":{"fid":929,"id":"node/6388334183","@id":"node/6388334183","addr:city":null,"addr:country":null,"addr:door":null,"addr:floor":null,"addr:full":null,"addr:housename":null,"addr:housenumber":null,"addr:place":null,"addr:postcode":null,"addr:street":null,"addr:unit":null,"air_conditioning":null,"alt_name":null,"amenity":"cafe","baby_feeding":null,"bar":null,"branch":null,"brand":null,"brand:wikidata":null,"brand:wikipedia":null,"building":null,"capacity":null,"check_date":null,"check_date:opening_hours":null,"contact:facebook":null,"contact:instagram":null,"contact:website":null,"contact:whatsapp":null,"cuisine":null,"currency:XBT":null,"delivery":null,"description":null,"diet:gluten_free":null,"diet:organic":null,"diet:vegan":null,"diet:vegetarian":null,"dog":null,"drink:espresso":null,"drink:filter_coffee":null,"drive_through":null,"email":null,"fixme":null,"floor":null,"indoor":null,"indoor_seating":null,"internet_access":null,"internet_access:fee":null,"internet_access:ssid":null,"level":null,"location":null,"name":null,"name:de":null,"name:en":null,"name:es":null,"name:fr":null,"note:opening_hours":null,"official_name":null,"opening_hours":null,"opening_hours:es":null,"opening_hours:signed":null,"operator":null,"outdoor_seating":null,"payment:app":null,"payment:apple_pay":null,"payment:cards":null,"payment:cash":null,"payment:contactless":null,"payment:credit_cards":null,"payment:debit_cards":null,"payment:google_pay":null,"payment:lightning":null,"payment:lightning_contactless":null,"payment:onchain":null,"pets":null,"phone":null,"service:electricity":null,"shop":null,"smoking":null,"source":null,"takeaway":null,"toilets":null,"toilets:access":null,"toilets:wheelchair":null,"tourism":null,"url":null,"website":null,"website:menu":null,"wheelchair":null,"wifi":null},"geometry":{"type":"Point","coordinates":[-74.0696313,4.6455944]}},
{"type":"Feature","properties":{"fid":930,"id":"node/6388382323","@id":"node/6388382323","addr:city":null,"addr:country":null,"addr:door":null,"addr:floor":null,"addr:full":null,"addr:housename":null,"addr:housenumber":null,"addr:place":null,"addr:postcode":null,"addr:street":null,"addr:unit":null,"air_conditioning":null,"alt_name":null,"amenity":"cafe","baby_feeding":null,"bar":null,"branch":null,"brand":null,"brand:wikidata":null,"brand:wikipedia":null,"building":null,"capacity":null,"check_date":null,"check_date:opening_hours":null,"contact:facebook":null,"contact:instagram":null,"contact:website":null,"contact:whatsapp":null,"cuisine":null,"currency:XBT":null,"delivery":null,"description":null,"diet:gluten_free":null,"diet:organic":null,"diet:vegan":null,"diet:vegetarian":null,"dog":null,"drink:espresso":null,"drink:filter_coffee":null,"drive_through":null,"email":null,"fixme":null,"floor":null,"indoor":null,"indoor_seating":null,"internet_access":null,"internet_access:fee":null,"internet_access:ssid":null,"level":null,"location":null,"name":"Ambar Coffee","name:de":null,"name:en":null,"name:es":null,"name:fr":null,"note:opening_hours":null,"official_name":null,"opening_hours":null,"opening_hours:es":null,"opening_hours:signed":null,"operator":null,"outdoor_seating":null,"payment:app":null,"payment:apple_pay":null,"payment:cards":null,"payment:cash":null,"payment:contactless":null,"payment:credit_cards":null,"payment:debit_cards":null,"payment:google_pay":null,"payment:lightning":null,"payment:lightning_contactless":null,"payment:onchain":null,"pets":null,"phone":null,"service:electricity":null,"shop":null,"smoking":null,"source":null,"takeaway":null,"toilets":null,"toilets:access":null,"toilets:wheelchair":null,"tourism":null,"url":null,"website":null,"website:menu":null,"wheelchair":null,"wifi":null},"geometry":{"type":"Point","coordinates":[-74.0732984,4.6420477]}},
{"type":"Feature","properties":{"fid":931,"id":"node/6388382328","@id":"node/6388382328","addr:city":null,"addr:country":null,"addr:door":null,"addr:floor":null,"addr:full":null,"addr:housename":null,"addr:housenumber":null,"addr:place":null,"addr:postcode":null,"addr:street":null,"addr:unit":null,"air_conditioning":null,"alt_name":null,"amenity":"cafe","baby_feeding":null,"bar":null,"branch":null,"brand":null,"brand:wikidata":null,"brand:wikipedia":null,"building":null,"capacity":null,"check_date":null,"check_date:opening_hours":null,"contact:facebook":null,"contact:instagram":null,"contact:website":null,"contact:whatsapp":null,"cuisine":null,"currency:XBT":null,"delivery":null,"description":null,"diet:gluten_free":null,"diet:organic":null,"diet:vegan":null,"diet:vegetarian":null,"dog":null,"drink:espresso":null,"drink:filter_coffee":null,"drive_through":null,"email":null,"fixme":null,"floor":null,"indoor":null,"indoor_seating":null,"internet_access":null,"internet_access:fee":null,"internet_access:ssid":null,"level":null,"location":null,"name":"Umbi Cafe","name:de":null,"name:en":null,"name:es":null,"name:fr":null,"note:opening_hours":null,"official_name":null,"opening_hours":null,"opening_hours:es":null,"opening_hours:signed":null,"operator":null,"outdoor_seating":null,"payment:app":null,"payment:apple_pay":null,"payment:cards":null,"payment:cash":null,"payment:contactless":null,"payment:credit_cards":null,"payment:debit_cards":null,"payment:google_pay":null,"payment:lightning":null,"payment:lightning_contactless":null,"payment:onchain":null,"pets":null,"phone":null,"service:electricity":null,"shop":null,"smoking":null,"source":null,"takeaway":null,"toilets":null,"toilets:access":null,"toilets:wheelchair":null,"tourism":null,"url":null,"website":null,"website:menu":null,"wheelchair":"no","wifi":null},"geometry":{"type":"Point","coordinates":[-74.0730293,4.6420614]}},
{"type":"Feature","properties":{"fid":935,"id":"node/6397121117","@id":"node/6397121117","addr:city":null,"addr:country":null,"addr:door":null,"addr:floor":null,"addr:full":null,"addr:housename":null,"addr:housenumber":null,"addr:place":null,"addr:postcode":null,"addr:street":null,"addr:unit":null,"air_conditioning":null,"alt_name":null,"amenity":"cafe","baby_feeding":null,"bar":null,"branch":null,"brand":"Café OMA","brand:wikidata":"Q108929487","brand:wikipedia":null,"building":null,"capacity":null,"check_date":null,"check_date:opening_hours":null,"contact:facebook":null,"contact:instagram":null,"contact:website":null,"contact:whatsapp":null,"cuisine":"coffee_shop","currency:XBT":null,"delivery":null,"description":null,"diet:gluten_free":null,"diet:organic":null,"diet:vegan":null,"diet:vegetarian":null,"dog":null,"drink:espresso":null,"drink:filter_coffee":null,"drive_through":null,"email":null,"fixme":null,"floor":null,"indoor":null,"indoor_seating":null,"internet_access":null,"internet_access:fee":null,"internet_access:ssid":null,"level":null,"location":null,"name":"Café OMA","name:de":null,"name:en":null,"name:es":null,"name:fr":null,"note:opening_hours":null,"official_name":null,"opening_hours":null,"opening_hours:es":null,"opening_hours:signed":null,"operator":null,"outdoor_seating":null,"payment:app":null,"payment:apple_pay":null,"payment:cards":null,"payment:cash":null,"payment:contactless":null,"payment:credit_cards":null,"payment:debit_cards":null,"payment:google_pay":null,"payment:lightning":null,"payment:lightning_contactless":null,"payment:onchain":null,"pets":null,"phone":null,"service:electricity":null,"shop":null,"smoking":null,"source":null,"takeaway":"yes","toilets":null,"toilets:access":null,"toilets:wheelchair":null,"tourism":null,"url":null,"website":null,"website:menu":null,"wheelchair":null,"wifi":null},"geometry":{"type":"Point","coordinates":[-74.0697333,4.6162145]}},
{"type":"Feature","properties":{"fid":944,"id":"node/6446841540","@id":"node/6446841540","addr:city":null,"addr:country":null,"addr:door":null,"addr:floor":null,"addr:full":null,"addr:housename":null,"addr:housenumber":null,"addr:place":null,"addr:postcode":null,"addr:street":null,"addr:unit":null,"air_conditioning":null,"alt_name":null,"amenity":"cafe","baby_feeding":null,"bar":null,"branch":null,"brand":null,"brand:wikidata":null,"brand:wikipedia":null,"building":null,"capacity":null,"check_date":null,"check_date:opening_hours":null,"contact:facebook":null,"contact:instagram":null,"contact:website":null,"contact:whatsapp":null,"cuisine":null,"currency:XBT":null,"delivery":null,"description":"Café - Internet - Videojuegos","diet:gluten_free":null,"diet:organic":null,"diet:vegan":null,"diet:vegetarian":null,"dog":null,"drink:espresso":null,"drink:filter_coffee":null,"drive_through":null,"email":null,"fixme":null,"floor":null,"indoor":null,"indoor_seating":null,"internet_access":null,"internet_access:fee":null,"internet_access:ssid":null,"level":null,"location":null,"name":"Café l'Académie","name:de":null,"name:en":null,"name:es":null,"name:fr":null,"note:opening_hours":null,"official_name":null,"opening_hours":null,"opening_hours:es":null,"opening_hours:signed":null,"operator":null,"outdoor_seating":null,"payment:app":null,"payment:apple_pay":null,"payment:cards":null,"payment:cash":null,"payment:contactless":null,"payment:credit_cards":null,"payment:debit_cards":null,"payment:google_pay":null,"payment:lightning":null,"payment:lightning_contactless":null,"payment:onchain":null,"pets":null,"phone":null,"service:electricity":null,"shop":null,"smoking":null,"source":null,"takeaway":null,"toilets":null,"toilets:access":null,"toilets:wheelchair":null,"tourism":null,"url":null,"website":null,"website:menu":null,"wheelchair":null,"wifi":null},"geometry":{"type":"Point","coordinates":[-74.0723275,4.6207304]}},
{"type":"Feature","properties":{"fid":945,"id":"node/6492579691","@id":"node/6492579691","addr:city":null,"addr:country":null,"addr:door":null,"addr:floor":null,"addr:full":null,"addr:housename":null,"addr:housenumber":null,"addr:place":null,"addr:postcode":null,"addr:street":null,"addr:unit":null,"air_conditioning":null,"alt_name":null,"amenity":"cafe","baby_feeding":null,"bar":null,"branch":null,"brand":null,"brand:wikidata":null,"brand:wikipedia":null,"building":null,"capacity":null,"check_date":null,"check_date:opening_hours":null,"contact:facebook":null,"contact:instagram":null,"contact:website":null,"contact:whatsapp":null,"cuisine":null,"currency:XBT":null,"delivery":null,"description":null,"diet:gluten_free":null,"diet:organic":null,"diet:vegan":null,"diet:vegetarian":null,"dog":null,"drink:espresso":null,"drink:filter_coffee":null,"drive_through":null,"email":null,"fixme":null,"floor":null,"indoor":null,"indoor_seating":null,"internet_access":null,"internet_access:fee":null,"internet_access:ssid":null,"level":"0","location":null,"name":"Café de la Trocha","name:de":null,"name:en":null,"name:es":null,"name:fr":null,"note:opening_hours":null,"official_name":null,"opening_hours":null,"opening_hours:es":null,"opening_hours:signed":null,"operator":null,"outdoor_seating":"yes","payment:app":null,"payment:apple_pay":null,"payment:cards":null,"payment:cash":null,"payment:contactless":null,"payment:credit_cards":null,"payment:debit_cards":null,"payment:google_pay":null,"payment:lightning":null,"payment:lightning_contactless":null,"payment:onchain":null,"pets":null,"phone":null,"service:electricity":null,"shop":null,"smoking":null,"source":null,"takeaway":null,"toilets":"yes","toilets:access":null,"toilets:wheelchair":null,"tourism":null,"url":null,"website":null,"website:menu":null,"wheelchair":"yes","wifi":null},"geometry":{"type":"Point","coordinates":[-74.0984807,4.6686045]}},
{"type":"Feature","properties":{"fid":946,"id":"node/6501137712","@id":"node/6501137712","addr:city":null,"addr:country":null,"addr:door":null,"addr:floor":null,"addr:full":null,"addr:housename":null,"addr:housenumber":null,"addr:place":null,"addr:postcode":null,"addr:street":null,"addr:unit":null,"air_conditioning":null,"alt_name":null,"amenity":"cafe","baby_feeding":null,"bar":null,"branch":null,"brand":null,"brand:wikidata":null,"brand:wikipedia":null,"building":null,"capacity":null,"check_date":null,"check_date:opening_hours":null,"contact:facebook":null,"contact:instagram":null,"contact:website":null,"contact:whatsapp":null,"cuisine":null,"currency:XBT":null,"delivery":null,"description":null,"diet:gluten_free":null,"diet:organic":null,"diet:vegan":null,"diet:vegetarian":null,"dog":null,"drink:espresso":null,"drink:filter_coffee":null,"drive_through":null,"email":null,"fixme":null,"floor":null,"indoor":null,"indoor_seating":null,"internet_access":null,"internet_access:fee":null,"internet_access:ssid":null,"level":null,"location":null,"name":"Central Coffe","name:de":null,"name:en":null,"name:es":null,"name:fr":null,"note:opening_hours":null,"official_name":null,"opening_hours":null,"opening_hours:es":null,"opening_hours:signed":null,"operator":null,"outdoor_seating":null,"payment:app":null,"payment:apple_pay":null,"payment:cards":null,"payment:cash":null,"payment:contactless":null,"payment:credit_cards":null,"payment:debit_cards":null,"payment:google_pay":null,"payment:lightning":null,"payment:lightning_contactless":null,"payment:onchain":null,"pets":null,"phone":null,"service:electricity":null,"shop":null,"smoking":null,"source":null,"takeaway":null,"toilets":null,"toilets:access":null,"toilets:wheelchair":null,"tourism":null,"url":null,"website":null,"website:menu":null,"wheelchair":null,"wifi":null},"geometry":{"type":"Point","coordinates":[-74.071908,4.6259306]}},
{"type":"Feature","properties":{"fid":947,"id":"node/6501137715","@id":"node/6501137715","addr:city":null,"addr:country":null,"addr:door":null,"addr:floor":null,"addr:full":null,"addr:housename":null,"addr:housenumber":null,"addr:place":null,"addr:postcode":null,"addr:street":null,"addr:unit":null,"air_conditioning":null,"alt_name":null,"amenity":"cafe","baby_feeding":null,"bar":null,"branch":null,"brand":null,"brand:wikidata":null,"brand:wikipedia":null,"building":null,"capacity":null,"check_date":null,"check_date:opening_hours":null,"contact:facebook":null,"contact:instagram":null,"contact:website":null,"contact:whatsapp":null,"cuisine":null,"currency:XBT":null,"delivery":null,"description":null,"diet:gluten_free":null,"diet:organic":null,"diet:vegan":null,"diet:vegetarian":null,"dog":null,"drink:espresso":null,"drink:filter_coffee":null,"drive_through":null,"email":null,"fixme":null,"floor":null,"indoor":null,"indoor_seating":null,"internet_access":null,"internet_access:fee":null,"internet_access:ssid":null,"level":null,"location":null,"name":"Camel","name:de":null,"name:en":null,"name:es":null,"name:fr":null,"note:opening_hours":null,"official_name":null,"opening_hours":null,"opening_hours:es":null,"opening_hours:signed":null,"operator":null,"outdoor_seating":null,"payment:app":null,"payment:apple_pay":null,"payment:cards":null,"payment:cash":null,"payment:contactless":null,"payment:credit_cards":null,"payment:debit_cards":null,"payment:google_pay":null,"payment:lightning":null,"payment:lightning_contactless":null,"payment:onchain":null,"pets":null,"phone":null,"service:electricity":null,"shop":null,"smoking":null,"source":null,"takeaway":null,"toilets":null,"toilets:access":null,"toilets:wheelchair":null,"tourism":null,"url":null,"website":null,"website:menu":null,"wheelchair":null,"wifi":null},"geometry":{"type":"Point","coordinates":[-74.0725779,4.6257145]}},
{"type":"Feature","properties":{"fid":948,"id":"node/6518282688","@id":"node/6518282688","addr:city":"Bogotá D.C.","addr:country":null,"addr:door":null,"addr:floor":null,"addr:full":null,"addr:housename":null,"addr:housenumber":"52-00","addr:place":null,"addr:postcode":null,"addr:street":"Avenida Carrera 7","addr:unit":null,"air_conditioning":null,"alt_name":null,"amenity":"cafe","baby_feeding":null,"bar":null,"branch":null,"brand":null,"brand:wikidata":null,"brand:wikipedia":null,"building":null,"capacity":null,"check_date":null,"check_date:opening_hours":null,"contact:facebook":null,"contact:instagram":null,"contact:website":null,"contact:whatsapp":null,"cuisine":null,"currency:XBT":null,"delivery":null,"description":null,"diet:gluten_free":null,"diet:organic":null,"diet:vegan":null,"diet:vegetarian":null,"dog":null,"drink:espresso":null,"drink:filter_coffee":null,"drive_through":null,"email":null,"fixme":null,"floor":null,"indoor":null,"indoor_seating":null,"internet_access":null,"internet_access:fee":null,"internet_access:ssid":null,"level":null,"location":null,"name":"Leonard´s 2","name:de":null,"name:en":null,"name:es":null,"name:fr":null,"note:opening_hours":null,"official_name":null,"opening_hours":null,"opening_hours:es":null,"opening_hours:signed":null,"operator":null,"outdoor_seating":null,"payment:app":null,"payment:apple_pay":null,"payment:cards":null,"payment:cash":null,"payment:contactless":null,"payment:credit_cards":null,"payment:debit_cards":null,"payment:google_pay":null,"payment:lightning":null,"payment:lightning_contactless":null,"payment:onchain":null,"pets":null,"phone":null,"service:electricity":null,"shop":null,"smoking":null,"source":null,"takeaway":null,"toilets":null,"toilets:access":null,"toilets:wheelchair":null,"tourism":null,"url":null,"website":null,"website:menu":null,"wheelchair":null,"wifi":null},"geometry":{"type":"Point","coordinates":[-74.063074,4.6383891]}},
{"type":"Feature","properties":{"fid":949,"id":"node/6518595925","@id":"node/6518595925","addr:city":null,"addr:country":null,"addr:door":null,"addr:floor":null,"addr:full":null,"addr:housename":null,"addr:housenumber":null,"addr:place":null,"addr:postcode":null,"addr:street":null,"addr:unit":null,"air_conditioning":null,"alt_name":null,"amenity":"cafe","baby_feeding":null,"bar":null,"branch":null,"brand":null,"brand:wikidata":null,"brand:wikipedia":null,"building":null,"capacity":null,"check_date":null,"check_date:opening_hours":null,"contact:facebook":null,"contact:instagram":null,"contact:website":null,"contact:whatsapp":null,"cuisine":null,"currency:XBT":null,"delivery":null,"description":null,"diet:gluten_free":null,"diet:organic":null,"diet:vegan":null,"diet:vegetarian":null,"dog":null,"drink:espresso":null,"drink:filter_coffee":null,"drive_through":null,"email":null,"fixme":null,"floor":null,"indoor":null,"indoor_seating":null,"internet_access":null,"internet_access:fee":null,"internet_access:ssid":null,"level":null,"location":null,"name":null,"name:de":null,"name:en":null,"name:es":null,"name:fr":null,"note:opening_hours":null,"official_name":null,"opening_hours":null,"opening_hours:es":null,"opening_hours:signed":null,"operator":null,"outdoor_seating":null,"payment:app":null,"payment:apple_pay":null,"payment:cards":null,"payment:cash":null,"payment:contactless":null,"payment:credit_cards":null,"payment:debit_cards":null,"payment:google_pay":null,"payment:lightning":null,"payment:lightning_contactless":null,"payment:onchain":null,"pets":null,"phone":null,"service:electricity":null,"shop":null,"smoking":null,"source":null,"takeaway":null,"toilets":null,"toilets:access":null,"toilets:wheelchair":null,"tourism":null,"url":null,"website":null,"website:menu":null,"wheelchair":null,"wifi":null},"geometry":{"type":"Point","coordinates":[-74.0658545,4.6364408]}},
{"type":"Feature","properties":{"fid":950,"id":"node/6520199845","@id":"node/6520199845","addr:city":"Teusaquillo","addr:country":null,"addr:door":null,"addr:floor":null,"addr:full":null,"addr:housename":null,"addr:housenumber":"37-27","addr:place":null,"addr:postcode":null,"addr:street":"Carrera 16","addr:unit":null,"air_conditioning":null,"alt_name":null,"amenity":"cafe","baby_feeding":null,"bar":null,"branch":null,"brand":null,"brand:wikidata":null,"brand:wikipedia":null,"building":null,"capacity":null,"check_date":null,"check_date:opening_hours":null,"contact:facebook":null,"contact:instagram":null,"contact:website":null,"contact:whatsapp":null,"cuisine":null,"currency:XBT":null,"delivery":null,"description":null,"diet:gluten_free":null,"diet:organic":null,"diet:vegan":null,"diet:vegetarian":null,"dog":null,"drink:espresso":null,"drink:filter_coffee":null,"drive_through":null,"email":null,"fixme":null,"floor":null,"indoor":null,"indoor_seating":null,"internet_access":null,"internet_access:fee":null,"internet_access:ssid":null,"level":null,"location":null,"name":null,"name:de":null,"name:en":null,"name:es":null,"name:fr":null,"note:opening_hours":null,"official_name":null,"opening_hours":null,"opening_hours:es":null,"opening_hours:signed":null,"operator":null,"outdoor_seating":null,"payment:app":null,"payment:apple_pay":null,"payment:cards":null,"payment:cash":null,"payment:contactless":null,"payment:credit_cards":null,"payment:debit_cards":null,"payment:google_pay":null,"payment:lightning":null,"payment:lightning_contactless":null,"payment:onchain":null,"pets":null,"phone":null,"service:electricity":null,"shop":null,"smoking":null,"source":null,"takeaway":null,"toilets":null,"toilets:access":null,"toilets:wheelchair":null,"tourism":null,"url":null,"website":null,"website:menu":null,"wheelchair":null,"wifi":null},"geometry":{"type":"Point","coordinates":[-74.0708797,4.6262738]}},
{"type":"Feature","properties":{"fid":957,"id":"node/6693531687","@id":"node/6693531687","addr:city":null,"addr:country":null,"addr:door":null,"addr:floor":null,"addr:full":null,"addr:housename":null,"addr:housenumber":null,"addr:place":null,"addr:postcode":null,"addr:street":null,"addr:unit":null,"air_conditioning":null,"alt_name":null,"amenity":"cafe","baby_feeding":null,"bar":null,"branch":null,"brand":"Tostao’","brand:wikidata":"Q60632476","brand:wikipedia":null,"building":null,"capacity":null,"check_date":null,"check_date:opening_hours":null,"contact:facebook":null,"contact:instagram":null,"contact:website":null,"contact:whatsapp":null,"cuisine":"coffee_shop","currency:XBT":null,"delivery":null,"description":null,"diet:gluten_free":null,"diet:organic":null,"diet:vegan":null,"diet:vegetarian":null,"dog":null,"drink:espresso":null,"drink:filter_coffee":null,"drive_through":null,"email":null,"fixme":null,"floor":null,"indoor":null,"indoor_seating":null,"internet_access":null,"internet_access:fee":null,"internet_access:ssid":null,"level":null,"location":null,"name":"Tostao’","name:de":null,"name:en":null,"name:es":"Tostao’","name:fr":null,"note:opening_hours":null,"official_name":"TOSTAO’ Café & Pan","opening_hours":null,"opening_hours:es":null,"opening_hours:signed":null,"operator":null,"outdoor_seating":null,"payment:app":null,"payment:apple_pay":null,"payment:cards":null,"payment:cash":null,"payment:contactless":null,"payment:credit_cards":null,"payment:debit_cards":null,"payment:google_pay":null,"payment:lightning":null,"payment:lightning_contactless":null,"payment:onchain":null,"pets":null,"phone":null,"service:electricity":null,"shop":null,"smoking":null,"source":null,"takeaway":"yes","toilets":null,"toilets:access":null,"toilets:wheelchair":null,"tourism":null,"url":null,"website":null,"website:menu":null,"wheelchair":null,"wifi":null},"geometry":{"type":"Point","coordinates":[-74.0720488,4.6042578]}},
{"type":"Feature","properties":{"fid":958,"id":"node/6709092685","@id":"node/6709092685","addr:city":null,"addr:country":null,"addr:door":null,"addr:floor":null,"addr:full":null,"addr:housename":null,"addr:housenumber":null,"addr:place":null,"addr:postcode":null,"addr:street":"Avenida Calle 53","addr:unit":null,"air_conditioning":null,"alt_name":null,"amenity":"cafe","baby_feeding":null,"bar":null,"branch":null,"brand":"Tostao’","brand:wikidata":"Q60632476","brand:wikipedia":null,"building":null,"capacity":null,"check_date":null,"check_date:opening_hours":null,"contact:facebook":null,"contact:instagram":null,"contact:website":null,"contact:whatsapp":null,"cuisine":"coffee_shop","currency:XBT":null,"delivery":null,"description":null,"diet:gluten_free":null,"diet:organic":null,"diet:vegan":null,"diet:vegetarian":null,"dog":null,"drink:espresso":null,"drink:filter_coffee":null,"drive_through":null,"email":null,"fixme":null,"floor":null,"indoor":null,"indoor_seating":null,"internet_access":null,"internet_access:fee":null,"internet_access:ssid":null,"level":null,"location":null,"name":"Tostao’","name:de":null,"name:en":null,"name:es":"Tostao’","name:fr":null,"note:opening_hours":null,"official_name":"TOSTAO’ Café & Pan","opening_hours":null,"opening_hours:es":null,"opening_hours:signed":null,"operator":null,"outdoor_seating":null,"payment:app":null,"payment:apple_pay":null,"payment:cards":null,"payment:cash":null,"payment:contactless":null,"payment:credit_cards":null,"payment:debit_cards":null,"payment:google_pay":null,"payment:lightning":null,"payment:lightning_contactless":null,"payment:onchain":null,"pets":null,"phone":null,"service:electricity":null,"shop":null,"smoking":null,"source":null,"takeaway":"yes","toilets":null,"toilets:access":null,"toilets:wheelchair":null,"tourism":null,"url":null,"website":null,"website:menu":null,"wheelchair":null,"wifi":null},"geometry":{"type":"Point","coordinates":[-74.0724643,4.6416713]}},
{"type":"Feature","properties":{"fid":963,"id":"node/6788979971","@id":"node/6788979971","addr:city":null,"addr:country":null,"addr:door":null,"addr:floor":null,"addr:full":null,"addr:housename":null,"addr:housenumber":null,"addr:place":null,"addr:postcode":null,"addr:street":null,"addr:unit":null,"air_conditioning":null,"alt_name":null,"amenity":"cafe","baby_feeding":null,"bar":null,"branch":null,"brand":null,"brand:wikidata":null,"brand:wikipedia":null,"building":null,"capacity":null,"check_date":null,"check_date:opening_hours":null,"contact:facebook":null,"contact:instagram":null,"contact:website":null,"contact:whatsapp":null,"cuisine":null,"currency:XBT":null,"delivery":null,"description":null,"diet:gluten_free":null,"diet:organic":null,"diet:vegan":null,"diet:vegetarian":null,"dog":null,"drink:espresso":null,"drink:filter_coffee":null,"drive_through":null,"email":null,"fixme":null,"floor":null,"indoor":null,"indoor_seating":null,"internet_access":null,"internet_access:fee":null,"internet_access:ssid":null,"level":null,"location":null,"name":"Afternoon tea","name:de":null,"name:en":null,"name:es":null,"name:fr":null,"note:opening_hours":null,"official_name":null,"opening_hours":null,"opening_hours:es":null,"opening_hours:signed":null,"operator":null,"outdoor_seating":null,"payment:app":null,"payment:apple_pay":null,"payment:cards":null,"payment:cash":null,"payment:contactless":null,"payment:credit_cards":null,"payment:debit_cards":null,"payment:google_pay":null,"payment:lightning":null,"payment:lightning_contactless":null,"payment:onchain":null,"pets":null,"phone":null,"service:electricity":null,"shop":null,"smoking":null,"source":null,"takeaway":null,"toilets":null,"toilets:access":null,"toilets:wheelchair":null,"tourism":null,"url":null,"website":null,"website:menu":null,"wheelchair":null,"wifi":null},"geometry":{"type":"Point","coordinates":[-74.0476358,4.6758234]}},
{"type":"Feature","properties":{"fid":966,"id":"node/6813199339","@id":"node/6813199339","addr:city":null,"addr:country":null,"addr:door":null,"addr:floor":null,"addr:full":null,"addr:housename":null,"addr:housenumber":null,"addr:place":null,"addr:postcode":null,"addr:street":null,"addr:unit":null,"air_conditioning":null,"alt_name":null,"amenity":"cafe","baby_feeding":null,"bar":null,"branch":null,"brand":null,"brand:wikidata":null,"brand:wikipedia":null,"building":null,"capacity":null,"check_date":null,"check_date:opening_hours":null,"contact:facebook":null,"contact:instagram":null,"contact:website":null,"contact:whatsapp":null,"cuisine":null,"currency:XBT":null,"delivery":null,"description":null,"diet:gluten_free":null,"diet:organic":null,"diet:vegan":null,"diet:vegetarian":null,"dog":null,"drink:espresso":null,"drink:filter_coffee":null,"drive_through":null,"email":null,"fixme":null,"floor":null,"indoor":null,"indoor_seating":null,"internet_access":null,"internet_access:fee":null,"internet_access:ssid":null,"level":null,"location":null,"name":"Cafeteria y Bocados","name:de":null,"name:en":null,"name:es":null,"name:fr":null,"note:opening_hours":null,"official_name":null,"opening_hours":null,"opening_hours:es":null,"opening_hours:signed":null,"operator":null,"outdoor_seating":null,"payment:app":null,"payment:apple_pay":null,"payment:cards":null,"payment:cash":null,"payment:contactless":null,"payment:credit_cards":null,"payment:debit_cards":null,"payment:google_pay":null,"payment:lightning":null,"payment:lightning_contactless":null,"payment:onchain":null,"pets":null,"phone":null,"service:electricity":null,"shop":null,"smoking":null,"source":null,"takeaway":null,"toilets":null,"toilets:access":null,"toilets:wheelchair":null,"tourism":null,"url":null,"website":null,"website:menu":null,"wheelchair":null,"wifi":null},"geometry":{"type":"Point","coordinates":[-74.0801856,4.5890219]}},
{"type":"Feature","properties":{"fid":970,"id":"node/6831734833","@id":"node/6831734833","addr:city":null,"addr:country":null,"addr:door":null,"addr:floor":null,"addr:full":null,"addr:housename":null,"addr:housenumber":"#21","addr:place":null,"addr:postcode":null,"addr:street":"18, Caracas","addr:unit":null,"air_conditioning":null,"alt_name":null,"amenity":"cafe","baby_feeding":null,"bar":null,"branch":null,"brand":null,"brand:wikidata":null,"brand:wikipedia":null,"building":null,"capacity":null,"check_date":null,"check_date:opening_hours":null,"contact:facebook":null,"contact:instagram":null,"contact:website":null,"contact:whatsapp":null,"cuisine":null,"currency:XBT":null,"delivery":null,"description":null,"diet:gluten_free":null,"diet:organic":null,"diet:vegan":null,"diet:vegetarian":null,"dog":null,"drink:espresso":null,"drink:filter_coffee":null,"drive_through":null,"email":null,"fixme":null,"floor":null,"indoor":null,"indoor_seating":null,"internet_access":null,"internet_access:fee":null,"internet_access:ssid":null,"level":null,"location":null,"name":"Fuente de Soda El Ingenio","name:de":null,"name:en":null,"name:es":null,"name:fr":null,"note:opening_hours":null,"official_name":null,"opening_hours":null,"opening_hours:es":null,"opening_hours:signed":null,"operator":null,"outdoor_seating":null,"payment:app":null,"payment:apple_pay":null,"payment:cards":null,"payment:cash":null,"payment:contactless":null,"payment:credit_cards":null,"payment:debit_cards":null,"payment:google_pay":null,"payment:lightning":null,"payment:lightning_contactless":null,"payment:onchain":null,"pets":null,"phone":null,"service:electricity":null,"shop":null,"smoking":null,"source":null,"takeaway":null,"toilets":null,"toilets:access":null,"toilets:wheelchair":null,"tourism":null,"url":null,"website":null,"website:menu":null,"wheelchair":null,"wifi":null},"geometry":{"type":"Point","coordinates":[-74.0752108,4.6103901]}},
{"type":"Feature","properties":{"fid":983,"id":"node/6985169252","@id":"node/6985169252","addr:city":null,"addr:country":null,"addr:door":null,"addr:floor":null,"addr:full":null,"addr:housename":null,"addr:housenumber":null,"addr:place":null,"addr:postcode":null,"addr:street":null,"addr:unit":null,"air_conditioning":null,"alt_name":null,"amenity":"cafe","baby_feeding":null,"bar":null,"branch":null,"brand":null,"brand:wikidata":null,"brand:wikipedia":null,"building":null,"capacity":null,"check_date":null,"check_date:opening_hours":null,"contact:facebook":null,"contact:instagram":null,"contact:website":null,"contact:whatsapp":null,"cuisine":"coffee_shop","currency:XBT":null,"delivery":null,"description":null,"diet:gluten_free":null,"diet:organic":null,"diet:vegan":null,"diet:vegetarian":null,"dog":null,"drink:espresso":null,"drink:filter_coffee":null,"drive_through":null,"email":null,"fixme":null,"floor":null,"indoor":null,"indoor_seating":null,"internet_access":"yes","internet_access:fee":null,"internet_access:ssid":null,"level":null,"location":null,"name":null,"name:de":null,"name:en":null,"name:es":null,"name:fr":null,"note:opening_hours":null,"official_name":null,"opening_hours":null,"opening_hours:es":null,"opening_hours:signed":null,"operator":null,"outdoor_seating":null,"payment:app":null,"payment:apple_pay":null,"payment:cards":null,"payment:cash":null,"payment:contactless":null,"payment:credit_cards":null,"payment:debit_cards":null,"payment:google_pay":null,"payment:lightning":null,"payment:lightning_contactless":null,"payment:onchain":null,"pets":null,"phone":null,"service:electricity":null,"shop":null,"smoking":"no","source":null,"takeaway":null,"toilets":null,"toilets:access":null,"toilets:wheelchair":null,"tourism":null,"url":null,"website":null,"website:menu":null,"wheelchair":null,"wifi":null},"geometry":{"type":"Point","coordinates":[-74.0867081,4.6342646]}},
{"type":"Feature","properties":{"fid":984,"id":"node/7017276267","@id":"node/7017276267","addr:city":null,"addr:country":null,"addr:door":null,"addr:floor":null,"addr:full":null,"addr:housename":null,"addr:housenumber":null,"addr:place":null,"addr:postcode":null,"addr:street":null,"addr:unit":null,"air_conditioning":null,"alt_name":null,"amenity":"cafe","baby_feeding":null,"bar":null,"branch":null,"brand":null,"brand:wikidata":null,"brand:wikipedia":null,"building":null,"capacity":null,"check_date":"2024-07-03","check_date:opening_hours":null,"contact:facebook":null,"contact:instagram":null,"contact:website":null,"contact:whatsapp":null,"cuisine":null,"currency:XBT":null,"delivery":null,"description":null,"diet:gluten_free":null,"diet:organic":null,"diet:vegan":null,"diet:vegetarian":null,"dog":null,"drink:espresso":null,"drink:filter_coffee":null,"drive_through":null,"email":null,"fixme":null,"floor":null,"indoor":null,"indoor_seating":null,"internet_access":null,"internet_access:fee":null,"internet_access:ssid":null,"level":null,"location":null,"name":"Ovejo","name:de":null,"name:en":null,"name:es":null,"name:fr":null,"note:opening_hours":null,"official_name":null,"opening_hours":null,"opening_hours:es":null,"opening_hours:signed":null,"operator":null,"outdoor_seating":null,"payment:app":null,"payment:apple_pay":null,"payment:cards":null,"payment:cash":null,"payment:contactless":null,"payment:credit_cards":null,"payment:debit_cards":null,"payment:google_pay":null,"payment:lightning":null,"payment:lightning_contactless":null,"payment:onchain":null,"pets":null,"phone":null,"service:electricity":null,"shop":null,"smoking":null,"source":null,"takeaway":null,"toilets":null,"toilets:access":null,"toilets:wheelchair":null,"tourism":null,"url":null,"website":null,"website:menu":null,"wheelchair":null,"wifi":null},"geometry":{"type":"Point","coordinates":[-74.0546084,4.6687595]}},
{"type":"Feature","properties":{"fid":986,"id":"node/7022424285","@id":"node/7022424285","addr:city":null,"addr:country":null,"addr:door":null,"addr:floor":null,"addr:full":null,"addr:housename":null,"addr:housenumber":"76-14","addr:place":null,"addr:postcode":"110221","addr:street":"Avenida Carrera 11","addr:unit":null,"air_conditioning":null,"alt_name":null,"amenity":"cafe","baby_feeding":null,"bar":null,"branch":null,"brand":"Tostao'","brand:wikidata":"Q60632476","brand:wikipedia":null,"building":null,"capacity":null,"check_date":null,"check_date:opening_hours":null,"contact:facebook":null,"contact:instagram":null,"contact:website":null,"contact:whatsapp":null,"cuisine":"coffee_shop","currency:XBT":null,"delivery":null,"description":null,"diet:gluten_free":null,"diet:organic":null,"diet:vegan":null,"diet:vegetarian":null,"dog":null,"drink:espresso":null,"drink:filter_coffee":null,"drive_through":null,"email":null,"fixme":null,"floor":null,"indoor":null,"indoor_seating":null,"internet_access":null,"internet_access:fee":null,"internet_access:ssid":null,"level":null,"location":null,"name":"Tostao'","name:de":null,"name:en":null,"name:es":"Tostao’","name:fr":null,"note:opening_hours":null,"official_name":"TOSTAO' Café & Pan","opening_hours":"Mo-Fr 06:00-20:00; Sa-Su 07:00-18:00","opening_hours:es":null,"opening_hours:signed":null,"operator":null,"outdoor_seating":null,"payment:app":null,"payment:apple_pay":null,"payment:cards":null,"payment:cash":null,"payment:contactless":null,"payment:credit_cards":null,"payment:debit_cards":null,"payment:google_pay":null,"payment:lightning":null,"payment:lightning_contactless":null,"payment:onchain":null,"pets":null,"phone":null,"service:electricity":null,"shop":null,"smoking":null,"source":null,"takeaway":"yes","toilets":null,"toilets:access":null,"toilets:wheelchair":null,"tourism":null,"url":null,"website":null,"website:menu":null,"wheelchair":null,"wifi":null},"geometry":{"type":"Point","coordinates":[-74.0559551,4.6611862]}},
{"type":"Feature","properties":{"fid":987,"id":"node/7037205624","@id":"node/7037205624","addr:city":null,"addr:country":null,"addr:door":null,"addr:floor":null,"addr:full":null,"addr:housename":null,"addr:housenumber":null,"addr:place":null,"addr:postcode":null,"addr:street":null,"addr:unit":null,"air_conditioning":null,"alt_name":null,"amenity":"cafe","baby_feeding":null,"bar":null,"branch":null,"brand":null,"brand:wikidata":null,"brand:wikipedia":null,"building":null,"capacity":null,"check_date":null,"check_date:opening_hours":null,"contact:facebook":null,"contact:instagram":null,"contact:website":null,"contact:whatsapp":null,"cuisine":null,"currency:XBT":null,"delivery":null,"description":null,"diet:gluten_free":null,"diet:organic":null,"diet:vegan":null,"diet:vegetarian":null,"dog":null,"drink:espresso":null,"drink:filter_coffee":null,"drive_through":null,"email":null,"fixme":null,"floor":null,"indoor":null,"indoor_seating":null,"internet_access":null,"internet_access:fee":null,"internet_access:ssid":null,"level":null,"location":null,"name":"Café sobre ruedas","name:de":null,"name:en":null,"name:es":null,"name:fr":null,"note:opening_hours":null,"official_name":null,"opening_hours":null,"opening_hours:es":null,"opening_hours:signed":null,"operator":null,"outdoor_seating":null,"payment:app":null,"payment:apple_pay":null,"payment:cards":null,"payment:cash":null,"payment:contactless":null,"payment:credit_cards":null,"payment:debit_cards":null,"payment:google_pay":null,"payment:lightning":null,"payment:lightning_contactless":null,"payment:onchain":null,"pets":null,"phone":null,"service:electricity":null,"shop":null,"smoking":null,"source":null,"takeaway":null,"toilets":null,"toilets:access":null,"toilets:wheelchair":null,"tourism":null,"url":null,"website":null,"website:menu":null,"wheelchair":null,"wifi":null},"geometry":{"type":"Point","coordinates":[-74.0516498,4.6673079]}},
{"type":"Feature","properties":{"fid":992,"id":"node/7056587836","@id":"node/7056587836","addr:city":null,"addr:country":null,"addr:door":null,"addr:floor":null,"addr:full":null,"addr:housename":null,"addr:housenumber":null,"addr:place":null,"addr:postcode":null,"addr:street":null,"addr:unit":null,"air_conditioning":null,"alt_name":null,"amenity":"cafe","baby_feeding":null,"bar":null,"branch":null,"brand":"Tostao’","brand:wikidata":"Q60632476","brand:wikipedia":null,"building":null,"capacity":null,"check_date":null,"check_date:opening_hours":null,"contact:facebook":null,"contact:instagram":null,"contact:website":null,"contact:whatsapp":null,"cuisine":"coffee_shop","currency:XBT":null,"delivery":null,"description":null,"diet:gluten_free":null,"diet:organic":null,"diet:vegan":null,"diet:vegetarian":null,"dog":null,"drink:espresso":null,"drink:filter_coffee":null,"drive_through":null,"email":null,"fixme":null,"floor":null,"indoor":null,"indoor_seating":null,"internet_access":null,"internet_access:fee":null,"internet_access:ssid":null,"level":null,"location":null,"name":"Tostao’","name:de":null,"name:en":null,"name:es":"Tostao’","name:fr":null,"note:opening_hours":null,"official_name":"TOSTAO’ Café & Pan","opening_hours":null,"opening_hours:es":null,"opening_hours:signed":null,"operator":null,"outdoor_seating":null,"payment:app":null,"payment:apple_pay":null,"payment:cards":null,"payment:cash":null,"payment:contactless":null,"payment:credit_cards":null,"payment:debit_cards":null,"payment:google_pay":null,"payment:lightning":null,"payment:lightning_contactless":null,"payment:onchain":null,"pets":null,"phone":null,"service:electricity":null,"shop":null,"smoking":null,"source":null,"takeaway":"yes","toilets":null,"toilets:access":null,"toilets:wheelchair":null,"tourism":null,"url":null,"website":null,"website:menu":null,"wheelchair":null,"wifi":null},"geometry":{"type":"Point","coordinates":[-74.0598558,4.6558829]}},
{"type":"Feature","properties":{"fid":994,"id":"node/7072768685","@id":"node/7072768685","addr:city":null,"addr:country":null,"addr:door":null,"addr:floor":null,"addr:full":null,"addr:housename":null,"addr:housenumber":null,"addr:place":null,"addr:postcode":null,"addr:street":null,"addr:unit":null,"air_conditioning":null,"alt_name":null,"amenity":"cafe","baby_feeding":null,"bar":null,"branch":null,"brand":null,"brand:wikidata":null,"brand:wikipedia":null,"building":null,"capacity":null,"check_date":null,"check_date:opening_hours":null,"contact:facebook":null,"contact:instagram":null,"contact:website":null,"contact:whatsapp":null,"cuisine":null,"currency:XBT":null,"delivery":null,"description":null,"diet:gluten_free":null,"diet:organic":null,"diet:vegan":null,"diet:vegetarian":null,"dog":null,"drink:espresso":null,"drink:filter_coffee":null,"drive_through":null,"email":null,"fixme":null,"floor":null,"indoor":null,"indoor_seating":null,"internet_access":null,"internet_access:fee":null,"internet_access:ssid":null,"level":null,"location":null,"name":"Guanabana","name:de":null,"name:en":null,"name:es":null,"name:fr":null,"note:opening_hours":null,"official_name":null,"opening_hours":null,"opening_hours:es":null,"opening_hours:signed":null,"operator":null,"outdoor_seating":null,"payment:app":null,"payment:apple_pay":null,"payment:cards":null,"payment:cash":null,"payment:contactless":null,"payment:credit_cards":null,"payment:debit_cards":null,"payment:google_pay":null,"payment:lightning":null,"payment:lightning_contactless":null,"payment:onchain":null,"pets":null,"phone":null,"service:electricity":null,"shop":null,"smoking":null,"source":null,"takeaway":null,"toilets":null,"toilets:access":null,"toilets:wheelchair":null,"tourism":null,"url":null,"website":null,"website:menu":null,"wheelchair":null,"wifi":null},"geometry":{"type":"Point","coordinates":[-74.0671133,4.6284518]}},
{"type":"Feature","properties":{"fid":996,"id":"node/7075095986","@id":"node/7075095986","addr:city":null,"addr:country":null,"addr:door":null,"addr:floor":null,"addr:full":null,"addr:housename":null,"addr:housenumber":null,"addr:place":null,"addr:postcode":null,"addr:street":null,"addr:unit":null,"air_conditioning":null,"alt_name":null,"amenity":"cafe","baby_feeding":null,"bar":null,"branch":null,"brand":null,"brand:wikidata":null,"brand:wikipedia":null,"building":null,"capacity":null,"check_date":null,"check_date:opening_hours":null,"contact:facebook":null,"contact:instagram":null,"contact:website":null,"contact:whatsapp":null,"cuisine":null,"currency:XBT":null,"delivery":null,"description":null,"diet:gluten_free":null,"diet:organic":null,"diet:vegan":null,"diet:vegetarian":null,"dog":null,"drink:espresso":null,"drink:filter_coffee":null,"drive_through":null,"email":null,"fixme":null,"floor":null,"indoor":null,"indoor_seating":null,"internet_access":null,"internet_access:fee":null,"internet_access:ssid":null,"level":null,"location":null,"name":"Tourist Coffee","name:de":null,"name:en":null,"name:es":null,"name:fr":null,"note:opening_hours":null,"official_name":null,"opening_hours":null,"opening_hours:es":null,"opening_hours:signed":null,"operator":null,"outdoor_seating":null,"payment:app":null,"payment:apple_pay":null,"payment:cards":null,"payment:cash":null,"payment:contactless":null,"payment:credit_cards":null,"payment:debit_cards":null,"payment:google_pay":null,"payment:lightning":null,"payment:lightning_contactless":null,"payment:onchain":null,"pets":null,"phone":null,"service:electricity":null,"shop":null,"smoking":null,"source":null,"takeaway":null,"toilets":null,"toilets:access":null,"toilets:wheelchair":null,"tourism":null,"url":null,"website":null,"website:menu":null,"wheelchair":null,"wifi":null},"geometry":{"type":"Point","coordinates":[-74.0677446,4.6275735]}},
{"type":"Feature","properties":{"fid":1000,"id":"node/7133645643","@id":"node/7133645643","addr:city":null,"addr:country":null,"addr:door":null,"addr:floor":null,"addr:full":null,"addr:housename":null,"addr:housenumber":null,"addr:place":null,"addr:postcode":null,"addr:street":null,"addr:unit":null,"air_conditioning":null,"alt_name":null,"amenity":"cafe","baby_feeding":null,"bar":null,"branch":null,"brand":null,"brand:wikidata":null,"brand:wikipedia":null,"building":null,"capacity":null,"check_date":null,"check_date:opening_hours":null,"contact:facebook":null,"contact:instagram":null,"contact:website":null,"contact:whatsapp":null,"cuisine":null,"currency:XBT":null,"delivery":null,"description":null,"diet:gluten_free":null,"diet:organic":null,"diet:vegan":null,"diet:vegetarian":null,"dog":null,"drink:espresso":null,"drink:filter_coffee":null,"drive_through":null,"email":null,"fixme":null,"floor":null,"indoor":null,"indoor_seating":null,"internet_access":null,"internet_access:fee":null,"internet_access:ssid":null,"level":null,"location":null,"name":"Panadería las Torres","name:de":null,"name:en":null,"name:es":null,"name:fr":null,"note:opening_hours":null,"official_name":null,"opening_hours":null,"opening_hours:es":null,"opening_hours:signed":null,"operator":null,"outdoor_seating":null,"payment:app":null,"payment:apple_pay":null,"payment:cards":null,"payment:cash":null,"payment:contactless":null,"payment:credit_cards":null,"payment:debit_cards":null,"payment:google_pay":null,"payment:lightning":null,"payment:lightning_contactless":null,"payment:onchain":null,"pets":null,"phone":null,"service:electricity":null,"shop":null,"smoking":null,"source":null,"takeaway":null,"toilets":null,"toilets:access":null,"toilets:wheelchair":null,"tourism":null,"url":null,"website":null,"website:menu":null,"wheelchair":null,"wifi":null},"geometry":{"type":"Point","coordinates":[-74.0773134,4.5886724]}},
{"type":"Feature","properties":{"fid":1005,"id":"node/7195358264","@id":"node/7195358264","addr:city":null,"addr:country":null,"addr:door":null,"addr:floor":null,"addr:full":null,"addr:housename":null,"addr:housenumber":null,"addr:place":null,"addr:postcode":null,"addr:street":null,"addr:unit":null,"air_conditioning":null,"alt_name":null,"amenity":"cafe","baby_feeding":null,"bar":null,"branch":null,"brand":null,"brand:wikidata":null,"brand:wikipedia":null,"building":null,"capacity":null,"check_date":"2025-12-17","check_date:opening_hours":null,"contact:facebook":null,"contact:instagram":null,"contact:website":null,"contact:whatsapp":null,"cuisine":null,"currency:XBT":null,"delivery":null,"description":null,"diet:gluten_free":null,"diet:organic":null,"diet:vegan":null,"diet:vegetarian":null,"dog":null,"drink:espresso":null,"drink:filter_coffee":null,"drive_through":null,"email":null,"fixme":null,"floor":null,"indoor":null,"indoor_seating":null,"internet_access":null,"internet_access:fee":null,"internet_access:ssid":null,"level":null,"location":null,"name":"Uganda","name:de":null,"name:en":null,"name:es":null,"name:fr":null,"note:opening_hours":null,"official_name":null,"opening_hours":null,"opening_hours:es":null,"opening_hours:signed":null,"operator":null,"outdoor_seating":null,"payment:app":null,"payment:apple_pay":null,"payment:cards":null,"payment:cash":null,"payment:contactless":null,"payment:credit_cards":null,"payment:debit_cards":null,"payment:google_pay":null,"payment:lightning":null,"payment:lightning_contactless":null,"payment:onchain":null,"pets":null,"phone":null,"service:electricity":null,"shop":null,"smoking":null,"source":null,"takeaway":null,"toilets":null,"toilets:access":null,"toilets:wheelchair":null,"tourism":null,"url":null,"website":null,"website:menu":null,"wheelchair":null,"wifi":null},"geometry":{"type":"Point","coordinates":[-74.0538511,4.6655123]}},
{"type":"Feature","properties":{"fid":1006,"id":"node/7195711223","@id":"node/7195711223","addr:city":null,"addr:country":null,"addr:door":null,"addr:floor":null,"addr:full":null,"addr:housename":null,"addr:housenumber":null,"addr:place":null,"addr:postcode":null,"addr:street":null,"addr:unit":null,"air_conditioning":null,"alt_name":null,"amenity":"cafe","baby_feeding":null,"bar":null,"branch":null,"brand":null,"brand:wikidata":null,"brand:wikipedia":null,"building":null,"capacity":null,"check_date":"2023-04-27","check_date:opening_hours":null,"contact:facebook":null,"contact:instagram":null,"contact:website":null,"contact:whatsapp":null,"cuisine":null,"currency:XBT":null,"delivery":null,"description":null,"diet:gluten_free":null,"diet:organic":null,"diet:vegan":null,"diet:vegetarian":null,"dog":null,"drink:espresso":null,"drink:filter_coffee":null,"drive_through":null,"email":null,"fixme":null,"floor":null,"indoor":null,"indoor_seating":null,"internet_access":null,"internet_access:fee":null,"internet_access:ssid":null,"level":null,"location":null,"name":"IXACACAU","name:de":null,"name:en":null,"name:es":null,"name:fr":null,"note:opening_hours":null,"official_name":null,"opening_hours":null,"opening_hours:es":null,"opening_hours:signed":null,"operator":null,"outdoor_seating":null,"payment:app":null,"payment:apple_pay":null,"payment:cards":null,"payment:cash":null,"payment:contactless":null,"payment:credit_cards":null,"payment:debit_cards":null,"payment:google_pay":null,"payment:lightning":null,"payment:lightning_contactless":null,"payment:onchain":null,"pets":null,"phone":null,"service:electricity":null,"shop":null,"smoking":null,"source":null,"takeaway":null,"toilets":null,"toilets:access":null,"toilets:wheelchair":null,"tourism":null,"url":null,"website":null,"website:menu":null,"wheelchair":null,"wifi":null},"geometry":{"type":"Point","coordinates":[-74.0530319,4.6665984]}},
{"type":"Feature","properties":{"fid":1007,"id":"node/7195711225","@id":"node/7195711225","addr:city":null,"addr:country":null,"addr:door":null,"addr:floor":null,"addr:full":null,"addr:housename":null,"addr:housenumber":null,"addr:place":null,"addr:postcode":null,"addr:street":null,"addr:unit":null,"air_conditioning":null,"alt_name":null,"amenity":"cafe","baby_feeding":null,"bar":null,"branch":null,"brand":null,"brand:wikidata":null,"brand:wikipedia":null,"building":null,"capacity":null,"check_date":null,"check_date:opening_hours":null,"contact:facebook":null,"contact:instagram":null,"contact:website":null,"contact:whatsapp":null,"cuisine":null,"currency:XBT":null,"delivery":null,"description":null,"diet:gluten_free":null,"diet:organic":null,"diet:vegan":null,"diet:vegetarian":null,"dog":null,"drink:espresso":null,"drink:filter_coffee":null,"drive_through":null,"email":null,"fixme":null,"floor":null,"indoor":null,"indoor_seating":null,"internet_access":null,"internet_access:fee":null,"internet_access:ssid":null,"level":null,"location":null,"name":"Zero Point TEA","name:de":null,"name:en":null,"name:es":null,"name:fr":null,"note:opening_hours":null,"official_name":null,"opening_hours":null,"opening_hours:es":null,"opening_hours:signed":null,"operator":null,"outdoor_seating":null,"payment:app":null,"payment:apple_pay":null,"payment:cards":null,"payment:cash":null,"payment:contactless":null,"payment:credit_cards":null,"payment:debit_cards":null,"payment:google_pay":null,"payment:lightning":null,"payment:lightning_contactless":null,"payment:onchain":null,"pets":null,"phone":null,"service:electricity":null,"shop":null,"smoking":null,"source":null,"takeaway":null,"toilets":null,"toilets:access":null,"toilets:wheelchair":null,"tourism":null,"url":null,"website":null,"website:menu":null,"wheelchair":null,"wifi":null},"geometry":{"type":"Point","coordinates":[-74.0532062,4.6665637]}},
{"type":"Feature","properties":{"fid":1010,"id":"node/7273170544","@id":"node/7273170544","addr:city":null,"addr:country":null,"addr:door":null,"addr:floor":null,"addr:full":null,"addr:housename":null,"addr:housenumber":null,"addr:place":null,"addr:postcode":null,"addr:street":null,"addr:unit":null,"air_conditioning":null,"alt_name":null,"amenity":"cafe","baby_feeding":null,"bar":null,"branch":null,"brand":"Tostao’","brand:wikidata":"Q60632476","brand:wikipedia":null,"building":null,"capacity":null,"check_date":null,"check_date:opening_hours":null,"contact:facebook":null,"contact:instagram":null,"contact:website":null,"contact:whatsapp":null,"cuisine":"coffee_shop","currency:XBT":null,"delivery":null,"description":null,"diet:gluten_free":null,"diet:organic":null,"diet:vegan":null,"diet:vegetarian":null,"dog":null,"drink:espresso":null,"drink:filter_coffee":null,"drive_through":null,"email":null,"fixme":null,"floor":null,"indoor":null,"indoor_seating":null,"internet_access":null,"internet_access:fee":null,"internet_access:ssid":null,"level":null,"location":null,"name":"Tostao’","name:de":null,"name:en":null,"name:es":"Tostao’","name:fr":null,"note:opening_hours":null,"official_name":"TOSTAO’ Café & Pan","opening_hours":null,"opening_hours:es":null,"opening_hours:signed":null,"operator":null,"outdoor_seating":null,"payment:app":null,"payment:apple_pay":null,"payment:cards":null,"payment:cash":null,"payment:contactless":null,"payment:credit_cards":null,"payment:debit_cards":null,"payment:google_pay":null,"payment:lightning":null,"payment:lightning_contactless":null,"payment:onchain":null,"pets":null,"phone":null,"service:electricity":null,"shop":null,"smoking":null,"source":null,"takeaway":"yes","toilets":null,"toilets:access":null,"toilets:wheelchair":null,"tourism":null,"url":null,"website":null,"website:menu":null,"wheelchair":null,"wifi":null},"geometry":{"type":"Point","coordinates":[-74.059112,4.6487604]}},
{"type":"Feature","properties":{"fid":1014,"id":"node/7315535183","@id":"node/7315535183","addr:city":"Bogotá D.C.","addr:country":null,"addr:door":null,"addr:floor":null,"addr:full":null,"addr:housename":null,"addr:housenumber":"17-54","addr:place":null,"addr:postcode":null,"addr:street":"Calle 98","addr:unit":null,"air_conditioning":null,"alt_name":null,"amenity":"cafe","baby_feeding":null,"bar":null,"branch":null,"brand":null,"brand:wikidata":null,"brand:wikipedia":null,"building":null,"capacity":null,"check_date":null,"check_date:opening_hours":null,"contact:facebook":null,"contact:instagram":null,"contact:website":null,"contact:whatsapp":null,"cuisine":"coffee_shop;sandwich","currency:XBT":null,"delivery":null,"description":null,"diet:gluten_free":null,"diet:organic":null,"diet:vegan":null,"diet:vegetarian":null,"dog":null,"drink:espresso":null,"drink:filter_coffee":null,"drive_through":null,"email":null,"fixme":null,"floor":null,"indoor":null,"indoor_seating":null,"internet_access":null,"internet_access:fee":null,"internet_access:ssid":null,"level":null,"location":null,"name":"Café Moca","name:de":null,"name:en":null,"name:es":null,"name:fr":null,"note:opening_hours":null,"official_name":null,"opening_hours":"Mo-Fr 08:00-21:00; Sa-Su 09:00-18:00","opening_hours:es":null,"opening_hours:signed":null,"operator":null,"outdoor_seating":null,"payment:app":null,"payment:apple_pay":null,"payment:cards":null,"payment:cash":null,"payment:contactless":null,"payment:credit_cards":null,"payment:debit_cards":null,"payment:google_pay":null,"payment:lightning":null,"payment:lightning_contactless":null,"payment:onchain":null,"pets":null,"phone":null,"service:electricity":null,"shop":null,"smoking":null,"source":null,"takeaway":null,"toilets":null,"toilets:access":null,"toilets:wheelchair":null,"tourism":null,"url":null,"website":null,"website:menu":null,"wheelchair":null,"wifi":null},"geometry":{"type":"Point","coordinates":[-74.0505049,4.6847492]}},
{"type":"Feature","properties":{"fid":1015,"id":"node/7327116619","@id":"node/7327116619","addr:city":"Bogotá D.C.","addr:country":null,"addr:door":null,"addr:floor":null,"addr:full":null,"addr:housename":null,"addr:housenumber":null,"addr:place":null,"addr:postcode":"110111","addr:street":"carrera 19 calle 114 - 87","addr:unit":null,"air_conditioning":null,"alt_name":null,"amenity":"cafe","baby_feeding":null,"bar":null,"branch":null,"brand":null,"brand:wikidata":null,"brand:wikipedia":null,"building":null,"capacity":null,"check_date":null,"check_date:opening_hours":null,"contact:facebook":null,"contact:instagram":null,"contact:website":null,"contact:whatsapp":null,"cuisine":"coffee_shop;bread","currency:XBT":null,"delivery":null,"description":null,"diet:gluten_free":null,"diet:organic":null,"diet:vegan":null,"diet:vegetarian":null,"dog":null,"drink:espresso":null,"drink:filter_coffee":null,"drive_through":null,"email":null,"fixme":null,"floor":null,"indoor":null,"indoor_seating":null,"internet_access":null,"internet_access:fee":null,"internet_access:ssid":null,"level":null,"location":null,"name":"Pain au chocolat","name:de":null,"name:en":null,"name:es":null,"name:fr":null,"note:opening_hours":null,"official_name":null,"opening_hours":null,"opening_hours:es":null,"opening_hours:signed":null,"operator":null,"outdoor_seating":"yes","payment:app":null,"payment:apple_pay":null,"payment:cards":null,"payment:cash":null,"payment:contactless":null,"payment:credit_cards":null,"payment:debit_cards":null,"payment:google_pay":null,"payment:lightning":null,"payment:lightning_contactless":null,"payment:onchain":null,"pets":null,"phone":null,"service:electricity":null,"shop":null,"smoking":null,"source":null,"takeaway":null,"toilets":null,"toilets:access":null,"toilets:wheelchair":null,"tourism":null,"url":null,"website":null,"website:menu":null,"wheelchair":null,"wifi":null},"geometry":{"type":"Point","coordinates":[-74.050287,4.6976294]}},
{"type":"Feature","properties":{"fid":1016,"id":"node/7344119710","@id":"node/7344119710","addr:city":"Bogotá D.C.","addr:country":null,"addr:door":null,"addr:floor":null,"addr:full":null,"addr:housename":null,"addr:housenumber":null,"addr:place":null,"addr:postcode":null,"addr:street":"Cl. 90 ##11-56, Bogotá","addr:unit":null,"air_conditioning":null,"alt_name":null,"amenity":"cafe","baby_feeding":null,"bar":null,"branch":null,"brand":null,"brand:wikidata":null,"brand:wikipedia":null,"building":null,"capacity":null,"check_date":null,"check_date:opening_hours":null,"contact:facebook":null,"contact:instagram":null,"contact:website":null,"contact:whatsapp":null,"cuisine":"coffee_shop","currency:XBT":null,"delivery":null,"description":null,"diet:gluten_free":"yes","diet:organic":"yes","diet:vegan":"yes","diet:vegetarian":null,"dog":null,"drink:espresso":null,"drink:filter_coffee":null,"drive_through":null,"email":"hello@bananabananabread.com","fixme":null,"floor":null,"indoor":null,"indoor_seating":null,"internet_access":null,"internet_access:fee":null,"internet_access:ssid":null,"level":null,"location":null,"name":"BB Banana Bread","name:de":null,"name:en":null,"name:es":null,"name:fr":null,"note:opening_hours":null,"official_name":null,"opening_hours":null,"opening_hours:es":null,"opening_hours:signed":null,"operator":null,"outdoor_seating":"no","payment:app":null,"payment:apple_pay":null,"payment:cards":null,"payment:cash":null,"payment:contactless":null,"payment:credit_cards":null,"payment:debit_cards":null,"payment:google_pay":null,"payment:lightning":null,"payment:lightning_contactless":null,"payment:onchain":null,"pets":null,"phone":"+57 311 7641648;+57 310 4143370","service:electricity":null,"shop":null,"smoking":null,"source":null,"takeaway":"yes","toilets":null,"toilets:access":null,"toilets:wheelchair":null,"tourism":null,"url":null,"website":"https://bananabananabread.com/","website:menu":null,"wheelchair":null,"wifi":null},"geometry":{"type":"Point","coordinates":[-74.0492674,4.6726088]}},
{"type":"Feature","properties":{"fid":1018,"id":"node/7657432281","@id":"node/7657432281","addr:city":null,"addr:country":null,"addr:door":null,"addr:floor":null,"addr:full":null,"addr:housename":null,"addr:housenumber":null,"addr:place":null,"addr:postcode":null,"addr:street":null,"addr:unit":null,"air_conditioning":null,"alt_name":null,"amenity":"cafe","baby_feeding":null,"bar":null,"branch":null,"brand":"Café OMA","brand:wikidata":"Q108929487","brand:wikipedia":null,"building":null,"capacity":null,"check_date":null,"check_date:opening_hours":null,"contact:facebook":null,"contact:instagram":null,"contact:website":null,"contact:whatsapp":null,"cuisine":null,"currency:XBT":null,"delivery":null,"description":null,"diet:gluten_free":null,"diet:organic":null,"diet:vegan":null,"diet:vegetarian":null,"dog":null,"drink:espresso":null,"drink:filter_coffee":null,"drive_through":null,"email":null,"fixme":null,"floor":null,"indoor":null,"indoor_seating":null,"internet_access":null,"internet_access:fee":null,"internet_access:ssid":null,"level":null,"location":null,"name":"Café OMA","name:de":null,"name:en":null,"name:es":null,"name:fr":null,"note:opening_hours":null,"official_name":null,"opening_hours":null,"opening_hours:es":null,"opening_hours:signed":null,"operator":null,"outdoor_seating":null,"payment:app":null,"payment:apple_pay":null,"payment:cards":null,"payment:cash":null,"payment:contactless":null,"payment:credit_cards":null,"payment:debit_cards":null,"payment:google_pay":null,"payment:lightning":null,"payment:lightning_contactless":null,"payment:onchain":null,"pets":null,"phone":null,"service:electricity":null,"shop":null,"smoking":null,"source":null,"takeaway":"yes","toilets":null,"toilets:access":null,"toilets:wheelchair":null,"tourism":null,"url":null,"website":"https://www.cafeoma.com/","website:menu":null,"wheelchair":null,"wifi":null},"geometry":{"type":"Point","coordinates":[-74.0753739,4.632145]}},
{"type":"Feature","properties":{"fid":1020,"id":"node/8096580156","@id":"node/8096580156","addr:city":null,"addr:country":null,"addr:door":null,"addr:floor":null,"addr:full":null,"addr:housename":null,"addr:housenumber":null,"addr:place":null,"addr:postcode":null,"addr:street":null,"addr:unit":null,"air_conditioning":null,"alt_name":null,"amenity":"cafe","baby_feeding":null,"bar":null,"branch":null,"brand":"Tostao’","brand:wikidata":"Q60632476","brand:wikipedia":null,"building":null,"capacity":null,"check_date":null,"check_date:opening_hours":null,"contact:facebook":null,"contact:instagram":null,"contact:website":null,"contact:whatsapp":null,"cuisine":"coffee_shop","currency:XBT":null,"delivery":null,"description":null,"diet:gluten_free":null,"diet:organic":null,"diet:vegan":null,"diet:vegetarian":null,"dog":null,"drink:espresso":null,"drink:filter_coffee":null,"drive_through":null,"email":null,"fixme":null,"floor":null,"indoor":null,"indoor_seating":null,"internet_access":null,"internet_access:fee":null,"internet_access:ssid":null,"level":null,"location":null,"name":"Tostao’","name:de":null,"name:en":null,"name:es":"Tostao’","name:fr":null,"note:opening_hours":null,"official_name":"TOSTAO’ Café & Pan","opening_hours":null,"opening_hours:es":null,"opening_hours:signed":null,"operator":null,"outdoor_seating":null,"payment:app":null,"payment:apple_pay":null,"payment:cards":null,"payment:cash":null,"payment:contactless":null,"payment:credit_cards":null,"payment:debit_cards":null,"payment:google_pay":null,"payment:lightning":null,"payment:lightning_contactless":null,"payment:onchain":null,"pets":null,"phone":null,"service:electricity":null,"shop":null,"smoking":null,"source":null,"takeaway":"yes","toilets":null,"toilets:access":null,"toilets:wheelchair":null,"tourism":null,"url":null,"website":null,"website:menu":null,"wheelchair":null,"wifi":null},"geometry":{"type":"Point","coordinates":[-74.0693716,4.6108163]}},
{"type":"Feature","properties":{"fid":1027,"id":"node/8289835784","@id":"node/8289835784","addr:city":null,"addr:country":null,"addr:door":null,"addr:floor":null,"addr:full":null,"addr:housename":null,"addr:housenumber":null,"addr:place":null,"addr:postcode":null,"addr:street":null,"addr:unit":null,"air_conditioning":null,"alt_name":null,"amenity":"cafe","baby_feeding":null,"bar":null,"branch":null,"brand":"Juan Valdez Café","brand:wikidata":"Q6301102","brand:wikipedia":"en:Juan Valdez Café","building":null,"capacity":null,"check_date":null,"check_date:opening_hours":null,"contact:facebook":null,"contact:instagram":null,"contact:website":null,"contact:whatsapp":null,"cuisine":"coffee_shop","currency:XBT":null,"delivery":null,"description":null,"diet:gluten_free":null,"diet:organic":null,"diet:vegan":null,"diet:vegetarian":null,"dog":null,"drink:espresso":null,"drink:filter_coffee":null,"drive_through":null,"email":null,"fixme":null,"floor":null,"indoor":null,"indoor_seating":null,"internet_access":null,"internet_access:fee":null,"internet_access:ssid":null,"level":null,"location":null,"name":"Juan Valdez Café","name:de":null,"name:en":null,"name:es":"Juan Valdez Café","name:fr":null,"note:opening_hours":null,"official_name":null,"opening_hours":null,"opening_hours:es":null,"opening_hours:signed":null,"operator":null,"outdoor_seating":null,"payment:app":null,"payment:apple_pay":null,"payment:cards":null,"payment:cash":null,"payment:contactless":null,"payment:credit_cards":null,"payment:debit_cards":null,"payment:google_pay":null,"payment:lightning":null,"payment:lightning_contactless":null,"payment:onchain":null,"pets":null,"phone":null,"service:electricity":null,"shop":"coffee","smoking":null,"source":null,"takeaway":"yes","toilets":null,"toilets:access":null,"toilets:wheelchair":null,"tourism":null,"url":null,"website":"https://juanvaldez.com/","website:menu":null,"wheelchair":null,"wifi":null},"geometry":{"type":"Point","coordinates":[-74.125625,4.6531505]}},
{"type":"Feature","properties":{"fid":1032,"id":"node/8937123266","@id":"node/8937123266","addr:city":null,"addr:country":null,"addr:door":null,"addr:floor":null,"addr:full":null,"addr:housename":null,"addr:housenumber":null,"addr:place":null,"addr:postcode":null,"addr:street":null,"addr:unit":null,"air_conditioning":null,"alt_name":null,"amenity":"cafe","baby_feeding":null,"bar":null,"branch":null,"brand":"Tostao’","brand:wikidata":"Q60632476","brand:wikipedia":null,"building":null,"capacity":null,"check_date":null,"check_date:opening_hours":null,"contact:facebook":null,"contact:instagram":null,"contact:website":null,"contact:whatsapp":null,"cuisine":"coffee_shop","currency:XBT":null,"delivery":null,"description":null,"diet:gluten_free":null,"diet:organic":null,"diet:vegan":null,"diet:vegetarian":null,"dog":null,"drink:espresso":null,"drink:filter_coffee":null,"drive_through":null,"email":null,"fixme":null,"floor":null,"indoor":null,"indoor_seating":null,"internet_access":null,"internet_access:fee":null,"internet_access:ssid":null,"level":null,"location":null,"name":"Tostao’","name:de":null,"name:en":null,"name:es":"Tostao’","name:fr":null,"note:opening_hours":null,"official_name":"TOSTAO’ Café & Pan","opening_hours":null,"opening_hours:es":null,"opening_hours:signed":null,"operator":null,"outdoor_seating":null,"payment:app":null,"payment:apple_pay":null,"payment:cards":null,"payment:cash":null,"payment:contactless":null,"payment:credit_cards":null,"payment:debit_cards":null,"payment:google_pay":null,"payment:lightning":null,"payment:lightning_contactless":null,"payment:onchain":null,"pets":null,"phone":null,"service:electricity":null,"shop":null,"smoking":null,"source":null,"takeaway":"yes","toilets":null,"toilets:access":null,"toilets:wheelchair":null,"tourism":null,"url":null,"website":null,"website:menu":null,"wheelchair":null,"wifi":null},"geometry":{"type":"Point","coordinates":[-74.1095367,4.6617259]}},
{"type":"Feature","properties":{"fid":1034,"id":"node/9001943918","@id":"node/9001943918","addr:city":null,"addr:country":null,"addr:door":null,"addr:floor":null,"addr:full":null,"addr:housename":null,"addr:housenumber":"83-19","addr:place":null,"addr:postcode":null,"addr:street":"Carrera 13","addr:unit":null,"air_conditioning":null,"alt_name":null,"amenity":"cafe","baby_feeding":null,"bar":null,"branch":null,"brand":null,"brand:wikidata":null,"brand:wikipedia":null,"building":null,"capacity":null,"check_date":null,"check_date:opening_hours":null,"contact:facebook":null,"contact:instagram":null,"contact:website":null,"contact:whatsapp":null,"cuisine":null,"currency:XBT":null,"delivery":null,"description":null,"diet:gluten_free":null,"diet:organic":null,"diet:vegan":null,"diet:vegetarian":null,"dog":null,"drink:espresso":null,"drink:filter_coffee":null,"drive_through":null,"email":null,"fixme":null,"floor":null,"indoor":null,"indoor_seating":null,"internet_access":"yes","internet_access:fee":"customers","internet_access:ssid":null,"level":null,"location":null,"name":"Colo Coffee","name:de":null,"name:en":null,"name:es":null,"name:fr":null,"note:opening_hours":null,"official_name":null,"opening_hours":null,"opening_hours:es":null,"opening_hours:signed":null,"operator":null,"outdoor_seating":null,"payment:app":null,"payment:apple_pay":null,"payment:cards":null,"payment:cash":null,"payment:contactless":null,"payment:credit_cards":null,"payment:debit_cards":null,"payment:google_pay":null,"payment:lightning":null,"payment:lightning_contactless":null,"payment:onchain":null,"pets":null,"phone":null,"service:electricity":null,"shop":null,"smoking":null,"source":null,"takeaway":null,"toilets":null,"toilets:access":null,"toilets:wheelchair":null,"tourism":null,"url":null,"website":"https://colo.coffee/","website:menu":null,"wheelchair":null,"wifi":null},"geometry":{"type":"Point","coordinates":[-74.0545289,4.6679366]}},
{"type":"Feature","properties":{"fid":1044,"id":"node/9235939118","@id":"node/9235939118","addr:city":null,"addr:country":null,"addr:door":null,"addr:floor":null,"addr:full":null,"addr:housename":null,"addr:housenumber":null,"addr:place":null,"addr:postcode":null,"addr:street":null,"addr:unit":null,"air_conditioning":null,"alt_name":null,"amenity":"cafe","baby_feeding":null,"bar":null,"branch":null,"brand":null,"brand:wikidata":null,"brand:wikipedia":null,"building":null,"capacity":null,"check_date":null,"check_date:opening_hours":null,"contact:facebook":null,"contact:instagram":null,"contact:website":null,"contact:whatsapp":null,"cuisine":null,"currency:XBT":null,"delivery":null,"description":null,"diet:gluten_free":null,"diet:organic":null,"diet:vegan":null,"diet:vegetarian":null,"dog":null,"drink:espresso":null,"drink:filter_coffee":null,"drive_through":null,"email":null,"fixme":null,"floor":null,"indoor":null,"indoor_seating":null,"internet_access":null,"internet_access:fee":null,"internet_access:ssid":null,"level":null,"location":null,"name":"San Alberto - exclusivamente","name:de":"San Alberto - Exklusiver Café!","name:en":"San Alberto","name:es":null,"name:fr":null,"note:opening_hours":null,"official_name":null,"opening_hours":null,"opening_hours:es":null,"opening_hours:signed":null,"operator":null,"outdoor_seating":null,"payment:app":null,"payment:apple_pay":null,"payment:cards":null,"payment:cash":null,"payment:contactless":null,"payment:credit_cards":null,"payment:debit_cards":null,"payment:google_pay":null,"payment:lightning":null,"payment:lightning_contactless":null,"payment:onchain":null,"pets":null,"phone":null,"service:electricity":null,"shop":null,"smoking":null,"source":null,"takeaway":null,"toilets":null,"toilets:access":null,"toilets:wheelchair":null,"tourism":null,"url":null,"website":null,"website:menu":null,"wheelchair":null,"wifi":null},"geometry":{"type":"Point","coordinates":[-74.0724755,4.6025936]}},
{"type":"Feature","properties":{"fid":1046,"id":"node/9307422208","@id":"node/9307422208","addr:city":"Bogotá D.C.","addr:country":null,"addr:door":null,"addr:floor":null,"addr:full":null,"addr:housename":null,"addr:housenumber":null,"addr:place":null,"addr:postcode":null,"addr:street":"Avenida Carrera 60","addr:unit":null,"air_conditioning":null,"alt_name":null,"amenity":"cafe","baby_feeding":null,"bar":null,"branch":null,"brand":null,"brand:wikidata":null,"brand:wikipedia":null,"building":null,"capacity":null,"check_date":null,"check_date:opening_hours":null,"contact:facebook":null,"contact:instagram":null,"contact:website":null,"contact:whatsapp":null,"cuisine":null,"currency:XBT":null,"delivery":null,"description":null,"diet:gluten_free":null,"diet:organic":null,"diet:vegan":null,"diet:vegetarian":null,"dog":null,"drink:espresso":null,"drink:filter_coffee":null,"drive_through":null,"email":null,"fixme":null,"floor":null,"indoor":null,"indoor_seating":null,"internet_access":null,"internet_access:fee":null,"internet_access:ssid":null,"level":null,"location":null,"name":null,"name:de":null,"name:en":null,"name:es":null,"name:fr":null,"note:opening_hours":null,"official_name":null,"opening_hours":null,"opening_hours:es":null,"opening_hours:signed":null,"operator":null,"outdoor_seating":null,"payment:app":null,"payment:apple_pay":null,"payment:cards":null,"payment:cash":null,"payment:contactless":null,"payment:credit_cards":null,"payment:debit_cards":null,"payment:google_pay":null,"payment:lightning":null,"payment:lightning_contactless":null,"payment:onchain":null,"pets":null,"phone":null,"service:electricity":null,"shop":null,"smoking":null,"source":null,"takeaway":null,"toilets":null,"toilets:access":null,"toilets:wheelchair":null,"tourism":null,"url":null,"website":null,"website:menu":null,"wheelchair":null,"wifi":null},"geometry":{"type":"Point","coordinates":[-74.0818168,4.6705847]}},
{"type":"Feature","properties":{"fid":1050,"id":"node/9403989502","@id":"node/9403989502","addr:city":null,"addr:country":null,"addr:door":null,"addr:floor":null,"addr:full":null,"addr:housename":null,"addr:housenumber":null,"addr:place":null,"addr:postcode":null,"addr:street":null,"addr:unit":null,"air_conditioning":null,"alt_name":null,"amenity":"cafe","baby_feeding":null,"bar":null,"branch":null,"brand":null,"brand:wikidata":null,"brand:wikipedia":null,"building":null,"capacity":null,"check_date":null,"check_date:opening_hours":null,"contact:facebook":null,"contact:instagram":null,"contact:website":null,"contact:whatsapp":null,"cuisine":null,"currency:XBT":null,"delivery":null,"description":null,"diet:gluten_free":null,"diet:organic":null,"diet:vegan":null,"diet:vegetarian":null,"dog":null,"drink:espresso":null,"drink:filter_coffee":null,"drive_through":null,"email":null,"fixme":null,"floor":null,"indoor":null,"indoor_seating":null,"internet_access":null,"internet_access:fee":null,"internet_access:ssid":null,"level":null,"location":null,"name":null,"name:de":null,"name:en":null,"name:es":null,"name:fr":null,"note:opening_hours":null,"official_name":null,"opening_hours":null,"opening_hours:es":null,"opening_hours:signed":null,"operator":"Starbucks","outdoor_seating":null,"payment:app":null,"payment:apple_pay":null,"payment:cards":null,"payment:cash":null,"payment:contactless":null,"payment:credit_cards":null,"payment:debit_cards":null,"payment:google_pay":null,"payment:lightning":null,"payment:lightning_contactless":null,"payment:onchain":null,"pets":null,"phone":null,"service:electricity":null,"shop":null,"smoking":null,"source":null,"takeaway":null,"toilets":null,"toilets:access":null,"toilets:wheelchair":null,"tourism":null,"url":null,"website":null,"website:menu":null,"wheelchair":null,"wifi":null},"geometry":{"type":"Point","coordinates":[-74.066214,4.7331895]}},
{"type":"Feature","properties":{"fid":1053,"id":"node/9445995017","@id":"node/9445995017","addr:city":null,"addr:country":null,"addr:door":null,"addr:floor":null,"addr:full":null,"addr:housename":null,"addr:housenumber":null,"addr:place":null,"addr:postcode":null,"addr:street":null,"addr:unit":null,"air_conditioning":null,"alt_name":null,"amenity":"cafe","baby_feeding":null,"bar":null,"branch":null,"brand":null,"brand:wikidata":null,"brand:wikipedia":null,"building":null,"capacity":null,"check_date":null,"check_date:opening_hours":null,"contact:facebook":null,"contact:instagram":null,"contact:website":null,"contact:whatsapp":null,"cuisine":null,"currency:XBT":null,"delivery":null,"description":null,"diet:gluten_free":null,"diet:organic":null,"diet:vegan":null,"diet:vegetarian":null,"dog":null,"drink:espresso":null,"drink:filter_coffee":null,"drive_through":null,"email":null,"fixme":null,"floor":null,"indoor":null,"indoor_seating":null,"internet_access":null,"internet_access:fee":null,"internet_access:ssid":null,"level":null,"location":null,"name":"Sin Visa","name:de":null,"name:en":null,"name:es":null,"name:fr":null,"note:opening_hours":null,"official_name":null,"opening_hours":null,"opening_hours:es":null,"opening_hours:signed":null,"operator":null,"outdoor_seating":null,"payment:app":null,"payment:apple_pay":null,"payment:cards":null,"payment:cash":null,"payment:contactless":null,"payment:credit_cards":null,"payment:debit_cards":null,"payment:google_pay":null,"payment:lightning":null,"payment:lightning_contactless":null,"payment:onchain":null,"pets":null,"phone":null,"service:electricity":null,"shop":null,"smoking":null,"source":null,"takeaway":null,"toilets":null,"toilets:access":null,"toilets:wheelchair":null,"tourism":null,"url":null,"website":null,"website:menu":null,"wheelchair":null,"wifi":null},"geometry":{"type":"Point","coordinates":[-74.0596508,4.6561773]}},
{"type":"Feature","properties":{"fid":1055,"id":"node/9509296617","@id":"node/9509296617","addr:city":null,"addr:country":null,"addr:door":null,"addr:floor":null,"addr:full":null,"addr:housename":null,"addr:housenumber":"24-71","addr:place":null,"addr:postcode":null,"addr:street":"Calle 76","addr:unit":null,"air_conditioning":null,"alt_name":null,"amenity":"cafe","baby_feeding":null,"bar":null,"branch":null,"brand":null,"brand:wikidata":null,"brand:wikipedia":null,"building":null,"capacity":null,"check_date":null,"check_date:opening_hours":null,"contact:facebook":null,"contact:instagram":null,"contact:website":null,"contact:whatsapp":null,"cuisine":"breakfast;coffee_shop","currency:XBT":null,"delivery":null,"description":null,"diet:gluten_free":null,"diet:organic":null,"diet:vegan":null,"diet:vegetarian":null,"dog":null,"drink:espresso":null,"drink:filter_coffee":null,"drive_through":null,"email":null,"fixme":null,"floor":null,"indoor":null,"indoor_seating":null,"internet_access":null,"internet_access:fee":null,"internet_access:ssid":null,"level":null,"location":null,"name":"Frutería y Cafetería Mora Dulce","name:de":null,"name:en":null,"name:es":null,"name:fr":null,"note:opening_hours":null,"official_name":null,"opening_hours":null,"opening_hours:es":null,"opening_hours:signed":null,"operator":null,"outdoor_seating":null,"payment:app":null,"payment:apple_pay":null,"payment:cards":null,"payment:cash":null,"payment:contactless":null,"payment:credit_cards":null,"payment:debit_cards":null,"payment:google_pay":null,"payment:lightning":null,"payment:lightning_contactless":null,"payment:onchain":null,"pets":null,"phone":null,"service:electricity":null,"shop":null,"smoking":null,"source":null,"takeaway":null,"toilets":null,"toilets:access":null,"toilets:wheelchair":null,"tourism":null,"url":null,"website":null,"website:menu":null,"wheelchair":null,"wifi":null},"geometry":{"type":"Point","coordinates":[-74.0654892,4.667093]}},
{"type":"Feature","properties":{"fid":1057,"id":"node/9728012062","@id":"node/9728012062","addr:city":null,"addr:country":null,"addr:door":null,"addr:floor":null,"addr:full":null,"addr:housename":null,"addr:housenumber":null,"addr:place":null,"addr:postcode":null,"addr:street":null,"addr:unit":null,"air_conditioning":null,"alt_name":null,"amenity":"cafe","baby_feeding":null,"bar":null,"branch":null,"brand":null,"brand:wikidata":null,"brand:wikipedia":null,"building":null,"capacity":null,"check_date":null,"check_date:opening_hours":null,"contact:facebook":null,"contact:instagram":null,"contact:website":null,"contact:whatsapp":null,"cuisine":null,"currency:XBT":null,"delivery":null,"description":null,"diet:gluten_free":null,"diet:organic":null,"diet:vegan":null,"diet:vegetarian":null,"dog":null,"drink:espresso":null,"drink:filter_coffee":null,"drive_through":null,"email":null,"fixme":null,"floor":null,"indoor":null,"indoor_seating":null,"internet_access":null,"internet_access:fee":null,"internet_access:ssid":null,"level":null,"location":null,"name":"Café del Eje","name:de":null,"name:en":null,"name:es":null,"name:fr":null,"note:opening_hours":null,"official_name":null,"opening_hours":null,"opening_hours:es":null,"opening_hours:signed":null,"operator":null,"outdoor_seating":null,"payment:app":null,"payment:apple_pay":null,"payment:cards":null,"payment:cash":null,"payment:contactless":null,"payment:credit_cards":null,"payment:debit_cards":null,"payment:google_pay":null,"payment:lightning":null,"payment:lightning_contactless":null,"payment:onchain":null,"pets":null,"phone":null,"service:electricity":null,"shop":null,"smoking":null,"source":null,"takeaway":null,"toilets":null,"toilets:access":null,"toilets:wheelchair":null,"tourism":null,"url":null,"website":null,"website:menu":null,"wheelchair":null,"wifi":null},"geometry":{"type":"Point","coordinates":[-74.0451854,4.6929294]}},
{"type":"Feature","properties":{"fid":1058,"id":"node/9767158618","@id":"node/9767158618","addr:city":null,"addr:country":null,"addr:door":null,"addr:floor":null,"addr:full":null,"addr:housename":null,"addr:housenumber":null,"addr:place":null,"addr:postcode":null,"addr:street":null,"addr:unit":null,"air_conditioning":null,"alt_name":null,"amenity":"cafe","baby_feeding":null,"bar":null,"branch":null,"brand":null,"brand:wikidata":null,"brand:wikipedia":null,"building":null,"capacity":null,"check_date":null,"check_date:opening_hours":null,"contact:facebook":null,"contact:instagram":null,"contact:website":null,"contact:whatsapp":null,"cuisine":null,"currency:XBT":null,"delivery":null,"description":null,"diet:gluten_free":null,"diet:organic":null,"diet:vegan":null,"diet:vegetarian":null,"dog":null,"drink:espresso":null,"drink:filter_coffee":null,"drive_through":null,"email":null,"fixme":null,"floor":null,"indoor":null,"indoor_seating":null,"internet_access":null,"internet_access:fee":null,"internet_access:ssid":null,"level":null,"location":null,"name":"Coffeestylers","name:de":null,"name:en":null,"name:es":null,"name:fr":null,"note:opening_hours":null,"official_name":null,"opening_hours":null,"opening_hours:es":null,"opening_hours:signed":null,"operator":null,"outdoor_seating":null,"payment:app":null,"payment:apple_pay":null,"payment:cards":null,"payment:cash":null,"payment:contactless":null,"payment:credit_cards":null,"payment:debit_cards":null,"payment:google_pay":null,"payment:lightning":null,"payment:lightning_contactless":null,"payment:onchain":null,"pets":null,"phone":null,"service:electricity":null,"shop":null,"smoking":null,"source":null,"takeaway":null,"toilets":null,"toilets:access":null,"toilets:wheelchair":null,"tourism":null,"url":null,"website":null,"website:menu":null,"wheelchair":null,"wifi":null},"geometry":{"type":"Point","coordinates":[-74.0702268,4.644719]}},
{"type":"Feature","properties":{"fid":1059,"id":"node/9767212117","@id":"node/9767212117","addr:city":null,"addr:country":null,"addr:door":null,"addr:floor":null,"addr:full":null,"addr:housename":null,"addr:housenumber":null,"addr:place":null,"addr:postcode":null,"addr:street":null,"addr:unit":null,"air_conditioning":null,"alt_name":null,"amenity":"cafe","baby_feeding":null,"bar":null,"branch":null,"brand":null,"brand:wikidata":null,"brand:wikipedia":null,"building":null,"capacity":null,"check_date":null,"check_date:opening_hours":null,"contact:facebook":null,"contact:instagram":null,"contact:website":null,"contact:whatsapp":null,"cuisine":null,"currency:XBT":null,"delivery":null,"description":null,"diet:gluten_free":null,"diet:organic":null,"diet:vegan":null,"diet:vegetarian":null,"dog":null,"drink:espresso":null,"drink:filter_coffee":null,"drive_through":null,"email":null,"fixme":null,"floor":null,"indoor":null,"indoor_seating":null,"internet_access":null,"internet_access:fee":null,"internet_access:ssid":null,"level":null,"location":null,"name":"Cafe Voluntad","name:de":null,"name:en":null,"name:es":null,"name:fr":null,"note:opening_hours":null,"official_name":null,"opening_hours":null,"opening_hours:es":null,"opening_hours:signed":null,"operator":null,"outdoor_seating":null,"payment:app":null,"payment:apple_pay":null,"payment:cards":null,"payment:cash":null,"payment:contactless":null,"payment:credit_cards":null,"payment:debit_cards":null,"payment:google_pay":null,"payment:lightning":null,"payment:lightning_contactless":null,"payment:onchain":null,"pets":null,"phone":null,"service:electricity":null,"shop":null,"smoking":null,"source":null,"takeaway":null,"toilets":null,"toilets:access":null,"toilets:wheelchair":null,"tourism":null,"url":null,"website":null,"website:menu":null,"wheelchair":null,"wifi":null},"geometry":{"type":"Point","coordinates":[-74.0652552,4.6424389]}},
{"type":"Feature","properties":{"fid":1061,"id":"node/9791056417","@id":"node/9791056417","addr:city":null,"addr:country":null,"addr:door":null,"addr:floor":null,"addr:full":null,"addr:housename":null,"addr:housenumber":null,"addr:place":null,"addr:postcode":null,"addr:street":null,"addr:unit":null,"air_conditioning":null,"alt_name":null,"amenity":"cafe","baby_feeding":null,"bar":null,"branch":null,"brand":"Tostao’","brand:wikidata":"Q60632476","brand:wikipedia":null,"building":null,"capacity":null,"check_date":null,"check_date:opening_hours":null,"contact:facebook":null,"contact:instagram":null,"contact:website":null,"contact:whatsapp":null,"cuisine":"coffee_shop","currency:XBT":null,"delivery":null,"description":null,"diet:gluten_free":null,"diet:organic":null,"diet:vegan":null,"diet:vegetarian":null,"dog":null,"drink:espresso":null,"drink:filter_coffee":null,"drive_through":null,"email":null,"fixme":null,"floor":null,"indoor":null,"indoor_seating":null,"internet_access":null,"internet_access:fee":null,"internet_access:ssid":null,"level":null,"location":null,"name":"Tostao’","name:de":null,"name:en":null,"name:es":"Tostao’","name:fr":null,"note:opening_hours":null,"official_name":"TOSTAO’ Café & Pan","opening_hours":null,"opening_hours:es":null,"opening_hours:signed":null,"operator":null,"outdoor_seating":null,"payment:app":null,"payment:apple_pay":null,"payment:cards":null,"payment:cash":null,"payment:contactless":null,"payment:credit_cards":null,"payment:debit_cards":null,"payment:google_pay":null,"payment:lightning":null,"payment:lightning_contactless":null,"payment:onchain":null,"pets":null,"phone":null,"service:electricity":null,"shop":null,"smoking":null,"source":null,"takeaway":"yes","toilets":null,"toilets:access":null,"toilets:wheelchair":null,"tourism":null,"url":null,"website":null,"website:menu":null,"wheelchair":null,"wifi":null},"geometry":{"type":"Point","coordinates":[-74.0559977,4.665758]}},
{"type":"Feature","properties":{"fid":1062,"id":"node/9828790718","@id":"node/9828790718","addr:city":null,"addr:country":null,"addr:door":null,"addr:floor":null,"addr:full":null,"addr:housename":null,"addr:housenumber":null,"addr:place":null,"addr:postcode":null,"addr:street":null,"addr:unit":null,"air_conditioning":null,"alt_name":null,"amenity":"cafe","baby_feeding":null,"bar":null,"branch":null,"brand":"Tostao’","brand:wikidata":"Q60632476","brand:wikipedia":null,"building":null,"capacity":null,"check_date":null,"check_date:opening_hours":null,"contact:facebook":null,"contact:instagram":null,"contact:website":null,"contact:whatsapp":null,"cuisine":"coffee_shop","currency:XBT":null,"delivery":null,"description":null,"diet:gluten_free":null,"diet:organic":null,"diet:vegan":null,"diet:vegetarian":null,"dog":null,"drink:espresso":null,"drink:filter_coffee":null,"drive_through":null,"email":null,"fixme":null,"floor":null,"indoor":null,"indoor_seating":null,"internet_access":null,"internet_access:fee":null,"internet_access:ssid":null,"level":null,"location":null,"name":"Tostao’","name:de":null,"name:en":null,"name:es":"Tostao’","name:fr":null,"note:opening_hours":null,"official_name":"TOSTAO’ Café & Pan","opening_hours":null,"opening_hours:es":null,"opening_hours:signed":null,"operator":null,"outdoor_seating":null,"payment:app":null,"payment:apple_pay":null,"payment:cards":null,"payment:cash":null,"payment:contactless":null,"payment:credit_cards":null,"payment:debit_cards":null,"payment:google_pay":null,"payment:lightning":null,"payment:lightning_contactless":null,"payment:onchain":null,"pets":null,"phone":null,"service:electricity":null,"shop":null,"smoking":null,"source":null,"takeaway":"yes","toilets":null,"toilets:access":null,"toilets:wheelchair":null,"tourism":null,"url":null,"website":null,"website:menu":null,"wheelchair":null,"wifi":null},"geometry":{"type":"Point","coordinates":[-74.0639022,4.6496059]}},
{"type":"Feature","properties":{"fid":1065,"id":"node/9844240717","@id":"node/9844240717","addr:city":null,"addr:country":null,"addr:door":null,"addr:floor":null,"addr:full":null,"addr:housename":null,"addr:housenumber":"10-89","addr:place":null,"addr:postcode":null,"addr:street":"Avenida Calle 92","addr:unit":null,"air_conditioning":null,"alt_name":null,"amenity":"cafe","baby_feeding":null,"bar":null,"branch":null,"brand":null,"brand:wikidata":null,"brand:wikipedia":null,"building":null,"capacity":null,"check_date":"2025-04-26","check_date:opening_hours":null,"contact:facebook":null,"contact:instagram":null,"contact:website":null,"contact:whatsapp":null,"cuisine":"coffee_shop","currency:XBT":null,"delivery":null,"description":null,"diet:gluten_free":null,"diet:organic":null,"diet:vegan":null,"diet:vegetarian":null,"dog":null,"drink:espresso":null,"drink:filter_coffee":null,"drive_through":null,"email":null,"fixme":null,"floor":null,"indoor":null,"indoor_seating":null,"internet_access":null,"internet_access:fee":null,"internet_access:ssid":null,"level":null,"location":null,"name":"Le Grand","name:de":null,"name:en":null,"name:es":null,"name:fr":null,"note:opening_hours":null,"official_name":null,"opening_hours":null,"opening_hours:es":null,"opening_hours:signed":null,"operator":null,"outdoor_seating":null,"payment:app":null,"payment:apple_pay":null,"payment:cards":null,"payment:cash":null,"payment:contactless":null,"payment:credit_cards":null,"payment:debit_cards":null,"payment:google_pay":null,"payment:lightning":null,"payment:lightning_contactless":null,"payment:onchain":null,"pets":null,"phone":"+57 320 9990404","service:electricity":null,"shop":null,"smoking":null,"source":null,"takeaway":null,"toilets":null,"toilets:access":null,"toilets:wheelchair":null,"tourism":null,"url":null,"website":null,"website:menu":null,"wheelchair":null,"wifi":null},"geometry":{"type":"Point","coordinates":[-74.0479566,4.6732568]}},
{"type":"Feature","properties":{"fid":1069,"id":"node/10101324917","@id":"node/10101324917","addr:city":null,"addr:country":null,"addr:door":null,"addr:floor":null,"addr:full":null,"addr:housename":null,"addr:housenumber":null,"addr:place":null,"addr:postcode":null,"addr:street":null,"addr:unit":null,"air_conditioning":null,"alt_name":null,"amenity":"cafe","baby_feeding":null,"bar":null,"branch":null,"brand":null,"brand:wikidata":null,"brand:wikipedia":null,"building":null,"capacity":null,"check_date":null,"check_date:opening_hours":null,"contact:facebook":null,"contact:instagram":null,"contact:website":null,"contact:whatsapp":null,"cuisine":null,"currency:XBT":null,"delivery":null,"description":null,"diet:gluten_free":null,"diet:organic":null,"diet:vegan":null,"diet:vegetarian":null,"dog":null,"drink:espresso":null,"drink:filter_coffee":null,"drive_through":null,"email":null,"fixme":null,"floor":null,"indoor":null,"indoor_seating":null,"internet_access":null,"internet_access:fee":null,"internet_access:ssid":null,"level":null,"location":null,"name":"Philippe","name:de":null,"name:en":null,"name:es":null,"name:fr":null,"note:opening_hours":null,"official_name":null,"opening_hours":null,"opening_hours:es":null,"opening_hours:signed":null,"operator":null,"outdoor_seating":null,"payment:app":null,"payment:apple_pay":null,"payment:cards":null,"payment:cash":null,"payment:contactless":null,"payment:credit_cards":null,"payment:debit_cards":null,"payment:google_pay":null,"payment:lightning":null,"payment:lightning_contactless":null,"payment:onchain":null,"pets":null,"phone":null,"service:electricity":null,"shop":null,"smoking":null,"source":null,"takeaway":null,"toilets":null,"toilets:access":null,"toilets:wheelchair":null,"tourism":null,"url":null,"website":null,"website:menu":null,"wheelchair":null,"wifi":null},"geometry":{"type":"Point","coordinates":[-74.0541989,4.6662523]}},
{"type":"Feature","properties":{"fid":1070,"id":"node/10114228157","@id":"node/10114228157","addr:city":null,"addr:country":null,"addr:door":null,"addr:floor":null,"addr:full":null,"addr:housename":null,"addr:housenumber":null,"addr:place":null,"addr:postcode":null,"addr:street":null,"addr:unit":null,"air_conditioning":"no","alt_name":null,"amenity":"cafe","baby_feeding":null,"bar":null,"branch":null,"brand":null,"brand:wikidata":null,"brand:wikipedia":null,"building":null,"capacity":"10","check_date":null,"check_date:opening_hours":null,"contact:facebook":null,"contact:instagram":null,"contact:website":null,"contact:whatsapp":null,"cuisine":null,"currency:XBT":null,"delivery":null,"description":null,"diet:gluten_free":null,"diet:organic":null,"diet:vegan":null,"diet:vegetarian":null,"dog":null,"drink:espresso":null,"drink:filter_coffee":null,"drive_through":null,"email":null,"fixme":null,"floor":null,"indoor":null,"indoor_seating":null,"internet_access":"no","internet_access:fee":null,"internet_access:ssid":null,"level":null,"location":null,"name":null,"name:de":null,"name:en":null,"name:es":null,"name:fr":null,"note:opening_hours":null,"official_name":null,"opening_hours":null,"opening_hours:es":null,"opening_hours:signed":null,"operator":null,"outdoor_seating":"yes","payment:app":null,"payment:apple_pay":null,"payment:cards":null,"payment:cash":null,"payment:contactless":null,"payment:credit_cards":null,"payment:debit_cards":null,"payment:google_pay":null,"payment:lightning":null,"payment:lightning_contactless":null,"payment:onchain":null,"pets":null,"phone":null,"service:electricity":null,"shop":null,"smoking":null,"source":null,"takeaway":null,"toilets":null,"toilets:access":null,"toilets:wheelchair":null,"tourism":null,"url":null,"website":null,"website:menu":null,"wheelchair":null,"wifi":null},"geometry":{"type":"Point","coordinates":[-74.0870811,4.6544045]}},
{"type":"Feature","properties":{"fid":1071,"id":"node/10114247309","@id":"node/10114247309","addr:city":null,"addr:country":null,"addr:door":null,"addr:floor":null,"addr:full":null,"addr:housename":null,"addr:housenumber":null,"addr:place":null,"addr:postcode":null,"addr:street":null,"addr:unit":null,"air_conditioning":null,"alt_name":null,"amenity":"cafe","baby_feeding":null,"bar":null,"branch":null,"brand":null,"brand:wikidata":null,"brand:wikipedia":null,"building":null,"capacity":null,"check_date":null,"check_date:opening_hours":null,"contact:facebook":null,"contact:instagram":null,"contact:website":null,"contact:whatsapp":null,"cuisine":null,"currency:XBT":null,"delivery":null,"description":null,"diet:gluten_free":null,"diet:organic":null,"diet:vegan":null,"diet:vegetarian":null,"dog":null,"drink:espresso":null,"drink:filter_coffee":null,"drive_through":null,"email":null,"fixme":null,"floor":null,"indoor":null,"indoor_seating":null,"internet_access":null,"internet_access:fee":null,"internet_access:ssid":null,"level":null,"location":null,"name":null,"name:de":null,"name:en":null,"name:es":null,"name:fr":null,"note:opening_hours":null,"official_name":null,"opening_hours":null,"opening_hours:es":null,"opening_hours:signed":null,"operator":null,"outdoor_seating":null,"payment:app":null,"payment:apple_pay":null,"payment:cards":null,"payment:cash":null,"payment:contactless":null,"payment:credit_cards":null,"payment:debit_cards":null,"payment:google_pay":null,"payment:lightning":null,"payment:lightning_contactless":null,"payment:onchain":null,"pets":null,"phone":null,"service:electricity":null,"shop":null,"smoking":null,"source":null,"takeaway":null,"toilets":null,"toilets:access":null,"toilets:wheelchair":null,"tourism":null,"url":null,"website":null,"website:menu":null,"wheelchair":null,"wifi":null},"geometry":{"type":"Point","coordinates":[-74.0871089,4.6543557]}},
{"type":"Feature","properties":{"fid":1072,"id":"node/10170715723","@id":"node/10170715723","addr:city":null,"addr:country":null,"addr:door":null,"addr:floor":null,"addr:full":null,"addr:housename":null,"addr:housenumber":null,"addr:place":null,"addr:postcode":null,"addr:street":null,"addr:unit":null,"air_conditioning":null,"alt_name":null,"amenity":"cafe","baby_feeding":null,"bar":null,"branch":null,"brand":"Juan Valdez Café","brand:wikidata":"Q6301102","brand:wikipedia":"en:Juan Valdez Café","building":null,"capacity":null,"check_date":null,"check_date:opening_hours":null,"contact:facebook":null,"contact:instagram":null,"contact:website":null,"contact:whatsapp":null,"cuisine":"coffee_shop","currency:XBT":null,"delivery":null,"description":null,"diet:gluten_free":null,"diet:organic":null,"diet:vegan":null,"diet:vegetarian":null,"dog":null,"drink:espresso":null,"drink:filter_coffee":null,"drive_through":null,"email":null,"fixme":null,"floor":null,"indoor":null,"indoor_seating":null,"internet_access":null,"internet_access:fee":null,"internet_access:ssid":null,"level":null,"location":null,"name":"Juan Valdez Café","name:de":null,"name:en":null,"name:es":"Juan Valdez Café","name:fr":null,"note:opening_hours":null,"official_name":null,"opening_hours":null,"opening_hours:es":null,"opening_hours:signed":null,"operator":null,"outdoor_seating":null,"payment:app":null,"payment:apple_pay":null,"payment:cards":null,"payment:cash":null,"payment:contactless":null,"payment:credit_cards":null,"payment:debit_cards":null,"payment:google_pay":null,"payment:lightning":null,"payment:lightning_contactless":null,"payment:onchain":null,"pets":null,"phone":null,"service:electricity":null,"shop":"coffee","smoking":null,"source":null,"takeaway":"yes","toilets":null,"toilets:access":null,"toilets:wheelchair":null,"tourism":null,"url":null,"website":"https://juanvaldez.com/","website:menu":null,"wheelchair":null,"wifi":null},"geometry":{"type":"Point","coordinates":[-74.106193200000021,4.6517609]}},
{"type":"Feature","properties":{"fid":1073,"id":"node/10170715724","@id":"node/10170715724","addr:city":null,"addr:country":null,"addr:door":null,"addr:floor":null,"addr:full":null,"addr:housename":null,"addr:housenumber":null,"addr:place":null,"addr:postcode":null,"addr:street":null,"addr:unit":null,"air_conditioning":null,"alt_name":null,"amenity":"cafe","baby_feeding":null,"bar":null,"branch":null,"brand":"Café OMA","brand:wikidata":"Q108929487","brand:wikipedia":null,"building":null,"capacity":null,"check_date":null,"check_date:opening_hours":null,"contact:facebook":null,"contact:instagram":null,"contact:website":null,"contact:whatsapp":null,"cuisine":"coffee_shop","currency:XBT":null,"delivery":null,"description":null,"diet:gluten_free":null,"diet:organic":null,"diet:vegan":null,"diet:vegetarian":null,"dog":null,"drink:espresso":null,"drink:filter_coffee":null,"drive_through":null,"email":null,"fixme":null,"floor":null,"indoor":null,"indoor_seating":null,"internet_access":null,"internet_access:fee":null,"internet_access:ssid":null,"level":null,"location":null,"name":"Café OMA","name:de":null,"name:en":null,"name:es":null,"name:fr":null,"note:opening_hours":null,"official_name":null,"opening_hours":null,"opening_hours:es":null,"opening_hours:signed":null,"operator":null,"outdoor_seating":null,"payment:app":null,"payment:apple_pay":null,"payment:cards":null,"payment:cash":null,"payment:contactless":null,"payment:credit_cards":null,"payment:debit_cards":null,"payment:google_pay":null,"payment:lightning":null,"payment:lightning_contactless":null,"payment:onchain":null,"pets":null,"phone":null,"service:electricity":null,"shop":null,"smoking":null,"source":null,"takeaway":"yes","toilets":null,"toilets:access":null,"toilets:wheelchair":null,"tourism":null,"url":null,"website":"https://www.cafeoma.com/","website:menu":null,"wheelchair":null,"wifi":null},"geometry":{"type":"Point","coordinates":[-74.1063261,4.6511684]}},
{"type":"Feature","properties":{"fid":1075,"id":"node/10231841339","@id":"node/10231841339","addr:city":"Bogotá D.C.","addr:country":null,"addr:door":null,"addr:floor":null,"addr:full":null,"addr:housename":null,"addr:housenumber":null,"addr:place":null,"addr:postcode":null,"addr:street":"Calle 45A","addr:unit":null,"air_conditioning":null,"alt_name":null,"amenity":"cafe","baby_feeding":null,"bar":null,"branch":null,"brand":null,"brand:wikidata":null,"brand:wikipedia":null,"building":null,"capacity":null,"check_date":null,"check_date:opening_hours":null,"contact:facebook":null,"contact:instagram":null,"contact:website":null,"contact:whatsapp":null,"cuisine":null,"currency:XBT":null,"delivery":null,"description":null,"diet:gluten_free":null,"diet:organic":null,"diet:vegan":null,"diet:vegetarian":null,"dog":null,"drink:espresso":null,"drink:filter_coffee":null,"drive_through":null,"email":null,"fixme":null,"floor":null,"indoor":null,"indoor_seating":null,"internet_access":null,"internet_access:fee":null,"internet_access:ssid":null,"level":null,"location":null,"name":"Juan Valdéz Café","name:de":null,"name:en":null,"name:es":null,"name:fr":null,"note:opening_hours":null,"official_name":null,"opening_hours":"Mo-Fr 07:00-20:00; PH,Sa,Su 08:00-18:30","opening_hours:es":null,"opening_hours:signed":null,"operator":null,"outdoor_seating":null,"payment:app":null,"payment:apple_pay":null,"payment:cards":null,"payment:cash":null,"payment:contactless":null,"payment:credit_cards":null,"payment:debit_cards":null,"payment:google_pay":null,"payment:lightning":null,"payment:lightning_contactless":null,"payment:onchain":null,"pets":null,"phone":null,"service:electricity":null,"shop":null,"smoking":null,"source":null,"takeaway":null,"toilets":null,"toilets:access":null,"toilets:wheelchair":null,"tourism":null,"url":null,"website":null,"website:menu":null,"wheelchair":null,"wifi":null},"geometry":{"type":"Point","coordinates":[-74.0661771,4.6326778]}},
{"type":"Feature","properties":{"fid":1081,"id":"node/10238241895","@id":"node/10238241895","addr:city":null,"addr:country":null,"addr:door":null,"addr:floor":null,"addr:full":null,"addr:housename":null,"addr:housenumber":null,"addr:place":null,"addr:postcode":null,"addr:street":null,"addr:unit":null,"air_conditioning":null,"alt_name":null,"amenity":"cafe","baby_feeding":null,"bar":null,"branch":null,"brand":"Juan Valdez Café","brand:wikidata":"Q6301102","brand:wikipedia":"en:Juan Valdez Café","building":null,"capacity":null,"check_date":"2025-06-29","check_date:opening_hours":null,"contact:facebook":null,"contact:instagram":null,"contact:website":null,"contact:whatsapp":null,"cuisine":"coffee_shop","currency:XBT":null,"delivery":null,"description":null,"diet:gluten_free":null,"diet:organic":null,"diet:vegan":null,"diet:vegetarian":null,"dog":null,"drink:espresso":null,"drink:filter_coffee":null,"drive_through":null,"email":null,"fixme":null,"floor":null,"indoor":null,"indoor_seating":null,"internet_access":null,"internet_access:fee":null,"internet_access:ssid":null,"level":null,"location":null,"name":"Juan Valdez Café","name:de":null,"name:en":null,"name:es":"Juan Valdez Café","name:fr":null,"note:opening_hours":null,"official_name":null,"opening_hours":null,"opening_hours:es":null,"opening_hours:signed":null,"operator":null,"outdoor_seating":null,"payment:app":null,"payment:apple_pay":null,"payment:cards":null,"payment:cash":null,"payment:contactless":null,"payment:credit_cards":null,"payment:debit_cards":null,"payment:google_pay":null,"payment:lightning":null,"payment:lightning_contactless":null,"payment:onchain":null,"pets":null,"phone":null,"service:electricity":null,"shop":"coffee","smoking":null,"source":null,"takeaway":"yes","toilets":null,"toilets:access":null,"toilets:wheelchair":null,"tourism":null,"url":null,"website":"https://juanvaldez.com/","website:menu":null,"wheelchair":null,"wifi":null},"geometry":{"type":"Point","coordinates":[-74.0482929,4.6835432]}},
{"type":"Feature","properties":{"fid":1083,"id":"node/10261567185","@id":"node/10261567185","addr:city":"Bogotá D.C.","addr:country":null,"addr:door":null,"addr:floor":null,"addr:full":null,"addr:housename":null,"addr:housenumber":"71-21","addr:place":null,"addr:postcode":null,"addr:street":"Avenida Carrera 7","addr:unit":null,"air_conditioning":null,"alt_name":null,"amenity":"cafe","baby_feeding":null,"bar":null,"branch":null,"brand":null,"brand:wikidata":null,"brand:wikipedia":null,"building":null,"capacity":null,"check_date":"2022-12-13","check_date:opening_hours":null,"contact:facebook":null,"contact:instagram":null,"contact:website":null,"contact:whatsapp":null,"cuisine":null,"currency:XBT":"no","delivery":null,"description":null,"diet:gluten_free":null,"diet:organic":null,"diet:vegan":null,"diet:vegetarian":null,"dog":null,"drink:espresso":null,"drink:filter_coffee":null,"drive_through":null,"email":null,"fixme":null,"floor":null,"indoor":null,"indoor_seating":null,"internet_access":null,"internet_access:fee":null,"internet_access:ssid":null,"level":null,"location":null,"name":"Bitcoin café","name:de":null,"name:en":null,"name:es":null,"name:fr":null,"note:opening_hours":null,"official_name":null,"opening_hours":"Mo-Fr 10:00-16:30","opening_hours:es":null,"opening_hours:signed":null,"operator":null,"outdoor_seating":null,"payment:app":null,"payment:apple_pay":null,"payment:cards":null,"payment:cash":null,"payment:contactless":null,"payment:credit_cards":null,"payment:debit_cards":null,"payment:google_pay":null,"payment:lightning":"no","payment:lightning_contactless":"no","payment:onchain":"no","pets":null,"phone":"+57 321 4944590","service:electricity":null,"shop":null,"smoking":null,"source":null,"takeaway":null,"toilets":null,"toilets:access":null,"toilets:wheelchair":null,"tourism":null,"url":null,"website":"https://www.bitcoin.cafe/","website:menu":null,"wheelchair":null,"wifi":null},"geometry":{"type":"Point","coordinates":[-74.0560348,4.6546098]}},
{"type":"Feature","properties":{"fid":1084,"id":"node/10282815594","@id":"node/10282815594","addr:city":null,"addr:country":null,"addr:door":null,"addr:floor":null,"addr:full":null,"addr:housename":null,"addr:housenumber":null,"addr:place":null,"addr:postcode":null,"addr:street":null,"addr:unit":null,"air_conditioning":null,"alt_name":null,"amenity":"cafe","baby_feeding":null,"bar":null,"branch":null,"brand":null,"brand:wikidata":null,"brand:wikipedia":null,"building":null,"capacity":null,"check_date":null,"check_date:opening_hours":null,"contact:facebook":null,"contact:instagram":null,"contact:website":null,"contact:whatsapp":null,"cuisine":null,"currency:XBT":null,"delivery":null,"description":null,"diet:gluten_free":null,"diet:organic":null,"diet:vegan":null,"diet:vegetarian":null,"dog":null,"drink:espresso":null,"drink:filter_coffee":null,"drive_through":null,"email":null,"fixme":null,"floor":null,"indoor":null,"indoor_seating":null,"internet_access":null,"internet_access:fee":null,"internet_access:ssid":null,"level":null,"location":null,"name":"Cafe La 53","name:de":null,"name:en":null,"name:es":null,"name:fr":null,"note:opening_hours":null,"official_name":null,"opening_hours":null,"opening_hours:es":null,"opening_hours:signed":null,"operator":null,"outdoor_seating":null,"payment:app":null,"payment:apple_pay":null,"payment:cards":null,"payment:cash":null,"payment:contactless":null,"payment:credit_cards":null,"payment:debit_cards":null,"payment:google_pay":null,"payment:lightning":null,"payment:lightning_contactless":null,"payment:onchain":null,"pets":null,"phone":null,"service:electricity":null,"shop":null,"smoking":null,"source":null,"takeaway":null,"toilets":null,"toilets:access":null,"toilets:wheelchair":null,"tourism":null,"url":null,"website":null,"website:menu":null,"wheelchair":null,"wifi":null},"geometry":{"type":"Point","coordinates":[-74.0658843,4.6413294]}},
{"type":"Feature","properties":{"fid":1086,"id":"node/10573093711","@id":"node/10573093711","addr:city":null,"addr:country":null,"addr:door":null,"addr:floor":null,"addr:full":null,"addr:housename":null,"addr:housenumber":null,"addr:place":null,"addr:postcode":null,"addr:street":null,"addr:unit":null,"air_conditioning":null,"alt_name":null,"amenity":"cafe","baby_feeding":null,"bar":null,"branch":null,"brand":"Tostao’","brand:wikidata":"Q60632476","brand:wikipedia":null,"building":null,"capacity":null,"check_date":null,"check_date:opening_hours":"2024-01-30","contact:facebook":null,"contact:instagram":null,"contact:website":null,"contact:whatsapp":null,"cuisine":"coffee_shop","currency:XBT":null,"delivery":null,"description":null,"diet:gluten_free":null,"diet:organic":null,"diet:vegan":null,"diet:vegetarian":null,"dog":null,"drink:espresso":null,"drink:filter_coffee":null,"drive_through":null,"email":null,"fixme":null,"floor":null,"indoor":null,"indoor_seating":null,"internet_access":null,"internet_access:fee":null,"internet_access:ssid":null,"level":null,"location":null,"name":"Tostao’","name:de":null,"name:en":null,"name:es":"Tostao’","name:fr":null,"note:opening_hours":null,"official_name":null,"opening_hours":null,"opening_hours:es":null,"opening_hours:signed":"no","operator":null,"outdoor_seating":null,"payment:app":null,"payment:apple_pay":null,"payment:cards":null,"payment:cash":null,"payment:contactless":null,"payment:credit_cards":null,"payment:debit_cards":null,"payment:google_pay":null,"payment:lightning":null,"payment:lightning_contactless":null,"payment:onchain":null,"pets":null,"phone":null,"service:electricity":null,"shop":null,"smoking":null,"source":null,"takeaway":null,"toilets":null,"toilets:access":null,"toilets:wheelchair":null,"tourism":null,"url":null,"website":null,"website:menu":null,"wheelchair":null,"wifi":null},"geometry":{"type":"Point","coordinates":[-74.0630696,4.6396702]}},
{"type":"Feature","properties":{"fid":1092,"id":"node/10681237408","@id":"node/10681237408","addr:city":null,"addr:country":null,"addr:door":null,"addr:floor":null,"addr:full":null,"addr:housename":null,"addr:housenumber":null,"addr:place":null,"addr:postcode":null,"addr:street":null,"addr:unit":null,"air_conditioning":null,"alt_name":null,"amenity":"cafe","baby_feeding":null,"bar":null,"branch":null,"brand":null,"brand:wikidata":null,"brand:wikipedia":null,"building":null,"capacity":null,"check_date":null,"check_date:opening_hours":null,"contact:facebook":null,"contact:instagram":null,"contact:website":null,"contact:whatsapp":null,"cuisine":null,"currency:XBT":null,"delivery":null,"description":null,"diet:gluten_free":null,"diet:organic":null,"diet:vegan":null,"diet:vegetarian":null,"dog":null,"drink:espresso":null,"drink:filter_coffee":null,"drive_through":null,"email":null,"fixme":null,"floor":null,"indoor":null,"indoor_seating":null,"internet_access":null,"internet_access:fee":null,"internet_access:ssid":null,"level":null,"location":null,"name":"Colombiemos","name:de":null,"name:en":null,"name:es":null,"name:fr":null,"note:opening_hours":null,"official_name":null,"opening_hours":null,"opening_hours:es":null,"opening_hours:signed":null,"operator":null,"outdoor_seating":null,"payment:app":null,"payment:apple_pay":null,"payment:cards":null,"payment:cash":null,"payment:contactless":null,"payment:credit_cards":null,"payment:debit_cards":null,"payment:google_pay":null,"payment:lightning":null,"payment:lightning_contactless":null,"payment:onchain":null,"pets":null,"phone":null,"service:electricity":null,"shop":null,"smoking":null,"source":null,"takeaway":null,"toilets":null,"toilets:access":null,"toilets:wheelchair":null,"tourism":null,"url":null,"website":null,"website:menu":null,"wheelchair":null,"wifi":null},"geometry":{"type":"Point","coordinates":[-74.0516037,4.6673855]}},
{"type":"Feature","properties":{"fid":1095,"id":"node/10694316691","@id":"node/10694316691","addr:city":null,"addr:country":null,"addr:door":null,"addr:floor":null,"addr:full":null,"addr:housename":null,"addr:housenumber":null,"addr:place":null,"addr:postcode":null,"addr:street":null,"addr:unit":null,"air_conditioning":null,"alt_name":null,"amenity":"cafe","baby_feeding":null,"bar":null,"branch":null,"brand":null,"brand:wikidata":null,"brand:wikipedia":null,"building":null,"capacity":null,"check_date":null,"check_date:opening_hours":null,"contact:facebook":null,"contact:instagram":null,"contact:website":null,"contact:whatsapp":null,"cuisine":null,"currency:XBT":null,"delivery":null,"description":null,"diet:gluten_free":null,"diet:organic":null,"diet:vegan":null,"diet:vegetarian":null,"dog":null,"drink:espresso":null,"drink:filter_coffee":null,"drive_through":null,"email":null,"fixme":null,"floor":null,"indoor":null,"indoor_seating":null,"internet_access":null,"internet_access:fee":null,"internet_access:ssid":null,"level":null,"location":null,"name":"La Torre","name:de":null,"name:en":null,"name:es":null,"name:fr":null,"note:opening_hours":null,"official_name":null,"opening_hours":null,"opening_hours:es":null,"opening_hours:signed":null,"operator":null,"outdoor_seating":null,"payment:app":null,"payment:apple_pay":null,"payment:cards":null,"payment:cash":null,"payment:contactless":null,"payment:credit_cards":null,"payment:debit_cards":null,"payment:google_pay":null,"payment:lightning":null,"payment:lightning_contactless":null,"payment:onchain":null,"pets":null,"phone":null,"service:electricity":null,"shop":null,"smoking":null,"source":null,"takeaway":null,"toilets":null,"toilets:access":null,"toilets:wheelchair":null,"tourism":null,"url":null,"website":null,"website:menu":null,"wheelchair":null,"wifi":null},"geometry":{"type":"Point","coordinates":[-74.0684786,4.6086349]}},
{"type":"Feature","properties":{"fid":1099,"id":"node/10772011326","@id":"node/10772011326","addr:city":null,"addr:country":null,"addr:door":null,"addr:floor":null,"addr:full":null,"addr:housename":null,"addr:housenumber":null,"addr:place":null,"addr:postcode":null,"addr:street":null,"addr:unit":null,"air_conditioning":null,"alt_name":null,"amenity":"cafe","baby_feeding":null,"bar":null,"branch":null,"brand":null,"brand:wikidata":null,"brand:wikipedia":null,"building":null,"capacity":null,"check_date":null,"check_date:opening_hours":null,"contact:facebook":null,"contact:instagram":null,"contact:website":null,"contact:whatsapp":null,"cuisine":null,"currency:XBT":null,"delivery":null,"description":null,"diet:gluten_free":null,"diet:organic":null,"diet:vegan":null,"diet:vegetarian":null,"dog":null,"drink:espresso":null,"drink:filter_coffee":null,"drive_through":null,"email":null,"fixme":null,"floor":null,"indoor":null,"indoor_seating":null,"internet_access":null,"internet_access:fee":null,"internet_access:ssid":null,"level":null,"location":null,"name":"Bendito","name:de":null,"name:en":null,"name:es":null,"name:fr":null,"note:opening_hours":null,"official_name":null,"opening_hours":null,"opening_hours:es":null,"opening_hours:signed":null,"operator":null,"outdoor_seating":null,"payment:app":null,"payment:apple_pay":null,"payment:cards":null,"payment:cash":null,"payment:contactless":null,"payment:credit_cards":null,"payment:debit_cards":null,"payment:google_pay":null,"payment:lightning":null,"payment:lightning_contactless":null,"payment:onchain":null,"pets":null,"phone":null,"service:electricity":null,"shop":null,"smoking":null,"source":null,"takeaway":null,"toilets":null,"toilets:access":null,"toilets:wheelchair":null,"tourism":null,"url":null,"website":null,"website:menu":null,"wheelchair":null,"wifi":null},"geometry":{"type":"Point","coordinates":[-74.0524256,4.6849478]}},
{"type":"Feature","properties":{"fid":1101,"id":"node/10814758150","@id":"node/10814758150","addr:city":null,"addr:country":null,"addr:door":null,"addr:floor":null,"addr:full":null,"addr:housename":null,"addr:housenumber":null,"addr:place":null,"addr:postcode":null,"addr:street":null,"addr:unit":null,"air_conditioning":null,"alt_name":null,"amenity":"cafe","baby_feeding":null,"bar":null,"branch":null,"brand":null,"brand:wikidata":null,"brand:wikipedia":null,"building":null,"capacity":null,"check_date":"2025-11-05","check_date:opening_hours":null,"contact:facebook":null,"contact:instagram":null,"contact:website":null,"contact:whatsapp":null,"cuisine":null,"currency:XBT":null,"delivery":null,"description":null,"diet:gluten_free":null,"diet:organic":null,"diet:vegan":null,"diet:vegetarian":null,"dog":null,"drink:espresso":null,"drink:filter_coffee":null,"drive_through":null,"email":null,"fixme":null,"floor":null,"indoor":null,"indoor_seating":null,"internet_access":null,"internet_access:fee":null,"internet_access:ssid":null,"level":null,"location":null,"name":"Libertario","name:de":null,"name:en":null,"name:es":null,"name:fr":null,"note:opening_hours":null,"official_name":null,"opening_hours":null,"opening_hours:es":null,"opening_hours:signed":null,"operator":null,"outdoor_seating":null,"payment:app":null,"payment:apple_pay":null,"payment:cards":null,"payment:cash":null,"payment:contactless":null,"payment:credit_cards":null,"payment:debit_cards":null,"payment:google_pay":null,"payment:lightning":null,"payment:lightning_contactless":null,"payment:onchain":null,"pets":null,"phone":null,"service:electricity":null,"shop":null,"smoking":null,"source":null,"takeaway":null,"toilets":null,"toilets:access":null,"toilets:wheelchair":null,"tourism":null,"url":null,"website":null,"website:menu":null,"wheelchair":null,"wifi":null},"geometry":{"type":"Point","coordinates":[-74.0536813,4.6693907]}},
{"type":"Feature","properties":{"fid":1114,"id":"node/11244680670","@id":"node/11244680670","addr:city":null,"addr:country":null,"addr:door":null,"addr:floor":null,"addr:full":null,"addr:housename":null,"addr:housenumber":null,"addr:place":null,"addr:postcode":null,"addr:street":null,"addr:unit":null,"air_conditioning":null,"alt_name":null,"amenity":"cafe","baby_feeding":null,"bar":null,"branch":null,"brand":null,"brand:wikidata":null,"brand:wikipedia":null,"building":null,"capacity":null,"check_date":null,"check_date:opening_hours":null,"contact:facebook":null,"contact:instagram":null,"contact:website":null,"contact:whatsapp":null,"cuisine":null,"currency:XBT":null,"delivery":null,"description":null,"diet:gluten_free":null,"diet:organic":null,"diet:vegan":null,"diet:vegetarian":null,"dog":null,"drink:espresso":null,"drink:filter_coffee":null,"drive_through":null,"email":null,"fixme":null,"floor":null,"indoor":null,"indoor_seating":null,"internet_access":null,"internet_access:fee":null,"internet_access:ssid":null,"level":null,"location":null,"name":"San Fermín","name:de":null,"name:en":null,"name:es":null,"name:fr":null,"note:opening_hours":null,"official_name":null,"opening_hours":null,"opening_hours:es":null,"opening_hours:signed":null,"operator":null,"outdoor_seating":null,"payment:app":null,"payment:apple_pay":null,"payment:cards":null,"payment:cash":null,"payment:contactless":null,"payment:credit_cards":null,"payment:debit_cards":null,"payment:google_pay":null,"payment:lightning":null,"payment:lightning_contactless":null,"payment:onchain":null,"pets":null,"phone":null,"service:electricity":null,"shop":null,"smoking":null,"source":null,"takeaway":null,"toilets":null,"toilets:access":null,"toilets:wheelchair":null,"tourism":null,"url":null,"website":null,"website:menu":null,"wheelchair":null,"wifi":null},"geometry":{"type":"Point","coordinates":[-74.0630354,4.6492638]}},
{"type":"Feature","properties":{"fid":1117,"id":"node/11390543991","@id":"node/11390543991","addr:city":null,"addr:country":null,"addr:door":null,"addr:floor":null,"addr:full":null,"addr:housename":null,"addr:housenumber":null,"addr:place":null,"addr:postcode":null,"addr:street":null,"addr:unit":null,"air_conditioning":null,"alt_name":null,"amenity":"cafe","baby_feeding":null,"bar":null,"branch":null,"brand":null,"brand:wikidata":null,"brand:wikipedia":null,"building":null,"capacity":null,"check_date":null,"check_date:opening_hours":null,"contact:facebook":null,"contact:instagram":null,"contact:website":null,"contact:whatsapp":null,"cuisine":null,"currency:XBT":null,"delivery":null,"description":null,"diet:gluten_free":null,"diet:organic":null,"diet:vegan":null,"diet:vegetarian":null,"dog":null,"drink:espresso":null,"drink:filter_coffee":null,"drive_through":null,"email":null,"fixme":null,"floor":null,"indoor":null,"indoor_seating":null,"internet_access":null,"internet_access:fee":null,"internet_access:ssid":null,"level":null,"location":null,"name":null,"name:de":null,"name:en":null,"name:es":null,"name:fr":null,"note:opening_hours":null,"official_name":null,"opening_hours":null,"opening_hours:es":null,"opening_hours:signed":null,"operator":"Juan Valdez","outdoor_seating":null,"payment:app":null,"payment:apple_pay":null,"payment:cards":null,"payment:cash":null,"payment:contactless":null,"payment:credit_cards":null,"payment:debit_cards":null,"payment:google_pay":null,"payment:lightning":null,"payment:lightning_contactless":null,"payment:onchain":null,"pets":null,"phone":null,"service:electricity":null,"shop":null,"smoking":null,"source":null,"takeaway":"yes","toilets":null,"toilets:access":null,"toilets:wheelchair":null,"tourism":null,"url":null,"website":null,"website:menu":null,"wheelchair":"designated","wifi":null},"geometry":{"type":"Point","coordinates":[-74.0619461,4.7092461]}},
{"type":"Feature","properties":{"fid":1122,"id":"node/11619622007","@id":"node/11619622007","addr:city":null,"addr:country":null,"addr:door":null,"addr:floor":null,"addr:full":null,"addr:housename":null,"addr:housenumber":null,"addr:place":null,"addr:postcode":null,"addr:street":null,"addr:unit":null,"air_conditioning":null,"alt_name":null,"amenity":"cafe","baby_feeding":null,"bar":null,"branch":null,"brand":"Café OMA","brand:wikidata":"Q108929487","brand:wikipedia":null,"building":null,"capacity":null,"check_date":null,"check_date:opening_hours":null,"contact:facebook":null,"contact:instagram":null,"contact:website":null,"contact:whatsapp":null,"cuisine":"coffee_shop","currency:XBT":null,"delivery":null,"description":null,"diet:gluten_free":null,"diet:organic":null,"diet:vegan":null,"diet:vegetarian":null,"dog":null,"drink:espresso":null,"drink:filter_coffee":null,"drive_through":null,"email":null,"fixme":null,"floor":null,"indoor":null,"indoor_seating":null,"internet_access":null,"internet_access:fee":null,"internet_access:ssid":null,"level":null,"location":null,"name":"Café OMA","name:de":null,"name:en":null,"name:es":null,"name:fr":null,"note:opening_hours":null,"official_name":null,"opening_hours":null,"opening_hours:es":null,"opening_hours:signed":null,"operator":null,"outdoor_seating":null,"payment:app":null,"payment:apple_pay":null,"payment:cards":null,"payment:cash":null,"payment:contactless":null,"payment:credit_cards":null,"payment:debit_cards":null,"payment:google_pay":null,"payment:lightning":null,"payment:lightning_contactless":null,"payment:onchain":null,"pets":null,"phone":null,"service:electricity":null,"shop":null,"smoking":null,"source":null,"takeaway":"yes","toilets":null,"toilets:access":null,"toilets:wheelchair":null,"tourism":null,"url":null,"website":null,"website:menu":null,"wheelchair":null,"wifi":null},"geometry":{"type":"Point","coordinates":[-74.0391419,4.6796944]}},
{"type":"Feature","properties":{"fid":1124,"id":"node/11628671311","@id":"node/11628671311","addr:city":null,"addr:country":null,"addr:door":null,"addr:floor":null,"addr:full":null,"addr:housename":null,"addr:housenumber":null,"addr:place":null,"addr:postcode":null,"addr:street":null,"addr:unit":null,"air_conditioning":null,"alt_name":null,"amenity":"cafe","baby_feeding":null,"bar":null,"branch":null,"brand":null,"brand:wikidata":null,"brand:wikipedia":null,"building":null,"capacity":null,"check_date":null,"check_date:opening_hours":null,"contact:facebook":null,"contact:instagram":null,"contact:website":null,"contact:whatsapp":null,"cuisine":null,"currency:XBT":null,"delivery":null,"description":null,"diet:gluten_free":null,"diet:organic":null,"diet:vegan":null,"diet:vegetarian":null,"dog":null,"drink:espresso":null,"drink:filter_coffee":null,"drive_through":null,"email":null,"fixme":null,"floor":null,"indoor":null,"indoor_seating":null,"internet_access":null,"internet_access:fee":null,"internet_access:ssid":null,"level":null,"location":null,"name":"Avena Cubana","name:de":null,"name:en":null,"name:es":null,"name:fr":null,"note:opening_hours":null,"official_name":null,"opening_hours":null,"opening_hours:es":null,"opening_hours:signed":null,"operator":null,"outdoor_seating":null,"payment:app":null,"payment:apple_pay":null,"payment:cards":null,"payment:cash":null,"payment:contactless":null,"payment:credit_cards":null,"payment:debit_cards":null,"payment:google_pay":null,"payment:lightning":null,"payment:lightning_contactless":null,"payment:onchain":null,"pets":null,"phone":null,"service:electricity":null,"shop":null,"smoking":null,"source":null,"takeaway":null,"toilets":null,"toilets:access":null,"toilets:wheelchair":null,"tourism":null,"url":null,"website":null,"website:menu":null,"wheelchair":null,"wifi":null},"geometry":{"type":"Point","coordinates":[-74.1031252,4.6463462]}},
{"type":"Feature","properties":{"fid":1125,"id":"node/11630912084","@id":"node/11630912084","addr:city":null,"addr:country":null,"addr:door":null,"addr:floor":null,"addr:full":null,"addr:housename":null,"addr:housenumber":null,"addr:place":null,"addr:postcode":null,"addr:street":null,"addr:unit":null,"air_conditioning":null,"alt_name":null,"amenity":"cafe","baby_feeding":null,"bar":null,"branch":null,"brand":"Tostao’","brand:wikidata":"Q60632476","brand:wikipedia":null,"building":null,"capacity":null,"check_date":null,"check_date:opening_hours":null,"contact:facebook":null,"contact:instagram":null,"contact:website":null,"contact:whatsapp":null,"cuisine":"coffee_shop","currency:XBT":null,"delivery":null,"description":null,"diet:gluten_free":null,"diet:organic":null,"diet:vegan":null,"diet:vegetarian":null,"dog":null,"drink:espresso":null,"drink:filter_coffee":null,"drive_through":null,"email":null,"fixme":null,"floor":null,"indoor":null,"indoor_seating":null,"internet_access":null,"internet_access:fee":null,"internet_access:ssid":null,"level":null,"location":null,"name":"Tostao’","name:de":null,"name:en":null,"name:es":null,"name:fr":null,"note:opening_hours":null,"official_name":"TOSTAO’ Café & Pan","opening_hours":null,"opening_hours:es":null,"opening_hours:signed":null,"operator":null,"outdoor_seating":null,"payment:app":null,"payment:apple_pay":null,"payment:cards":null,"payment:cash":null,"payment:contactless":null,"payment:credit_cards":null,"payment:debit_cards":null,"payment:google_pay":null,"payment:lightning":null,"payment:lightning_contactless":null,"payment:onchain":null,"pets":null,"phone":null,"service:electricity":null,"shop":null,"smoking":null,"source":null,"takeaway":"yes","toilets":null,"toilets:access":null,"toilets:wheelchair":null,"tourism":null,"url":null,"website":null,"website:menu":null,"wheelchair":null,"wifi":null},"geometry":{"type":"Point","coordinates":[-74.0504281,4.6852323]}},
{"type":"Feature","properties":{"fid":1126,"id":"node/11641027765","@id":"node/11641027765","addr:city":null,"addr:country":null,"addr:door":null,"addr:floor":null,"addr:full":null,"addr:housename":null,"addr:housenumber":null,"addr:place":null,"addr:postcode":null,"addr:street":null,"addr:unit":null,"air_conditioning":null,"alt_name":null,"amenity":"cafe","baby_feeding":null,"bar":null,"branch":null,"brand":"Tostao’","brand:wikidata":"Q60632476","brand:wikipedia":null,"building":null,"capacity":null,"check_date":null,"check_date:opening_hours":null,"contact:facebook":null,"contact:instagram":null,"contact:website":null,"contact:whatsapp":null,"cuisine":"coffee_shop","currency:XBT":null,"delivery":null,"description":null,"diet:gluten_free":null,"diet:organic":null,"diet:vegan":null,"diet:vegetarian":null,"dog":null,"drink:espresso":null,"drink:filter_coffee":null,"drive_through":null,"email":null,"fixme":null,"floor":null,"indoor":null,"indoor_seating":null,"internet_access":null,"internet_access:fee":null,"internet_access:ssid":null,"level":null,"location":null,"name":"Tostao’","name:de":null,"name:en":null,"name:es":null,"name:fr":null,"note:opening_hours":null,"official_name":"TOSTAO’ Café & Pan","opening_hours":null,"opening_hours:es":null,"opening_hours:signed":null,"operator":null,"outdoor_seating":null,"payment:app":null,"payment:apple_pay":null,"payment:cards":null,"payment:cash":null,"payment:contactless":null,"payment:credit_cards":null,"payment:debit_cards":null,"payment:google_pay":null,"payment:lightning":null,"payment:lightning_contactless":null,"payment:onchain":null,"pets":null,"phone":null,"service:electricity":null,"shop":null,"smoking":null,"source":null,"takeaway":"yes","toilets":null,"toilets:access":null,"toilets:wheelchair":null,"tourism":null,"url":null,"website":null,"website:menu":null,"wheelchair":null,"wifi":null},"geometry":{"type":"Point","coordinates":[-74.0501782,4.6846542]}},
{"type":"Feature","properties":{"fid":1127,"id":"node/11739460170","@id":"node/11739460170","addr:city":null,"addr:country":null,"addr:door":null,"addr:floor":null,"addr:full":null,"addr:housename":null,"addr:housenumber":null,"addr:place":null,"addr:postcode":null,"addr:street":null,"addr:unit":null,"air_conditioning":null,"alt_name":null,"amenity":"cafe","baby_feeding":null,"bar":null,"branch":null,"brand":null,"brand:wikidata":null,"brand:wikipedia":null,"building":null,"capacity":null,"check_date":null,"check_date:opening_hours":null,"contact:facebook":null,"contact:instagram":null,"contact:website":null,"contact:whatsapp":null,"cuisine":null,"currency:XBT":null,"delivery":null,"description":null,"diet:gluten_free":null,"diet:organic":null,"diet:vegan":null,"diet:vegetarian":null,"dog":null,"drink:espresso":null,"drink:filter_coffee":null,"drive_through":null,"email":null,"fixme":null,"floor":null,"indoor":null,"indoor_seating":null,"internet_access":null,"internet_access:fee":null,"internet_access:ssid":null,"level":null,"location":null,"name":"Café Montruo","name:de":null,"name:en":null,"name:es":null,"name:fr":null,"note:opening_hours":null,"official_name":null,"opening_hours":null,"opening_hours:es":null,"opening_hours:signed":null,"operator":null,"outdoor_seating":null,"payment:app":null,"payment:apple_pay":null,"payment:cards":null,"payment:cash":null,"payment:contactless":null,"payment:credit_cards":null,"payment:debit_cards":null,"payment:google_pay":null,"payment:lightning":null,"payment:lightning_contactless":null,"payment:onchain":null,"pets":null,"phone":null,"service:electricity":null,"shop":null,"smoking":null,"source":null,"takeaway":null,"toilets":null,"toilets:access":null,"toilets:wheelchair":null,"tourism":null,"url":null,"website":null,"website:menu":null,"wheelchair":null,"wifi":null},"geometry":{"type":"Point","coordinates":[-74.0569241,4.6705841]}},
{"type":"Feature","properties":{"fid":1128,"id":"node/11750055434","@id":"node/11750055434","addr:city":"Bogotá","addr:country":null,"addr:door":null,"addr:floor":null,"addr:full":null,"addr:housename":null,"addr:housenumber":"120A","addr:place":null,"addr:postcode":null,"addr:street":"Calle 77B","addr:unit":null,"air_conditioning":null,"alt_name":null,"amenity":"cafe","baby_feeding":null,"bar":null,"branch":null,"brand":null,"brand:wikidata":null,"brand:wikipedia":null,"building":null,"capacity":null,"check_date":null,"check_date:opening_hours":null,"contact:facebook":null,"contact:instagram":null,"contact:website":null,"contact:whatsapp":null,"cuisine":"coffee_shop;panaderia","currency:XBT":null,"delivery":null,"description":null,"diet:gluten_free":null,"diet:organic":null,"diet:vegan":null,"diet:vegetarian":null,"dog":null,"drink:espresso":null,"drink:filter_coffee":null,"drive_through":null,"email":null,"fixme":null,"floor":null,"indoor":null,"indoor_seating":null,"internet_access":null,"internet_access:fee":null,"internet_access:ssid":null,"level":null,"location":null,"name":"Pan del Carajo","name:de":null,"name:en":null,"name:es":null,"name:fr":null,"note:opening_hours":null,"official_name":null,"opening_hours":null,"opening_hours:es":null,"opening_hours:signed":null,"operator":null,"outdoor_seating":null,"payment:app":null,"payment:apple_pay":null,"payment:cards":null,"payment:cash":null,"payment:contactless":null,"payment:credit_cards":null,"payment:debit_cards":null,"payment:google_pay":null,"payment:lightning":null,"payment:lightning_contactless":null,"payment:onchain":null,"pets":null,"phone":null,"service:electricity":null,"shop":null,"smoking":null,"source":null,"takeaway":null,"toilets":null,"toilets:access":null,"toilets:wheelchair":null,"tourism":null,"url":null,"website":null,"website:menu":null,"wheelchair":null,"wifi":null},"geometry":{"type":"Point","coordinates":[-74.1327947,4.7228825]}},
{"type":"Feature","properties":{"fid":1131,"id":"node/11891091270","@id":"node/11891091270","addr:city":null,"addr:country":null,"addr:door":null,"addr:floor":null,"addr:full":null,"addr:housename":null,"addr:housenumber":null,"addr:place":null,"addr:postcode":null,"addr:street":null,"addr:unit":null,"air_conditioning":null,"alt_name":null,"amenity":"cafe","baby_feeding":null,"bar":null,"branch":null,"brand":null,"brand:wikidata":null,"brand:wikipedia":null,"building":null,"capacity":null,"check_date":null,"check_date:opening_hours":null,"contact:facebook":null,"contact:instagram":null,"contact:website":null,"contact:whatsapp":null,"cuisine":null,"currency:XBT":null,"delivery":null,"description":null,"diet:gluten_free":null,"diet:organic":null,"diet:vegan":null,"diet:vegetarian":null,"dog":null,"drink:espresso":null,"drink:filter_coffee":null,"drive_through":null,"email":null,"fixme":null,"floor":null,"indoor":null,"indoor_seating":null,"internet_access":null,"internet_access:fee":null,"internet_access:ssid":null,"level":null,"location":null,"name":"Tostao'","name:de":null,"name:en":null,"name:es":null,"name:fr":null,"note:opening_hours":null,"official_name":null,"opening_hours":null,"opening_hours:es":null,"opening_hours:signed":null,"operator":null,"outdoor_seating":null,"payment:app":null,"payment:apple_pay":null,"payment:cards":null,"payment:cash":null,"payment:contactless":null,"payment:credit_cards":null,"payment:debit_cards":null,"payment:google_pay":null,"payment:lightning":null,"payment:lightning_contactless":null,"payment:onchain":null,"pets":null,"phone":null,"service:electricity":null,"shop":null,"smoking":null,"source":null,"takeaway":null,"toilets":null,"toilets:access":null,"toilets:wheelchair":null,"tourism":null,"url":null,"website":null,"website:menu":null,"wheelchair":null,"wifi":null},"geometry":{"type":"Point","coordinates":[-74.0684606,4.5961164]}},
{"type":"Feature","properties":{"fid":1133,"id":"node/11985913897","@id":"node/11985913897","addr:city":null,"addr:country":null,"addr:door":null,"addr:floor":null,"addr:full":null,"addr:housename":null,"addr:housenumber":null,"addr:place":null,"addr:postcode":null,"addr:street":null,"addr:unit":null,"air_conditioning":null,"alt_name":null,"amenity":"cafe","baby_feeding":null,"bar":null,"branch":null,"brand":null,"brand:wikidata":null,"brand:wikipedia":null,"building":null,"capacity":null,"check_date":null,"check_date:opening_hours":null,"contact:facebook":null,"contact:instagram":null,"contact:website":null,"contact:whatsapp":null,"cuisine":null,"currency:XBT":null,"delivery":null,"description":null,"diet:gluten_free":null,"diet:organic":null,"diet:vegan":null,"diet:vegetarian":null,"dog":null,"drink:espresso":null,"drink:filter_coffee":null,"drive_through":null,"email":null,"fixme":null,"floor":null,"indoor":null,"indoor_seating":null,"internet_access":null,"internet_access:fee":null,"internet_access:ssid":null,"level":null,"location":null,"name":"Kaldivia","name:de":null,"name:en":null,"name:es":null,"name:fr":null,"note:opening_hours":null,"official_name":null,"opening_hours":null,"opening_hours:es":null,"opening_hours:signed":null,"operator":null,"outdoor_seating":null,"payment:app":null,"payment:apple_pay":null,"payment:cards":null,"payment:cash":null,"payment:contactless":null,"payment:credit_cards":null,"payment:debit_cards":null,"payment:google_pay":null,"payment:lightning":null,"payment:lightning_contactless":null,"payment:onchain":null,"pets":null,"phone":null,"service:electricity":null,"shop":null,"smoking":null,"source":null,"takeaway":null,"toilets":null,"toilets:access":null,"toilets:wheelchair":null,"tourism":null,"url":null,"website":null,"website:menu":null,"wheelchair":null,"wifi":null},"geometry":{"type":"Point","coordinates":[-74.063870600000016,4.6456906]}},
{"type":"Feature","properties":{"fid":1135,"id":"node/12089824170","@id":"node/12089824170","addr:city":null,"addr:country":null,"addr:door":null,"addr:floor":null,"addr:full":null,"addr:housename":null,"addr:housenumber":null,"addr:place":null,"addr:postcode":null,"addr:street":null,"addr:unit":null,"air_conditioning":null,"alt_name":null,"amenity":"cafe","baby_feeding":null,"bar":null,"branch":null,"brand":null,"brand:wikidata":null,"brand:wikipedia":null,"building":null,"capacity":null,"check_date":null,"check_date:opening_hours":null,"contact:facebook":null,"contact:instagram":null,"contact:website":null,"contact:whatsapp":null,"cuisine":"coffee_shop","currency:XBT":null,"delivery":null,"description":null,"diet:gluten_free":null,"diet:organic":null,"diet:vegan":null,"diet:vegetarian":null,"dog":null,"drink:espresso":null,"drink:filter_coffee":null,"drive_through":null,"email":null,"fixme":null,"floor":null,"indoor":null,"indoor_seating":null,"internet_access":null,"internet_access:fee":null,"internet_access:ssid":null,"level":"3","location":null,"name":"Ameli, Tadicion y Sabor","name:de":null,"name:en":null,"name:es":null,"name:fr":null,"note:opening_hours":null,"official_name":null,"opening_hours":null,"opening_hours:es":null,"opening_hours:signed":null,"operator":null,"outdoor_seating":null,"payment:app":null,"payment:apple_pay":null,"payment:cards":null,"payment:cash":null,"payment:contactless":null,"payment:credit_cards":null,"payment:debit_cards":null,"payment:google_pay":null,"payment:lightning":null,"payment:lightning_contactless":null,"payment:onchain":null,"pets":null,"phone":null,"service:electricity":null,"shop":null,"smoking":null,"source":null,"takeaway":null,"toilets":null,"toilets:access":null,"toilets:wheelchair":null,"tourism":null,"url":null,"website":null,"website:menu":null,"wheelchair":null,"wifi":null},"geometry":{"type":"Point","coordinates":[-74.0675608,4.6090702]}},
{"type":"Feature","properties":{"fid":1140,"id":"node/12228261902","@id":"node/12228261902","addr:city":null,"addr:country":null,"addr:door":null,"addr:floor":null,"addr:full":null,"addr:housename":null,"addr:housenumber":null,"addr:place":null,"addr:postcode":null,"addr:street":null,"addr:unit":null,"air_conditioning":null,"alt_name":null,"amenity":"cafe","baby_feeding":null,"bar":null,"branch":null,"brand":null,"brand:wikidata":null,"brand:wikipedia":null,"building":null,"capacity":null,"check_date":null,"check_date:opening_hours":null,"contact:facebook":null,"contact:instagram":null,"contact:website":null,"contact:whatsapp":null,"cuisine":null,"currency:XBT":null,"delivery":null,"description":null,"diet:gluten_free":null,"diet:organic":null,"diet:vegan":null,"diet:vegetarian":null,"dog":null,"drink:espresso":null,"drink:filter_coffee":null,"drive_through":null,"email":null,"fixme":null,"floor":null,"indoor":null,"indoor_seating":null,"internet_access":null,"internet_access:fee":null,"internet_access:ssid":null,"level":null,"location":null,"name":"Café bar Lele","name:de":null,"name:en":null,"name:es":null,"name:fr":null,"note:opening_hours":null,"official_name":null,"opening_hours":null,"opening_hours:es":null,"opening_hours:signed":null,"operator":null,"outdoor_seating":null,"payment:app":null,"payment:apple_pay":null,"payment:cards":null,"payment:cash":null,"payment:contactless":null,"payment:credit_cards":null,"payment:debit_cards":null,"payment:google_pay":null,"payment:lightning":null,"payment:lightning_contactless":null,"payment:onchain":null,"pets":null,"phone":null,"service:electricity":null,"shop":null,"smoking":null,"source":null,"takeaway":null,"toilets":null,"toilets:access":null,"toilets:wheelchair":null,"tourism":null,"url":null,"website":null,"website:menu":null,"wheelchair":null,"wifi":null},"geometry":{"type":"Point","coordinates":[-74.0530484,4.6652933]}},
{"type":"Feature","properties":{"fid":1144,"id":"node/12339426155","@id":"node/12339426155","addr:city":null,"addr:country":null,"addr:door":null,"addr:floor":null,"addr:full":null,"addr:housename":null,"addr:housenumber":null,"addr:place":null,"addr:postcode":null,"addr:street":null,"addr:unit":null,"air_conditioning":null,"alt_name":null,"amenity":"cafe","baby_feeding":null,"bar":null,"branch":null,"brand":null,"brand:wikidata":null,"brand:wikipedia":null,"building":null,"capacity":null,"check_date":null,"check_date:opening_hours":null,"contact:facebook":null,"contact:instagram":null,"contact:website":null,"contact:whatsapp":null,"cuisine":null,"currency:XBT":null,"delivery":null,"description":null,"diet:gluten_free":null,"diet:organic":null,"diet:vegan":null,"diet:vegetarian":null,"dog":null,"drink:espresso":null,"drink:filter_coffee":null,"drive_through":null,"email":null,"fixme":null,"floor":null,"indoor":null,"indoor_seating":"yes","internet_access":null,"internet_access:fee":null,"internet_access:ssid":null,"level":null,"location":null,"name":"Freddie's Café","name:de":null,"name:en":null,"name:es":null,"name:fr":null,"note:opening_hours":null,"official_name":null,"opening_hours":null,"opening_hours:es":null,"opening_hours:signed":null,"operator":null,"outdoor_seating":"no","payment:app":null,"payment:apple_pay":null,"payment:cards":null,"payment:cash":null,"payment:contactless":null,"payment:credit_cards":null,"payment:debit_cards":null,"payment:google_pay":null,"payment:lightning":null,"payment:lightning_contactless":null,"payment:onchain":null,"pets":null,"phone":null,"service:electricity":null,"shop":null,"smoking":null,"source":null,"takeaway":null,"toilets":null,"toilets:access":null,"toilets:wheelchair":null,"tourism":null,"url":null,"website":null,"website:menu":null,"wheelchair":null,"wifi":null},"geometry":{"type":"Point","coordinates":[-74.0682996,4.6048783]}},
{"type":"Feature","properties":{"fid":1145,"id":"node/12358023033","@id":"node/12358023033","addr:city":null,"addr:country":null,"addr:door":null,"addr:floor":null,"addr:full":null,"addr:housename":null,"addr:housenumber":null,"addr:place":null,"addr:postcode":null,"addr:street":null,"addr:unit":null,"air_conditioning":null,"alt_name":null,"amenity":"cafe","baby_feeding":null,"bar":null,"branch":null,"brand":null,"brand:wikidata":null,"brand:wikipedia":null,"building":null,"capacity":null,"check_date":"2024-11-20","check_date:opening_hours":null,"contact:facebook":null,"contact:instagram":null,"contact:website":null,"contact:whatsapp":null,"cuisine":"coffee_shop","currency:XBT":null,"delivery":null,"description":null,"diet:gluten_free":null,"diet:organic":null,"diet:vegan":null,"diet:vegetarian":null,"dog":null,"drink:espresso":null,"drink:filter_coffee":null,"drive_through":null,"email":null,"fixme":null,"floor":null,"indoor":null,"indoor_seating":null,"internet_access":null,"internet_access:fee":null,"internet_access:ssid":null,"level":null,"location":null,"name":"Colo","name:de":null,"name:en":null,"name:es":null,"name:fr":null,"note:opening_hours":null,"official_name":null,"opening_hours":null,"opening_hours:es":null,"opening_hours:signed":null,"operator":null,"outdoor_seating":null,"payment:app":null,"payment:apple_pay":null,"payment:cards":null,"payment:cash":null,"payment:contactless":null,"payment:credit_cards":null,"payment:debit_cards":null,"payment:google_pay":null,"payment:lightning":null,"payment:lightning_contactless":null,"payment:onchain":null,"pets":null,"phone":null,"service:electricity":null,"shop":null,"smoking":null,"source":null,"takeaway":null,"toilets":null,"toilets:access":null,"toilets:wheelchair":null,"tourism":null,"url":null,"website":null,"website:menu":null,"wheelchair":null,"wifi":null},"geometry":{"type":"Point","coordinates":[-74.0536522,4.6676775]}},
{"type":"Feature","properties":{"fid":1147,"id":"node/12423193205","@id":"node/12423193205","addr:city":null,"addr:country":null,"addr:door":null,"addr:floor":null,"addr:full":null,"addr:housename":null,"addr:housenumber":"3-04","addr:place":null,"addr:postcode":null,"addr:street":"Calle 22","addr:unit":null,"air_conditioning":null,"alt_name":null,"amenity":"cafe","baby_feeding":null,"bar":null,"branch":null,"brand":null,"brand:wikidata":null,"brand:wikipedia":null,"building":null,"capacity":null,"check_date":null,"check_date:opening_hours":null,"contact:facebook":null,"contact:instagram":null,"contact:website":null,"contact:whatsapp":null,"cuisine":"coffee_shop","currency:XBT":null,"delivery":null,"description":null,"diet:gluten_free":null,"diet:organic":null,"diet:vegan":null,"diet:vegetarian":null,"dog":null,"drink:espresso":null,"drink:filter_coffee":null,"drive_through":null,"email":null,"fixme":null,"floor":null,"indoor":null,"indoor_seating":null,"internet_access":"no","internet_access:fee":null,"internet_access:ssid":null,"level":null,"location":null,"name":"Cafetería y Panadería Rosita y sus delfines","name:de":null,"name:en":null,"name:es":null,"name:fr":null,"note:opening_hours":null,"official_name":null,"opening_hours":null,"opening_hours:es":null,"opening_hours:signed":null,"operator":null,"outdoor_seating":null,"payment:app":null,"payment:apple_pay":null,"payment:cards":null,"payment:cash":null,"payment:contactless":null,"payment:credit_cards":null,"payment:debit_cards":null,"payment:google_pay":null,"payment:lightning":null,"payment:lightning_contactless":null,"payment:onchain":null,"pets":null,"phone":null,"service:electricity":null,"shop":null,"smoking":"no","source":null,"takeaway":null,"toilets":null,"toilets:access":null,"toilets:wheelchair":null,"tourism":null,"url":null,"website":null,"website:menu":null,"wheelchair":null,"wifi":null},"geometry":{"type":"Point","coordinates":[-74.067054500000012,4.605705]}},
{"type":"Feature","properties":{"fid":1148,"id":"node/12473817705","@id":"node/12473817705","addr:city":null,"addr:country":null,"addr:door":"45","addr:floor":null,"addr:full":null,"addr:housename":null,"addr:housenumber":null,"addr:place":null,"addr:postcode":null,"addr:street":null,"addr:unit":null,"air_conditioning":null,"alt_name":null,"amenity":"cafe","baby_feeding":null,"bar":null,"branch":null,"brand":null,"brand:wikidata":null,"brand:wikipedia":null,"building":null,"capacity":null,"check_date":"2025-01-04","check_date:opening_hours":null,"contact:facebook":null,"contact:instagram":null,"contact:website":null,"contact:whatsapp":null,"cuisine":null,"currency:XBT":null,"delivery":null,"description":null,"diet:gluten_free":null,"diet:organic":null,"diet:vegan":null,"diet:vegetarian":null,"dog":null,"drink:espresso":null,"drink:filter_coffee":null,"drive_through":null,"email":null,"fixme":null,"floor":null,"indoor":null,"indoor_seating":null,"internet_access":null,"internet_access:fee":null,"internet_access:ssid":null,"level":null,"location":null,"name":"Cafe Sol & Luna","name:de":null,"name:en":null,"name:es":null,"name:fr":null,"note:opening_hours":null,"official_name":null,"opening_hours":null,"opening_hours:es":null,"opening_hours:signed":null,"operator":null,"outdoor_seating":"yes","payment:app":null,"payment:apple_pay":null,"payment:cards":null,"payment:cash":null,"payment:contactless":null,"payment:credit_cards":null,"payment:debit_cards":null,"payment:google_pay":null,"payment:lightning":null,"payment:lightning_contactless":null,"payment:onchain":null,"pets":null,"phone":null,"service:electricity":null,"shop":null,"smoking":null,"source":null,"takeaway":null,"toilets":null,"toilets:access":null,"toilets:wheelchair":null,"tourism":null,"url":null,"website":null,"website:menu":null,"wheelchair":null,"wifi":null},"geometry":{"type":"Point","coordinates":[-74.045154,4.7293457]}},
{"type":"Feature","properties":{"fid":1149,"id":"node/12494001391","@id":"node/12494001391","addr:city":null,"addr:country":null,"addr:door":null,"addr:floor":null,"addr:full":null,"addr:housename":null,"addr:housenumber":null,"addr:place":null,"addr:postcode":null,"addr:street":null,"addr:unit":null,"air_conditioning":null,"alt_name":null,"amenity":"cafe","baby_feeding":null,"bar":null,"branch":null,"brand":"Juan Valdez Café","brand:wikidata":"Q6301102","brand:wikipedia":null,"building":null,"capacity":null,"check_date":null,"check_date:opening_hours":null,"contact:facebook":null,"contact:instagram":null,"contact:website":null,"contact:whatsapp":null,"cuisine":"coffee_shop","currency:XBT":null,"delivery":null,"description":null,"diet:gluten_free":null,"diet:organic":null,"diet:vegan":null,"diet:vegetarian":null,"dog":null,"drink:espresso":null,"drink:filter_coffee":null,"drive_through":null,"email":null,"fixme":null,"floor":null,"indoor":null,"indoor_seating":null,"internet_access":null,"internet_access:fee":null,"internet_access:ssid":null,"level":null,"location":null,"name":"Juan Valdez Café","name:de":null,"name:en":null,"name:es":null,"name:fr":null,"note:opening_hours":null,"official_name":null,"opening_hours":null,"opening_hours:es":null,"opening_hours:signed":null,"operator":null,"outdoor_seating":null,"payment:app":null,"payment:apple_pay":null,"payment:cards":null,"payment:cash":null,"payment:contactless":null,"payment:credit_cards":null,"payment:debit_cards":null,"payment:google_pay":null,"payment:lightning":null,"payment:lightning_contactless":null,"payment:onchain":null,"pets":null,"phone":null,"service:electricity":null,"shop":"coffee","smoking":null,"source":null,"takeaway":"yes","toilets":null,"toilets:access":null,"toilets:wheelchair":null,"tourism":null,"url":null,"website":null,"website:menu":null,"wheelchair":null,"wifi":null},"geometry":{"type":"Point","coordinates":[-74.0469775,4.720253]}},
{"type":"Feature","properties":{"fid":1151,"id":"node/12513664406","@id":"node/12513664406","addr:city":null,"addr:country":null,"addr:door":null,"addr:floor":null,"addr:full":null,"addr:housename":null,"addr:housenumber":null,"addr:place":null,"addr:postcode":null,"addr:street":null,"addr:unit":null,"air_conditioning":null,"alt_name":null,"amenity":"cafe","baby_feeding":null,"bar":null,"branch":null,"brand":null,"brand:wikidata":null,"brand:wikipedia":null,"building":null,"capacity":null,"check_date":null,"check_date:opening_hours":null,"contact:facebook":null,"contact:instagram":null,"contact:website":null,"contact:whatsapp":null,"cuisine":"ice_cream","currency:XBT":null,"delivery":null,"description":null,"diet:gluten_free":null,"diet:organic":null,"diet:vegan":null,"diet:vegetarian":null,"dog":null,"drink:espresso":null,"drink:filter_coffee":null,"drive_through":null,"email":null,"fixme":null,"floor":null,"indoor":null,"indoor_seating":null,"internet_access":null,"internet_access:fee":null,"internet_access:ssid":null,"level":"0","location":null,"name":"Natis","name:de":null,"name:en":null,"name:es":null,"name:fr":null,"note:opening_hours":null,"official_name":null,"opening_hours":null,"opening_hours:es":null,"opening_hours:signed":null,"operator":null,"outdoor_seating":null,"payment:app":null,"payment:apple_pay":null,"payment:cards":null,"payment:cash":null,"payment:contactless":null,"payment:credit_cards":null,"payment:debit_cards":null,"payment:google_pay":null,"payment:lightning":null,"payment:lightning_contactless":null,"payment:onchain":null,"pets":null,"phone":null,"service:electricity":null,"shop":null,"smoking":null,"source":null,"takeaway":null,"toilets":null,"toilets:access":null,"toilets:wheelchair":null,"tourism":null,"url":null,"website":null,"website:menu":null,"wheelchair":null,"wifi":null},"geometry":{"type":"Point","coordinates":[-74.0425363,4.7626757]}},
{"type":"Feature","properties":{"fid":1152,"id":"node/12515718333","@id":"node/12515718333","addr:city":null,"addr:country":null,"addr:door":null,"addr:floor":null,"addr:full":null,"addr:housename":null,"addr:housenumber":null,"addr:place":null,"addr:postcode":null,"addr:street":null,"addr:unit":null,"air_conditioning":null,"alt_name":null,"amenity":"cafe","baby_feeding":null,"bar":null,"branch":null,"brand":null,"brand:wikidata":null,"brand:wikipedia":null,"building":null,"capacity":null,"check_date":null,"check_date:opening_hours":null,"contact:facebook":null,"contact:instagram":null,"contact:website":null,"contact:whatsapp":null,"cuisine":null,"currency:XBT":null,"delivery":null,"description":null,"diet:gluten_free":null,"diet:organic":null,"diet:vegan":null,"diet:vegetarian":null,"dog":null,"drink:espresso":null,"drink:filter_coffee":null,"drive_through":null,"email":null,"fixme":null,"floor":null,"indoor":null,"indoor_seating":null,"internet_access":null,"internet_access:fee":null,"internet_access:ssid":null,"level":"0","location":null,"name":null,"name:de":null,"name:en":null,"name:es":null,"name:fr":null,"note:opening_hours":null,"official_name":null,"opening_hours":null,"opening_hours:es":null,"opening_hours:signed":null,"operator":null,"outdoor_seating":null,"payment:app":null,"payment:apple_pay":null,"payment:cards":null,"payment:cash":null,"payment:contactless":null,"payment:credit_cards":null,"payment:debit_cards":null,"payment:google_pay":null,"payment:lightning":null,"payment:lightning_contactless":null,"payment:onchain":null,"pets":null,"phone":null,"service:electricity":null,"shop":null,"smoking":null,"source":null,"takeaway":null,"toilets":null,"toilets:access":null,"toilets:wheelchair":null,"tourism":null,"url":null,"website":null,"website:menu":null,"wheelchair":null,"wifi":null},"geometry":{"type":"Point","coordinates":[-74.0427145,4.762736]}},
{"type":"Feature","properties":{"fid":1154,"id":"node/12563180242","@id":"node/12563180242","addr:city":null,"addr:country":null,"addr:door":null,"addr:floor":null,"addr:full":null,"addr:housename":null,"addr:housenumber":null,"addr:place":null,"addr:postcode":null,"addr:street":null,"addr:unit":null,"air_conditioning":null,"alt_name":null,"amenity":"cafe","baby_feeding":null,"bar":null,"branch":null,"brand":null,"brand:wikidata":null,"brand:wikipedia":null,"building":null,"capacity":null,"check_date":"2025-02-05","check_date:opening_hours":null,"contact:facebook":null,"contact:instagram":null,"contact:website":null,"contact:whatsapp":null,"cuisine":null,"currency:XBT":null,"delivery":null,"description":null,"diet:gluten_free":null,"diet:organic":null,"diet:vegan":null,"diet:vegetarian":null,"dog":null,"drink:espresso":null,"drink:filter_coffee":null,"drive_through":null,"email":null,"fixme":null,"floor":null,"indoor":null,"indoor_seating":null,"internet_access":null,"internet_access:fee":null,"internet_access:ssid":null,"level":null,"location":null,"name":"BLNCO Café","name:de":null,"name:en":null,"name:es":null,"name:fr":null,"note:opening_hours":null,"official_name":null,"opening_hours":null,"opening_hours:es":null,"opening_hours:signed":null,"operator":null,"outdoor_seating":"no","payment:app":null,"payment:apple_pay":null,"payment:cards":null,"payment:cash":"yes","payment:contactless":null,"payment:credit_cards":"yes","payment:debit_cards":"yes","payment:google_pay":null,"payment:lightning":null,"payment:lightning_contactless":null,"payment:onchain":null,"pets":null,"phone":null,"service:electricity":null,"shop":null,"smoking":null,"source":null,"takeaway":null,"toilets":null,"toilets:access":null,"toilets:wheelchair":null,"tourism":null,"url":null,"website":null,"website:menu":null,"wheelchair":"no","wifi":null},"geometry":{"type":"Point","coordinates":[-74.0591897,4.6487066]}},
{"type":"Feature","properties":{"fid":1156,"id":"node/12568582009","@id":"node/12568582009","addr:city":null,"addr:country":null,"addr:door":null,"addr:floor":null,"addr:full":null,"addr:housename":null,"addr:housenumber":null,"addr:place":null,"addr:postcode":null,"addr:street":null,"addr:unit":null,"air_conditioning":null,"alt_name":null,"amenity":"cafe","baby_feeding":null,"bar":null,"branch":null,"brand":null,"brand:wikidata":null,"brand:wikipedia":null,"building":null,"capacity":null,"check_date":"2025-02-08","check_date:opening_hours":null,"contact:facebook":null,"contact:instagram":null,"contact:website":null,"contact:whatsapp":null,"cuisine":"sandwich;pizza;regional","currency:XBT":null,"delivery":null,"description":null,"diet:gluten_free":null,"diet:organic":null,"diet:vegan":null,"diet:vegetarian":null,"dog":null,"drink:espresso":null,"drink:filter_coffee":null,"drive_through":null,"email":null,"fixme":null,"floor":null,"indoor":null,"indoor_seating":null,"internet_access":null,"internet_access:fee":null,"internet_access:ssid":null,"level":null,"location":null,"name":"Calma","name:de":null,"name:en":null,"name:es":null,"name:fr":null,"note:opening_hours":null,"official_name":null,"opening_hours":null,"opening_hours:es":null,"opening_hours:signed":null,"operator":null,"outdoor_seating":"yes","payment:app":null,"payment:apple_pay":null,"payment:cards":null,"payment:cash":"yes","payment:contactless":null,"payment:credit_cards":"yes","payment:debit_cards":"yes","payment:google_pay":null,"payment:lightning":null,"payment:lightning_contactless":null,"payment:onchain":null,"pets":null,"phone":null,"service:electricity":null,"shop":null,"smoking":null,"source":null,"takeaway":"yes","toilets":null,"toilets:access":null,"toilets:wheelchair":null,"tourism":null,"url":null,"website":null,"website:menu":null,"wheelchair":"yes","wifi":null},"geometry":{"type":"Point","coordinates":[-74.0595868,4.6550563]}},
{"type":"Feature","properties":{"fid":1157,"id":"node/12574342274","@id":"node/12574342274","addr:city":null,"addr:country":null,"addr:door":null,"addr:floor":null,"addr:full":null,"addr:housename":null,"addr:housenumber":null,"addr:place":null,"addr:postcode":null,"addr:street":null,"addr:unit":null,"air_conditioning":null,"alt_name":null,"amenity":"cafe","baby_feeding":null,"bar":null,"branch":null,"brand":null,"brand:wikidata":null,"brand:wikipedia":null,"building":null,"capacity":null,"check_date":"2025-02-08","check_date:opening_hours":null,"contact:facebook":null,"contact:instagram":null,"contact:website":null,"contact:whatsapp":null,"cuisine":null,"currency:XBT":null,"delivery":null,"description":null,"diet:gluten_free":null,"diet:organic":null,"diet:vegan":null,"diet:vegetarian":null,"dog":null,"drink:espresso":null,"drink:filter_coffee":null,"drive_through":null,"email":null,"fixme":null,"floor":null,"indoor":null,"indoor_seating":null,"internet_access":null,"internet_access:fee":null,"internet_access:ssid":null,"level":null,"location":null,"name":"Amor Perfecto","name:de":null,"name:en":null,"name:es":null,"name:fr":null,"note:opening_hours":null,"official_name":null,"opening_hours":null,"opening_hours:es":null,"opening_hours:signed":null,"operator":null,"outdoor_seating":"no","payment:app":null,"payment:apple_pay":null,"payment:cards":null,"payment:cash":null,"payment:contactless":null,"payment:credit_cards":null,"payment:debit_cards":null,"payment:google_pay":null,"payment:lightning":null,"payment:lightning_contactless":null,"payment:onchain":null,"pets":null,"phone":null,"service:electricity":null,"shop":null,"smoking":null,"source":null,"takeaway":null,"toilets":null,"toilets:access":null,"toilets:wheelchair":null,"tourism":null,"url":null,"website":null,"website:menu":null,"wheelchair":"no","wifi":null},"geometry":{"type":"Point","coordinates":[-74.0723877,4.6013853]}},
{"type":"Feature","properties":{"fid":1158,"id":"node/12574342280","@id":"node/12574342280","addr:city":null,"addr:country":null,"addr:door":null,"addr:floor":null,"addr:full":null,"addr:housename":null,"addr:housenumber":null,"addr:place":null,"addr:postcode":null,"addr:street":null,"addr:unit":null,"air_conditioning":null,"alt_name":null,"amenity":"cafe","baby_feeding":null,"bar":null,"branch":null,"brand":null,"brand:wikidata":null,"brand:wikipedia":null,"building":null,"capacity":null,"check_date":"2025-02-08","check_date:opening_hours":null,"contact:facebook":null,"contact:instagram":null,"contact:website":null,"contact:whatsapp":null,"cuisine":null,"currency:XBT":null,"delivery":null,"description":null,"diet:gluten_free":null,"diet:organic":null,"diet:vegan":null,"diet:vegetarian":null,"dog":null,"drink:espresso":null,"drink:filter_coffee":null,"drive_through":null,"email":null,"fixme":null,"floor":null,"indoor":null,"indoor_seating":null,"internet_access":null,"internet_access:fee":null,"internet_access:ssid":null,"level":null,"location":null,"name":"Café del Mercado","name:de":null,"name:en":null,"name:es":null,"name:fr":null,"note:opening_hours":null,"official_name":null,"opening_hours":null,"opening_hours:es":null,"opening_hours:signed":null,"operator":null,"outdoor_seating":null,"payment:app":null,"payment:apple_pay":null,"payment:cards":null,"payment:cash":null,"payment:contactless":null,"payment:credit_cards":null,"payment:debit_cards":null,"payment:google_pay":null,"payment:lightning":null,"payment:lightning_contactless":null,"payment:onchain":null,"pets":null,"phone":null,"service:electricity":null,"shop":null,"smoking":null,"source":null,"takeaway":"only","toilets":null,"toilets:access":null,"toilets:wheelchair":null,"tourism":null,"url":null,"website":null,"website:menu":null,"wheelchair":null,"wifi":null},"geometry":{"type":"Point","coordinates":[-74.068613700000014,4.5983865]}},
{"type":"Feature","properties":{"fid":1160,"id":"node/12574530251","@id":"node/12574530251","addr:city":null,"addr:country":null,"addr:door":null,"addr:floor":null,"addr:full":null,"addr:housename":null,"addr:housenumber":null,"addr:place":null,"addr:postcode":null,"addr:street":null,"addr:unit":null,"air_conditioning":null,"alt_name":null,"amenity":"cafe","baby_feeding":null,"bar":null,"branch":null,"brand":null,"brand:wikidata":null,"brand:wikipedia":null,"building":null,"capacity":null,"check_date":null,"check_date:opening_hours":null,"contact:facebook":null,"contact:instagram":null,"contact:website":null,"contact:whatsapp":null,"cuisine":null,"currency:XBT":null,"delivery":null,"description":null,"diet:gluten_free":null,"diet:organic":null,"diet:vegan":null,"diet:vegetarian":null,"dog":null,"drink:espresso":null,"drink:filter_coffee":null,"drive_through":null,"email":null,"fixme":null,"floor":null,"indoor":null,"indoor_seating":null,"internet_access":null,"internet_access:fee":null,"internet_access:ssid":null,"level":null,"location":null,"name":"El gato que lee y bebe","name:de":null,"name:en":null,"name:es":null,"name:fr":null,"note:opening_hours":null,"official_name":null,"opening_hours":null,"opening_hours:es":null,"opening_hours:signed":null,"operator":null,"outdoor_seating":null,"payment:app":null,"payment:apple_pay":null,"payment:cards":null,"payment:cash":null,"payment:contactless":null,"payment:credit_cards":null,"payment:debit_cards":null,"payment:google_pay":null,"payment:lightning":null,"payment:lightning_contactless":null,"payment:onchain":null,"pets":null,"phone":null,"service:electricity":null,"shop":null,"smoking":null,"source":null,"takeaway":null,"toilets":null,"toilets:access":null,"toilets:wheelchair":null,"tourism":null,"url":null,"website":null,"website:menu":null,"wheelchair":null,"wifi":null},"geometry":{"type":"Point","coordinates":[-74.06071080000001,4.6555429]}},
{"type":"Feature","properties":{"fid":1161,"id":"node/12639488686","@id":"node/12639488686","addr:city":null,"addr:country":null,"addr:door":null,"addr:floor":null,"addr:full":null,"addr:housename":null,"addr:housenumber":null,"addr:place":null,"addr:postcode":null,"addr:street":null,"addr:unit":null,"air_conditioning":null,"alt_name":null,"amenity":"cafe","baby_feeding":null,"bar":null,"branch":null,"brand":null,"brand:wikidata":null,"brand:wikipedia":null,"building":null,"capacity":null,"check_date":"2025-03-05","check_date:opening_hours":null,"contact:facebook":null,"contact:instagram":null,"contact:website":null,"contact:whatsapp":null,"cuisine":"coffee_shop","currency:XBT":null,"delivery":null,"description":"Frutería y cafetería","diet:gluten_free":null,"diet:organic":null,"diet:vegan":null,"diet:vegetarian":null,"dog":null,"drink:espresso":null,"drink:filter_coffee":null,"drive_through":null,"email":null,"fixme":null,"floor":null,"indoor":null,"indoor_seating":null,"internet_access":null,"internet_access:fee":null,"internet_access:ssid":null,"level":null,"location":null,"name":"Barichara II","name:de":null,"name:en":null,"name:es":null,"name:fr":null,"note:opening_hours":null,"official_name":null,"opening_hours":null,"opening_hours:es":null,"opening_hours:signed":null,"operator":null,"outdoor_seating":"no","payment:app":null,"payment:apple_pay":null,"payment:cards":null,"payment:cash":"yes","payment:contactless":null,"payment:credit_cards":"yes","payment:debit_cards":"yes","payment:google_pay":null,"payment:lightning":null,"payment:lightning_contactless":null,"payment:onchain":null,"pets":null,"phone":"+57 301 6522118","service:electricity":null,"shop":null,"smoking":null,"source":null,"takeaway":null,"toilets":null,"toilets:access":null,"toilets:wheelchair":null,"tourism":null,"url":null,"website":null,"website:menu":null,"wheelchair":null,"wifi":null},"geometry":{"type":"Point","coordinates":[-74.0688584,4.6033141]}},
{"type":"Feature","properties":{"fid":1165,"id":"node/12734719425","@id":"node/12734719425","addr:city":null,"addr:country":null,"addr:door":null,"addr:floor":null,"addr:full":null,"addr:housename":null,"addr:housenumber":null,"addr:place":null,"addr:postcode":null,"addr:street":null,"addr:unit":null,"air_conditioning":null,"alt_name":null,"amenity":"cafe","baby_feeding":null,"bar":null,"branch":null,"brand":null,"brand:wikidata":null,"brand:wikipedia":null,"building":null,"capacity":null,"check_date":null,"check_date:opening_hours":null,"contact:facebook":null,"contact:instagram":null,"contact:website":null,"contact:whatsapp":null,"cuisine":null,"currency:XBT":null,"delivery":null,"description":null,"diet:gluten_free":null,"diet:organic":null,"diet:vegan":null,"diet:vegetarian":null,"dog":null,"drink:espresso":null,"drink:filter_coffee":null,"drive_through":null,"email":null,"fixme":null,"floor":null,"indoor":null,"indoor_seating":null,"internet_access":null,"internet_access:fee":null,"internet_access:ssid":null,"level":null,"location":null,"name":"Casa Colonial","name:de":null,"name:en":null,"name:es":null,"name:fr":null,"note:opening_hours":null,"official_name":null,"opening_hours":"Mo-Sa 07:30-20:00","opening_hours:es":null,"opening_hours:signed":null,"operator":null,"outdoor_seating":null,"payment:app":null,"payment:apple_pay":null,"payment:cards":null,"payment:cash":null,"payment:contactless":null,"payment:credit_cards":"yes","payment:debit_cards":"yes","payment:google_pay":null,"payment:lightning":null,"payment:lightning_contactless":null,"payment:onchain":null,"pets":null,"phone":null,"service:electricity":null,"shop":null,"smoking":null,"source":null,"takeaway":null,"toilets":null,"toilets:access":null,"toilets:wheelchair":null,"tourism":null,"url":null,"website":null,"website:menu":null,"wheelchair":null,"wifi":null},"geometry":{"type":"Point","coordinates":[-74.0738433,4.5997521]}},
{"type":"Feature","properties":{"fid":1168,"id":"node/12753314155","@id":"node/12753314155","addr:city":null,"addr:country":null,"addr:door":null,"addr:floor":null,"addr:full":null,"addr:housename":null,"addr:housenumber":null,"addr:place":null,"addr:postcode":null,"addr:street":null,"addr:unit":null,"air_conditioning":null,"alt_name":null,"amenity":"cafe","baby_feeding":null,"bar":null,"branch":null,"brand":null,"brand:wikidata":null,"brand:wikipedia":null,"building":null,"capacity":null,"check_date":null,"check_date:opening_hours":null,"contact:facebook":null,"contact:instagram":null,"contact:website":null,"contact:whatsapp":null,"cuisine":"coffee_shop;juice;sandwich;beer","currency:XBT":null,"delivery":null,"description":"Café y casa de tostión","diet:gluten_free":null,"diet:organic":null,"diet:vegan":null,"diet:vegetarian":null,"dog":null,"drink:espresso":null,"drink:filter_coffee":null,"drive_through":null,"email":null,"fixme":null,"floor":null,"indoor":null,"indoor_seating":null,"internet_access":"yes","internet_access:fee":null,"internet_access:ssid":"951214795120","level":null,"location":null,"name":"Roots Café","name:de":null,"name:en":null,"name:es":null,"name:fr":null,"note:opening_hours":null,"official_name":null,"opening_hours":"Mo-We 08:00-20:00, Th-Sa 08:00-23:00","opening_hours:es":null,"opening_hours:signed":null,"operator":null,"outdoor_seating":"yes","payment:app":null,"payment:apple_pay":null,"payment:cards":null,"payment:cash":null,"payment:contactless":null,"payment:credit_cards":null,"payment:debit_cards":null,"payment:google_pay":null,"payment:lightning":null,"payment:lightning_contactless":null,"payment:onchain":null,"pets":null,"phone":null,"service:electricity":null,"shop":null,"smoking":null,"source":null,"takeaway":null,"toilets":null,"toilets:access":null,"toilets:wheelchair":null,"tourism":null,"url":null,"website":null,"website:menu":null,"wheelchair":null,"wifi":null},"geometry":{"type":"Point","coordinates":[-74.0625246,4.6431643]}},
{"type":"Feature","properties":{"fid":1170,"id":"node/12787322565","@id":"node/12787322565","addr:city":null,"addr:country":null,"addr:door":null,"addr:floor":null,"addr:full":null,"addr:housename":null,"addr:housenumber":null,"addr:place":null,"addr:postcode":null,"addr:street":null,"addr:unit":null,"air_conditioning":null,"alt_name":null,"amenity":"cafe","baby_feeding":null,"bar":null,"branch":null,"brand":null,"brand:wikidata":null,"brand:wikipedia":null,"building":null,"capacity":null,"check_date":"2025-04-25","check_date:opening_hours":null,"contact:facebook":null,"contact:instagram":null,"contact:website":null,"contact:whatsapp":null,"cuisine":null,"currency:XBT":null,"delivery":null,"description":null,"diet:gluten_free":null,"diet:organic":null,"diet:vegan":null,"diet:vegetarian":null,"dog":null,"drink:espresso":null,"drink:filter_coffee":null,"drive_through":null,"email":null,"fixme":null,"floor":null,"indoor":null,"indoor_seating":null,"internet_access":null,"internet_access:fee":null,"internet_access:ssid":null,"level":null,"location":null,"name":"La Lectura","name:de":null,"name:en":null,"name:es":null,"name:fr":null,"note:opening_hours":null,"official_name":null,"opening_hours":null,"opening_hours:es":null,"opening_hours:signed":null,"operator":null,"outdoor_seating":null,"payment:app":null,"payment:apple_pay":null,"payment:cards":null,"payment:cash":"yes","payment:contactless":null,"payment:credit_cards":"yes","payment:debit_cards":"yes","payment:google_pay":null,"payment:lightning":null,"payment:lightning_contactless":null,"payment:onchain":null,"pets":null,"phone":null,"service:electricity":null,"shop":null,"smoking":null,"source":null,"takeaway":null,"toilets":null,"toilets:access":null,"toilets:wheelchair":null,"tourism":null,"url":null,"website":null,"website:menu":null,"wheelchair":null,"wifi":null},"geometry":{"type":"Point","coordinates":[-74.0694468,4.6071758]}},
{"type":"Feature","properties":{"fid":1171,"id":"node/12847533401","@id":"node/12847533401","addr:city":null,"addr:country":null,"addr:door":null,"addr:floor":null,"addr:full":null,"addr:housename":null,"addr:housenumber":null,"addr:place":null,"addr:postcode":null,"addr:street":null,"addr:unit":null,"air_conditioning":null,"alt_name":null,"amenity":"cafe","baby_feeding":null,"bar":null,"branch":null,"brand":null,"brand:wikidata":null,"brand:wikipedia":null,"building":null,"capacity":null,"check_date":null,"check_date:opening_hours":null,"contact:facebook":null,"contact:instagram":null,"contact:website":null,"contact:whatsapp":null,"cuisine":"breakfast;coffee_shop;mexican","currency:XBT":null,"delivery":null,"description":null,"diet:gluten_free":null,"diet:organic":null,"diet:vegan":null,"diet:vegetarian":null,"dog":null,"drink:espresso":null,"drink:filter_coffee":null,"drive_through":null,"email":null,"fixme":null,"floor":null,"indoor":null,"indoor_seating":null,"internet_access":null,"internet_access:fee":null,"internet_access:ssid":null,"level":null,"location":null,"name":"Egg-Smile","name:de":null,"name:en":null,"name:es":null,"name:fr":null,"note:opening_hours":null,"official_name":null,"opening_hours":null,"opening_hours:es":null,"opening_hours:signed":null,"operator":null,"outdoor_seating":null,"payment:app":null,"payment:apple_pay":null,"payment:cards":null,"payment:cash":null,"payment:contactless":null,"payment:credit_cards":null,"payment:debit_cards":null,"payment:google_pay":null,"payment:lightning":null,"payment:lightning_contactless":null,"payment:onchain":null,"pets":null,"phone":null,"service:electricity":null,"shop":null,"smoking":null,"source":null,"takeaway":null,"toilets":null,"toilets:access":null,"toilets:wheelchair":null,"tourism":null,"url":null,"website":null,"website:menu":null,"wheelchair":null,"wifi":null},"geometry":{"type":"Point","coordinates":[-74.0750702,4.6347826]}},
{"type":"Feature","properties":{"fid":1172,"id":"node/12854415776","@id":"node/12854415776","addr:city":null,"addr:country":null,"addr:door":null,"addr:floor":null,"addr:full":null,"addr:housename":null,"addr:housenumber":null,"addr:place":null,"addr:postcode":null,"addr:street":null,"addr:unit":null,"air_conditioning":null,"alt_name":null,"amenity":"cafe","baby_feeding":null,"bar":null,"branch":null,"brand":null,"brand:wikidata":null,"brand:wikipedia":null,"building":null,"capacity":null,"check_date":"2025-05-21","check_date:opening_hours":null,"contact:facebook":null,"contact:instagram":null,"contact:website":null,"contact:whatsapp":null,"cuisine":null,"currency:XBT":null,"delivery":null,"description":null,"diet:gluten_free":null,"diet:organic":null,"diet:vegan":null,"diet:vegetarian":null,"dog":null,"drink:espresso":null,"drink:filter_coffee":null,"drive_through":null,"email":null,"fixme":null,"floor":null,"indoor":null,"indoor_seating":null,"internet_access":null,"internet_access:fee":null,"internet_access:ssid":null,"level":null,"location":null,"name":"Pan De Pan","name:de":null,"name:en":null,"name:es":null,"name:fr":null,"note:opening_hours":null,"official_name":null,"opening_hours":null,"opening_hours:es":null,"opening_hours:signed":null,"operator":null,"outdoor_seating":null,"payment:app":null,"payment:apple_pay":null,"payment:cards":null,"payment:cash":null,"payment:contactless":null,"payment:credit_cards":null,"payment:debit_cards":null,"payment:google_pay":null,"payment:lightning":null,"payment:lightning_contactless":null,"payment:onchain":null,"pets":null,"phone":null,"service:electricity":null,"shop":null,"smoking":null,"source":null,"takeaway":null,"toilets":null,"toilets:access":null,"toilets:wheelchair":null,"tourism":null,"url":null,"website":null,"website:menu":null,"wheelchair":null,"wifi":null},"geometry":{"type":"Point","coordinates":[-74.115368,4.6539078]}},
{"type":"Feature","properties":{"fid":1174,"id":"node/12887307966","@id":"node/12887307966","addr:city":null,"addr:country":null,"addr:door":null,"addr:floor":null,"addr:full":null,"addr:housename":null,"addr:housenumber":null,"addr:place":null,"addr:postcode":null,"addr:street":null,"addr:unit":null,"air_conditioning":null,"alt_name":"T4 Tea House","amenity":"cafe","baby_feeding":null,"bar":null,"branch":null,"brand":"T4","brand:wikidata":"Q112123535","brand:wikipedia":null,"building":null,"capacity":null,"check_date":null,"check_date:opening_hours":null,"contact:facebook":null,"contact:instagram":null,"contact:website":null,"contact:whatsapp":null,"cuisine":"bubble_tea","currency:XBT":null,"delivery":null,"description":null,"diet:gluten_free":null,"diet:organic":null,"diet:vegan":null,"diet:vegetarian":null,"dog":null,"drink:espresso":null,"drink:filter_coffee":null,"drive_through":null,"email":null,"fixme":null,"floor":null,"indoor":null,"indoor_seating":null,"internet_access":null,"internet_access:fee":null,"internet_access:ssid":null,"level":null,"location":null,"name":"T4 Tea For U","name:de":null,"name:en":null,"name:es":null,"name:fr":null,"note:opening_hours":null,"official_name":null,"opening_hours":null,"opening_hours:es":null,"opening_hours:signed":null,"operator":null,"outdoor_seating":null,"payment:app":null,"payment:apple_pay":null,"payment:cards":null,"payment:cash":null,"payment:contactless":null,"payment:credit_cards":null,"payment:debit_cards":null,"payment:google_pay":null,"payment:lightning":null,"payment:lightning_contactless":null,"payment:onchain":null,"pets":null,"phone":null,"service:electricity":null,"shop":null,"smoking":null,"source":null,"takeaway":"yes","toilets":null,"toilets:access":null,"toilets:wheelchair":null,"tourism":null,"url":null,"website":null,"website:menu":null,"wheelchair":null,"wifi":null},"geometry":{"type":"Point","coordinates":[-74.0535488,4.6678488]}},
{"type":"Feature","properties":{"fid":1176,"id":"node/12971629248","@id":"node/12971629248","addr:city":null,"addr:country":null,"addr:door":null,"addr:floor":null,"addr:full":null,"addr:housename":null,"addr:housenumber":null,"addr:place":null,"addr:postcode":null,"addr:street":null,"addr:unit":null,"air_conditioning":null,"alt_name":null,"amenity":"cafe","baby_feeding":null,"bar":null,"branch":null,"brand":"Lavazza","brand:wikidata":"Q543750","brand:wikipedia":null,"building":null,"capacity":null,"check_date":null,"check_date:opening_hours":null,"contact:facebook":null,"contact:instagram":null,"contact:website":null,"contact:whatsapp":null,"cuisine":"coffee_shop","currency:XBT":null,"delivery":null,"description":null,"diet:gluten_free":null,"diet:organic":null,"diet:vegan":null,"diet:vegetarian":null,"dog":null,"drink:espresso":null,"drink:filter_coffee":null,"drive_through":null,"email":null,"fixme":null,"floor":null,"indoor":null,"indoor_seating":null,"internet_access":null,"internet_access:fee":null,"internet_access:ssid":null,"level":null,"location":null,"name":"Lavazza","name:de":null,"name:en":null,"name:es":null,"name:fr":null,"note:opening_hours":null,"official_name":null,"opening_hours":null,"opening_hours:es":null,"opening_hours:signed":null,"operator":null,"outdoor_seating":null,"payment:app":null,"payment:apple_pay":null,"payment:cards":null,"payment:cash":null,"payment:contactless":null,"payment:credit_cards":null,"payment:debit_cards":null,"payment:google_pay":null,"payment:lightning":null,"payment:lightning_contactless":null,"payment:onchain":null,"pets":null,"phone":null,"service:electricity":null,"shop":null,"smoking":null,"source":null,"takeaway":"yes","toilets":null,"toilets:access":null,"toilets:wheelchair":null,"tourism":null,"url":null,"website":null,"website:menu":null,"wheelchair":null,"wifi":null},"geometry":{"type":"Point","coordinates":[-74.0521738,4.6599161]}},
{"type":"Feature","properties":{"fid":1177,"id":"node/12984638601","@id":"node/12984638601","addr:city":null,"addr:country":null,"addr:door":null,"addr:floor":null,"addr:full":null,"addr:housename":null,"addr:housenumber":"# 8-51","addr:place":null,"addr:postcode":"11011","addr:street":"Calle 37","addr:unit":null,"air_conditioning":"no","alt_name":null,"amenity":"cafe","baby_feeding":"no","bar":"no","branch":null,"brand":null,"brand:wikidata":null,"brand:wikipedia":null,"building":null,"capacity":null,"check_date":null,"check_date:opening_hours":null,"contact:facebook":null,"contact:instagram":null,"contact:website":null,"contact:whatsapp":null,"cuisine":"coffee_shop","currency:XBT":null,"delivery":null,"description":null,"diet:gluten_free":null,"diet:organic":null,"diet:vegan":null,"diet:vegetarian":null,"dog":null,"drink:espresso":null,"drink:filter_coffee":null,"drive_through":null,"email":null,"fixme":null,"floor":null,"indoor":null,"indoor_seating":"yes","internet_access":"no","internet_access:fee":null,"internet_access:ssid":null,"level":"1","location":null,"name":"Soca","name:de":null,"name:en":null,"name:es":null,"name:fr":null,"note:opening_hours":null,"official_name":null,"opening_hours":"Mo-Su 07:00-16:00","opening_hours:es":null,"opening_hours:signed":null,"operator":null,"outdoor_seating":"yes","payment:app":null,"payment:apple_pay":null,"payment:cards":null,"payment:cash":null,"payment:contactless":null,"payment:credit_cards":null,"payment:debit_cards":null,"payment:google_pay":null,"payment:lightning":null,"payment:lightning_contactless":null,"payment:onchain":null,"pets":null,"phone":null,"service:electricity":null,"shop":null,"smoking":"outside","source":null,"takeaway":"yes","toilets":"yes","toilets:access":"customers","toilets:wheelchair":"no","tourism":null,"url":null,"website":null,"website:menu":null,"wheelchair":"limited","wifi":null},"geometry":{"type":"Point","coordinates":[-74.0671863,4.6247149]}},
{"type":"Feature","properties":{"fid":1179,"id":"node/12992933642","@id":"node/12992933642","addr:city":null,"addr:country":null,"addr:door":null,"addr:floor":null,"addr:full":null,"addr:housename":null,"addr:housenumber":null,"addr:place":null,"addr:postcode":null,"addr:street":null,"addr:unit":null,"air_conditioning":null,"alt_name":null,"amenity":"cafe","baby_feeding":null,"bar":null,"branch":null,"brand":"Tostao'","brand:wikidata":"Q60632476","brand:wikipedia":null,"building":null,"capacity":null,"check_date":null,"check_date:opening_hours":null,"contact:facebook":null,"contact:instagram":null,"contact:website":null,"contact:whatsapp":null,"cuisine":"coffee_shop","currency:XBT":null,"delivery":null,"description":null,"diet:gluten_free":null,"diet:organic":null,"diet:vegan":null,"diet:vegetarian":null,"dog":null,"drink:espresso":null,"drink:filter_coffee":null,"drive_through":null,"email":null,"fixme":null,"floor":null,"indoor":null,"indoor_seating":null,"internet_access":null,"internet_access:fee":null,"internet_access:ssid":null,"level":null,"location":null,"name":"Tostao'","name:de":null,"name:en":null,"name:es":null,"name:fr":null,"note:opening_hours":null,"official_name":"TOSTAO' Café & Pan","opening_hours":null,"opening_hours:es":null,"opening_hours:signed":null,"operator":null,"outdoor_seating":null,"payment:app":null,"payment:apple_pay":null,"payment:cards":null,"payment:cash":null,"payment:contactless":null,"payment:credit_cards":null,"payment:debit_cards":null,"payment:google_pay":null,"payment:lightning":null,"payment:lightning_contactless":null,"payment:onchain":null,"pets":null,"phone":null,"service:electricity":null,"shop":null,"smoking":null,"source":null,"takeaway":"yes","toilets":null,"toilets:access":null,"toilets:wheelchair":null,"tourism":null,"url":null,"website":null,"website:menu":null,"wheelchair":null,"wifi":null},"geometry":{"type":"Point","coordinates":[-74.1270008,4.6872807]}},
{"type":"Feature","properties":{"fid":1181,"id":"node/13071766701","@id":"node/13071766701","addr:city":null,"addr:country":null,"addr:door":null,"addr:floor":null,"addr:full":null,"addr:housename":null,"addr:housenumber":null,"addr:place":null,"addr:postcode":null,"addr:street":null,"addr:unit":null,"air_conditioning":null,"alt_name":null,"amenity":"cafe","baby_feeding":null,"bar":null,"branch":null,"brand":null,"brand:wikidata":null,"brand:wikipedia":null,"building":null,"capacity":null,"check_date":null,"check_date:opening_hours":null,"contact:facebook":null,"contact:instagram":null,"contact:website":null,"contact:whatsapp":null,"cuisine":null,"currency:XBT":null,"delivery":null,"description":null,"diet:gluten_free":null,"diet:organic":null,"diet:vegan":null,"diet:vegetarian":null,"dog":null,"drink:espresso":null,"drink:filter_coffee":null,"drive_through":null,"email":null,"fixme":null,"floor":null,"indoor":null,"indoor_seating":null,"internet_access":null,"internet_access:fee":null,"internet_access:ssid":null,"level":null,"location":null,"name":"Oma","name:de":null,"name:en":null,"name:es":null,"name:fr":null,"note:opening_hours":null,"official_name":null,"opening_hours":null,"opening_hours:es":null,"opening_hours:signed":null,"operator":null,"outdoor_seating":null,"payment:app":null,"payment:apple_pay":null,"payment:cards":null,"payment:cash":null,"payment:contactless":null,"payment:credit_cards":null,"payment:debit_cards":null,"payment:google_pay":null,"payment:lightning":null,"payment:lightning_contactless":null,"payment:onchain":null,"pets":null,"phone":null,"service:electricity":null,"shop":null,"smoking":null,"source":null,"takeaway":null,"toilets":null,"toilets:access":null,"toilets:wheelchair":null,"tourism":null,"url":null,"website":null,"website:menu":null,"wheelchair":null,"wifi":null},"geometry":{"type":"Point","coordinates":[-74.1066285,4.6483551]}},
{"type":"Feature","properties":{"fid":1182,"id":"node/13226771605","@id":"node/13226771605","addr:city":null,"addr:country":null,"addr:door":null,"addr:floor":null,"addr:full":null,"addr:housename":null,"addr:housenumber":null,"addr:place":null,"addr:postcode":null,"addr:street":null,"addr:unit":null,"air_conditioning":null,"alt_name":null,"amenity":"cafe","baby_feeding":null,"bar":null,"branch":null,"brand":null,"brand:wikidata":null,"brand:wikipedia":null,"building":null,"capacity":null,"check_date":null,"check_date:opening_hours":null,"contact:facebook":null,"contact:instagram":null,"contact:website":null,"contact:whatsapp":null,"cuisine":null,"currency:XBT":null,"delivery":null,"description":null,"diet:gluten_free":null,"diet:organic":null,"diet:vegan":null,"diet:vegetarian":null,"dog":null,"drink:espresso":null,"drink:filter_coffee":null,"drive_through":null,"email":null,"fixme":null,"floor":null,"indoor":null,"indoor_seating":null,"internet_access":null,"internet_access:fee":null,"internet_access:ssid":null,"level":null,"location":null,"name":"PanAmorArte","name:de":null,"name:en":null,"name:es":null,"name:fr":null,"note:opening_hours":null,"official_name":null,"opening_hours":null,"opening_hours:es":null,"opening_hours:signed":null,"operator":null,"outdoor_seating":null,"payment:app":null,"payment:apple_pay":null,"payment:cards":null,"payment:cash":null,"payment:contactless":null,"payment:credit_cards":null,"payment:debit_cards":null,"payment:google_pay":null,"payment:lightning":null,"payment:lightning_contactless":null,"payment:onchain":null,"pets":null,"phone":null,"service:electricity":null,"shop":null,"smoking":null,"source":null,"takeaway":null,"toilets":null,"toilets:access":null,"toilets:wheelchair":null,"tourism":null,"url":null,"website":null,"website:menu":null,"wheelchair":null,"wifi":null},"geometry":{"type":"Point","coordinates":[-74.0678958,4.6200138]}},
{"type":"Feature","properties":{"fid":1187,"id":"node/13285904057","@id":"node/13285904057","addr:city":null,"addr:country":null,"addr:door":null,"addr:floor":null,"addr:full":null,"addr:housename":null,"addr:housenumber":null,"addr:place":null,"addr:postcode":null,"addr:street":null,"addr:unit":null,"air_conditioning":null,"alt_name":null,"amenity":"cafe","baby_feeding":null,"bar":null,"branch":null,"brand":null,"brand:wikidata":null,"brand:wikipedia":null,"building":null,"capacity":null,"check_date":null,"check_date:opening_hours":null,"contact:facebook":null,"contact:instagram":null,"contact:website":null,"contact:whatsapp":null,"cuisine":null,"currency:XBT":null,"delivery":null,"description":null,"diet:gluten_free":null,"diet:organic":null,"diet:vegan":null,"diet:vegetarian":null,"dog":null,"drink:espresso":null,"drink:filter_coffee":null,"drive_through":null,"email":null,"fixme":null,"floor":null,"indoor":null,"indoor_seating":null,"internet_access":null,"internet_access:fee":null,"internet_access:ssid":null,"level":null,"location":null,"name":"Tostao","name:de":null,"name:en":null,"name:es":null,"name:fr":null,"note:opening_hours":null,"official_name":null,"opening_hours":"Mo-Fr 05:30-20:00; Sa 06:00-18:00","opening_hours:es":null,"opening_hours:signed":null,"operator":null,"outdoor_seating":null,"payment:app":null,"payment:apple_pay":null,"payment:cards":null,"payment:cash":null,"payment:contactless":null,"payment:credit_cards":null,"payment:debit_cards":null,"payment:google_pay":null,"payment:lightning":null,"payment:lightning_contactless":null,"payment:onchain":null,"pets":null,"phone":null,"service:electricity":null,"shop":null,"smoking":null,"source":null,"takeaway":null,"toilets":null,"toilets:access":null,"toilets:wheelchair":null,"tourism":null,"url":null,"website":null,"website:menu":null,"wheelchair":null,"wifi":null},"geometry":{"type":"Point","coordinates":[-74.056449,4.6873336]}},
{"type":"Feature","properties":{"fid":1188,"id":"node/13322723401","@id":"node/13322723401","addr:city":null,"addr:country":null,"addr:door":null,"addr:floor":null,"addr:full":null,"addr:housename":null,"addr:housenumber":"93A-83","addr:place":null,"addr:postcode":null,"addr:street":"Carrera 11","addr:unit":null,"air_conditioning":null,"alt_name":null,"amenity":"cafe","baby_feeding":null,"bar":null,"branch":null,"brand":null,"brand:wikidata":null,"brand:wikipedia":null,"building":null,"capacity":null,"check_date":null,"check_date:opening_hours":null,"contact:facebook":null,"contact:instagram":null,"contact:website":null,"contact:whatsapp":null,"cuisine":null,"currency:XBT":null,"delivery":null,"description":null,"diet:gluten_free":null,"diet:organic":null,"diet:vegan":null,"diet:vegetarian":null,"dog":null,"drink:espresso":null,"drink:filter_coffee":null,"drive_through":null,"email":null,"fixme":null,"floor":null,"indoor":null,"indoor_seating":null,"internet_access":null,"internet_access:fee":null,"internet_access:ssid":null,"level":null,"location":null,"name":"Pan de Bonus","name:de":null,"name:en":null,"name:es":null,"name:fr":null,"note:opening_hours":null,"official_name":null,"opening_hours":null,"opening_hours:es":null,"opening_hours:signed":null,"operator":null,"outdoor_seating":null,"payment:app":null,"payment:apple_pay":null,"payment:cards":null,"payment:cash":null,"payment:contactless":null,"payment:credit_cards":null,"payment:debit_cards":null,"payment:google_pay":null,"payment:lightning":null,"payment:lightning_contactless":null,"payment:onchain":null,"pets":null,"phone":null,"service:electricity":null,"shop":null,"smoking":null,"source":null,"takeaway":null,"toilets":null,"toilets:access":null,"toilets:wheelchair":null,"tourism":null,"url":null,"website":null,"website:menu":null,"wheelchair":null,"wifi":null},"geometry":{"type":"Point","coordinates":[-74.0465727,4.6768879]}},
{"type":"Feature","properties":{"fid":1192,"id":"node/13384232044","@id":"node/13384232044","addr:city":null,"addr:country":null,"addr:door":null,"addr:floor":null,"addr:full":null,"addr:housename":null,"addr:housenumber":null,"addr:place":null,"addr:postcode":null,"addr:street":null,"addr:unit":null,"air_conditioning":null,"alt_name":null,"amenity":"cafe","baby_feeding":null,"bar":null,"branch":null,"brand":"Juan Valdez Café","brand:wikidata":"Q6301102","brand:wikipedia":null,"building":null,"capacity":null,"check_date":null,"check_date:opening_hours":null,"contact:facebook":null,"contact:instagram":null,"contact:website":null,"contact:whatsapp":null,"cuisine":"coffee_shop","currency:XBT":null,"delivery":null,"description":null,"diet:gluten_free":null,"diet:organic":null,"diet:vegan":null,"diet:vegetarian":null,"dog":null,"drink:espresso":null,"drink:filter_coffee":null,"drive_through":null,"email":null,"fixme":null,"floor":null,"indoor":null,"indoor_seating":null,"internet_access":null,"internet_access:fee":null,"internet_access:ssid":null,"level":null,"location":null,"name":"Juan Valdez Café","name:de":null,"name:en":null,"name:es":null,"name:fr":null,"note:opening_hours":null,"official_name":null,"opening_hours":null,"opening_hours:es":null,"opening_hours:signed":null,"operator":null,"outdoor_seating":null,"payment:app":null,"payment:apple_pay":null,"payment:cards":null,"payment:cash":null,"payment:contactless":null,"payment:credit_cards":null,"payment:debit_cards":null,"payment:google_pay":null,"payment:lightning":null,"payment:lightning_contactless":null,"payment:onchain":null,"pets":null,"phone":null,"service:electricity":null,"shop":"coffee","smoking":null,"source":null,"takeaway":"yes","toilets":null,"toilets:access":null,"toilets:wheelchair":null,"tourism":null,"url":null,"website":null,"website:menu":null,"wheelchair":null,"wifi":null},"geometry":{"type":"Point","coordinates":[-74.0533742,4.6653863]}},
{"type":"Feature","properties":{"fid":1194,"id":"node/13465282201","@id":"node/13465282201","addr:city":null,"addr:country":null,"addr:door":null,"addr:floor":null,"addr:full":null,"addr:housename":null,"addr:housenumber":"58a-54","addr:place":null,"addr:postcode":null,"addr:street":"Avenida Carrera 50","addr:unit":null,"air_conditioning":null,"alt_name":null,"amenity":"cafe","baby_feeding":null,"bar":null,"branch":null,"brand":null,"brand:wikidata":null,"brand:wikipedia":null,"building":null,"capacity":null,"check_date":null,"check_date:opening_hours":null,"contact:facebook":null,"contact:instagram":null,"contact:website":null,"contact:whatsapp":null,"cuisine":null,"currency:XBT":null,"delivery":null,"description":null,"diet:gluten_free":null,"diet:organic":null,"diet:vegan":null,"diet:vegetarian":null,"dog":null,"drink:espresso":null,"drink:filter_coffee":null,"drive_through":null,"email":null,"fixme":null,"floor":null,"indoor":null,"indoor_seating":null,"internet_access":null,"internet_access:fee":null,"internet_access:ssid":null,"level":null,"location":null,"name":"Café Cocora","name:de":null,"name:en":null,"name:es":null,"name:fr":null,"note:opening_hours":null,"official_name":null,"opening_hours":null,"opening_hours:es":null,"opening_hours:signed":null,"operator":null,"outdoor_seating":null,"payment:app":null,"payment:apple_pay":null,"payment:cards":null,"payment:cash":null,"payment:contactless":null,"payment:credit_cards":null,"payment:debit_cards":null,"payment:google_pay":null,"payment:lightning":null,"payment:lightning_contactless":null,"payment:onchain":null,"pets":null,"phone":null,"service:electricity":null,"shop":null,"smoking":null,"source":null,"takeaway":null,"toilets":null,"toilets:access":null,"toilets:wheelchair":null,"tourism":null,"url":null,"website":null,"website:menu":null,"wheelchair":null,"wifi":null},"geometry":{"type":"Point","coordinates":[-74.0845384,4.6505999]}},
{"type":"Feature","properties":{"fid":1195,"id":"node/13509949193","@id":"node/13509949193","addr:city":null,"addr:country":null,"addr:door":null,"addr:floor":null,"addr:full":null,"addr:housename":null,"addr:housenumber":null,"addr:place":null,"addr:postcode":null,"addr:street":null,"addr:unit":null,"air_conditioning":null,"alt_name":null,"amenity":"cafe","baby_feeding":null,"bar":null,"branch":"Edificio Ambulatorio - Fundación Santa Fe","brand":"Brot","brand:wikidata":null,"brand:wikipedia":null,"building":null,"capacity":null,"check_date":null,"check_date:opening_hours":null,"contact:facebook":null,"contact:instagram":"brot_pan_y_cafe","contact:website":null,"contact:whatsapp":null,"cuisine":"coffee_shop, bakery","currency:XBT":null,"delivery":null,"description":null,"diet:gluten_free":null,"diet:organic":null,"diet:vegan":null,"diet:vegetarian":null,"dog":null,"drink:espresso":null,"drink:filter_coffee":null,"drive_through":null,"email":null,"fixme":null,"floor":null,"indoor":"yes","indoor_seating":null,"internet_access":null,"internet_access:fee":null,"internet_access:ssid":null,"level":null,"location":"indoor","name":"Brot","name:de":null,"name:en":null,"name:es":null,"name:fr":null,"note:opening_hours":null,"official_name":null,"opening_hours":"Mo-Sa 07:00-20:00; Su 08:00-18:00","opening_hours:es":null,"opening_hours:signed":null,"operator":null,"outdoor_seating":null,"payment:app":null,"payment:apple_pay":null,"payment:cards":null,"payment:cash":null,"payment:contactless":null,"payment:credit_cards":null,"payment:debit_cards":null,"payment:google_pay":null,"payment:lightning":null,"payment:lightning_contactless":null,"payment:onchain":null,"pets":null,"phone":null,"service:electricity":null,"shop":null,"smoking":null,"source":null,"takeaway":null,"toilets":null,"toilets:access":null,"toilets:wheelchair":null,"tourism":null,"url":null,"website":null,"website:menu":null,"wheelchair":null,"wifi":null},"geometry":{"type":"Point","coordinates":[-74.0328657,4.6967397]}},
{"type":"Feature","properties":{"fid":1197,"id":"node/13589774401","@id":"node/13589774401","addr:city":null,"addr:country":null,"addr:door":null,"addr:floor":null,"addr:full":null,"addr:housename":null,"addr:housenumber":"#7-07","addr:place":null,"addr:postcode":null,"addr:street":"Calle 59","addr:unit":null,"air_conditioning":null,"alt_name":null,"amenity":"cafe","baby_feeding":null,"bar":null,"branch":null,"brand":null,"brand:wikidata":null,"brand:wikipedia":null,"building":null,"capacity":null,"check_date":null,"check_date:opening_hours":null,"contact:facebook":null,"contact:instagram":null,"contact:website":null,"contact:whatsapp":null,"cuisine":"coffee_shop","currency:XBT":null,"delivery":null,"description":null,"diet:gluten_free":null,"diet:organic":null,"diet:vegan":null,"diet:vegetarian":null,"dog":null,"drink:espresso":null,"drink:filter_coffee":null,"drive_through":null,"email":null,"fixme":null,"floor":null,"indoor":null,"indoor_seating":null,"internet_access":"wlan","internet_access:fee":null,"internet_access:ssid":null,"level":null,"location":null,"name":"Colo Coffee Chapinero","name:de":null,"name:en":null,"name:es":null,"name:fr":null,"note:opening_hours":null,"official_name":null,"opening_hours":"Mo-Su 09:00-18:00","opening_hours:es":null,"opening_hours:signed":null,"operator":null,"outdoor_seating":null,"payment:app":null,"payment:apple_pay":null,"payment:cards":null,"payment:cash":null,"payment:contactless":null,"payment:credit_cards":null,"payment:debit_cards":null,"payment:google_pay":null,"payment:lightning":null,"payment:lightning_contactless":null,"payment:onchain":null,"pets":null,"phone":null,"service:electricity":null,"shop":null,"smoking":null,"source":null,"takeaway":null,"toilets":null,"toilets:access":null,"toilets:wheelchair":null,"tourism":null,"url":null,"website":null,"website:menu":null,"wheelchair":null,"wifi":null},"geometry":{"type":"Point","coordinates":[-74.0617845,4.6442957]}},
{"type":"Feature","properties":{"fid":1198,"id":"node/13592890401","@id":"node/13592890401","addr:city":null,"addr:country":null,"addr:door":null,"addr:floor":null,"addr:full":null,"addr:housename":null,"addr:housenumber":"#69-16","addr:place":null,"addr:postcode":null,"addr:street":"Avenida Carrera 11","addr:unit":null,"air_conditioning":null,"alt_name":null,"amenity":"cafe","baby_feeding":null,"bar":null,"branch":null,"brand":null,"brand:wikidata":null,"brand:wikipedia":null,"building":null,"capacity":null,"check_date":null,"check_date:opening_hours":null,"contact:facebook":null,"contact:instagram":null,"contact:website":null,"contact:whatsapp":null,"cuisine":"coffee_shop","currency:XBT":null,"delivery":null,"description":null,"diet:gluten_free":null,"diet:organic":null,"diet:vegan":null,"diet:vegetarian":null,"dog":null,"drink:espresso":null,"drink:filter_coffee":null,"drive_through":null,"email":null,"fixme":null,"floor":null,"indoor":null,"indoor_seating":null,"internet_access":"wlan","internet_access:fee":null,"internet_access:ssid":null,"level":null,"location":null,"name":"Autóctona Café","name:de":null,"name:en":null,"name:es":null,"name:fr":null,"note:opening_hours":null,"official_name":null,"opening_hours":"Mo-Sa 08:00-20:00; Su 08:00-19:30","opening_hours:es":null,"opening_hours:signed":null,"operator":null,"outdoor_seating":null,"payment:app":null,"payment:apple_pay":null,"payment:cards":null,"payment:cash":null,"payment:contactless":null,"payment:credit_cards":null,"payment:debit_cards":null,"payment:google_pay":null,"payment:lightning":null,"payment:lightning_contactless":null,"payment:onchain":null,"pets":null,"phone":null,"service:electricity":null,"shop":null,"smoking":null,"source":null,"takeaway":null,"toilets":null,"toilets:access":null,"toilets:wheelchair":null,"tourism":null,"url":null,"website":null,"website:menu":null,"wheelchair":null,"wifi":null},"geometry":{"type":"Point","coordinates":[-74.0606234,4.6541664]}},
{"type":"Feature","properties":{"fid":1199,"id":"node/13592900002","@id":"node/13592900002","addr:city":null,"addr:country":null,"addr:door":null,"addr:floor":null,"addr:full":null,"addr:housename":null,"addr:housenumber":"#10a-39","addr:place":null,"addr:postcode":null,"addr:street":"Calle 70","addr:unit":null,"air_conditioning":null,"alt_name":null,"amenity":"cafe","baby_feeding":null,"bar":null,"branch":null,"brand":null,"brand:wikidata":null,"brand:wikipedia":null,"building":null,"capacity":null,"check_date":null,"check_date:opening_hours":null,"contact:facebook":null,"contact:instagram":null,"contact:website":null,"contact:whatsapp":null,"cuisine":"coffee_shop","currency:XBT":null,"delivery":null,"description":null,"diet:gluten_free":null,"diet:organic":null,"diet:vegan":null,"diet:vegetarian":null,"dog":null,"drink:espresso":null,"drink:filter_coffee":null,"drive_through":null,"email":null,"fixme":null,"floor":null,"indoor":null,"indoor_seating":null,"internet_access":"wlan","internet_access:fee":null,"internet_access:ssid":null,"level":null,"location":null,"name":"Café Quindío iLatina","name:de":null,"name:en":null,"name:es":null,"name:fr":null,"note:opening_hours":null,"official_name":null,"opening_hours":"Mo-Th 07:00-19:00; Fr-Sa 09:00-18:00; Su 00:00-24:00","opening_hours:es":null,"opening_hours:signed":null,"operator":null,"outdoor_seating":null,"payment:app":null,"payment:apple_pay":null,"payment:cards":null,"payment:cash":null,"payment:contactless":null,"payment:credit_cards":null,"payment:debit_cards":null,"payment:google_pay":null,"payment:lightning":null,"payment:lightning_contactless":null,"payment:onchain":null,"pets":null,"phone":null,"service:electricity":null,"shop":null,"smoking":null,"source":null,"takeaway":null,"toilets":null,"toilets:access":null,"toilets:wheelchair":null,"tourism":null,"url":null,"website":null,"website:menu":null,"wheelchair":null,"wifi":null},"geometry":{"type":"Point","coordinates":[-74.0601139,4.6546159]}},
{"type":"Feature","properties":{"fid":1200,"id":"node/13596007801","@id":"node/13596007801","addr:city":null,"addr:country":null,"addr:door":null,"addr:floor":null,"addr:full":null,"addr:housename":null,"addr:housenumber":"#10-19","addr:place":null,"addr:postcode":null,"addr:street":"Calle 69","addr:unit":null,"air_conditioning":null,"alt_name":null,"amenity":"cafe","baby_feeding":null,"bar":null,"branch":null,"brand":null,"brand:wikidata":null,"brand:wikipedia":null,"building":null,"capacity":null,"check_date":null,"check_date:opening_hours":null,"contact:facebook":null,"contact:instagram":null,"contact:website":null,"contact:whatsapp":null,"cuisine":"coffee_shop","currency:XBT":null,"delivery":null,"description":null,"diet:gluten_free":null,"diet:organic":null,"diet:vegan":null,"diet:vegetarian":null,"dog":null,"drink:espresso":null,"drink:filter_coffee":null,"drive_through":null,"email":null,"fixme":null,"floor":null,"indoor":null,"indoor_seating":null,"internet_access":"wlan","internet_access:fee":null,"internet_access:ssid":null,"level":null,"location":null,"name":"Café Banna","name:de":null,"name:en":null,"name:es":null,"name:fr":null,"note:opening_hours":null,"official_name":null,"opening_hours":"Mo-Fr 08:45-18:45; Sa 11:00-18:45; Su 11:00-17:00","opening_hours:es":null,"opening_hours:signed":null,"operator":null,"outdoor_seating":null,"payment:app":null,"payment:apple_pay":null,"payment:cards":null,"payment:cash":null,"payment:contactless":null,"payment:credit_cards":null,"payment:debit_cards":null,"payment:google_pay":null,"payment:lightning":null,"payment:lightning_contactless":null,"payment:onchain":null,"pets":null,"phone":null,"service:electricity":null,"shop":null,"smoking":null,"source":null,"takeaway":null,"toilets":null,"toilets:access":null,"toilets:wheelchair":null,"tourism":null,"url":null,"website":null,"website:menu":null,"wheelchair":null,"wifi":null},"geometry":{"type":"Point","coordinates":[-74.0604779,4.6536812]}},
{"type":"Feature","properties":{"fid":1202,"id":"node/13683758113","@id":"node/13683758113","addr:city":null,"addr:country":null,"addr:door":null,"addr:floor":null,"addr:full":null,"addr:housename":null,"addr:housenumber":null,"addr:place":null,"addr:postcode":null,"addr:street":null,"addr:unit":null,"air_conditioning":null,"alt_name":null,"amenity":"cafe","baby_feeding":null,"bar":null,"branch":null,"brand":null,"brand:wikidata":null,"brand:wikipedia":null,"building":null,"capacity":null,"check_date":null,"check_date:opening_hours":null,"contact:facebook":null,"contact:instagram":null,"contact:website":null,"contact:whatsapp":null,"cuisine":null,"currency:XBT":null,"delivery":null,"description":null,"diet:gluten_free":null,"diet:organic":null,"diet:vegan":null,"diet:vegetarian":null,"dog":null,"drink:espresso":"yes","drink:filter_coffee":"yes","drive_through":null,"email":null,"fixme":null,"floor":null,"indoor":null,"indoor_seating":"yes","internet_access":null,"internet_access:fee":null,"internet_access:ssid":null,"level":null,"location":null,"name":"Café Mundano","name:de":null,"name:en":null,"name:es":null,"name:fr":null,"note:opening_hours":null,"official_name":null,"opening_hours":"Mo-Fr 07:00-20:00; Sa 10:00-19:00","opening_hours:es":null,"opening_hours:signed":null,"operator":null,"outdoor_seating":null,"payment:app":null,"payment:apple_pay":null,"payment:cards":null,"payment:cash":null,"payment:contactless":null,"payment:credit_cards":null,"payment:debit_cards":null,"payment:google_pay":null,"payment:lightning":null,"payment:lightning_contactless":null,"payment:onchain":null,"pets":null,"phone":null,"service:electricity":null,"shop":null,"smoking":null,"source":null,"takeaway":null,"toilets":null,"toilets:access":null,"toilets:wheelchair":null,"tourism":null,"url":null,"website":null,"website:menu":null,"wheelchair":null,"wifi":null},"geometry":{"type":"Point","coordinates":[-74.0660364,4.6264022]}},
{"type":"Feature","properties":{"fid":1204,"id":"node/13714540001","@id":"node/13714540001","addr:city":null,"addr:country":null,"addr:door":null,"addr:floor":null,"addr:full":null,"addr:housename":null,"addr:housenumber":null,"addr:place":null,"addr:postcode":null,"addr:street":null,"addr:unit":null,"air_conditioning":null,"alt_name":null,"amenity":"cafe","baby_feeding":null,"bar":null,"branch":null,"brand":null,"brand:wikidata":null,"brand:wikipedia":null,"building":null,"capacity":null,"check_date":null,"check_date:opening_hours":null,"contact:facebook":null,"contact:instagram":null,"contact:website":null,"contact:whatsapp":null,"cuisine":null,"currency:XBT":null,"delivery":null,"description":null,"diet:gluten_free":null,"diet:organic":null,"diet:vegan":null,"diet:vegetarian":null,"dog":null,"drink:espresso":null,"drink:filter_coffee":null,"drive_through":null,"email":null,"fixme":null,"floor":null,"indoor":null,"indoor_seating":null,"internet_access":null,"internet_access:fee":null,"internet_access:ssid":null,"level":null,"location":null,"name":"Donut Factory","name:de":null,"name:en":null,"name:es":null,"name:fr":null,"note:opening_hours":null,"official_name":null,"opening_hours":null,"opening_hours:es":null,"opening_hours:signed":null,"operator":null,"outdoor_seating":null,"payment:app":null,"payment:apple_pay":null,"payment:cards":null,"payment:cash":null,"payment:contactless":null,"payment:credit_cards":null,"payment:debit_cards":null,"payment:google_pay":null,"payment:lightning":null,"payment:lightning_contactless":null,"payment:onchain":null,"pets":null,"phone":null,"service:electricity":null,"shop":null,"smoking":null,"source":null,"takeaway":null,"toilets":null,"toilets:access":null,"toilets:wheelchair":null,"tourism":null,"url":null,"website":null,"website:menu":null,"wheelchair":null,"wifi":null},"geometry":{"type":"Point","coordinates":[-74.1422151,4.6979693]}},
{"type":"Feature","properties":{"fid":1206,"id":"node/13738901901","@id":"node/13738901901","addr:city":null,"addr:country":null,"addr:door":null,"addr:floor":null,"addr:full":null,"addr:housename":null,"addr:housenumber":null,"addr:place":null,"addr:postcode":null,"addr:street":null,"addr:unit":null,"air_conditioning":null,"alt_name":null,"amenity":"cafe","baby_feeding":null,"bar":null,"branch":null,"brand":null,"brand:wikidata":null,"brand:wikipedia":null,"building":null,"capacity":null,"check_date":"2026-04-17","check_date:opening_hours":null,"contact:facebook":null,"contact:instagram":null,"contact:website":null,"contact:whatsapp":null,"cuisine":null,"currency:XBT":null,"delivery":null,"description":null,"diet:gluten_free":null,"diet:organic":null,"diet:vegan":null,"diet:vegetarian":null,"dog":null,"drink:espresso":null,"drink:filter_coffee":null,"drive_through":null,"email":null,"fixme":null,"floor":null,"indoor":null,"indoor_seating":null,"internet_access":null,"internet_access:fee":null,"internet_access:ssid":null,"level":null,"location":null,"name":"Oma","name:de":null,"name:en":null,"name:es":null,"name:fr":null,"note:opening_hours":null,"official_name":null,"opening_hours":null,"opening_hours:es":null,"opening_hours:signed":null,"operator":null,"outdoor_seating":null,"payment:app":null,"payment:apple_pay":null,"payment:cards":null,"payment:cash":null,"payment:contactless":null,"payment:credit_cards":null,"payment:debit_cards":null,"payment:google_pay":null,"payment:lightning":null,"payment:lightning_contactless":null,"payment:onchain":null,"pets":null,"phone":null,"service:electricity":null,"shop":null,"smoking":null,"source":null,"takeaway":null,"toilets":null,"toilets:access":null,"toilets:wheelchair":null,"tourism":null,"url":null,"website":null,"website:menu":null,"wheelchair":null,"wifi":null},"geometry":{"type":"Point","coordinates":[-74.0620576,4.7230782]}},
{"type":"Feature","properties":{"fid":1209,"id":"node/13771256794","@id":"node/13771256794","addr:city":null,"addr:country":null,"addr:door":null,"addr:floor":null,"addr:full":null,"addr:housename":null,"addr:housenumber":null,"addr:place":null,"addr:postcode":null,"addr:street":null,"addr:unit":null,"air_conditioning":null,"alt_name":null,"amenity":"cafe","baby_feeding":null,"bar":null,"branch":null,"brand":null,"brand:wikidata":null,"brand:wikipedia":null,"building":null,"capacity":null,"check_date":null,"check_date:opening_hours":null,"contact:facebook":null,"contact:instagram":null,"contact:website":null,"contact:whatsapp":null,"cuisine":"coffee_shop","currency:XBT":null,"delivery":null,"description":null,"diet:gluten_free":null,"diet:organic":null,"diet:vegan":null,"diet:vegetarian":null,"dog":null,"drink:espresso":null,"drink:filter_coffee":null,"drive_through":null,"email":null,"fixme":null,"floor":null,"indoor":null,"indoor_seating":null,"internet_access":null,"internet_access:fee":null,"internet_access:ssid":null,"level":null,"location":null,"name":"Empanadas","name:de":null,"name:en":null,"name:es":null,"name:fr":null,"note:opening_hours":null,"official_name":null,"opening_hours":null,"opening_hours:es":null,"opening_hours:signed":null,"operator":null,"outdoor_seating":null,"payment:app":null,"payment:apple_pay":null,"payment:cards":null,"payment:cash":null,"payment:contactless":null,"payment:credit_cards":null,"payment:debit_cards":null,"payment:google_pay":null,"payment:lightning":null,"payment:lightning_contactless":null,"payment:onchain":null,"pets":null,"phone":null,"service:electricity":null,"shop":null,"smoking":null,"source":null,"takeaway":null,"toilets":null,"toilets:access":null,"toilets:wheelchair":null,"tourism":null,"url":null,"website":null,"website:menu":null,"wheelchair":null,"wifi":null},"geometry":{"type":"Point","coordinates":[-74.1268242,4.6428887]}},
{"type":"Feature","properties":{"fid":1210,"id":"node/13771346806","@id":"node/13771346806","addr:city":null,"addr:country":null,"addr:door":null,"addr:floor":null,"addr:full":null,"addr:housename":null,"addr:housenumber":null,"addr:place":null,"addr:postcode":null,"addr:street":null,"addr:unit":null,"air_conditioning":null,"alt_name":null,"amenity":"cafe","baby_feeding":null,"bar":null,"branch":null,"brand":null,"brand:wikidata":null,"brand:wikipedia":null,"building":null,"capacity":null,"check_date":null,"check_date:opening_hours":null,"contact:facebook":null,"contact:instagram":null,"contact:website":null,"contact:whatsapp":null,"cuisine":null,"currency:XBT":null,"delivery":null,"description":null,"diet:gluten_free":null,"diet:organic":null,"diet:vegan":null,"diet:vegetarian":null,"dog":null,"drink:espresso":null,"drink:filter_coffee":null,"drive_through":null,"email":null,"fixme":null,"floor":null,"indoor":null,"indoor_seating":null,"internet_access":null,"internet_access:fee":null,"internet_access:ssid":null,"level":null,"location":null,"name":"Pangogh","name:de":null,"name:en":null,"name:es":null,"name:fr":null,"note:opening_hours":null,"official_name":null,"opening_hours":null,"opening_hours:es":null,"opening_hours:signed":null,"operator":null,"outdoor_seating":null,"payment:app":null,"payment:apple_pay":null,"payment:cards":null,"payment:cash":null,"payment:contactless":null,"payment:credit_cards":null,"payment:debit_cards":null,"payment:google_pay":null,"payment:lightning":null,"payment:lightning_contactless":null,"payment:onchain":null,"pets":null,"phone":null,"service:electricity":null,"shop":null,"smoking":null,"source":null,"takeaway":null,"toilets":null,"toilets:access":null,"toilets:wheelchair":null,"tourism":null,"url":null,"website":null,"website:menu":null,"wheelchair":null,"wifi":null},"geometry":{"type":"Point","coordinates":[-74.1255655,4.6412507]}},
{"type":"Feature","properties":{"fid":1212,"id":"node/13781379593","@id":"node/13781379593","addr:city":null,"addr:country":null,"addr:door":null,"addr:floor":null,"addr:full":null,"addr:housename":null,"addr:housenumber":null,"addr:place":null,"addr:postcode":null,"addr:street":null,"addr:unit":null,"air_conditioning":null,"alt_name":null,"amenity":"cafe","baby_feeding":null,"bar":null,"branch":null,"brand":null,"brand:wikidata":null,"brand:wikipedia":null,"building":null,"capacity":null,"check_date":null,"check_date:opening_hours":null,"contact:facebook":null,"contact:instagram":null,"contact:website":null,"contact:whatsapp":null,"cuisine":"regional","currency:XBT":null,"delivery":null,"description":null,"diet:gluten_free":null,"diet:organic":null,"diet:vegan":null,"diet:vegetarian":null,"dog":null,"drink:espresso":null,"drink:filter_coffee":null,"drive_through":null,"email":null,"fixme":null,"floor":null,"indoor":null,"indoor_seating":null,"internet_access":"yes","internet_access:fee":"no","internet_access:ssid":null,"level":null,"location":null,"name":"CEFE","name:de":null,"name:en":null,"name:es":null,"name:fr":null,"note:opening_hours":null,"official_name":null,"opening_hours":"Mo-Su 09:00-21:00","opening_hours:es":null,"opening_hours:signed":null,"operator":null,"outdoor_seating":null,"payment:app":null,"payment:apple_pay":null,"payment:cards":null,"payment:cash":null,"payment:contactless":null,"payment:credit_cards":null,"payment:debit_cards":null,"payment:google_pay":null,"payment:lightning":null,"payment:lightning_contactless":null,"payment:onchain":null,"pets":null,"phone":null,"service:electricity":null,"shop":null,"smoking":null,"source":null,"takeaway":null,"toilets":null,"toilets:access":null,"toilets:wheelchair":null,"tourism":null,"url":null,"website":null,"website:menu":null,"wheelchair":null,"wifi":null},"geometry":{"type":"Point","coordinates":[-74.0528877,4.6654606]}},
{"type":"Feature","properties":{"fid":1215,"id":"node/13960250333","@id":"node/13960250333","addr:city":"Engativá","addr:country":null,"addr:door":null,"addr:floor":null,"addr:full":null,"addr:housename":null,"addr:housenumber":"Calle 67","addr:place":null,"addr:postcode":"111031","addr:street":"Carrera 115D","addr:unit":null,"air_conditioning":null,"alt_name":null,"amenity":"cafe","baby_feeding":null,"bar":null,"branch":null,"brand":null,"brand:wikidata":null,"brand:wikipedia":null,"building":null,"capacity":null,"check_date":null,"check_date:opening_hours":null,"contact:facebook":null,"contact:instagram":null,"contact:website":null,"contact:whatsapp":null,"cuisine":"breakfast;pastry;panaderia","currency:XBT":null,"delivery":null,"description":null,"diet:gluten_free":null,"diet:organic":null,"diet:vegan":null,"diet:vegetarian":null,"dog":null,"drink:espresso":null,"drink:filter_coffee":null,"drive_through":null,"email":null,"fixme":null,"floor":null,"indoor":null,"indoor_seating":"yes","internet_access":"no","internet_access:fee":null,"internet_access:ssid":null,"level":null,"location":null,"name":"Panaderia Delicakes","name:de":null,"name:en":null,"name:es":null,"name:fr":null,"note:opening_hours":null,"official_name":null,"opening_hours":"Mo-Su 07:00-22:00","opening_hours:es":null,"opening_hours:signed":null,"operator":null,"outdoor_seating":"yes","payment:app":"yes","payment:apple_pay":null,"payment:cards":null,"payment:cash":"yes","payment:contactless":null,"payment:credit_cards":null,"payment:debit_cards":null,"payment:google_pay":null,"payment:lightning":null,"payment:lightning_contactless":null,"payment:onchain":null,"pets":null,"phone":null,"service:electricity":null,"shop":null,"smoking":null,"source":null,"takeaway":null,"toilets":null,"toilets:access":null,"toilets:wheelchair":null,"tourism":null,"url":null,"website":null,"website:menu":null,"wheelchair":null,"wifi":null},"geometry":{"type":"Point","coordinates":[-74.1368678,4.7122825]}}
]
}
