{
"type": "FeatureCollection",
"name": "ComandoAtencionInmediata",
"crs": { "type": "name", "properties": { "name": "urn:ogc:def:crs:EPSG::4686" } },
"features": [
{ "type": "Feature", "properties": { "CAIDESCRIP": "CAI Codito", "CAIHORARIO": "24 horas - lunes a domingo", "CAITELEFON": "3012123642", "CAIIULOCAL": "01", "CAICELECTR": "mebog.e1@policia.gov.co", "CAICONTACT": "Policía Nacional", "CAIPWEB": "https://www.policia.gov.co/bogota/directorio", "CAINOMBRE": "Codito", "CAIFECHA_C": "2025-12-31", "CAICOD_PLA": 5, "CAICOD_PRO": "7507", "CAIANIO_GE": 2023, "CAIFECHA_I": "2016-06-01", "CAIFECHA_F": "2025-12-31", "CAIEST_PRO": "Terminado", "CAIINTERV_": "02", "CAIDIR_SIT": "KR 4 CL 187A", "CAICOD_SIT": 0, "CAITEQUIPA": "Justicia", "CAIEASOCIA": "No Aplica", "CAIFUNCION": "Coercion", "CAISERVICI": "Unidad policial con recursos humanos y materiales asignados a una jurisdicción, que en forma organizada con la comunidad y a través de la instrucción permanente, busca la solución de problemas de seguridad, con el objetivo de fraternizar y unir la po", "CAIIUUPLOC": "UPL26", "CAIIUCAINM": "E01C02" }, "geometry": { "type": "Point", "coordinates": [ -74.02420483100002, 4.763923186000056 ] } },
{ "type": "Feature", "properties": { "CAIDESCRIP": "CAI Verbenal", "CAIHORARIO": "24 horas - lunes a domingo", "CAITELEFON": "3115920934", "CAIIULOCAL": "01", "CAICELECTR": "mebog.e1@policia.gov.co", "CAICONTACT": "Policía Nacional", "CAIPWEB": "https://www.policia.gov.co/bogota/directorio", "CAINOMBRE": "Verbenal", "CAIFECHA_C": "2025-12-31", "CAICOD_PLA": 5, "CAICOD_PRO": "7507", "CAIANIO_GE": 2023, "CAIFECHA_I": "2016-06-01", "CAIFECHA_F": "2025-12-31", "CAIEST_PRO": "Terminado", "CAIINTERV_": "02", "CAIDIR_SIT": "CL 187 19 22", "CAICOD_SIT": 0, "CAITEQUIPA": "Justicia", "CAIEASOCIA": "No Aplica", "CAIFUNCION": "Coercion", "CAISERVICI": "Unidad policial con recursos humanos y materiales asignados a una jurisdicción, que en forma organizada con la comunidad y a través de la instrucción permanente, busca la solución de problemas de seguridad, con el objetivo de fraternizar y unir la po", "CAIIUUPLOC": "UPL26", "CAIIUCAINM": "E01C09" }, "geometry": { "type": "Point", "coordinates": [ -74.040348479999921, 4.764441608000141 ] } },
{ "type": "Feature", "properties": { "CAIDESCRIP": "CAI Las Ferias", "CAIHORARIO": "24 horas - lunes a domingo", "CAITELEFON": "3212029221", "CAIIULOCAL": "10", "CAICELECTR": "mebog.e10@policia.gov.co", "CAICONTACT": "Policía Nacional", "CAIPWEB": "https://www.policia.gov.co/bogota/directorio", "CAINOMBRE": "Las Ferias", "CAIFECHA_C": "2025-12-31", "CAICOD_PLA": 5, "CAICOD_PRO": "7507", "CAIANIO_GE": 2023, "CAIFECHA_I": "2016-06-01", "CAIFECHA_F": "2025-12-31", "CAIEST_PRO": "Terminado", "CAIINTERV_": "02", "CAIDIR_SIT": "AVENIDA CHILE KR 69J", "CAICOD_SIT": 0, "CAITEQUIPA": "Justicia", "CAIEASOCIA": "No Aplica", "CAIFUNCION": "Coercion", "CAISERVICI": "Unidad policial con recursos humanos y materiales asignados a una jurisdicción, que en forma organizada con la comunidad y a través de la instrucción permanente, busca la solución de problemas de seguridad, con el objetivo de fraternizar y unir la po", "CAIIUUPLOC": "UPL29", "CAIIUCAINM": "E10C05" }, "geometry": { "type": "Point", "coordinates": [ -74.09038087, 4.682947557000091 ] } },
{ "type": "Feature", "properties": { "CAIDESCRIP": "CAI Mirador", "CAIHORARIO": "24 horas - lunes a domingo", "CAITELEFON": "3214407794", "CAIIULOCAL": "03", "CAICELECTR": "mebog.e3@policia.gov.co", "CAICONTACT": "Policía Nacional", "CAIPWEB": "https://www.policia.gov.co/bogota/directorio", "CAINOMBRE": "Mirador", "CAIFECHA_C": "2025-12-31", "CAICOD_PLA": 5, "CAICOD_PRO": "7507", "CAIANIO_GE": 2023, "CAIFECHA_I": "2016-06-01", "CAIFECHA_F": "2025-12-31", "CAIEST_PRO": "Terminado", "CAIINTERV_": "02", "CAIDIR_SIT": "KM 3 VIA CHOACHI", "CAICOD_SIT": 0, "CAITEQUIPA": "Justicia", "CAIEASOCIA": "No Aplica", "CAIFUNCION": "Coercion", "CAISERVICI": "Unidad policial con recursos humanos y materiales asignados a una jurisdicción, que en forma organizada con la comunidad y a través de la instrucción permanente, busca la solución de problemas de seguridad, con el objetivo de fraternizar y unir la po", "CAIIUUPLOC": "UPL23", "CAIIUCAINM": "E03C07" }, "geometry": { "type": "Point", "coordinates": [ -74.064525093999976, 4.591620431000081 ] } },
{ "type": "Feature", "properties": { "CAIDESCRIP": "CAI Lisboa", "CAIHORARIO": "24 horas - lunes a domingo", "CAITELEFON": "3213454983", "CAIIULOCAL": "01", "CAICELECTR": "mebog.e1@policia.gov.co", "CAICONTACT": "Policía Nacional", "CAIPWEB": "https://www.policia.gov.co/bogota/directorio", "CAINOMBRE": "Lisboa", "CAIFECHA_C": "2025-12-31", "CAICOD_PLA": 5, "CAICOD_PRO": "7507", "CAIANIO_GE": 2023, "CAIFECHA_I": "2016-06-01", "CAIFECHA_F": "2025-12-31", "CAIEST_PRO": "Terminado", "CAIINTERV_": "02", "CAIDIR_SIT": "CL 130 AK 7", "CAICOD_SIT": 0, "CAITEQUIPA": "Justicia", "CAIEASOCIA": "No Aplica", "CAIFUNCION": "Coercion", "CAISERVICI": "Unidad policial con recursos humanos y materiales asignados a una jurisdicción, que en forma organizada con la comunidad y a través de la instrucción permanente, busca la solución de problemas de seguridad, con el objetivo de fraternizar y unir la po", "CAIIUUPLOC": "UPL25", "CAIIUCAINM": "E01C03" }, "geometry": { "type": "Point", "coordinates": [ -74.028932606999945, 4.708470998999985 ] } },
{ "type": "Feature", "properties": { "CAIDESCRIP": "CAI Chapinero", "CAIHORARIO": "24 horas - lunes a domingo", "CAITELEFON": "3104938271", "CAIIULOCAL": "02", "CAICELECTR": "mebog.e2@policia.gov.co", "CAICONTACT": "Policía Nacional", "CAIPWEB": "https://www.policia.gov.co/bogota/directorio", "CAINOMBRE": "Chapinero", "CAIFECHA_C": "2025-12-31", "CAICOD_PLA": 5, "CAICOD_PRO": "7507", "CAIANIO_GE": 2023, "CAIFECHA_I": "2016-06-01", "CAIFECHA_F": "2025-12-31", "CAIEST_PRO": "Terminado", "CAIINTERV_": "02", "CAIDIR_SIT": "CL 60 KR 9", "CAICOD_SIT": 0, "CAITEQUIPA": "Justicia", "CAIEASOCIA": "No Aplica", "CAIFUNCION": "Coercion", "CAISERVICI": "Unidad policial con recursos humanos y materiales asignados a una jurisdicción, que en forma organizada con la comunidad y a través de la instrucción permanente, busca la solución de problemas de seguridad, con el objetivo de fraternizar y unir la po", "CAIIUUPLOC": "UPL24", "CAIIUCAINM": "E02C01" }, "geometry": { "type": "Point", "coordinates": [ -74.062203838000016, 4.645772613000133 ] } },
{ "type": "Feature", "properties": { "CAIDESCRIP": "CAI Laches", "CAIHORARIO": "24 horas - lunes a domingo", "CAITELEFON": "3204577446", "CAIIULOCAL": "03", "CAICELECTR": "mebog.e3@policia.gov.co", "CAICONTACT": "Policía Nacional", "CAIPWEB": "https://www.policia.gov.co/bogota/directorio", "CAINOMBRE": "Laches", "CAIFECHA_C": "2025-12-31", "CAICOD_PLA": 5, "CAICOD_PRO": "7507", "CAIANIO_GE": 2023, "CAIFECHA_I": "2016-06-01", "CAIFECHA_F": "2025-12-31", "CAIEST_PRO": "Terminado", "CAIINTERV_": "02", "CAIDIR_SIT": "DG 3C 8 05 ESTE", "CAICOD_SIT": 0, "CAITEQUIPA": "Justicia", "CAIEASOCIA": "No Aplica", "CAIFUNCION": "Coercion", "CAISERVICI": "Unidad policial con recursos humanos y materiales asignados a una jurisdicción, que en forma organizada con la comunidad y a través de la instrucción permanente, busca la solución de problemas de seguridad, con el objetivo de fraternizar y unir la po", "CAIIUUPLOC": "UPL23", "CAIIUCAINM": "E03C06" }, "geometry": { "type": "Point", "coordinates": [ -74.067754267999987, 4.585306923000132 ] } },
{ "type": "Feature", "properties": { "CAIDESCRIP": "CAI Tierra Linda", "CAIHORARIO": "24 horas - lunes a domingo", "CAITELEFON": "3132246669", "CAIIULOCAL": "11", "CAICELECTR": "mebog.e11@policia.gov.co", "CAICONTACT": "Policía Nacional", "CAIPWEB": "https://www.policia.gov.co/bogota/directorio", "CAINOMBRE": "Tierra Linda", "CAIFECHA_C": "2025-12-31", "CAICOD_PLA": 5, "CAICOD_PRO": "7507", "CAIANIO_GE": 2023, "CAIFECHA_I": "2016-06-01", "CAIFECHA_F": "2025-12-31", "CAIEST_PRO": "Terminado", "CAIINTERV_": "02", "CAIDIR_SIT": "CL 127C KR 49", "CAICOD_SIT": 0, "CAITEQUIPA": "Justicia", "CAIEASOCIA": "No Aplica", "CAIFUNCION": "Coercion", "CAISERVICI": "Unidad policial con recursos humanos y materiales asignados a una jurisdicción, que en forma organizada con la comunidad y a través de la instrucción permanente, busca la solución de problemas de seguridad, con el objetivo de fraternizar y unir la po", "CAIIUUPLOC": "UPL27", "CAIIUCAINM": "E11C12" }, "geometry": { "type": "Point", "coordinates": [ -74.057354, 4.711654 ] } },
{ "type": "Feature", "properties": { "CAIDESCRIP": "CAI Villas de Granada", "CAIHORARIO": "24 horas - lunes a domingo", "CAITELEFON": "3044812664", "CAIIULOCAL": "10", "CAICELECTR": "mebog.e10@policia.gov.co", "CAICONTACT": "Policía Nacional", "CAIPWEB": "https://www.policia.gov.co/bogota/directorio", "CAINOMBRE": "Villas de Granada", "CAIFECHA_C": "2025-12-31", "CAICOD_PLA": 5, "CAICOD_PRO": "7507", "CAIANIO_GE": 2023, "CAIFECHA_I": "2016-06-01", "CAIFECHA_F": "2025-12-31", "CAIEST_PRO": "Terminado", "CAIINTERV_": "02", "CAIDIR_SIT": "KR 112A 77A 30", "CAICOD_SIT": 0, "CAITEQUIPA": "Justicia", "CAIEASOCIA": "No Aplica", "CAIFUNCION": "Coercion", "CAISERVICI": "Unidad policial con recursos humanos y materiales asignados a una jurisdicción, que en forma organizada con la comunidad y a través de la instrucción permanente, busca la solución de problemas de seguridad, con el objetivo de fraternizar y unir la po", "CAIIUUPLOC": "UPL11", "CAIIUCAINM": "E10C12" }, "geometry": { "type": "Point", "coordinates": [ -74.122952770999916, 4.716920757000139 ] } },
{ "type": "Feature", "properties": { "CAIDESCRIP": "CAI Villa Luz", "CAIHORARIO": "24 horas - lunes a domingo", "CAITELEFON": "3125596896", "CAIIULOCAL": "10", "CAICELECTR": "mebog.e10@policia.gov.co", "CAICONTACT": "Policía Nacional", "CAIPWEB": "https://www.policia.gov.co/bogota/directorio", "CAINOMBRE": "Villa Luz", "CAIFECHA_C": "2025-12-31", "CAICOD_PLA": 5, "CAICOD_PRO": "7507", "CAIANIO_GE": 2023, "CAIFECHA_I": "2016-06-01", "CAIFECHA_F": "2025-12-31", "CAIEST_PRO": "Terminado", "CAIINTERV_": "02", "CAIDIR_SIT": "KR 77A CL 64B", "CAICOD_SIT": 0, "CAITEQUIPA": "Justicia", "CAIEASOCIA": "No Aplica", "CAIFUNCION": "Coercion", "CAISERVICI": "Unidad policial con recursos humanos y materiales asignados a una jurisdicción, que en forma organizada con la comunidad y a través de la instrucción permanente, busca la solución de problemas de seguridad, con el objetivo de fraternizar y unir la po", "CAIIUUPLOC": "UPL29", "CAIIUCAINM": "E10C13" }, "geometry": { "type": "Point", "coordinates": [ -74.107587697999975, 4.681306304999964 ] } },
{ "type": "Feature", "properties": { "CAIDESCRIP": "CAI Granjas", "CAIHORARIO": "24 horas - lunes a domingo", "CAITELEFON": "3132505220", "CAIIULOCAL": "09", "CAICELECTR": "mebog.e9@policia.gov.co", "CAICONTACT": "Policía Nacional", "CAIPWEB": "https://www.policia.gov.co/bogota/directorio", "CAINOMBRE": "Granjas", "CAIFECHA_C": "2025-12-31", "CAICOD_PLA": 5, "CAICOD_PRO": "7507", "CAIANIO_GE": 2023, "CAIFECHA_I": "2016-06-01", "CAIFECHA_F": "2025-12-31", "CAIEST_PRO": "Terminado", "CAIINTERV_": "02", "CAIDIR_SIT": "KR 69B CL 21A", "CAICOD_SIT": 0, "CAITEQUIPA": "Justicia", "CAIEASOCIA": "No Aplica", "CAIFUNCION": "Coercion", "CAISERVICI": "Unidad policial con recursos humanos y materiales asignados a una jurisdicción, que en forma organizada con la comunidad y a través de la instrucción permanente, busca la solución de problemas de seguridad, con el objetivo de fraternizar y unir la po", "CAIIUUPLOC": "UPL30", "CAIIUCAINM": "E09C01" }, "geometry": { "type": "Point", "coordinates": [ -74.117963712999881, 4.651477447 ] } },
{ "type": "Feature", "properties": { "CAIDESCRIP": "CAI Teusaquillo", "CAIHORARIO": "24 horas - lunes a domingo", "CAITELEFON": "3173744038", "CAIIULOCAL": "13", "CAICELECTR": "mebog.e13@policia.gov.co", "CAICONTACT": "Policía Nacional", "CAIPWEB": "https://www.policia.gov.co/bogota/directorio", "CAINOMBRE": "Teusaquillo", "CAIFECHA_C": "2025-12-31", "CAICOD_PLA": 5, "CAICOD_PRO": "7507", "CAIANIO_GE": 2023, "CAIFECHA_I": "2016-06-01", "CAIFECHA_F": "2025-12-31", "CAIEST_PRO": "Terminado", "CAIINTERV_": "02", "CAIDIR_SIT": "KR 16 AC 34", "CAICOD_SIT": 0, "CAITEQUIPA": "Justicia", "CAIEASOCIA": "No Aplica", "CAIFUNCION": "Coercion", "CAISERVICI": "Unidad policial con recursos humanos y materiales asignados a una jurisdicción, que en forma organizada con la comunidad y a través de la instrucción permanente, busca la solución de problemas de seguridad, con el objetivo de fraternizar y unir la po", "CAIIUUPLOC": "UPL32", "CAIIUCAINM": "E13C06" }, "geometry": { "type": "Point", "coordinates": [ -74.071365437999987, 4.62361851300011 ] } },
{ "type": "Feature", "properties": { "CAIDESCRIP": "CAI La Alquería", "CAIHORARIO": "24 horas - lunes a domingo", "CAITELEFON": "3202214831", "CAIIULOCAL": "16", "CAICELECTR": "mebog.e16@policia.gov.co", "CAICONTACT": "Policía Nacional", "CAIPWEB": "https://www.policia.gov.co/bogota/directorio", "CAINOMBRE": "La Alquería", "CAIFECHA_C": "2025-12-31", "CAICOD_PLA": 5, "CAICOD_PRO": "7507", "CAIANIO_GE": 2023, "CAIFECHA_I": "2016-06-01", "CAIFECHA_F": "2025-12-31", "CAIEST_PRO": "Terminado", "CAIINTERV_": "02", "CAIDIR_SIT": "CL 43 SUR KR 52C", "CAICOD_SIT": 0, "CAITEQUIPA": "Justicia", "CAIEASOCIA": "No Aplica", "CAIFUNCION": "Coercion", "CAISERVICI": "Unidad policial con recursos humanos y materiales asignados a una jurisdicción, que en forma organizada con la comunidad y a través de la instrucción permanente, busca la solución de problemas de seguridad, con el objetivo de fraternizar y unir la po", "CAIIUUPLOC": "UPL31", "CAIIUCAINM": "E16C03" }, "geometry": { "type": "Point", "coordinates": [ -74.135443, 4.59621 ] } },
{ "type": "Feature", "properties": { "CAIDESCRIP": "CAI Marsella", "CAIHORARIO": "24 horas - lunes a domingo", "CAITELEFON": "3203975418", "CAIIULOCAL": "08", "CAICELECTR": "mebog.e8@policia.gov.co", "CAICONTACT": "Policía Nacional", "CAIPWEB": "https://www.policia.gov.co/bogota/directorio", "CAINOMBRE": "Marsella", "CAIFECHA_C": "2025-12-31", "CAICOD_PLA": 5, "CAICOD_PRO": "7507", "CAIANIO_GE": 2023, "CAIFECHA_I": "2016-06-01", "CAIFECHA_F": "2025-12-31", "CAIEST_PRO": "Terminado", "CAIINTERV_": "02", "CAIDIR_SIT": "CL 9A KR 70", "CAICOD_SIT": 0, "CAITEQUIPA": "Justicia", "CAIEASOCIA": "No Aplica", "CAIFUNCION": "Coercion", "CAISERVICI": "Unidad policial con recursos humanos y materiales asignados a una jurisdicción, que en forma organizada con la comunidad y a través de la instrucción permanente, busca la solución de problemas de seguridad, con el objetivo de fraternizar y unir la po", "CAIIUUPLOC": "UPL13", "CAIIUCAINM": "E08C14" }, "geometry": { "type": "Point", "coordinates": [ -74.129476423000028, 4.635425092999981 ] } },
{ "type": "Feature", "properties": { "CAIDESCRIP": "CAI Soledad", "CAIHORARIO": "24 horas - lunes a domingo", "CAITELEFON": "3147300919", "CAIIULOCAL": "13", "CAICELECTR": "mebog.e13@policia.gov.co", "CAICONTACT": "Policía Nacional", "CAIPWEB": "https://www.policia.gov.co/bogota/directorio", "CAINOMBRE": "Soledad", "CAIFECHA_C": "2025-12-31", "CAICOD_PLA": 5, "CAICOD_PRO": "7507", "CAIANIO_GE": 2023, "CAIFECHA_I": "2016-06-01", "CAIFECHA_F": "2025-12-31", "CAIEST_PRO": "Terminado", "CAIINTERV_": "02", "CAIDIR_SIT": "AK 24 CL 41", "CAICOD_SIT": 0, "CAITEQUIPA": "Justicia", "CAIEASOCIA": "No Aplica", "CAIFUNCION": "Coercion", "CAISERVICI": "Unidad policial con recursos humanos y materiales asignados a una jurisdicción, que en forma organizada con la comunidad y a través de la instrucción permanente, busca la solución de problemas de seguridad, con el objetivo de fraternizar y unir la po", "CAIIUUPLOC": "UPL32", "CAIIUCAINM": "E13C05" }, "geometry": { "type": "Point", "coordinates": [ -74.074976936999917, 4.631374375000064 ] } },
{ "type": "Feature", "properties": { "CAIDESCRIP": "CAI Perdomo", "CAIHORARIO": "24 horas - lunes a domingo", "CAITELEFON": "3504910683", "CAIIULOCAL": "19", "CAICELECTR": "mebog.e19@policia.gov.co", "CAICONTACT": "Policía Nacional", "CAIPWEB": "https://www.policia.gov.co/bogota/directorio", "CAINOMBRE": "Perdomo", "CAIFECHA_C": "2025-12-31", "CAICOD_PLA": 5, "CAICOD_PRO": "7507", "CAIANIO_GE": 2023, "CAIFECHA_I": "2016-06-01", "CAIFECHA_F": "2025-12-31", "CAIEST_PRO": "Terminado", "CAIINTERV_": "02", "CAIDIR_SIT": "DG 62A SUR KR 72", "CAICOD_SIT": 0, "CAITEQUIPA": "Justicia", "CAIEASOCIA": "No Aplica", "CAIFUNCION": "Coercion", "CAISERVICI": "Unidad policial con recursos humanos y materiales asignados a una jurisdicción, que en forma organizada con la comunidad y a través de la instrucción permanente, busca la solución de problemas de seguridad, con el objetivo de fraternizar y unir la po", "CAIIUUPLOC": "UPL03", "CAIIUCAINM": "E19C07" }, "geometry": { "type": "Point", "coordinates": [ -74.167746198999964, 4.591467796000131 ] } },
{ "type": "Feature", "properties": { "CAIDESCRIP": "CAI Altamira", "CAIHORARIO": "24 horas - lunes a domingo", "CAITELEFON": "3015806836", "CAIIULOCAL": "04", "CAICELECTR": "mebog.e4@policia.gov.co", "CAICONTACT": "Policía Nacional", "CAIPWEB": "https://www.policia.gov.co/bogota/directorio", "CAINOMBRE": "Altamira", "CAIFECHA_C": "2025-12-31", "CAICOD_PLA": 5, "CAICOD_PRO": "7507", "CAIANIO_GE": 2023, "CAIFECHA_I": "2016-06-01", "CAIFECHA_F": "2025-12-31", "CAIEST_PRO": "Terminado", "CAIINTERV_": "02", "CAIDIR_SIT": "CL 48 SUR 13D ESTE", "CAICOD_SIT": 0, "CAITEQUIPA": "Justicia", "CAIEASOCIA": "No Aplica", "CAIFUNCION": "Coercion", "CAISERVICI": "Unidad policial con recursos humanos y materiales asignados a una jurisdicción, que en forma organizada con la comunidad y a través de la instrucción permanente, busca la solución de problemas de seguridad, con el objetivo de fraternizar y unir la po", "CAIIUUPLOC": "UPL05", "CAIIUCAINM": "E04C01" }, "geometry": { "type": "Point", "coordinates": [ -74.086037654, 4.537025868000057 ] } },
{ "type": "Feature", "properties": { "CAIDESCRIP": "CAI Libertadores", "CAIHORARIO": "24 horas - lunes a domingo", "CAITELEFON": "3044726023", "CAIIULOCAL": "04", "CAICELECTR": "mebog.e4@policia.gov.co", "CAICONTACT": "Policía Nacional", "CAIPWEB": "https://www.policia.gov.co/bogota/directorio", "CAINOMBRE": "Libertadores", "CAIFECHA_C": "2025-12-31", "CAICOD_PLA": 5, "CAICOD_PRO": "7507", "CAIANIO_GE": 2023, "CAIFECHA_I": "2016-06-01", "CAIFECHA_F": "2025-12-31", "CAIEST_PRO": "Terminado", "CAIINTERV_": "02", "CAIDIR_SIT": "CL 56 SUR 14A 11 ESTE", "CAICOD_SIT": 0, "CAITEQUIPA": "Justicia", "CAIEASOCIA": "No Aplica", "CAIFUNCION": "Coercion", "CAISERVICI": "Unidad policial con recursos humanos y materiales asignados a una jurisdicción, que en forma organizada con la comunidad y a través de la instrucción permanente, busca la solución de problemas de seguridad, con el objetivo de fraternizar y unir la po", "CAIIUUPLOC": "UPL05", "CAIIUCAINM": "E04C07" }, "geometry": { "type": "Point", "coordinates": [ -74.087139487999877, 4.532582913000113 ] } },
{ "type": "Feature", "properties": { "CAIDESCRIP": "CAI Juan Rey", "CAIHORARIO": "24 horas - lunes a domingo", "CAITELEFON": "3208067575", "CAIIULOCAL": "04", "CAICELECTR": "mebog.e4@policia.gov.co", "CAICONTACT": "Policía Nacional", "CAIPWEB": "https://www.policia.gov.co/bogota/directorio", "CAINOMBRE": "Juan Rey", "CAIFECHA_C": "2025-12-31", "CAICOD_PLA": 5, "CAICOD_PRO": "7507", "CAIANIO_GE": 2023, "CAIFECHA_I": "2016-06-01", "CAIFECHA_F": "2025-12-31", "CAIEST_PRO": "Terminado", "CAIINTERV_": "02", "CAIDIR_SIT": "KR 15 ESTE CL 74 SUR", "CAICOD_SIT": 0, "CAITEQUIPA": "Justicia", "CAIEASOCIA": "No Aplica", "CAIFUNCION": "Coercion", "CAISERVICI": "Unidad policial con recursos humanos y materiales asignados a una jurisdicción, que en forma organizada con la comunidad y a través de la instrucción permanente, busca la solución de problemas de seguridad, con el objetivo de fraternizar y unir la po", "CAIIUUPLOC": "UPL05", "CAIIUCAINM": "E04C05" }, "geometry": { "type": "Point", "coordinates": [ -74.09001, 4.517569 ] } },
{ "type": "Feature", "properties": { "CAIDESCRIP": "CAI Santo Domingo", "CAIHORARIO": "24 horas - lunes a domingo", "CAITELEFON": "3007865927", "CAIIULOCAL": "19", "CAICELECTR": "mebog.e19@policia.gov.co", "CAICONTACT": "Policía Nacional", "CAIPWEB": "https://www.policia.gov.co/bogota/directorio", "CAINOMBRE": "Santo Domingo", "CAIFECHA_C": "2025-12-31", "CAICOD_PLA": 5, "CAICOD_PRO": "7507", "CAIANIO_GE": 2023, "CAIFECHA_I": "2016-06-01", "CAIFECHA_F": "2025-12-31", "CAIEST_PRO": "Terminado", "CAIINTERV_": "02", "CAIDIR_SIT": "CL 69A SUR KR 77C", "CAICOD_SIT": 0, "CAITEQUIPA": "Justicia", "CAIEASOCIA": "No Aplica", "CAIFUNCION": "Coercion", "CAISERVICI": "Unidad policial con recursos humanos y materiales asignados a una jurisdicción, que en forma organizada con la comunidad y a través de la instrucción permanente, busca la solución de problemas de seguridad, con el objetivo de fraternizar y unir la po", "CAIIUUPLOC": "UPL03", "CAIIUCAINM": "E19C08" }, "geometry": { "type": "Point", "coordinates": [ -74.179380189000028, 4.577777388000015 ] } },
{ "type": "Feature", "properties": { "CAIDESCRIP": "CAI Plaza de Las Américas", "CAIHORARIO": "24 horas - lunes a domingo", "CAITELEFON": "3186958587", "CAIIULOCAL": "08", "CAICELECTR": "mebog.e8@policia.gov.co", "CAICONTACT": "Policía Nacional", "CAIPWEB": "https://www.policia.gov.co/bogota/directorio", "CAINOMBRE": "Plaza de Las Américas", "CAIFECHA_C": "2025-12-31", "CAICOD_PLA": 5, "CAICOD_PRO": "7507", "CAIANIO_GE": 2023, "CAIFECHA_I": "2016-06-01", "CAIFECHA_F": "2025-12-31", "CAIEST_PRO": "Terminado", "CAIINTERV_": "02", "CAIDIR_SIT": "AV BOYACA AV 1 DE MAYO", "CAICOD_SIT": 0, "CAITEQUIPA": "Justicia", "CAIEASOCIA": "No Aplica", "CAIFUNCION": "Coercion", "CAISERVICI": "Unidad policial con recursos humanos y materiales asignados a una jurisdicción, que en forma organizada con la comunidad y a través de la instrucción permanente, busca la solución de problemas de seguridad, con el objetivo de fraternizar y unir la po", "CAIIUUPLOC": "UPL18", "CAIIUCAINM": "E08C07" }, "geometry": { "type": "Point", "coordinates": [ -74.139027530000021, 4.61915331300014 ] } },
{ "type": "Feature", "properties": { "CAIDESCRIP": "CAI Gustavo Restrepo", "CAIHORARIO": "24 horas - lunes a domingo", "CAITELEFON": "3194661479", "CAIIULOCAL": "18", "CAICELECTR": "mebog.e18@policia.gov.co", "CAICONTACT": "Policía Nacional", "CAIPWEB": "https://www.policia.gov.co/bogota/directorio", "CAINOMBRE": "Gustavo Restrepo", "CAIFECHA_C": "2025-12-31", "CAICOD_PLA": 5, "CAICOD_PRO": "7507", "CAIANIO_GE": 2023, "CAIFECHA_I": "2016-06-01", "CAIFECHA_F": "2025-12-31", "CAIEST_PRO": "Terminado", "CAIINTERV_": "02", "CAIDIR_SIT": "CL 31A SUR KR 13A BIS", "CAICOD_SIT": 0, "CAITEQUIPA": "Justicia", "CAIEASOCIA": "No Aplica", "CAIFUNCION": "Coercion", "CAISERVICI": "Unidad policial con recursos humanos y materiales asignados a una jurisdicción, que en forma organizada con la comunidad y a través de la instrucción permanente, busca la solución de problemas de seguridad, con el objetivo de fraternizar y unir la po", "CAIIUUPLOC": "UPL22", "CAIIUCAINM": "E18C04" }, "geometry": { "type": "Point", "coordinates": [ -74.110292758999947, 4.576543832000084 ] } },
{ "type": "Feature", "properties": { "CAIDESCRIP": "CAI Bello Horizonte", "CAIHORARIO": "24 horas - lunes a domingo", "CAITELEFON": "3208443083", "CAIIULOCAL": "04", "CAICELECTR": "mebog.e4@policia.gov.co", "CAICONTACT": "Policía Nacional", "CAIPWEB": "https://www.policia.gov.co/bogota/directorio", "CAINOMBRE": "Bello Horizonte", "CAIFECHA_C": "2025-12-31", "CAICOD_PLA": 5, "CAICOD_PRO": "7507", "CAIANIO_GE": 2023, "CAIFECHA_I": "2016-06-01", "CAIFECHA_F": "2025-12-31", "CAIEST_PRO": "Terminado", "CAIINTERV_": "02", "CAIDIR_SIT": "KR 3A ESTE 31C 07 SUR", "CAICOD_SIT": 0, "CAITEQUIPA": "Justicia", "CAIEASOCIA": "No Aplica", "CAIFUNCION": "Coercion", "CAISERVICI": "Unidad policial con recursos humanos y materiales asignados a una jurisdicción, que en forma organizada con la comunidad y a través de la instrucción permanente, busca la solución de problemas de seguridad, con el objetivo de fraternizar y unir la po", "CAIIUUPLOC": "UPL21", "CAIIUCAINM": "E04C02" }, "geometry": { "type": "Point", "coordinates": [ -74.091532475, 4.559238271000027 ] } },
{ "type": "Feature", "properties": { "CAIDESCRIP": "CAI San Francisco", "CAIHORARIO": "24 horas - lunes a domingo", "CAITELEFON": "3227216919", "CAIIULOCAL": "19", "CAICELECTR": "mebog.e19@policia.gov.co", "CAICONTACT": "Policía Nacional", "CAIPWEB": "https://www.policia.gov.co/bogota/directorio", "CAINOMBRE": "San Francisco", "CAIFECHA_C": "2025-12-31", "CAICOD_PLA": 5, "CAICOD_PRO": "7507", "CAIANIO_GE": 2023, "CAIFECHA_I": "2016-06-01", "CAIFECHA_F": "2025-12-31", "CAIEST_PRO": "Terminado", "CAIINTERV_": "02", "CAIDIR_SIT": "KR 20C CL 67 SUR", "CAICOD_SIT": 0, "CAITEQUIPA": "Justicia", "CAIEASOCIA": "No Aplica", "CAIFUNCION": "Coercion", "CAISERVICI": "Unidad policial con recursos humanos y materiales asignados a una jurisdicción, que en forma organizada con la comunidad y a través de la instrucción permanente, busca la solución de problemas de seguridad, con el objetivo de fraternizar y unir la po", "CAIIUUPLOC": "UPL03", "CAIIUCAINM": "E19C09" }, "geometry": { "type": "Point", "coordinates": [ -74.149078824999947, 4.562818279000112 ] } },
{ "type": "Feature", "properties": { "CAIDESCRIP": "CAI Antonio José de Sucre", "CAIHORARIO": "24 horas - lunes a domingo", "CAITELEFON": "3212235405", "CAIIULOCAL": "05", "CAICELECTR": "mebog.e5@policia.gov.co", "CAICONTACT": "Policía Nacional", "CAIPWEB": "https://www.policia.gov.co/bogota/directorio", "CAINOMBRE": "Antonio José de Sucre", "CAIFECHA_C": "2025-12-31", "CAICOD_PLA": 5, "CAICOD_PRO": "7507", "CAIANIO_GE": 2023, "CAIFECHA_I": "2016-06-01", "CAIFECHA_F": "2025-12-31", "CAIEST_PRO": "Terminado", "CAIINTERV_": "02", "CAIDIR_SIT": "KR 5 BIS 111 25 SUR", "CAICOD_SIT": 0, "CAITEQUIPA": "Justicia", "CAIEASOCIA": "No Aplica", "CAIFUNCION": "Coercion", "CAISERVICI": "Unidad policial con recursos humanos y materiales asignados a una jurisdicción, que en forma organizada con la comunidad y a través de la instrucción permanente, busca la solución de problemas de seguridad, con el objetivo de fraternizar y unir la po", "CAIIUUPLOC": "UPL05", "CAIIUCAINM": "E05C01" }, "geometry": { "type": "Point", "coordinates": [ -74.114805956999987, 4.490713849999963 ] } },
{ "type": "Feature", "properties": { "CAIDESCRIP": "CAI 20 de Julio", "CAIHORARIO": "24 horas - lunes a domingo", "CAITELEFON": "3115488954", "CAIIULOCAL": "04", "CAICELECTR": "mebog.e4@policia.gov.co", "CAICONTACT": "Policía Nacional", "CAIPWEB": "https://www.policia.gov.co/bogota/directorio", "CAINOMBRE": "20 de Julio", "CAIFECHA_C": "2025-12-31", "CAICOD_PLA": 5, "CAICOD_PRO": "7507", "CAIANIO_GE": 2023, "CAIFECHA_I": "2016-06-01", "CAIFECHA_F": "2025-12-31", "CAIEST_PRO": "Terminado", "CAIINTERV_": "02", "CAIDIR_SIT": "CL 22A SUR KR 7", "CAICOD_SIT": 0, "CAITEQUIPA": "Justicia", "CAIEASOCIA": "No Aplica", "CAIFUNCION": "Coercion", "CAISERVICI": "Unidad policial con recursos humanos y materiales asignados a una jurisdicción, que en forma organizada con la comunidad y a través de la instrucción permanente, busca la solución de problemas de seguridad, con el objetivo de fraternizar y unir la po", "CAIIUUPLOC": "UPL21", "CAIIUCAINM": "E04C09" }, "geometry": { "type": "Point", "coordinates": [ -74.092548, 4.572588 ] } },
{ "type": "Feature", "properties": { "CAIDESCRIP": "CAI Guacamayas", "CAIHORARIO": "24 horas - lunes a domingo", "CAITELEFON": "3128171222", "CAIIULOCAL": "04", "CAICELECTR": "mebog.e4@policia.gov.co", "CAICONTACT": "Policía Nacional", "CAIPWEB": "https://www.policia.gov.co/bogota/directorio", "CAINOMBRE": "Guacamayas", "CAIFECHA_C": "2025-12-31", "CAICOD_PLA": 5, "CAICOD_PRO": "7507", "CAIANIO_GE": 2023, "CAIFECHA_I": "2016-06-01", "CAIFECHA_F": "2025-12-31", "CAIEST_PRO": "Terminado", "CAIINTERV_": "02", "CAIDIR_SIT": "KR 2A CL 37B SUR", "CAICOD_SIT": 0, "CAITEQUIPA": "Justicia", "CAIEASOCIA": "No Aplica", "CAIFUNCION": "Coercion", "CAISERVICI": "Unidad policial con recursos humanos y materiales asignados a una jurisdicción, que en forma organizada con la comunidad y a través de la instrucción permanente, busca la solución de problemas de seguridad, con el objetivo de fraternizar y unir la po", "CAIIUUPLOC": "UPL21", "CAIIUCAINM": "E04C04" }, "geometry": { "type": "Point", "coordinates": [ -74.097337202999938, 4.555436001000032 ] } },
{ "type": "Feature", "properties": { "CAIDESCRIP": "CAI Ramajal", "CAIHORARIO": "24 horas - lunes a domingo", "CAITELEFON": "3015153248", "CAIIULOCAL": "04", "CAICELECTR": "mebog.e4@policia.gov.co", "CAICONTACT": "Policía Nacional", "CAIPWEB": "https://www.policia.gov.co/bogota/directorio", "CAINOMBRE": "Ramajal", "CAIFECHA_C": "2025-12-31", "CAICOD_PLA": 5, "CAICOD_PRO": "7507", "CAIANIO_GE": 2023, "CAIFECHA_I": "2016-06-01", "CAIFECHA_F": "2025-12-31", "CAIEST_PRO": "Terminado", "CAIINTERV_": "02", "CAIDIR_SIT": "CL 30C SUR KR 9A ESTE", "CAICOD_SIT": 0, "CAITEQUIPA": "Justicia", "CAIEASOCIA": "No Aplica", "CAIFUNCION": "Coercion", "CAISERVICI": "Unidad policial con recursos humanos y materiales asignados a una jurisdicción, que en forma organizada con la comunidad y a través de la instrucción permanente, busca la solución de problemas de seguridad, con el objetivo de fraternizar y unir la po", "CAIIUUPLOC": "UPL21", "CAIIUCAINM": "E04C08" }, "geometry": { "type": "Point", "coordinates": [ -74.083141725000019, 4.558065086000056 ] } },
{ "type": "Feature", "properties": { "CAIDESCRIP": "CAI La Victoria", "CAIHORARIO": "24 horas - lunes a domingo", "CAITELEFON": "3202214831", "CAIIULOCAL": "04", "CAICELECTR": "mebog.e4@policia.gov.co", "CAICONTACT": "Policía Nacional", "CAIPWEB": "https://www.policia.gov.co/bogota/directorio", "CAINOMBRE": "La Victoria", "CAIFECHA_C": "2025-12-31", "CAICOD_PLA": 5, "CAICOD_PRO": "7507", "CAIANIO_GE": 2023, "CAIFECHA_I": "2016-06-01", "CAIFECHA_F": "2025-12-31", "CAIEST_PRO": "Terminado", "CAIINTERV_": "02", "CAIDIR_SIT": "CL 46A SUR KR 3F ESTE", "CAICOD_SIT": 0, "CAITEQUIPA": "Justicia", "CAIEASOCIA": "No Aplica", "CAIFUNCION": "Coercion", "CAISERVICI": "Unidad policial con recursos humanos y materiales asignados a una jurisdicción, que en forma organizada con la comunidad y a través de la instrucción permanente, busca la solución de problemas de seguridad, con el objetivo de fraternizar y unir la po", "CAIIUUPLOC": "UPL05", "CAIIUCAINM": "E04C06" }, "geometry": { "type": "Point", "coordinates": [ -74.095584415999951, 4.54421264399997 ] } },
{ "type": "Feature", "properties": { "CAIDESCRIP": "CAI Candelaria", "CAIHORARIO": "24 horas - lunes a domingo", "CAITELEFON": "3008085957", "CAIIULOCAL": "19", "CAICELECTR": "mebog.e19@policia.gov.co", "CAICONTACT": "Policía Nacional", "CAIPWEB": "https://www.policia.gov.co/bogota/directorio", "CAINOMBRE": "Candelaria", "CAIFECHA_C": "2025-12-31", "CAICOD_PLA": 5, "CAICOD_PRO": "7507", "CAIANIO_GE": 2023, "CAIFECHA_I": "2016-06-01", "CAIFECHA_F": "2025-12-31", "CAIEST_PRO": "Terminado", "CAIINTERV_": "02", "CAIDIR_SIT": "AV CIUDAD DE VILLAVICENCIO KR 43C", "CAICOD_SIT": 0, "CAITEQUIPA": "Justicia", "CAIEASOCIA": "No Aplica", "CAIFUNCION": "Coercion", "CAISERVICI": "Unidad policial con recursos humanos y materiales asignados a una jurisdicción, que en forma organizada con la comunidad y a través de la instrucción permanente, busca la solución de problemas de seguridad, con el objetivo de fraternizar y unir la po", "CAIIUUPLOC": "UPL03", "CAIIUCAINM": "E19C03" }, "geometry": { "type": "Point", "coordinates": [ -74.153169542999933, 4.573294340000132 ] } },
{ "type": "Feature", "properties": { "CAIDESCRIP": "CAI Arborizadora Alta", "CAIHORARIO": "24 horas - lunes a domingo", "CAITELEFON": "3177094092", "CAIIULOCAL": "19", "CAICELECTR": "mebog.e19@policia.gov.co", "CAICONTACT": "Policía Nacional", "CAIPWEB": "https://www.policia.gov.co/bogota/directorio", "CAINOMBRE": "Arborizadora Alta", "CAIFECHA_C": "2025-12-31", "CAICOD_PLA": 5, "CAICOD_PRO": "7507", "CAIANIO_GE": 2023, "CAIFECHA_I": "2016-06-01", "CAIFECHA_F": "2025-12-31", "CAIEST_PRO": "Terminado", "CAIINTERV_": "02", "CAIDIR_SIT": "KR 42 CL 73 SUR", "CAICOD_SIT": 0, "CAITEQUIPA": "Justicia", "CAIEASOCIA": "No Aplica", "CAIFUNCION": "Coercion", "CAISERVICI": "Unidad policial con recursos humanos y materiales asignados a una jurisdicción, que en forma organizada con la comunidad y a través de la instrucción permanente, busca la solución de problemas de seguridad, con el objetivo de fraternizar y unir la po", "CAIIUUPLOC": "UPL03", "CAIIUCAINM": "E19C01" }, "geometry": { "type": "Point", "coordinates": [ -74.162976002, 4.5684167 ] } },
{ "type": "Feature", "properties": { "CAIDESCRIP": "CAI Paraíso", "CAIHORARIO": "24 horas - lunes a domingo", "CAITELEFON": "3155446711", "CAIIULOCAL": "19", "CAICELECTR": "mebog.e19@policia.gov.co", "CAICONTACT": "Policía Nacional", "CAIPWEB": "https://www.policia.gov.co/bogota/directorio", "CAINOMBRE": "Paraíso", "CAIFECHA_C": "2025-12-31", "CAICOD_PLA": 5, "CAICOD_PRO": "7507", "CAIANIO_GE": 2023, "CAIFECHA_I": "2016-06-01", "CAIFECHA_F": "2025-12-31", "CAIEST_PRO": "Terminado", "CAIINTERV_": "02", "CAIDIR_SIT": "CL 71P SUR 27L 15", "CAICOD_SIT": 0, "CAITEQUIPA": "Justicia", "CAIEASOCIA": "No Aplica", "CAIFUNCION": "Coercion", "CAISERVICI": "Unidad policial con recursos humanos y materiales asignados a una jurisdicción, que en forma organizada con la comunidad y a través de la instrucción permanente, busca la solución de problemas de seguridad, con el objetivo de fraternizar y unir la po", "CAIIUUPLOC": "UPL04", "CAIIUCAINM": "E19C06" }, "geometry": { "type": "Point", "coordinates": [ -74.163288320999982, 4.549305982999954 ] } },
{ "type": "Feature", "properties": { "CAIDESCRIP": "CAI Compartir", "CAIHORARIO": "24 horas - lunes a domingo", "CAITELEFON": "3505922233", "CAIIULOCAL": "19", "CAICELECTR": "mebog.e19@policia.gov.co", "CAICONTACT": "Policía Nacional", "CAIPWEB": "https://www.policia.gov.co/bogota/directorio", "CAINOMBRE": "Compartir", "CAIFECHA_C": "2025-12-31", "CAICOD_PLA": 5, "CAICOD_PRO": "7507", "CAIANIO_GE": 2023, "CAIFECHA_I": "2016-06-01", "CAIFECHA_F": "2025-12-31", "CAIEST_PRO": "Terminado", "CAIINTERV_": "02", "CAIDIR_SIT": "CL 66 BIS SUR 18T 14", "CAICOD_SIT": 0, "CAITEQUIPA": "Justicia", "CAIEASOCIA": "No Aplica", "CAIFUNCION": "Coercion", "CAISERVICI": "Unidad policial con recursos humanos y materiales asignados a una jurisdicción, que en forma organizada con la comunidad y a través de la instrucción permanente, busca la solución de problemas de seguridad, con el objetivo de fraternizar y unir la po", "CAIIUUPLOC": "UPL04", "CAIIUCAINM": "E19C02" }, "geometry": { "type": "Point", "coordinates": [ -74.146445997, 4.557227757000135 ] } },
{ "type": "Feature", "properties": { "CAIDESCRIP": "CAI Lucero", "CAIHORARIO": "24 horas - lunes a domingo", "CAITELEFON": "3106139297", "CAIIULOCAL": "19", "CAICELECTR": "mebog.e19@policia.gov.co", "CAICONTACT": "Policía Nacional", "CAIPWEB": "https://www.policia.gov.co/bogota/directorio", "CAINOMBRE": "Lucero", "CAIFECHA_C": "2025-12-31", "CAICOD_PLA": 5, "CAICOD_PRO": "7507", "CAIANIO_GE": 2023, "CAIFECHA_I": "2016-06-01", "CAIFECHA_F": "2025-12-31", "CAIEST_PRO": "Terminado", "CAIINTERV_": "02", "CAIDIR_SIT": "DG 64A BIS SUR 17G 68", "CAICOD_SIT": 0, "CAITEQUIPA": "Justicia", "CAIEASOCIA": "No Aplica", "CAIFUNCION": "Coercion", "CAISERVICI": "Unidad policial con recursos humanos y materiales asignados a una jurisdicción, que en forma organizada con la comunidad y a través de la instrucción permanente, busca la solución de problemas de seguridad, con el objetivo de fraternizar y unir la po", "CAIIUUPLOC": "UPL04", "CAIIUCAINM": "E19C05" }, "geometry": { "type": "Point", "coordinates": [ -74.140846587999988, 4.553889900000115 ] } },
{ "type": "Feature", "properties": { "CAIDESCRIP": "CAI Vista Hermosa", "CAIHORARIO": "24 horas - lunes a domingo", "CAITELEFON": "3208315146", "CAIIULOCAL": "19", "CAICELECTR": "mebog.e19@policia.gov.co", "CAICONTACT": "Policía Nacional", "CAIPWEB": "https://www.policia.gov.co/bogota/directorio", "CAINOMBRE": "Vista Hermosa", "CAIFECHA_C": "2025-12-31", "CAICOD_PLA": 5, "CAICOD_PRO": "7507", "CAIANIO_GE": 2023, "CAIFECHA_I": "2016-06-01", "CAIFECHA_F": "2025-12-31", "CAIEST_PRO": "Terminado", "CAIINTERV_": "02", "CAIDIR_SIT": "DG 71B SUR 18I 60", "CAICOD_SIT": 0, "CAITEQUIPA": "Justicia", "CAIEASOCIA": "No Aplica", "CAIFUNCION": "Coercion", "CAISERVICI": "Unidad policial con recursos humanos y materiales asignados a una jurisdicción, que en forma organizada con la comunidad y a través de la instrucción permanente, busca la solución de problemas de seguridad, con el objetivo de fraternizar y unir la po", "CAIIUUPLOC": "UPL04", "CAIIUCAINM": "E19C10" }, "geometry": { "type": "Point", "coordinates": [ -74.149314620999917, 4.546978524000053 ] } },
{ "type": "Feature", "properties": { "CAIDESCRIP": "CAI La Joya", "CAIHORARIO": "24 horas - lunes a domingo", "CAITELEFON": "3174301725", "CAIIULOCAL": "19", "CAICELECTR": "mebog.e19@policia.gov.co", "CAICONTACT": "Policía Nacional", "CAIPWEB": "https://www.policia.gov.co/bogota/directorio", "CAINOMBRE": "La Joya", "CAIFECHA_C": "2025-12-31", "CAICOD_PLA": 5, "CAICOD_PRO": "7507", "CAIANIO_GE": 2023, "CAIFECHA_I": "2016-06-01", "CAIFECHA_F": "2025-12-31", "CAIEST_PRO": "Terminado", "CAIINTERV_": "02", "CAIDIR_SIT": "CL 80A SUR TV 18B BIS B", "CAICOD_SIT": 0, "CAITEQUIPA": "Justicia", "CAIEASOCIA": "No Aplica", "CAIFUNCION": "Coercion", "CAISERVICI": "Unidad policial con recursos humanos y materiales asignados a una jurisdicción, que en forma organizada con la comunidad y a través de la instrucción permanente, busca la solución de problemas de seguridad, con el objetivo de fraternizar y unir la po", "CAIIUUPLOC": "UPL04", "CAIIUCAINM": "E19C04" }, "geometry": { "type": "Point", "coordinates": [ -74.144378567999979, 4.537309400000083 ] } },
{ "type": "Feature", "properties": { "CAIDESCRIP": "CAI Danubio Azul", "CAIHORARIO": "24 horas - lunes a domingo", "CAITELEFON": "3118848016", "CAIIULOCAL": "05", "CAICELECTR": "mebog.e5@policia.gov.co", "CAICONTACT": "Policía Nacional", "CAIPWEB": "https://www.policia.gov.co/bogota/directorio", "CAINOMBRE": "Danubio Azul", "CAIFECHA_C": "2025-12-31", "CAICOD_PLA": 5, "CAICOD_PRO": "7507", "CAIANIO_GE": 2023, "CAIFECHA_I": "2016-06-01", "CAIFECHA_F": "2025-12-31", "CAIEST_PRO": "Terminado", "CAIINTERV_": "02", "CAIDIR_SIT": "DG 59 SUR KR 2C BIS", "CAICOD_SIT": 0, "CAITEQUIPA": "Justicia", "CAIEASOCIA": "No Aplica", "CAIFUNCION": "Coercion", "CAISERVICI": "Unidad policial con recursos humanos y materiales asignados a una jurisdicción, que en forma organizada con la comunidad y a través de la instrucción permanente, busca la solución de problemas de seguridad, con el objetivo de fraternizar y unir la po", "CAIIUUPLOC": "UPL20", "CAIIUCAINM": "E05C02" }, "geometry": { "type": "Point", "coordinates": [ -74.113377899999875, 4.537335 ] } },
{ "type": "Feature", "properties": { "CAIDESCRIP": "CAI Santa Marta", "CAIHORARIO": "24 horas - lunes a domingo", "CAITELEFON": "3213444669", "CAIIULOCAL": "05", "CAICELECTR": "mebog.e5@policia.gov.co", "CAICONTACT": "Policía Nacional", "CAIPWEB": "https://www.policia.gov.co/bogota/directorio", "CAINOMBRE": "Santa Marta", "CAIFECHA_C": "2025-12-31", "CAICOD_PLA": 5, "CAICOD_PRO": "7507", "CAIANIO_GE": 2023, "CAIFECHA_I": "2016-06-01", "CAIFECHA_F": "2025-12-31", "CAIEST_PRO": "Terminado", "CAIINTERV_": "02", "CAIDIR_SIT": "KR 11 CL 67A BIS SUR", "CAICOD_SIT": 0, "CAITEQUIPA": "Justicia", "CAIEASOCIA": "No Aplica", "CAIFUNCION": "Coercion", "CAISERVICI": "Unidad policial con recursos humanos y materiales asignados a una jurisdicción, que en forma organizada con la comunidad y a través de la instrucción permanente, busca la solución de problemas de seguridad, con el objetivo de fraternizar y unir la po", "CAIIUUPLOC": "UPL20", "CAIIUCAINM": "E05C06" }, "geometry": { "type": "Point", "coordinates": [ -74.117456429000015, 4.530656852 ] } },
{ "type": "Feature", "properties": { "CAIDESCRIP": "CAI La Aurora", "CAIHORARIO": "24 horas - lunes a domingo", "CAITELEFON": "3152061538", "CAIIULOCAL": "05", "CAICELECTR": "mebog.e5@policia.gov.co", "CAICONTACT": "Policía Nacional", "CAIPWEB": "https://www.policia.gov.co/bogota/directorio", "CAINOMBRE": "La Aurora", "CAIFECHA_C": "2025-12-31", "CAICOD_PLA": 5, "CAICOD_PRO": "7507", "CAIANIO_GE": 2023, "CAIFECHA_I": "2016-06-01", "CAIFECHA_F": "2025-12-31", "CAIEST_PRO": "Terminado", "CAIINTERV_": "02", "CAIDIR_SIT": "CL 71F SUR AV BOYACA", "CAICOD_SIT": 0, "CAITEQUIPA": "Justicia", "CAIEASOCIA": "No Aplica", "CAIFUNCION": "Coercion", "CAISERVICI": "Unidad policial con recursos humanos y materiales asignados a una jurisdicción, que en forma organizada con la comunidad y a través de la instrucción permanente, busca la solución de problemas de seguridad, con el objetivo de fraternizar y unir la po", "CAIIUUPLOC": "UPL20", "CAIIUCAINM": "E05C03" }, "geometry": { "type": "Point", "coordinates": [ -74.121633449, 4.519826700999943 ] } },
{ "type": "Feature", "properties": { "CAIDESCRIP": "CAI Santa Librada", "CAIHORARIO": "24 horas - lunes a domingo", "CAITELEFON": "3222370712", "CAIIULOCAL": "05", "CAICELECTR": "mebog.e5@policia.gov.co", "CAICONTACT": "Policía Nacional", "CAIPWEB": "https://www.policia.gov.co/bogota/directorio", "CAINOMBRE": "Santa Librada", "CAIFECHA_C": "2025-12-31", "CAICOD_PLA": 2524, "CAICOD_PRO": "7507", "CAIANIO_GE": 2023, "CAIFECHA_I": "2016-06-01", "CAIFECHA_F": "2025-12-31", "CAIEST_PRO": "Terminado", "CAIINTERV_": "02", "CAIDIR_SIT": "KR 8 80 10 SUR", "CAICOD_SIT": 0, "CAITEQUIPA": "Justicia", "CAIEASOCIA": "No Aplica", "CAIFUNCION": "Coercion", "CAISERVICI": "Unidad policial con recursos humanos y materiales asignados a una jurisdicción, que en forma organizada con la comunidad y a través de la instrucción permanente, busca la solución de problemas de seguridad, con el objetivo de fraternizar y unir la po", "CAIIUUPLOC": "UPL20", "CAIIUCAINM": "E05C05" }, "geometry": { "type": "Point", "coordinates": [ -74.109398806, 4.509750205000046 ] } },
{ "type": "Feature", "properties": { "CAIDESCRIP": "CAI Yomasa", "CAIHORARIO": "24 horas - lunes a domingo", "CAITELEFON": "3206829947", "CAIIULOCAL": "05", "CAICELECTR": "mebog.e5@policia.gov.co", "CAICONTACT": "Policía Nacional", "CAIPWEB": "https://www.policia.gov.co/bogota/directorio", "CAINOMBRE": "Yomasa", "CAIFECHA_C": "2025-12-31", "CAICOD_PLA": 5, "CAICOD_PRO": "7507", "CAIANIO_GE": 2023, "CAIFECHA_I": "2016-06-01", "CAIFECHA_F": "2025-12-31", "CAIEST_PRO": "Terminado", "CAIINTERV_": "02", "CAIDIR_SIT": "CL 91 SUR 5 33", "CAICOD_SIT": 0, "CAITEQUIPA": "Justicia", "CAIEASOCIA": "No Aplica", "CAIFUNCION": "Coercion", "CAISERVICI": "Unidad policial con recursos humanos y materiales asignados a una jurisdicción, que en forma organizada con la comunidad y a través de la instrucción permanente, busca la solución de problemas de seguridad, con el objetivo de fraternizar y unir la po", "CAIIUUPLOC": "UPL05", "CAIIUCAINM": "E05C07" }, "geometry": { "type": "Point", "coordinates": [ -74.109903352, 4.501633542000036 ] } },
{ "type": "Feature", "properties": { "CAIDESCRIP": "CAI Usme", "CAIHORARIO": "24 horas - lunes a domingo", "CAITELEFON": "3013869851", "CAIIULOCAL": "05", "CAICELECTR": "mebog.e5@policia.gov.co", "CAICONTACT": "Policía Nacional", "CAIPWEB": "https://www.policia.gov.co/bogota/directorio", "CAINOMBRE": "Usme", "CAIFECHA_C": "2025-12-31", "CAICOD_PLA": 5, "CAICOD_PRO": "7507", "CAIANIO_GE": 2023, "CAIFECHA_I": "2016-06-01", "CAIFECHA_F": "2025-12-31", "CAIEST_PRO": "Terminado", "CAIINTERV_": "02", "CAIDIR_SIT": "KR 14A CL 137B SUR", "CAICOD_SIT": 0, "CAITEQUIPA": "Justicia", "CAIEASOCIA": "No Aplica", "CAIFUNCION": "Coercion", "CAISERVICI": "Unidad policial con recursos humanos y materiales asignados a una jurisdicción, que en forma organizada con la comunidad y a través de la instrucción permanente, busca la solución de problemas de seguridad, con el objetivo de fraternizar y unir la po", "CAIIUUPLOC": "UPL05", "CAIIUCAINM": "E05C08" }, "geometry": { "type": "Point", "coordinates": [ -74.12544817700001, 4.471904423000069 ] } },
{ "type": "Feature", "properties": { "CAIDESCRIP": "CAI Centenario", "CAIHORARIO": "24 horas - lunes a domingo", "CAITELEFON": "3223121321", "CAIIULOCAL": "18", "CAICELECTR": "mebog.e18@policia.gov.co", "CAICONTACT": "Policía Nacional", "CAIPWEB": "https://www.policia.gov.co/bogota/directorio", "CAINOMBRE": "Centenario", "CAIFECHA_C": "2025-12-31", "CAICOD_PLA": 5, "CAICOD_PRO": "7507", "CAIANIO_GE": 2023, "CAIFECHA_I": "2016-06-01", "CAIFECHA_F": "2025-12-31", "CAIEST_PRO": "Terminado", "CAIINTERV_": "02", "CAIDIR_SIT": "KR 24 CL 24 SUR", "CAICOD_SIT": 0, "CAITEQUIPA": "Justicia", "CAIEASOCIA": "No Aplica", "CAIFUNCION": "Coercion", "CAISERVICI": "Unidad policial con recursos humanos y materiales asignados a una jurisdicción, que en forma organizada con la comunidad y a través de la instrucción permanente, busca la solución de problemas de seguridad, con el objetivo de fraternizar y unir la po", "CAIIUUPLOC": "UPL22", "CAIIUCAINM": "E18C02" }, "geometry": { "type": "Point", "coordinates": [ -74.107215408, 4.584527438 ] } },
{ "type": "Feature", "properties": { "CAIDESCRIP": "CAI Girardot", "CAIHORARIO": "24 horas - lunes a domingo", "CAITELEFON": "3116208734", "CAIIULOCAL": "03", "CAICELECTR": "mebog.e3@policia.gov.co", "CAICONTACT": "Policía Nacional", "CAIPWEB": "https://www.policia.gov.co/bogota/directorio", "CAINOMBRE": "Girardot", "CAIFECHA_C": "2025-12-31", "CAICOD_PLA": 5, "CAICOD_PRO": "7507", "CAIANIO_GE": 2023, "CAIFECHA_I": "2016-06-01", "CAIFECHA_F": "2025-12-31", "CAIEST_PRO": "Terminado", "CAIINTERV_": "02", "CAIDIR_SIT": "CL 2A 1A 20", "CAICOD_SIT": 0, "CAITEQUIPA": "Justicia", "CAIEASOCIA": "No Aplica", "CAIFUNCION": "Coercion", "CAISERVICI": "Unidad policial con recursos humanos y materiales asignados a una jurisdicción, que en forma organizada con la comunidad y a través de la instrucción permanente, busca la solución de problemas de seguridad, con el objetivo de fraternizar y unir la po", "CAIIUUPLOC": "UPL23", "CAIIUCAINM": "E03C03" }, "geometry": { "type": "Point", "coordinates": [ -74.075364342, 4.587190617000033 ] } },
{ "type": "Feature", "properties": { "CAIDESCRIP": "CAI Guavio", "CAIHORARIO": "24 horas - lunes a domingo", "CAITELEFON": "3113684086", "CAIIULOCAL": "03", "CAICELECTR": "mebog.e3@policia.gov.co", "CAICONTACT": "Policía Nacional", "CAIPWEB": "https://www.policia.gov.co/bogota/directorio", "CAINOMBRE": "Guavio", "CAIFECHA_C": "2025-12-31", "CAICOD_PLA": 5, "CAICOD_PRO": "7507", "CAIANIO_GE": 2023, "CAIFECHA_I": "2016-06-01", "CAIFECHA_F": "2025-12-31", "CAIEST_PRO": "Terminado", "CAIINTERV_": "02", "CAIDIR_SIT": "CL 6 3 67 ESTE", "CAICOD_SIT": 0, "CAITEQUIPA": "Justicia", "CAIEASOCIA": "No Aplica", "CAIFUNCION": "Coercion", "CAISERVICI": "Unidad policial con recursos humanos y materiales asignados a una jurisdicción, que en forma organizada con la comunidad y a través de la instrucción permanente, busca la solución de problemas de seguridad, con el objetivo de fraternizar y unir la po", "CAIIUUPLOC": "UPL23", "CAIIUCAINM": "E03C04" }, "geometry": { "type": "Point", "coordinates": [ -74.071585343999971, 4.589233127000057 ] } },
{ "type": "Feature", "properties": { "CAIDESCRIP": "CAI Dorado", "CAIHORARIO": "24 horas - lunes a domingo", "CAITELEFON": "3014410910", "CAIIULOCAL": "03", "CAICELECTR": "mebog.e3@policia.gov.co", "CAICONTACT": "Policía Nacional", "CAIPWEB": "https://www.policia.gov.co/bogota/directorio", "CAINOMBRE": "Dorado", "CAIFECHA_C": "2025-12-31", "CAICOD_PLA": 5, "CAICOD_PRO": "7507", "CAIANIO_GE": 2023, "CAIFECHA_I": "2016-06-01", "CAIFECHA_F": "2025-12-31", "CAIEST_PRO": "Terminado", "CAIINTERV_": "02", "CAIDIR_SIT": "CL 1A BIS KR 8 ESTE", "CAICOD_SIT": 0, "CAITEQUIPA": "Justicia", "CAIEASOCIA": "No Aplica", "CAIFUNCION": "Coercion", "CAISERVICI": "Unidad policial con recursos humanos y materiales asignados a una jurisdicción, que en forma organizada con la comunidad y a través de la instrucción permanente, busca la solución de problemas de seguridad, con el objetivo de fraternizar y unir la po", "CAIIUUPLOC": "UPL23", "CAIIUCAINM": "E03C02" }, "geometry": { "type": "Point", "coordinates": [ -74.072303437999949, 4.580576087 ] } },
{ "type": "Feature", "properties": { "CAIDESCRIP": "CAI Bolivia", "CAIHORARIO": "24 horas - lunes a domingo", "CAITELEFON": "3103854262", "CAIIULOCAL": "17", "CAICELECTR": "mebog.e17@policia.gov.co", "CAICONTACT": "Policía Nacional", "CAIPWEB": "https://www.policia.gov.co/bogota/directorio", "CAINOMBRE": "Bolivia", "CAIFECHA_C": "2025-12-31", "CAICOD_PLA": 5, "CAICOD_PRO": "7507", "CAIANIO_GE": 2023, "CAIFECHA_I": "2016-06-01", "CAIFECHA_F": "2025-12-31", "CAIEST_PRO": "Terminado", "CAIINTERV_": "02", "CAIDIR_SIT": "AK 10 CL 7", "CAICOD_SIT": 0, "CAITEQUIPA": "Justicia", "CAIEASOCIA": "No Aplica", "CAIFUNCION": "Coercion", "CAISERVICI": "Unidad policial con recursos humanos y materiales asignados a una jurisdicción, que en forma organizada con la comunidad y a través de la instrucción permanente, busca la solución de problemas de seguridad, con el objetivo de fraternizar y unir la po", "CAIIUUPLOC": "UPL23", "CAIIUCAINM": "E17C01" }, "geometry": { "type": "Point", "coordinates": [ -74.080307552000022, 4.595652054000141 ] } },
{ "type": "Feature", "properties": { "CAIDESCRIP": "CAI San José de Bavaria", "CAIHORARIO": "24 horas - lunes a domingo", "CAITELEFON": "3123510972", "CAIIULOCAL": "11", "CAICELECTR": "mebog.e11@policia.gov.co", "CAICONTACT": "Policía Nacional", "CAIPWEB": "https://www.policia.gov.co/bogota/directorio", "CAINOMBRE": "San José de Bavaria", "CAIFECHA_C": "2025-12-31", "CAICOD_PLA": 5, "CAICOD_PRO": "7507", "CAIANIO_GE": 2023, "CAIFECHA_I": "2016-06-01", "CAIFECHA_F": "2025-12-31", "CAIEST_PRO": "Terminado", "CAIINTERV_": "02", "CAIDIR_SIT": "CL 169B AV BOYACÁ", "CAICOD_SIT": 0, "CAITEQUIPA": "Justicia", "CAIEASOCIA": "No Aplica", "CAIFUNCION": "Coercion", "CAISERVICI": "Unidad policial con recursos humanos y materiales asignados a una jurisdicción, que en forma organizada con la comunidad y a través de la instrucción permanente, busca la solución de problemas de seguridad, con el objetivo de fraternizar y unir la po", "CAIIUUPLOC": "UPL08", "CAIIUCAINM": "E11C11" }, "geometry": { "type": "Point", "coordinates": [ -74.065137940999932, 4.755533948000107 ] } },
{ "type": "Feature", "properties": { "CAIDESCRIP": "CAI Villa del Prado", "CAIHORARIO": "24 horas - lunes a domingo", "CAITELEFON": "3214665109", "CAIIULOCAL": "11", "CAICELECTR": "mebog.e11@policia.gov.co", "CAICONTACT": "Policía Nacional", "CAIPWEB": "https://www.policia.gov.co/bogota/directorio", "CAINOMBRE": "Villa del Prado", "CAIFECHA_C": "2025-12-31", "CAICOD_PLA": 5, "CAICOD_PRO": "7507", "CAIANIO_GE": 2023, "CAIFECHA_I": "2016-06-01", "CAIFECHA_F": "2025-12-31", "CAIEST_PRO": "Terminado", "CAIINTERV_": "02", "CAIDIR_SIT": "AUTOPISTA NORTE CL 172", "CAICOD_SIT": 0, "CAITEQUIPA": "Justicia", "CAIEASOCIA": "No Aplica", "CAIFUNCION": "Coercion", "CAISERVICI": "Unidad policial con recursos humanos y materiales asignados a una jurisdicción, que en forma organizada con la comunidad y a través de la instrucción permanente, busca la solución de problemas de seguridad, con el objetivo de fraternizar y unir la po", "CAIIUUPLOC": "UPL08", "CAIIUCAINM": "E11C13" }, "geometry": { "type": "Point", "coordinates": [ -74.046973541999989, 4.753319260000012 ] } },
{ "type": "Feature", "properties": { "CAIDESCRIP": "CAI Mazurén", "CAIHORARIO": "24 horas - lunes a domingo", "CAITELEFON": "3102766633", "CAIIULOCAL": "11", "CAICELECTR": "mebog.e11@policia.gov.co", "CAICONTACT": "Policía Nacional", "CAIPWEB": "https://www.policia.gov.co/bogota/directorio", "CAINOMBRE": "Mazurén", "CAIFECHA_C": "2025-12-31", "CAICOD_PLA": 5, "CAICOD_PRO": "7507", "CAIANIO_GE": 2023, "CAIFECHA_I": "2016-06-01", "CAIFECHA_F": "2025-12-31", "CAIEST_PRO": "Terminado", "CAIINTERV_": "02", "CAIDIR_SIT": "KR 54 163 11", "CAICOD_SIT": 0, "CAITEQUIPA": "Justicia", "CAIEASOCIA": "No Aplica", "CAIFUNCION": "Coercion", "CAISERVICI": "Unidad policial con recursos humanos y materiales asignados a una jurisdicción, que en forma organizada con la comunidad y a través de la instrucción permanente, busca la solución de problemas de seguridad, con el objetivo de fraternizar y unir la po", "CAIIUUPLOC": "UPL08", "CAIIUCAINM": "E11C09" }, "geometry": { "type": "Point", "coordinates": [ -74.054092785000023, 4.746351399 ] } },
{ "type": "Feature", "properties": { "CAIDESCRIP": "CAI El Pinar", "CAIHORARIO": "24 horas - lunes a domingo", "CAITELEFON": "3102349011", "CAIIULOCAL": "11", "CAICELECTR": "mebog.e11@policia.gov.co", "CAICONTACT": "Policía Nacional", "CAIPWEB": "https://www.policia.gov.co/bogota/directorio", "CAINOMBRE": "El Pinar", "CAIFECHA_C": "2025-12-31", "CAICOD_PLA": 5, "CAICOD_PRO": "7507", "CAIANIO_GE": 2023, "CAIFECHA_I": "2016-06-01", "CAIFECHA_F": "2025-12-31", "CAIEST_PRO": "Terminado", "CAIINTERV_": "02", "CAIDIR_SIT": "AC 153 KR 92", "CAICOD_SIT": 0, "CAITEQUIPA": "Justicia", "CAIEASOCIA": "No Aplica", "CAIFUNCION": "Coercion", "CAISERVICI": "Unidad policial con recursos humanos y materiales asignados a una jurisdicción, que en forma organizada con la comunidad y a través de la instrucción permanente, busca la solución de problemas de seguridad, con el objetivo de fraternizar y unir la po", "CAIIUUPLOC": "UPL09", "CAIIUCAINM": "E11C04" }, "geometry": { "type": "Point", "coordinates": [ -74.083078609999973, 4.749720626 ] } },
{ "type": "Feature", "properties": { "CAIDESCRIP": "CAI Fontanar del Río", "CAIHORARIO": "24 horas - lunes a domingo", "CAITELEFON": "3053164863", "CAIIULOCAL": "11", "CAICELECTR": "mebog.e11@policia.gov.co", "CAICONTACT": "Policía Nacional", "CAIPWEB": "https://www.policia.gov.co/bogota/directorio", "CAINOMBRE": "Fontanar del Río", "CAIFECHA_C": "2025-12-31", "CAICOD_PLA": 5, "CAICOD_PRO": "7507", "CAIANIO_GE": 2023, "CAIFECHA_I": "2016-06-01", "CAIFECHA_F": "2025-12-31", "CAIEST_PRO": "Terminado", "CAIINTERV_": "02", "CAIDIR_SIT": "KR 136A AC 145", "CAICOD_SIT": 0, "CAITEQUIPA": "Justicia", "CAIEASOCIA": "No Aplica", "CAIFUNCION": "Coercion", "CAISERVICI": "Unidad policial con recursos humanos y materiales asignados a una jurisdicción, que en forma organizada con la comunidad y a través de la instrucción permanente, busca la solución de problemas de seguridad, con el objetivo de fraternizar y unir la po", "CAIIUUPLOC": "UPL10", "CAIIUCAINM": "E11C05" }, "geometry": { "type": "Point", "coordinates": [ -74.110250509000025, 4.753877061999958 ] } },
{ "type": "Feature", "properties": { "CAIDESCRIP": "CAI Alhambra", "CAIHORARIO": "24 horas - lunes a domingo", "CAITELEFON": "3012088717", "CAIIULOCAL": "11", "CAICELECTR": "mebog.e11@policia.gov.co", "CAICONTACT": "Policía Nacional", "CAIPWEB": "https://www.policia.gov.co/bogota/directorio", "CAINOMBRE": "Alhambra", "CAIFECHA_C": "2025-12-31", "CAICOD_PLA": 5, "CAICOD_PRO": "7507", "CAIANIO_GE": 2023, "CAIFECHA_I": "2016-06-01", "CAIFECHA_F": "2025-12-31", "CAIEST_PRO": "Terminado", "CAIINTERV_": "02", "CAIDIR_SIT": "AC 116 KR 54B", "CAICOD_SIT": 0, "CAITEQUIPA": "Justicia", "CAIEASOCIA": "No Aplica", "CAIFUNCION": "Coercion", "CAISERVICI": "Unidad policial con recursos humanos y materiales asignados a una jurisdicción, que en forma organizada con la comunidad y a través de la instrucción permanente, busca la solución de problemas de seguridad, con el objetivo de fraternizar y unir la po", "CAIIUUPLOC": "UPL27", "CAIIUCAINM": "E11C07" }, "geometry": { "type": "Point", "coordinates": [ -74.065331, 4.701034 ] } },
{ "type": "Feature", "properties": { "CAIDESCRIP": "CAI Andes", "CAIHORARIO": "24 horas - lunes a domingo", "CAITELEFON": "3507652000", "CAIIULOCAL": "11", "CAICELECTR": "mebog.e11@policia.gov.co", "CAICONTACT": "Policía Nacional", "CAIPWEB": "https://www.policia.gov.co/bogota/directorio", "CAINOMBRE": "Andes", "CAIFECHA_C": "2025-12-31", "CAICOD_PLA": 5, "CAICOD_PRO": "7507", "CAIANIO_GE": 2023, "CAIFECHA_I": "2016-06-01", "CAIFECHA_F": "2025-12-31", "CAIEST_PRO": "Terminado", "CAIINTERV_": "02", "CAIDIR_SIT": "AV SUBA 104 10", "CAICOD_SIT": 0, "CAITEQUIPA": "Justicia", "CAIEASOCIA": "No Aplica", "CAIFUNCION": "Coercion", "CAISERVICI": "Unidad policial con recursos humanos y materiales asignados a una jurisdicción, que en forma organizada con la comunidad y a través de la instrucción permanente, busca la solución de problemas de seguridad, con el objetivo de fraternizar y unir la po", "CAIIUUPLOC": "UPL27", "CAIIUCAINM": "E11C01" }, "geometry": { "type": "Point", "coordinates": [ -74.066182, 4.692092 ] } },
{ "type": "Feature", "properties": { "CAIDESCRIP": "CAI Rincón", "CAIHORARIO": "24 horas - lunes a domingo", "CAITELEFON": "3144552494", "CAIIULOCAL": "11", "CAICELECTR": "mebog.e11@policia.gov.co", "CAICONTACT": "Policía Nacional", "CAIPWEB": "https://www.policia.gov.co/bogota/directorio", "CAINOMBRE": "Rincón", "CAIFECHA_C": "2025-12-31", "CAICOD_PLA": 5, "CAICOD_PRO": "7507", "CAIANIO_GE": 2023, "CAIFECHA_I": "2016-06-01", "CAIFECHA_F": "2025-12-31", "CAIEST_PRO": "Terminado", "CAIINTERV_": "02", "CAIDIR_SIT": "KR 93 CL 128C", "CAICOD_SIT": 0, "CAITEQUIPA": "Justicia", "CAIEASOCIA": "No Aplica", "CAIFUNCION": "Coercion", "CAISERVICI": "Unidad policial con recursos humanos y materiales asignados a una jurisdicción, que en forma organizada con la comunidad y a través de la instrucción permanente, busca la solución de problemas de seguridad, con el objetivo de fraternizar y unir la po", "CAIIUUPLOC": "UPL28", "CAIIUCAINM": "E11C10" }, "geometry": { "type": "Point", "coordinates": [ -74.091628144000026, 4.723543841000094 ] } },
{ "type": "Feature", "properties": { "CAIDESCRIP": "CAI Gaitana", "CAIHORARIO": "24 horas - lunes a domingo", "CAITELEFON": "3103206664", "CAIIULOCAL": "11", "CAICELECTR": "mebog.e11@policia.gov.co", "CAICONTACT": "Policía Nacional", "CAIPWEB": "https://www.policia.gov.co/bogota/directorio", "CAINOMBRE": "Gaitana", "CAIFECHA_C": "2025-12-31", "CAICOD_PLA": 5, "CAICOD_PRO": "7507", "CAIANIO_GE": 2023, "CAIFECHA_I": "2016-06-01", "CAIFECHA_F": "2025-12-31", "CAIEST_PRO": "Terminado", "CAIINTERV_": "02", "CAIDIR_SIT": "CL 139 126C 02", "CAICOD_SIT": 0, "CAITEQUIPA": "Justicia", "CAIEASOCIA": "No Aplica", "CAIFUNCION": "Coercion", "CAISERVICI": "Unidad policial con recursos humanos y materiales asignados a una jurisdicción, que en forma organizada con la comunidad y a través de la instrucción permanente, busca la solución de problemas de seguridad, con el objetivo de fraternizar y unir la po", "CAIIUUPLOC": "UPL10", "CAIIUCAINM": "E11C06" }, "geometry": { "type": "Point", "coordinates": [ -74.107965528999955, 4.745384948000094 ] } },
{ "type": "Feature", "properties": { "CAIDESCRIP": "CAI Colina Campestre", "CAIHORARIO": "24 horas - lunes a domingo", "CAITELEFON": "3142953375", "CAIIULOCAL": "11", "CAICELECTR": "mebog.e11@policia.gov.co", "CAICONTACT": "Policía Nacional", "CAIPWEB": "https://www.policia.gov.co/bogota/directorio", "CAINOMBRE": "Colina Campestre", "CAIFECHA_C": "2025-12-31", "CAICOD_PLA": 5, "CAICOD_PRO": "7507", "CAIANIO_GE": 2023, "CAIFECHA_I": "2016-06-01", "CAIFECHA_F": "2025-12-31", "CAIEST_PRO": "Terminado", "CAIINTERV_": "02", "CAIDIR_SIT": "CL 131 58 02", "CAICOD_SIT": 0, "CAITEQUIPA": "Justicia", "CAIEASOCIA": "No Aplica", "CAIFUNCION": "Coercion", "CAISERVICI": "Unidad policial con recursos humanos y materiales asignados a una jurisdicción, que en forma organizada con la comunidad y a través de la instrucción permanente, busca la solución de problemas de seguridad, con el objetivo de fraternizar y unir la po", "CAIIUUPLOC": "UPL27", "CAIIUCAINM": "E11C03" }, "geometry": { "type": "Point", "coordinates": [ -74.067679425, 4.721322217000136 ] } },
{ "type": "Feature", "properties": { "CAIDESCRIP": "CAI Ciudadela Colsubsidio", "CAIHORARIO": "24 horas - lunes a domingo", "CAITELEFON": "3102570046", "CAIIULOCAL": "10", "CAICELECTR": "mebog.e10@policia.gov.co", "CAICONTACT": "Policía Nacional", "CAIPWEB": "https://www.policia.gov.co/bogota/directorio", "CAINOMBRE": "Ciudadela Colsubsidio", "CAIFECHA_C": "2025-12-31", "CAICOD_PLA": 5, "CAICOD_PRO": "7507", "CAIANIO_GE": 2023, "CAIFECHA_I": "2016-06-01", "CAIFECHA_F": "2025-12-31", "CAIEST_PRO": "Terminado", "CAIINTERV_": "02", "CAIDIR_SIT": "KR 111C CL 86A", "CAICOD_SIT": 0, "CAITEQUIPA": "Justicia", "CAIEASOCIA": "No Aplica", "CAIFUNCION": "Coercion", "CAISERVICI": "Unidad policial con recursos humanos y materiales asignados a una jurisdicción, que en forma organizada con la comunidad y a través de la instrucción permanente, busca la solución de problemas de seguridad, con el objetivo de fraternizar y unir la po", "CAIIUUPLOC": "UPL11", "CAIIUCAINM": "E10C03" }, "geometry": { "type": "Point", "coordinates": [ -74.112530681999942, 4.72426109100013 ] } },
{ "type": "Feature", "properties": { "CAIDESCRIP": "CAI Bachué", "CAIHORARIO": "24 horas - lunes a domingo", "CAITELEFON": "3058177306", "CAIIULOCAL": "10", "CAICELECTR": "mebog.e10@policia.gov.co", "CAICONTACT": "Policía Nacional", "CAIPWEB": "https://www.policia.gov.co/bogota/directorio", "CAINOMBRE": "Bachué", "CAIFECHA_C": "2025-12-31", "CAICOD_PLA": 5, "CAICOD_PRO": "7507", "CAIANIO_GE": 2023, "CAIFECHA_I": "2016-06-01", "CAIFECHA_F": "2025-12-31", "CAIEST_PRO": "Terminado", "CAIINTERV_": "02", "CAIDIR_SIT": "KR 95D 88 65", "CAICOD_SIT": 0, "CAITEQUIPA": "Justicia", "CAIEASOCIA": "No Aplica", "CAIFUNCION": "Coercion", "CAISERVICI": "Unidad policial con recursos humanos y materiales asignados a una jurisdicción, que en forma organizada con la comunidad y a través de la instrucción permanente, busca la solución de problemas de seguridad, con el objetivo de fraternizar y unir la po", "CAIIUUPLOC": "UPL29", "CAIIUCAINM": "E10C02" }, "geometry": { "type": "Point", "coordinates": [ -74.102335, 4.716035 ] } },
{ "type": "Feature", "properties": { "CAIDESCRIP": "CAI Serena", "CAIHORARIO": "24 horas - lunes a domingo", "CAITELEFON": "3053721066", "CAIIULOCAL": "10", "CAICELECTR": "mebog.e10@policia.gov.co", "CAICONTACT": "Policía Nacional", "CAIPWEB": "https://www.policia.gov.co/bogota/directorio", "CAINOMBRE": "Serena", "CAIFECHA_C": "2025-12-31", "CAICOD_PLA": 5, "CAICOD_PRO": "7507", "CAIANIO_GE": 2023, "CAIFECHA_I": "2016-06-01", "CAIFECHA_F": "2025-12-31", "CAIEST_PRO": "Terminado", "CAIINTERV_": "02", "CAIDIR_SIT": "AC 90 AV CIUDAD DE CALI", "CAICOD_SIT": 0, "CAITEQUIPA": "Justicia", "CAIEASOCIA": "No Aplica", "CAIFUNCION": "Coercion", "CAISERVICI": "Unidad policial con recursos humanos y materiales asignados a una jurisdicción, que en forma organizada con la comunidad y a través de la instrucción permanente, busca la solución de problemas de seguridad, con el objetivo de fraternizar y unir la po", "CAIIUUPLOC": "UPL29", "CAIIUCAINM": "E10C10" }, "geometry": { "type": "Point", "coordinates": [ -74.094249249999962, 4.710029707 ] } },
{ "type": "Feature", "properties": { "CAIDESCRIP": "CAI Engativá", "CAIHORARIO": "24 horas - lunes a domingo", "CAITELEFON": "3186808876", "CAIIULOCAL": "10", "CAICELECTR": "mebog.e10@policia.gov.co", "CAICONTACT": "Policía Nacional", "CAIPWEB": "https://www.policia.gov.co/bogota/directorio", "CAINOMBRE": "Engativá", "CAIFECHA_C": "2025-12-31", "CAICOD_PLA": 5, "CAICOD_PRO": "7507", "CAIANIO_GE": 2023, "CAIFECHA_I": "2016-06-01", "CAIFECHA_F": "2025-12-31", "CAIEST_PRO": "Terminado", "CAIINTERV_": "02", "CAIDIR_SIT": "KR 123 64 65", "CAICOD_SIT": 0, "CAITEQUIPA": "Justicia", "CAIEASOCIA": "No Aplica", "CAIFUNCION": "Coercion", "CAISERVICI": "Unidad policial con recursos humanos y materiales asignados a una jurisdicción, que en forma organizada con la comunidad y a través de la instrucción permanente, busca la solución de problemas de seguridad, con el objetivo de fraternizar y unir la po", "CAIIUUPLOC": "UPL11", "CAIIUCAINM": "E10C04" }, "geometry": { "type": "Point", "coordinates": [ -74.141697, 4.715744 ] } },
{ "type": "Feature", "properties": { "CAIDESCRIP": "CAI Quirigua", "CAIHORARIO": "24 horas - lunes a domingo", "CAITELEFON": "3117005000", "CAIIULOCAL": "10", "CAICELECTR": "mebog.e10@policia.gov.co", "CAICONTACT": "Policía Nacional", "CAIPWEB": "https://www.policia.gov.co/bogota/directorio", "CAINOMBRE": "Quirigua", "CAIFECHA_C": "2025-12-31", "CAICOD_PLA": 5, "CAICOD_PRO": "7507", "CAIANIO_GE": 2023, "CAIFECHA_I": "2016-06-01", "CAIFECHA_F": "2025-12-31", "CAIEST_PRO": "Terminado", "CAIINTERV_": "02", "CAIDIR_SIT": "AC 80 TV 94", "CAICOD_SIT": 0, "CAITEQUIPA": "Justicia", "CAIEASOCIA": "No Aplica", "CAIFUNCION": "Coercion", "CAISERVICI": "Unidad policial con recursos humanos y materiales asignados a una jurisdicción, que en forma organizada con la comunidad y a través de la instrucción permanente, busca la solución de problemas de seguridad, con el objetivo de fraternizar y unir la po", "CAIIUUPLOC": "UPL29", "CAIIUCAINM": "E10C11" }, "geometry": { "type": "Point", "coordinates": [ -74.107204364999973, 4.706265273000099 ] } },
{ "type": "Feature", "properties": { "CAIDESCRIP": "CAI Jaboque", "CAIHORARIO": "24 horas - lunes a domingo", "CAITELEFON": "3108592359", "CAIIULOCAL": "10", "CAICELECTR": "mebog.e10@policia.gov.co", "CAICONTACT": "Policía Nacional", "CAIPWEB": "https://www.policia.gov.co/bogota/directorio", "CAINOMBRE": "Jaboque", "CAIFECHA_C": "2025-12-31", "CAICOD_PLA": 5, "CAICOD_PRO": "7507", "CAIANIO_GE": 2023, "CAIFECHA_I": "2016-06-01", "CAIFECHA_F": "2025-12-31", "CAIEST_PRO": "Terminado", "CAIINTERV_": "02", "CAIDIR_SIT": "KR 110 BIS CL 67A", "CAICOD_SIT": 0, "CAITEQUIPA": "Justicia", "CAIEASOCIA": "No Aplica", "CAIFUNCION": "Coercion", "CAISERVICI": "Unidad policial con recursos humanos y materiales asignados a una jurisdicción, que en forma organizada con la comunidad y a través de la instrucción permanente, busca la solución de problemas de seguridad, con el objetivo de fraternizar y unir la po", "CAIIUUPLOC": "UPL11", "CAIIUCAINM": "E10C07" }, "geometry": { "type": "Point", "coordinates": [ -74.129135514999973, 4.703479158999926 ] } },
{ "type": "Feature", "properties": { "CAIDESCRIP": "CAI Álamos", "CAIHORARIO": "24 horas - lunes a domingo", "CAITELEFON": "3183894034", "CAIIULOCAL": "10", "CAICELECTR": "mebog.e10@policia.gov.co", "CAICONTACT": "Policía Nacional", "CAIPWEB": "https://www.policia.gov.co/bogota/directorio", "CAINOMBRE": "Álamos", "CAIFECHA_C": "2025-12-31", "CAICOD_PLA": 5, "CAICOD_PRO": "7507", "CAIANIO_GE": 2023, "CAIFECHA_I": "2016-06-01", "CAIFECHA_F": "2025-12-31", "CAIEST_PRO": "Terminado", "CAIINTERV_": "02", "CAIDIR_SIT": "TV 93 CL 64G", "CAICOD_SIT": 0, "CAITEQUIPA": "Justicia", "CAIEASOCIA": "No Aplica", "CAIFUNCION": "Coercion", "CAISERVICI": "Unidad policial con recursos humanos y materiales asignados a una jurisdicción, que en forma organizada con la comunidad y a través de la instrucción permanente, busca la solución de problemas de seguridad, con el objetivo de fraternizar y unir la po", "CAIIUUPLOC": "UPL29", "CAIIUCAINM": "E10C01" }, "geometry": { "type": "Point", "coordinates": [ -74.117279, 4.690173 ] } },
{ "type": "Feature", "properties": { "CAIDESCRIP": "CAI Florida", "CAIHORARIO": "24 horas - lunes a domingo", "CAITELEFON": "3212145123", "CAIIULOCAL": "10", "CAICELECTR": "mebog.e10@policia.gov.co", "CAICONTACT": "Policía Nacional", "CAIPWEB": "https://www.policia.gov.co/bogota/directorio", "CAINOMBRE": "Florida", "CAIFECHA_C": "2025-12-31", "CAICOD_PLA": 5, "CAICOD_PRO": "7507", "CAIANIO_GE": 2023, "CAIFECHA_I": "2016-06-01", "CAIFECHA_F": "2025-12-31", "CAIEST_PRO": "Terminado", "CAIINTERV_": "02", "CAIDIR_SIT": "KR 90 CL 69A", "CAICOD_SIT": 0, "CAITEQUIPA": "Justicia", "CAIEASOCIA": "No Aplica", "CAIFUNCION": "Coercion", "CAISERVICI": "Unidad policial con recursos humanos y materiales asignados a una jurisdicción, que en forma organizada con la comunidad y a través de la instrucción permanente, busca la solución de problemas de seguridad, con el objetivo de fraternizar y unir la po", "CAIIUUPLOC": "UPL29", "CAIIUCAINM": "E10C06" }, "geometry": { "type": "Point", "coordinates": [ -74.110990183000013, 4.693687507 ] } },
{ "type": "Feature", "properties": { "CAIDESCRIP": "CAI Santa María del Lago", "CAIHORARIO": "24 horas - lunes a domingo", "CAITELEFON": "3215651860", "CAIIULOCAL": "10", "CAICELECTR": "mebog.e10@policia.gov.co", "CAICONTACT": "Policía Nacional", "CAIPWEB": "https://www.policia.gov.co/bogota/directorio", "CAINOMBRE": "Santa María del Lago", "CAIFECHA_C": "2025-12-31", "CAICOD_PLA": 5, "CAICOD_PRO": "7507", "CAIANIO_GE": 2023, "CAIFECHA_I": "2016-06-01", "CAIFECHA_F": "2025-12-31", "CAIEST_PRO": "Terminado", "CAIINTERV_": "02", "CAIDIR_SIT": "KR 76 75 26", "CAICOD_SIT": 0, "CAITEQUIPA": "Justicia", "CAIEASOCIA": "No Aplica", "CAIFUNCION": "Coercion", "CAISERVICI": "Unidad policial con recursos humanos y materiales asignados a una jurisdicción, que en forma organizada con la comunidad y a través de la instrucción permanente, busca la solución de problemas de seguridad, con el objetivo de fraternizar y unir la po", "CAIIUUPLOC": "UPL29", "CAIIUCAINM": "E10C09" }, "geometry": { "type": "Point", "coordinates": [ -74.096620188999964, 4.69359503000004 ] } },
{ "type": "Feature", "properties": { "CAIDESCRIP": "CAI Normandía", "CAIHORARIO": "24 horas - lunes a domingo", "CAITELEFON": "3108763045", "CAIIULOCAL": "10", "CAICELECTR": "mebog.e10@policia.gov.co", "CAICONTACT": "Policía Nacional", "CAIPWEB": "https://www.policia.gov.co/bogota/directorio", "CAINOMBRE": "Normandía", "CAIFECHA_C": "2025-12-31", "CAICOD_PLA": 5, "CAICOD_PRO": "7507", "CAIANIO_GE": 2023, "CAIFECHA_I": "2016-06-01", "CAIFECHA_F": "2025-12-31", "CAIEST_PRO": "Terminado", "CAIINTERV_": "02", "CAIDIR_SIT": "AV BOYACA CL 52 BIS", "CAICOD_SIT": 0, "CAITEQUIPA": "Justicia", "CAIEASOCIA": "No Aplica", "CAIFUNCION": "Coercion", "CAISERVICI": "Unidad policial con recursos humanos y materiales asignados a una jurisdicción, que en forma organizada con la comunidad y a través de la instrucción permanente, busca la solución de problemas de seguridad, con el objetivo de fraternizar y unir la po", "CAIIUUPLOC": "UPL30", "CAIIUCAINM": "E10C08" }, "geometry": { "type": "Point", "coordinates": [ -74.107506431, 4.670224097000016 ] } },
{ "type": "Feature", "properties": { "CAIDESCRIP": "CAI Versalles", "CAIHORARIO": "24 horas - lunes a domingo", "CAITELEFON": "3174404861", "CAIIULOCAL": "09", "CAICELECTR": "mebog.e9@policia.gov.co", "CAICONTACT": "Policía Nacional", "CAIPWEB": "https://www.policia.gov.co/bogota/directorio", "CAINOMBRE": "Versalles", "CAIFECHA_C": "2025-12-31", "CAICOD_PLA": 5, "CAICOD_PRO": "7507", "CAIANIO_GE": 2023, "CAIFECHA_I": "2016-06-01", "CAIFECHA_F": "2025-12-31", "CAIEST_PRO": "Terminado", "CAIINTERV_": "02", "CAIDIR_SIT": "KR 109 CL 23 31", "CAICOD_SIT": 0, "CAITEQUIPA": "Justicia", "CAIEASOCIA": "No Aplica", "CAIFUNCION": "Coercion", "CAISERVICI": "Unidad policial con recursos humanos y materiales asignados a una jurisdicción, que en forma organizada con la comunidad y a través de la instrucción permanente, busca la solución de problemas de seguridad, con el objetivo de fraternizar y unir la po", "CAIIUUPLOC": "UPL12", "CAIIUCAINM": "E09C07" }, "geometry": { "type": "Point", "coordinates": [ -74.143499597000016, 4.685039604000053 ] } },
{ "type": "Feature", "properties": { "CAIDESCRIP": "CAI Sabana Grande", "CAIHORARIO": "24 horas - lunes a domingo", "CAITELEFON": "3204420054", "CAIIULOCAL": "09", "CAICELECTR": "mebog.e9@policia.gov.co", "CAICONTACT": "Policía Nacional", "CAIPWEB": "https://www.policia.gov.co/bogota/directorio", "CAINOMBRE": "Sabana Grande", "CAIFECHA_C": "2025-12-31", "CAICOD_PLA": 5, "CAICOD_PRO": "7507", "CAIANIO_GE": 2023, "CAIFECHA_I": "2016-06-01", "CAIFECHA_F": "2025-12-31", "CAIEST_PRO": "Terminado", "CAIINTERV_": "02", "CAIDIR_SIT": "KR 106 CL 14A", "CAICOD_SIT": 0, "CAITEQUIPA": "Justicia", "CAIEASOCIA": "No Aplica", "CAIFUNCION": "Coercion", "CAISERVICI": "Unidad policial con recursos humanos y materiales asignados a una jurisdicción, que en forma organizada con la comunidad y a través de la instrucción permanente, busca la solución de problemas de seguridad, con el objetivo de fraternizar y unir la po", "CAIIUUPLOC": "UPL12", "CAIIUCAINM": "E09C05" }, "geometry": { "type": "Point", "coordinates": [ -74.156490148999978, 4.670718219000037 ] } },
{ "type": "Feature", "properties": { "CAIDESCRIP": "CAI Macarena", "CAIHORARIO": "24 horas - lunes a domingo", "CAITELEFON": "3115125590", "CAIIULOCAL": "09", "CAICELECTR": "mebog.e9@policia.gov.co", "CAICONTACT": "Policía Nacional", "CAIPWEB": "https://www.policia.gov.co/bogota/directorio", "CAINOMBRE": "Macarena", "CAIFECHA_C": "2025-12-31", "CAICOD_PLA": 5, "CAICOD_PRO": "7507", "CAIANIO_GE": 2023, "CAIFECHA_I": "2016-06-01", "CAIFECHA_F": "2025-12-31", "CAIEST_PRO": "Terminado", "CAIINTERV_": "02", "CAIDIR_SIT": "KR 114 16 99", "CAICOD_SIT": 0, "CAITEQUIPA": "Justicia", "CAIEASOCIA": "No Aplica", "CAIFUNCION": "Coercion", "CAISERVICI": "Unidad policial con recursos humanos y materiales asignados a una jurisdicción, que en forma organizada con la comunidad y a través de la instrucción permanente, busca la solución de problemas de seguridad, con el objetivo de fraternizar y unir la po", "CAIIUUPLOC": "UPL12", "CAIIUCAINM": "E09C02" }, "geometry": { "type": "Point", "coordinates": [ -74.154427752999936, 4.681688765 ] } },
{ "type": "Feature", "properties": { "CAIDESCRIP": "CAI Santander", "CAIHORARIO": "24 horas - lunes a domingo", "CAITELEFON": "3233627881", "CAIIULOCAL": "09", "CAICELECTR": "mebog.e9@policia.gov.co", "CAICONTACT": "Policía Nacional", "CAIPWEB": "https://www.policia.gov.co/bogota/directorio", "CAINOMBRE": "Santander", "CAIFECHA_C": "2025-12-31", "CAICOD_PLA": 5, "CAICOD_PRO": "7507", "CAIANIO_GE": 2023, "CAIFECHA_I": "2016-06-01", "CAIFECHA_F": "2025-12-31", "CAIEST_PRO": "Terminado", "CAIINTERV_": "02", "CAIDIR_SIT": "KR 96C CL 20D", "CAICOD_SIT": 0, "CAITEQUIPA": "Justicia", "CAIEASOCIA": "No Aplica", "CAIFUNCION": "Coercion", "CAISERVICI": "Unidad policial con recursos humanos y materiales asignados a una jurisdicción, que en forma organizada con la comunidad y a través de la instrucción permanente, busca la solución de problemas de seguridad, con el objetivo de fraternizar y unir la po", "CAIIUUPLOC": "UPL12", "CAIIUCAINM": "E09C04" }, "geometry": { "type": "Point", "coordinates": [ -74.138134733999948, 4.671123875000035 ] } },
{ "type": "Feature", "properties": { "CAIDESCRIP": "CAI Modelia", "CAIHORARIO": "24 horas - lunes a domingo", "CAITELEFON": "3204236251", "CAIIULOCAL": "09", "CAICELECTR": "mebog.e9@policia.gov.co", "CAICONTACT": "Policía Nacional", "CAIPWEB": "https://www.policia.gov.co/bogota/directorio", "CAINOMBRE": "Modelia", "CAIFECHA_C": "2025-12-31", "CAICOD_PLA": 5, "CAICOD_PRO": "7507", "CAIANIO_GE": 2023, "CAIFECHA_I": "2016-06-01", "CAIFECHA_F": "2025-12-31", "CAIEST_PRO": "Terminado", "CAIINTERV_": "02", "CAIDIR_SIT": "KR 74 AV ESPERANZA", "CAICOD_SIT": 0, "CAITEQUIPA": "Justicia", "CAIEASOCIA": "No Aplica", "CAIFUNCION": "Coercion", "CAISERVICI": "Unidad policial con recursos humanos y materiales asignados a una jurisdicción, que en forma organizada con la comunidad y a través de la instrucción permanente, busca la solución de problemas de seguridad, con el objetivo de fraternizar y unir la po", "CAIIUUPLOC": "UPL30", "CAIIUCAINM": "E09C03" }, "geometry": { "type": "Point", "coordinates": [ -74.118374055, 4.665041060000021 ] } },
{ "type": "Feature", "properties": { "CAIDESCRIP": "CAI Hayuelos", "CAIHORARIO": "24 horas - lunes a domingo", "CAITELEFON": "3197763384", "CAIIULOCAL": "09", "CAICELECTR": "mebog.e9@policia.gov.co", "CAICONTACT": "Policía Nacional", "CAIPWEB": "https://www.policia.gov.co/bogota/directorio", "CAINOMBRE": "Hayuelos", "CAIFECHA_C": "2025-12-31", "CAICOD_PLA": 5, "CAICOD_PRO": "7507", "CAIANIO_GE": 2023, "CAIFECHA_I": "2016-06-01", "CAIFECHA_F": "2025-12-31", "CAIEST_PRO": "Terminado", "CAIINTERV_": "02", "CAIDIR_SIT": "AC 22 KR 80D", "CAICOD_SIT": 0, "CAITEQUIPA": "Justicia", "CAIEASOCIA": "No Aplica", "CAIFUNCION": "Coercion", "CAISERVICI": "Unidad policial con recursos humanos y materiales asignados a una jurisdicción, que en forma organizada con la comunidad y a través de la instrucción permanente, busca la solución de problemas de seguridad, con el objetivo de fraternizar y unir la po", "CAIIUUPLOC": "UPL30", "CAIIUCAINM": "E09C08" }, "geometry": { "type": "Point", "coordinates": [ -74.127171, 4.661898 ] } },
{ "type": "Feature", "properties": { "CAIDESCRIP": "CAI Ciudad Salitre", "CAIHORARIO": "24 horas - lunes a domingo", "CAITELEFON": "3002360741", "CAIIULOCAL": "09", "CAICELECTR": "mebog.e9@policia.gov.co", "CAICONTACT": "Policía Nacional", "CAIPWEB": "https://www.policia.gov.co/bogota/directorio", "CAINOMBRE": "Ciudad Salitre", "CAIFECHA_C": "2025-12-31", "CAICOD_PLA": 5, "CAICOD_PRO": "7507", "CAIANIO_GE": 2023, "CAIFECHA_I": "2016-06-01", "CAIFECHA_F": "2025-12-31", "CAIEST_PRO": "Terminado", "CAIINTERV_": "02", "CAIDIR_SIT": "CL 25 CRA 68D", "CAICOD_SIT": 0, "CAITEQUIPA": "Justicia", "CAIEASOCIA": "No Aplica", "CAIFUNCION": "Coercion", "CAISERVICI": "Unidad policial con recursos humanos y materiales asignados a una jurisdicción, que en forma organizada con la comunidad y a través de la instrucción permanente, busca la solución de problemas de seguridad, con el objetivo de fraternizar y unir la po", "CAIIUUPLOC": "UPL30", "CAIIUCAINM": "E09C06" }, "geometry": { "type": "Point", "coordinates": [ -74.108113772999957, 4.656037347 ] } },
{ "type": "Feature", "properties": { "CAIDESCRIP": "CAI Rionegro", "CAIHORARIO": "24 horas - lunes a domingo", "CAITELEFON": "3152797733", "CAIIULOCAL": "12", "CAICELECTR": "mebog.e12@policia.gov.co", "CAICONTACT": "Policía Nacional", "CAIPWEB": "https://www.policia.gov.co/bogota/directorio", "CAINOMBRE": "Rionegro", "CAIFECHA_C": "2025-12-31", "CAICOD_PLA": 5, "CAICOD_PRO": "7507", "CAIANIO_GE": 2023, "CAIFECHA_I": "2016-06-01", "CAIFECHA_F": "2025-12-31", "CAIEST_PRO": "Terminado", "CAIINTERV_": "02", "CAIDIR_SIT": "CL 94 65A 15", "CAICOD_SIT": 0, "CAITEQUIPA": "Justicia", "CAIEASOCIA": "No Aplica", "CAIFUNCION": "Coercion", "CAISERVICI": "Unidad policial con recursos humanos y materiales asignados a una jurisdicción, que en forma organizada con la comunidad y a través de la instrucción permanente, busca la solución de problemas de seguridad, con el objetivo de fraternizar y unir la po", "CAIIUUPLOC": "UPL33", "CAIIUCAINM": "E12C04" }, "geometry": { "type": "Point", "coordinates": [ -74.07202628899995, 4.684615940000015 ] } },
{ "type": "Feature", "properties": { "CAIDESCRIP": "CAI Polo Club", "CAIHORARIO": "24 horas - lunes a domingo", "CAITELEFON": "3116657394", "CAIIULOCAL": "12", "CAICELECTR": "mebog.e12@policia.gov.co", "CAICONTACT": "Policía Nacional", "CAIPWEB": "https://www.policia.gov.co/bogota/directorio", "CAINOMBRE": "Polo Club", "CAIFECHA_C": "2025-12-31", "CAICOD_PLA": 5, "CAICOD_PRO": "7507", "CAIANIO_GE": 2023, "CAIFECHA_I": "2016-06-01", "CAIFECHA_F": "2025-12-31", "CAIEST_PRO": "Terminado", "CAIINTERV_": "02", "CAIDIR_SIT": "AK 24 CL 86A", "CAICOD_SIT": 0, "CAITEQUIPA": "Justicia", "CAIEASOCIA": "No Aplica", "CAIFUNCION": "Coercion", "CAISERVICI": "Unidad policial con recursos humanos y materiales asignados a una jurisdicción, que en forma organizada con la comunidad y a través de la instrucción permanente, busca la solución de problemas de seguridad, con el objetivo de fraternizar y unir la po", "CAIIUUPLOC": "UPL33", "CAIIUCAINM": "E12C03" }, "geometry": { "type": "Point", "coordinates": [ -74.062753478999923, 4.674977901000034 ] } },
{ "type": "Feature", "properties": { "CAIDESCRIP": "CAI Alcázares", "CAIHORARIO": "24 horas - lunes a domingo", "CAITELEFON": "3108747279", "CAIIULOCAL": "12", "CAICELECTR": "mebog.e12@policia.gov.co", "CAICONTACT": "Policía Nacional", "CAIPWEB": "https://www.policia.gov.co/bogota/directorio", "CAINOMBRE": "Alcázares", "CAIFECHA_C": "2025-12-31", "CAICOD_PLA": 5, "CAICOD_PRO": "7507", "CAIANIO_GE": 2023, "CAIFECHA_I": "2016-06-01", "CAIFECHA_F": "2025-12-31", "CAIEST_PRO": "Terminado", "CAIINTERV_": "02", "CAIDIR_SIT": "CL 71 AK 24", "CAICOD_SIT": 0, "CAITEQUIPA": "Justicia", "CAIEASOCIA": "No Aplica", "CAIFUNCION": "Coercion", "CAISERVICI": "Unidad policial con recursos humanos y materiales asignados a una jurisdicción, que en forma organizada con la comunidad y a través de la instrucción permanente, busca la solución de problemas de seguridad, con el objetivo de fraternizar y unir la po", "CAIIUUPLOC": "UPL33", "CAIIUCAINM": "E12C01" }, "geometry": { "type": "Point", "coordinates": [ -74.068239677, 4.661769443000139 ] } },
{ "type": "Feature", "properties": { "CAIDESCRIP": "CAI 7 de Agosto", "CAIHORARIO": "24 horas - lunes a domingo", "CAITELEFON": "3112307059", "CAIIULOCAL": "12", "CAICELECTR": "mebog.e12@policia.gov.co", "CAICONTACT": "Policía Nacional", "CAIPWEB": "https://www.policia.gov.co/bogota/directorio", "CAINOMBRE": "7 de Agosto", "CAIFECHA_C": "2025-12-31", "CAICOD_PLA": 5, "CAICOD_PRO": "7507", "CAIANIO_GE": 2023, "CAIFECHA_I": "2016-06-01", "CAIFECHA_F": "2025-12-31", "CAIEST_PRO": "Terminado", "CAIINTERV_": "02", "CAIDIR_SIT": "CL 64 28B 09", "CAICOD_SIT": 0, "CAITEQUIPA": "Justicia", "CAIEASOCIA": "No Aplica", "CAIFUNCION": "Coercion", "CAISERVICI": "Unidad policial con recursos humanos y materiales asignados a una jurisdicción, que en forma organizada con la comunidad y a través de la instrucción permanente, busca la solución de problemas de seguridad, con el objetivo de fraternizar y unir la po", "CAIIUUPLOC": "UPL33", "CAIIUCAINM": "E12C05" }, "geometry": { "type": "Point", "coordinates": [ -74.077070747999983, 4.65828425 ] } },
{ "type": "Feature", "properties": { "CAIDESCRIP": "CAI Modelo", "CAIHORARIO": "24 horas - lunes a domingo", "CAITELEFON": "3012487001", "CAIIULOCAL": "12", "CAICELECTR": "mebog.e12@policia.gov.co", "CAICONTACT": "Policía Nacional", "CAIPWEB": "https://www.policia.gov.co/bogota/directorio", "CAINOMBRE": "Modelo", "CAIFECHA_C": "2025-12-31", "CAICOD_PLA": 5, "CAICOD_PRO": "7507", "CAIANIO_GE": 2023, "CAIFECHA_I": "2016-06-01", "CAIFECHA_F": "2025-12-31", "CAIEST_PRO": "Terminado", "CAIINTERV_": "02", "CAIDIR_SIT": "AK 68 56B 41", "CAICOD_SIT": 0, "CAITEQUIPA": "Justicia", "CAIEASOCIA": "No Aplica", "CAIFUNCION": "Coercion", "CAISERVICI": "Unidad policial con recursos humanos y materiales asignados a una jurisdicción, que en forma organizada con la comunidad y a través de la instrucción permanente, busca la solución de problemas de seguridad, con el objetivo de fraternizar y unir la po", "CAIIUUPLOC": "UPL33", "CAIIUCAINM": "E12C02" }, "geometry": { "type": "Point", "coordinates": [ -74.079522833999988, 4.667894614999966 ] } },
{ "type": "Feature", "properties": { "CAIDESCRIP": "CAI La Esmeralda", "CAIHORARIO": "24 horas - lunes a domingo", "CAITELEFON": "3143874740", "CAIIULOCAL": "13", "CAICELECTR": "mebog.e13@policia.gov.co", "CAICONTACT": "Policía Nacional", "CAIPWEB": "https://www.policia.gov.co/bogota/directorio", "CAINOMBRE": "La Esmeralda", "CAIFECHA_C": "2025-12-31", "CAICOD_PLA": 5, "CAICOD_PRO": "7507", "CAIANIO_GE": 2023, "CAIFECHA_I": "2016-06-01", "CAIFECHA_F": "2025-12-31", "CAIEST_PRO": "Terminado", "CAIINTERV_": "02", "CAIDIR_SIT": "CL 44C KR 54", "CAICOD_SIT": 0, "CAITEQUIPA": "Justicia", "CAIEASOCIA": "No Aplica", "CAIFUNCION": "Coercion", "CAISERVICI": "Unidad policial con recursos humanos y materiales asignados a una jurisdicción, que en forma organizada con la comunidad y a través de la instrucción permanente, busca la solución de problemas de seguridad, con el objetivo de fraternizar y unir la po", "CAIIUUPLOC": "UPL32", "CAIIUCAINM": "E13C01" }, "geometry": { "type": "Point", "coordinates": [ -74.090647, 4.646207000000118 ] } },
{ "type": "Feature", "properties": { "CAIDESCRIP": "CAI Federmán", "CAIHORARIO": "24 horas - lunes a domingo", "CAITELEFON": "3168045986", "CAIIULOCAL": "13", "CAICELECTR": "mebog.e13@policia.gov.co", "CAICONTACT": "Policía Nacional", "CAIPWEB": "https://www.policia.gov.co/bogota/directorio", "CAINOMBRE": "Federmán", "CAIFECHA_C": "2025-12-31", "CAICOD_PLA": 5, "CAICOD_PRO": "7507", "CAIANIO_GE": 2023, "CAIFECHA_I": "2016-06-01", "CAIFECHA_F": "2025-12-31", "CAIEST_PRO": "Terminado", "CAIINTERV_": "02", "CAIDIR_SIT": "KR 45 58A 10", "CAICOD_SIT": 0, "CAITEQUIPA": "Justicia", "CAIEASOCIA": "No Aplica", "CAIFUNCION": "Coercion", "CAISERVICI": "Unidad policial con recursos humanos y materiales asignados a una jurisdicción, que en forma organizada con la comunidad y a través de la instrucción permanente, busca la solución de problemas de seguridad, con el objetivo de fraternizar y unir la po", "CAIIUUPLOC": "UPL32", "CAIIUCAINM": "E13C03" }, "geometry": { "type": "Point", "coordinates": [ -74.083121614999982, 4.649409330000026 ] } },
{ "type": "Feature", "properties": { "CAIDESCRIP": "CAI Galerías", "CAIHORARIO": "24 horas - lunes a domingo", "CAITELEFON": "3124946705", "CAIIULOCAL": "13", "CAICELECTR": "mebog.e13@policia.gov.co", "CAICONTACT": "Policía Nacional", "CAIPWEB": "https://www.policia.gov.co/bogota/directorio", "CAINOMBRE": "Galerías", "CAIFECHA_C": "2025-12-31", "CAICOD_PLA": 5, "CAICOD_PRO": "7507", "CAIANIO_GE": 2023, "CAIFECHA_I": "2016-06-01", "CAIFECHA_F": "2025-12-31", "CAIEST_PRO": "Terminado", "CAIINTERV_": "02", "CAIDIR_SIT": "AC 53 25 01", "CAICOD_SIT": 0, "CAITEQUIPA": "Justicia", "CAIEASOCIA": "No Aplica", "CAIFUNCION": "Coercion", "CAISERVICI": "Unidad policial con recursos humanos y materiales asignados a una jurisdicción, que en forma organizada con la comunidad y a través de la instrucción permanente, busca la solución de problemas de seguridad, con el objetivo de fraternizar y unir la po", "CAIIUUPLOC": "UPL32", "CAIIUCAINM": "E13C02" }, "geometry": { "type": "Point", "coordinates": [ -74.074534776, 4.64169653700003 ] } },
{ "type": "Feature", "properties": { "CAIDESCRIP": "CAI San Luis", "CAIHORARIO": "24 horas - lunes a domingo", "CAITELEFON": "3133489231", "CAIIULOCAL": "13", "CAICELECTR": "mebog.e13@policia.gov.co", "CAICONTACT": "Policía Nacional", "CAIPWEB": "https://www.policia.gov.co/bogota/directorio", "CAINOMBRE": "San Luis", "CAIFECHA_C": "2025-12-31", "CAICOD_PLA": 5, "CAICOD_PRO": "7507", "CAIANIO_GE": 2023, "CAIFECHA_I": "2016-06-01", "CAIFECHA_F": "2025-12-31", "CAIEST_PRO": "Terminado", "CAIINTERV_": "02", "CAIDIR_SIT": "KR 18 CL 60", "CAICOD_SIT": 0, "CAITEQUIPA": "Justicia", "CAIEASOCIA": "No Aplica", "CAIFUNCION": "Coercion", "CAISERVICI": "Unidad policial con recursos humanos y materiales asignados a una jurisdicción, que en forma organizada con la comunidad y a través de la instrucción permanente, busca la solución de problemas de seguridad, con el objetivo de fraternizar y unir la po", "CAIIUUPLOC": "UPL32", "CAIIUCAINM": "E13C04" }, "geometry": { "type": "Point", "coordinates": [ -74.068764, 4.648052 ] } },
{ "type": "Feature", "properties": { "CAIDESCRIP": "CAI Samper Mendoza", "CAIHORARIO": "24 horas - lunes a domingo", "CAITELEFON": "3233631147", "CAIIULOCAL": "14", "CAICELECTR": "mebog.e14@policia.gov.co", "CAICONTACT": "Policía Nacional", "CAIPWEB": "https://www.policia.gov.co/bogota/directorio", "CAINOMBRE": "Samper Mendoza", "CAIFECHA_C": "2025-12-31", "CAICOD_PLA": 5, "CAICOD_PRO": "7507", "CAIANIO_GE": 2023, "CAIFECHA_I": "2016-06-01", "CAIFECHA_F": "2025-12-31", "CAIEST_PRO": "Terminado", "CAIINTERV_": "02", "CAIDIR_SIT": "CL 24 KR 19B", "CAICOD_SIT": 0, "CAITEQUIPA": "Justicia", "CAIEASOCIA": "No Aplica", "CAIFUNCION": "Coercion", "CAISERVICI": "Unidad policial con recursos humanos y materiales asignados a una jurisdicción, que en forma organizada con la comunidad y a través de la instrucción permanente, busca la solución de problemas de seguridad, con el objetivo de fraternizar y unir la po", "CAIIUUPLOC": "UPL23", "CAIIUCAINM": "E14C03" }, "geometry": { "type": "Point", "coordinates": [ -74.078510629999926, 4.61843306500009 ] } },
{ "type": "Feature", "properties": { "CAIDESCRIP": "CAI Paloquemao", "CAIHORARIO": "24 horas - lunes a domingo", "CAITELEFON": "3132224889", "CAIIULOCAL": "14", "CAICELECTR": "mebog.e14@policia.gov.co", "CAICONTACT": "Policía Nacional", "CAIPWEB": "https://www.policia.gov.co/bogota/directorio", "CAINOMBRE": "Paloquemao", "CAIFECHA_C": "2025-12-31", "CAICOD_PLA": 5, "CAICOD_PRO": "7507", "CAIANIO_GE": 2023, "CAIFECHA_I": "2016-06-01", "CAIFECHA_F": "2025-12-31", "CAIEST_PRO": "Terminado", "CAIINTERV_": "02", "CAIDIR_SIT": "KR 25 15 97", "CAICOD_SIT": 0, "CAITEQUIPA": "Justicia", "CAIEASOCIA": "No Aplica", "CAIFUNCION": "Coercion", "CAISERVICI": "Unidad policial con recursos humanos y materiales asignados a una jurisdicción, que en forma organizada con la comunidad y a través de la instrucción permanente, busca la solución de problemas de seguridad, con el objetivo de fraternizar y unir la po", "CAIIUUPLOC": "UPL23", "CAIIUCAINM": "E14C01" }, "geometry": { "type": "Point", "coordinates": [ -74.086496997999916, 4.612974856000108 ] } },
{ "type": "Feature", "properties": { "CAIDESCRIP": "CAI Ricaurte", "CAIHORARIO": "24 horas - lunes a domingo", "CAITELEFON": "3232524202", "CAIIULOCAL": "14", "CAICELECTR": "mebog.e14@policia.gov.co", "CAICONTACT": "Policía Nacional", "CAIPWEB": "https://www.policia.gov.co/bogota/directorio", "CAINOMBRE": "Ricaurte", "CAIFECHA_C": "2025-12-31", "CAICOD_PLA": 5, "CAICOD_PRO": "7507", "CAIANIO_GE": 2023, "CAIFECHA_I": "2016-06-01", "CAIFECHA_F": "2025-12-31", "CAIEST_PRO": "Terminado", "CAIINTERV_": "02", "CAIDIR_SIT": "KR 28 9 85", "CAICOD_SIT": 0, "CAITEQUIPA": "Justicia", "CAIEASOCIA": "No Aplica", "CAIFUNCION": "Coercion", "CAISERVICI": "Unidad policial con recursos humanos y materiales asignados a una jurisdicción, que en forma organizada con la comunidad y a través de la instrucción permanente, busca la solución de problemas de seguridad, con el objetivo de fraternizar y unir la po", "CAIIUUPLOC": "UPL23", "CAIIUCAINM": "E14C02" }, "geometry": { "type": "Point", "coordinates": [ -74.093505634999985, 4.608970396000075 ] } },
{ "type": "Feature", "properties": { "CAIDESCRIP": "CAI Santa Isabel", "CAIHORARIO": "24 horas - lunes a domingo", "CAITELEFON": null, "CAIIULOCAL": "14", "CAICELECTR": "mebog.e14@policia.gov.co", "CAICONTACT": "Policía Nacional", "CAIPWEB": "https://www.policia.gov.co/bogota/directorio", "CAINOMBRE": "Santa Isabel", "CAIFECHA_C": "2025-12-31", "CAICOD_PLA": 5, "CAICOD_PRO": "7507", "CAIANIO_GE": 2023, "CAIFECHA_I": "2016-06-01", "CAIFECHA_F": "2025-12-31", "CAIEST_PRO": "Terminado", "CAIINTERV_": "02", "CAIDIR_SIT": "AK 27 CL 1G", "CAICOD_SIT": 0, "CAITEQUIPA": "Justicia", "CAIEASOCIA": "No Aplica", "CAIFUNCION": "Coercion", "CAISERVICI": "Unidad policial con recursos humanos y materiales asignados a una jurisdicción, que en forma organizada con la comunidad y a través de la instrucción permanente, busca la solución de problemas de seguridad, con el objetivo de fraternizar y unir la po", "CAIIUUPLOC": "UPL23", "CAIIUCAINM": "E14C04" }, "geometry": { "type": "Point", "coordinates": [ -74.099981824999929, 4.598901328000068 ] } },
{ "type": "Feature", "properties": { "CAIDESCRIP": "CAI Puente Aranda", "CAIHORARIO": "24 horas - lunes a domingo", "CAITELEFON": "3203402192", "CAIIULOCAL": "16", "CAICELECTR": "mebog.e16@policia.gov.co", "CAICONTACT": "Policía Nacional", "CAIPWEB": "https://www.policia.gov.co/bogota/directorio", "CAINOMBRE": "Puente Aranda", "CAIFECHA_C": "2025-12-31", "CAICOD_PLA": 5, "CAICOD_PRO": "7507", "CAIANIO_GE": 2023, "CAIFECHA_I": "2016-06-01", "CAIFECHA_F": "2025-12-31", "CAIEST_PRO": "Terminado", "CAIINTERV_": "02", "CAIDIR_SIT": "KR 55 CL 15", "CAICOD_SIT": 0, "CAITEQUIPA": "Justicia", "CAIEASOCIA": "No Aplica", "CAIFUNCION": "Coercion", "CAISERVICI": "Unidad policial con recursos humanos y materiales asignados a una jurisdicción, que en forma organizada con la comunidad y a través de la instrucción permanente, busca la solución de problemas de seguridad, con el objetivo de fraternizar y unir la po", "CAIIUUPLOC": "UPL31", "CAIIUCAINM": "E16C04" }, "geometry": { "type": "Point", "coordinates": [ -74.108413567000014, 4.631520877000071 ] } },
{ "type": "Feature", "properties": { "CAIDESCRIP": "CAI Galán", "CAIHORARIO": "24 horas - lunes a domingo", "CAITELEFON": "3105838571", "CAIIULOCAL": "16", "CAICELECTR": "mebog.e16@policia.gov.co", "CAICONTACT": "Policía Nacional", "CAIPWEB": "https://www.policia.gov.co/bogota/directorio", "CAINOMBRE": "Galán", "CAIFECHA_C": "2025-12-31", "CAICOD_PLA": 5, "CAICOD_PRO": "7507", "CAIANIO_GE": 2023, "CAIFECHA_I": "2016-06-01", "CAIFECHA_F": "2025-12-31", "CAIEST_PRO": "Terminado", "CAIINTERV_": "02", "CAIDIR_SIT": "KR 56 CL 4", "CAICOD_SIT": 0, "CAITEQUIPA": "Justicia", "CAIEASOCIA": "No Aplica", "CAIFUNCION": "Coercion", "CAISERVICI": "Unidad policial con recursos humanos y materiales asignados a una jurisdicción, que en forma organizada con la comunidad y a través de la instrucción permanente, busca la solución de problemas de seguridad, con el objetivo de fraternizar y unir la po", "CAIIUUPLOC": "UPL31", "CAIIUCAINM": "E16C01" }, "geometry": { "type": "Point", "coordinates": [ -74.119001726999954, 4.62021716199996 ] } },
{ "type": "Feature", "properties": { "CAIDESCRIP": "CAI Gorgonzola", "CAIHORARIO": "24 horas - lunes a domingo", "CAITELEFON": "3208841536", "CAIIULOCAL": "16", "CAICELECTR": "mebog.e16@policia.gov.co", "CAICONTACT": "Policía Nacional", "CAIPWEB": "https://www.policia.gov.co/bogota/directorio", "CAINOMBRE": "Gorgonzola", "CAIFECHA_C": "2025-12-31", "CAICOD_PLA": 5, "CAICOD_PRO": "7507", "CAIANIO_GE": 2023, "CAIFECHA_I": "2016-06-01", "CAIFECHA_F": "2025-12-31", "CAIEST_PRO": "Terminado", "CAIINTERV_": "02", "CAIDIR_SIT": "AC 6 TV 42A", "CAICOD_SIT": 0, "CAITEQUIPA": "Justicia", "CAIEASOCIA": "No Aplica", "CAIFUNCION": "Coercion", "CAISERVICI": "Unidad policial con recursos humanos y materiales asignados a una jurisdicción, que en forma organizada con la comunidad y a través de la instrucción permanente, busca la solución de problemas de seguridad, con el objetivo de fraternizar y unir la po", "CAIIUUPLOC": "UPL31", "CAIIUCAINM": "E16C02" }, "geometry": { "type": "Point", "coordinates": [ -74.106276, 4.619104 ] } },
{ "type": "Feature", "properties": { "CAIDESCRIP": "CAI Santa Matilde", "CAIHORARIO": "24 horas - lunes a domingo", "CAITELEFON": "3124182807", "CAIIULOCAL": "16", "CAICELECTR": "mebog.e16@policia.gov.co", "CAICONTACT": "Policía Nacional", "CAIPWEB": "https://www.policia.gov.co/bogota/directorio", "CAINOMBRE": "Santa Matilde", "CAIFECHA_C": "2025-12-31", "CAICOD_PLA": 5, "CAICOD_PRO": "7507", "CAIANIO_GE": 2023, "CAIFECHA_I": "2016-06-01", "CAIFECHA_F": "2025-12-31", "CAIEST_PRO": "Terminado", "CAIINTERV_": "02", "CAIDIR_SIT": "AC 8 SUR KR 35A", "CAICOD_SIT": 0, "CAITEQUIPA": "Justicia", "CAIEASOCIA": "No Aplica", "CAIFUNCION": "Coercion", "CAISERVICI": "Unidad policial con recursos humanos y materiales asignados a una jurisdicción, que en forma organizada con la comunidad y a través de la instrucción permanente, busca la solución de problemas de seguridad, con el objetivo de fraternizar y unir la po", "CAIIUUPLOC": "UPL31", "CAIIUCAINM": "E16C05" }, "geometry": { "type": "Point", "coordinates": [ -74.110465566999949, 4.601347002000068 ] } },
{ "type": "Feature", "properties": { "CAIDESCRIP": "CAI El Tejar", "CAIHORARIO": "24 horas - lunes a domingo", "CAITELEFON": "3203402192", "CAIIULOCAL": "16", "CAICELECTR": "mebog.e16@policia.gov.co", "CAICONTACT": "Policía Nacional", "CAIPWEB": "https://www.policia.gov.co/bogota/directorio", "CAINOMBRE": "El Tejar", "CAIFECHA_C": "2025-12-31", "CAICOD_PLA": 5, "CAICOD_PRO": "7507", "CAIANIO_GE": 2023, "CAIFECHA_I": "2016-06-01", "CAIFECHA_F": "2025-12-31", "CAIEST_PRO": "Terminado", "CAIINTERV_": "02", "CAIDIR_SIT": "AV 1 MAYO AK 68", "CAICOD_SIT": 0, "CAITEQUIPA": "Justicia", "CAIEASOCIA": "No Aplica", "CAIFUNCION": "Coercion", "CAISERVICI": "Unidad policial con recursos humanos y materiales asignados a una jurisdicción, que en forma organizada con la comunidad y a través de la instrucción permanente, busca la solución de problemas de seguridad, con el objetivo de fraternizar y unir la po", "CAIIUUPLOC": "UPL31", "CAIIUCAINM": "E16C06" }, "geometry": { "type": "Point", "coordinates": [ -74.128193883, 4.609121256000094 ] } },
{ "type": "Feature", "properties": { "CAIDESCRIP": "CAI Villa Mayor", "CAIHORARIO": "24 horas - lunes a domingo", "CAITELEFON": "3232924935", "CAIIULOCAL": "15", "CAICELECTR": "mebog.e15@policia.gov.co", "CAICONTACT": "Policía Nacional", "CAIPWEB": "https://www.policia.gov.co/bogota/directorio", "CAINOMBRE": "Villa Mayor", "CAIFECHA_C": "2025-12-31", "CAICOD_PLA": 5, "CAICOD_PRO": "7507", "CAIANIO_GE": 2023, "CAIFECHA_I": "2016-06-01", "CAIFECHA_F": "2025-12-31", "CAIEST_PRO": "Terminado", "CAIINTERV_": "02", "CAIDIR_SIT": "CL 36 SUR KR 34C", "CAICOD_SIT": 0, "CAITEQUIPA": "Justicia", "CAIEASOCIA": "No Aplica", "CAIFUNCION": "Coercion", "CAISERVICI": "Unidad policial con recursos humanos y materiales asignados a una jurisdicción, que en forma organizada con la comunidad y a través de la instrucción permanente, busca la solución de problemas de seguridad, con el objetivo de fraternizar y unir la po", "CAIIUUPLOC": "UPL22", "CAIIUCAINM": "E15C04" }, "geometry": { "type": "Point", "coordinates": [ -74.120588801, 4.592077188000133 ] } },
{ "type": "Feature", "properties": { "CAIDESCRIP": "CAI Valvanera", "CAIHORARIO": "24 horas - lunes a domingo", "CAITELEFON": "3003549145", "CAIIULOCAL": "15", "CAICELECTR": "mebog.e15@policia.gov.co", "CAICONTACT": "Policía Nacional", "CAIPWEB": "https://www.policia.gov.co/bogota/directorio", "CAINOMBRE": "Valvanera", "CAIFECHA_C": "2025-12-31", "CAICOD_PLA": 5, "CAICOD_PRO": "7507", "CAIANIO_GE": 2023, "CAIFECHA_I": "2016-06-01", "CAIFECHA_F": "2025-12-31", "CAIEST_PRO": "Terminado", "CAIINTERV_": "02", "CAIDIR_SIT": "CL 17A SUR 24G 18", "CAICOD_SIT": 0, "CAITEQUIPA": "Justicia", "CAIEASOCIA": "No Aplica", "CAIFUNCION": "Coercion", "CAISERVICI": "Unidad policial con recursos humanos y materiales asignados a una jurisdicción, que en forma organizada con la comunidad y a través de la instrucción permanente, busca la solución de problemas de seguridad, con el objetivo de fraternizar y unir la po", "CAIIUUPLOC": "UPL22", "CAIIUCAINM": "E15C03" }, "geometry": { "type": "Point", "coordinates": [ -74.104753371000015, 4.58939138300002 ] } },
{ "type": "Feature", "properties": { "CAIDESCRIP": "CAI Restrepo", "CAIHORARIO": "24 horas - lunes a domingo", "CAITELEFON": "3506447836", "CAIIULOCAL": "15", "CAICELECTR": "mebog.e15@policia.gov.co", "CAICONTACT": "Policía Nacional", "CAIPWEB": "https://www.policia.gov.co/bogota/directorio", "CAINOMBRE": "Restrepo", "CAIFECHA_C": "2025-12-31", "CAICOD_PLA": 5, "CAICOD_PRO": "7507", "CAIANIO_GE": 2023, "CAIFECHA_I": "2016-06-01", "CAIFECHA_F": "2025-12-31", "CAIEST_PRO": "Terminado", "CAIINTERV_": "02", "CAIDIR_SIT": "TV 18 BIS CL 13A SUR", "CAICOD_SIT": 0, "CAITEQUIPA": "Justicia", "CAIEASOCIA": "No Aplica", "CAIFUNCION": "Coercion", "CAISERVICI": "Unidad policial con recursos humanos y materiales asignados a una jurisdicción, que en forma organizada con la comunidad y a través de la instrucción permanente, busca la solución de problemas de seguridad, con el objetivo de fraternizar y unir la po", "CAIIUUPLOC": "UPL22", "CAIIUCAINM": "E15C02" }, "geometry": { "type": "Point", "coordinates": [ -74.097871183999985, 4.586823949000063 ] } },
{ "type": "Feature", "properties": { "CAIDESCRIP": "CAI Ciudad Berna", "CAIHORARIO": "24 horas - lunes a domingo", "CAITELEFON": "3165387983", "CAIIULOCAL": "15", "CAICELECTR": "mebog.e15@policia.gov.co", "CAICONTACT": "Policía Nacional", "CAIPWEB": "https://www.policia.gov.co/bogota/directorio", "CAINOMBRE": "Ciudad Berna", "CAIFECHA_C": "2025-12-31", "CAICOD_PLA": 5, "CAICOD_PRO": "7507", "CAIANIO_GE": 2023, "CAIFECHA_I": "2016-06-01", "CAIFECHA_F": "2025-12-31", "CAIEST_PRO": "Terminado", "CAIINTERV_": "02", "CAIDIR_SIT": "CL 11 SUR 10 03", "CAICOD_SIT": 0, "CAITEQUIPA": "Justicia", "CAIEASOCIA": "No Aplica", "CAIFUNCION": "Coercion", "CAISERVICI": "Unidad policial con recursos humanos y materiales asignados a una jurisdicción, que en forma organizada con la comunidad y a través de la instrucción permanente, busca la solución de problemas de seguridad, con el objetivo de fraternizar y unir la po", "CAIIUUPLOC": "UPL22", "CAIIUCAINM": "E15C01" }, "geometry": { "type": "Point", "coordinates": [ -74.090279235000025, 4.582116975000133 ] } },
{ "type": "Feature", "properties": { "CAIDESCRIP": "CAI Guaymaral", "CAIHORARIO": "24 horas - lunes a domingo", "CAITELEFON": "3206829947", "CAIIULOCAL": "11", "CAICELECTR": "mebog.e11@policia.gov.co", "CAICONTACT": "Policía Nacional", "CAIPWEB": "https://www.policia.gov.co/bogota/directorio", "CAINOMBRE": "Guaymaral", "CAIFECHA_C": "2025-12-31", "CAICOD_PLA": 5, "CAICOD_PRO": "7507", "CAIANIO_GE": 2023, "CAIFECHA_I": "2016-06-01", "CAIFECHA_F": "2025-12-31", "CAIEST_PRO": "Terminado", "CAIINTERV_": "02", "CAIDIR_SIT": "PARQUE 10 URBANIZACIÓN TORREMOLINOS", "CAICOD_SIT": 0, "CAITEQUIPA": "Justicia", "CAIEASOCIA": "No Aplica", "CAIFUNCION": "Coercion", "CAISERVICI": "Unidad policial con recursos humanos y materiales asignados a una jurisdicción, que en forma organizada con la comunidad y a través de la instrucción permanente, busca la solución de problemas de seguridad, con el objetivo de fraternizar y unir la po", "CAIIUUPLOC": "UPL07", "CAIIUCAINM": "E11C08" }, "geometry": { "type": "Point", "coordinates": [ -74.058277569999973, 4.796297775000085 ] } },
{ "type": "Feature", "properties": { "CAIDESCRIP": "CAI Bellavista", "CAIHORARIO": "24 horas - lunes a domingo", "CAITELEFON": "3146777612", "CAIIULOCAL": "08", "CAICELECTR": "mebog.e8@policia.gov.co", "CAICONTACT": "Policía Nacional", "CAIPWEB": "https://www.policia.gov.co/bogota/directorio", "CAINOMBRE": "Bellavista", "CAIFECHA_C": "2025-12-31", "CAICOD_PLA": 5, "CAICOD_PRO": "7507", "CAIANIO_GE": 2023, "CAIFECHA_I": "2016-06-01", "CAIFECHA_F": "2025-12-31", "CAIEST_PRO": "Terminado", "CAIINTERV_": "02", "CAIDIR_SIT": "CL 42A SUR 95 01", "CAICOD_SIT": 0, "CAITEQUIPA": "Justicia", "CAIEASOCIA": "No Aplica", "CAIFUNCION": "Coercion", "CAISERVICI": "Unidad policial con recursos humanos y materiales asignados a una jurisdicción, que en forma organizada con la comunidad y a través de la instrucción permanente, busca la solución de problemas de seguridad, con el objetivo de fraternizar y unir la po", "CAIIUUPLOC": "UPL14", "CAIIUCAINM": "E08C04" }, "geometry": { "type": "Point", "coordinates": [ -74.175492353999971, 4.643928276000054 ] } },
{ "type": "Feature", "properties": { "CAIDESCRIP": "CAI Castilla", "CAIHORARIO": "24 horas - lunes a domingo", "CAITELEFON": "3112724318", "CAIIULOCAL": "08", "CAICELECTR": "mebog.e8@policia.gov.co", "CAICONTACT": "Policía Nacional", "CAIPWEB": "https://www.policia.gov.co/bogota/directorio", "CAINOMBRE": "Castilla", "CAIFECHA_C": "2025-12-31", "CAICOD_PLA": 5, "CAICOD_PRO": "7507", "CAIANIO_GE": 2023, "CAIFECHA_I": "2016-06-01", "CAIFECHA_F": "2025-12-31", "CAIEST_PRO": "Terminado", "CAIINTERV_": "02", "CAIDIR_SIT": "CL 9 78C 14", "CAICOD_SIT": 0, "CAITEQUIPA": "Justicia", "CAIEASOCIA": "No Aplica", "CAIFUNCION": "Coercion", "CAISERVICI": "Unidad policial con recursos humanos y materiales asignados a una jurisdicción, que en forma organizada con la comunidad y a través de la instrucción permanente, busca la solución de problemas de seguridad, con el objetivo de fraternizar y unir la po", "CAIIUUPLOC": "UPL13", "CAIIUCAINM": "E08C03" }, "geometry": { "type": "Point", "coordinates": [ -74.141182383999933, 4.642364849000103 ] } },
{ "type": "Feature", "properties": { "CAIDESCRIP": "CAI Tintal", "CAIHORARIO": "24 horas - lunes a domingo", "CAITELEFON": "3134070555", "CAIIULOCAL": "08", "CAICELECTR": "mebog.e8@policia.gov.co", "CAICONTACT": "Policía Nacional", "CAIPWEB": "https://www.policia.gov.co/bogota/directorio", "CAINOMBRE": "Tintal", "CAIFECHA_C": "2025-12-31", "CAICOD_PLA": 5, "CAICOD_PRO": "7507", "CAIANIO_GE": 2023, "CAIFECHA_I": "2016-06-01", "CAIFECHA_F": "2025-12-31", "CAIEST_PRO": "Terminado", "CAIINTERV_": "02", "CAIDIR_SIT": "CL 6D KR 87A", "CAICOD_SIT": 0, "CAITEQUIPA": "Justicia", "CAIEASOCIA": "No Aplica", "CAIFUNCION": "Coercion", "CAISERVICI": "Unidad policial con recursos humanos y materiales asignados a una jurisdicción, que en forma organizada con la comunidad y a través de la instrucción permanente, busca la solución de problemas de seguridad, con el objetivo de fraternizar y unir la po", "CAIIUUPLOC": "UPL13", "CAIIUCAINM": "E08C13" }, "geometry": { "type": "Point", "coordinates": [ -74.154615901999989, 4.644828296000071 ] } },
{ "type": "Feature", "properties": { "CAIDESCRIP": "CAI Patio Bonito", "CAIHORARIO": "24 horas - lunes a domingo", "CAITELEFON": "3195296462", "CAIIULOCAL": "08", "CAICELECTR": "mebog.e8@policia.gov.co", "CAICONTACT": "Policía Nacional", "CAIPWEB": "https://www.policia.gov.co/bogota/directorio", "CAINOMBRE": "Patio Bonito", "CAIFECHA_C": "2025-12-31", "CAICOD_PLA": 5, "CAICOD_PRO": "7507", "CAIANIO_GE": 2023, "CAIFECHA_I": "2016-06-01", "CAIFECHA_F": "2025-12-31", "CAIEST_PRO": "Terminado", "CAIINTERV_": "02", "CAIDIR_SIT": "KR 87 CL 26 SUR", "CAICOD_SIT": 0, "CAITEQUIPA": "Justicia", "CAIEASOCIA": "No Aplica", "CAIFUNCION": "Coercion", "CAISERVICI": "Unidad policial con recursos humanos y materiales asignados a una jurisdicción, que en forma organizada con la comunidad y a través de la instrucción permanente, busca la solución de problemas de seguridad, con el objetivo de fraternizar y unir la po", "CAIIUUPLOC": "UPL14", "CAIIUCAINM": "E08C08" }, "geometry": { "type": "Point", "coordinates": [ -74.161127024999928, 4.639021968 ] } },
{ "type": "Feature", "properties": { "CAIDESCRIP": "CAI Caldas", "CAIHORARIO": "24 horas - lunes a domingo", "CAITELEFON": "3105812915", "CAIIULOCAL": "08", "CAICELECTR": "mebog.e8@policia.gov.co", "CAICONTACT": "Policía Nacional", "CAIPWEB": "https://www.policia.gov.co/bogota/directorio", "CAINOMBRE": "Caldas", "CAIFECHA_C": "2025-12-31", "CAICOD_PLA": 5, "CAICOD_PRO": "7507", "CAIANIO_GE": 2023, "CAIFECHA_I": "2016-06-01", "CAIFECHA_F": "2025-12-31", "CAIEST_PRO": "Terminado", "CAIINTERV_": "02", "CAIDIR_SIT": "TV 80G DG 38 SUR", "CAICOD_SIT": 0, "CAITEQUIPA": "Justicia", "CAIEASOCIA": "No Aplica", "CAIFUNCION": "Coercion", "CAISERVICI": "Unidad policial con recursos humanos y materiales asignados a una jurisdicción, que en forma organizada con la comunidad y a través de la instrucción permanente, busca la solución de problemas de seguridad, con el objetivo de fraternizar y unir la po", "CAIIUUPLOC": "UPL14", "CAIIUCAINM": "E08C02" }, "geometry": { "type": "Point", "coordinates": [ -74.155584913999974, 4.633065666000107 ] } },
{ "type": "Feature", "properties": { "CAIDESCRIP": "CAI Britalia", "CAIHORARIO": "24 horas - lunes a domingo", "CAITELEFON": "3105375816", "CAIIULOCAL": "08", "CAICELECTR": "mebog.e8@policia.gov.co", "CAICONTACT": "Policía Nacional", "CAIPWEB": "https://www.policia.gov.co/bogota/directorio", "CAINOMBRE": "Britalia", "CAIFECHA_C": "2025-12-31", "CAICOD_PLA": 5, "CAICOD_PRO": "7507", "CAIANIO_GE": 2023, "CAIFECHA_I": "2016-06-01", "CAIFECHA_F": "2025-12-31", "CAIEST_PRO": "Terminado", "CAIINTERV_": "02", "CAIDIR_SIT": "CL 46 SUR 80D 63", "CAICOD_SIT": 0, "CAITEQUIPA": "Justicia", "CAIEASOCIA": "No Aplica", "CAIFUNCION": "Coercion", "CAISERVICI": "Unidad policial con recursos humanos y materiales asignados a una jurisdicción, que en forma organizada con la comunidad y a través de la instrucción permanente, busca la solución de problemas de seguridad, con el objetivo de fraternizar y unir la po", "CAIIUUPLOC": "UPL16", "CAIIUCAINM": "E08C01" }, "geometry": { "type": "Point", "coordinates": [ -74.169153180000023, 4.621017919000053 ] } },
{ "type": "Feature", "properties": { "CAIDESCRIP": "CAI Roma", "CAIHORARIO": "24 horas - lunes a domingo", "CAITELEFON": "3135735383", "CAIIULOCAL": "08", "CAICELECTR": "mebog.e8@policia.gov.co", "CAICONTACT": "Policía Nacional", "CAIPWEB": "https://www.policia.gov.co/bogota/directorio", "CAINOMBRE": "Roma", "CAIFECHA_C": "2025-12-31", "CAICOD_PLA": 5, "CAICOD_PRO": "7507", "CAIANIO_GE": 2023, "CAIFECHA_I": "2016-06-01", "CAIFECHA_F": "2025-12-31", "CAIEST_PRO": "Terminado", "CAIINTERV_": "02", "CAIDIR_SIT": "AK 80 DG 55A SUR", "CAICOD_SIT": 0, "CAITEQUIPA": "Justicia", "CAIEASOCIA": "No Aplica", "CAIFUNCION": "Coercion", "CAISERVICI": "Unidad policial con recursos humanos y materiales asignados a una jurisdicción, que en forma organizada con la comunidad y a través de la instrucción permanente, busca la solución de problemas de seguridad, con el objetivo de fraternizar y unir la po", "CAIIUUPLOC": "UPL17", "CAIIUCAINM": "E08C09" }, "geometry": { "type": "Point", "coordinates": [ -74.175602497999932, 4.61343683900003 ] } },
{ "type": "Feature", "properties": { "CAIDESCRIP": "CAI Socorro", "CAIHORARIO": "24 horas - lunes a domingo", "CAITELEFON": "3135676992", "CAIIULOCAL": "08", "CAICELECTR": "mebog.e8@policia.gov.co", "CAICONTACT": "Policía Nacional", "CAIPWEB": "https://www.policia.gov.co/bogota/directorio", "CAINOMBRE": "Socorro", "CAIFECHA_C": "2025-12-31", "CAICOD_PLA": 5, "CAICOD_PRO": "7507", "CAIANIO_GE": 2023, "CAIFECHA_I": "2016-06-01", "CAIFECHA_F": "2025-12-31", "CAIEST_PRO": "Terminado", "CAIINTERV_": "02", "CAIDIR_SIT": "CL 49 SUR 77P 52", "CAICOD_SIT": 0, "CAITEQUIPA": "Justicia", "CAIEASOCIA": "No Aplica", "CAIFUNCION": "Coercion", "CAISERVICI": "Unidad policial con recursos humanos y materiales asignados a una jurisdicción, que en forma organizada con la comunidad y a través de la instrucción permanente, busca la solución de problemas de seguridad, con el objetivo de fraternizar y unir la po", "CAIIUUPLOC": "UPL17", "CAIIUCAINM": "E08C10" }, "geometry": { "type": "Point", "coordinates": [ -74.166074333999916, 4.607960158000139 ] } },
{ "type": "Feature", "properties": { "CAIDESCRIP": "CAI Timiza", "CAIHORARIO": "24 horas - lunes a domingo", "CAITELEFON": "3115220044", "CAIIULOCAL": "08", "CAICELECTR": "mebog.e8@policia.gov.co", "CAICONTACT": "Policía Nacional", "CAIPWEB": "https://www.policia.gov.co/bogota/directorio", "CAINOMBRE": "Timiza", "CAIFECHA_C": "2025-12-31", "CAICOD_PLA": 5, "CAICOD_PRO": "7507", "CAIANIO_GE": 2023, "CAIFECHA_I": "2016-06-01", "CAIFECHA_F": "2025-12-31", "CAIEST_PRO": "Terminado", "CAIINTERV_": "02", "CAIDIR_SIT": "CL 43 SUR KR 73A", "CAICOD_SIT": 0, "CAITEQUIPA": "Justicia", "CAIEASOCIA": "No Aplica", "CAIFUNCION": "Coercion", "CAISERVICI": "Unidad policial con recursos humanos y materiales asignados a una jurisdicción, que en forma organizada con la comunidad y a través de la instrucción permanente, busca la solución de problemas de seguridad, con el objetivo de fraternizar y unir la po", "CAIIUUPLOC": "UPL18", "CAIIUCAINM": "E08C12" }, "geometry": { "type": "Point", "coordinates": [ -74.157839872000011, 4.607683722 ] } },
{ "type": "Feature", "properties": { "CAIDESCRIP": "CAI Villa Claudia", "CAIHORARIO": "24 horas - lunes a domingo", "CAITELEFON": "3195381383", "CAIIULOCAL": "08", "CAICELECTR": "mebog.e8@policia.gov.co", "CAICONTACT": "Policía Nacional", "CAIPWEB": "https://www.policia.gov.co/bogota/directorio", "CAINOMBRE": "Villa Claudia", "CAIFECHA_C": "2025-12-31", "CAICOD_PLA": 5, "CAICOD_PRO": "7507", "CAIANIO_GE": 2023, "CAIFECHA_I": "2016-06-01", "CAIFECHA_F": "2025-12-31", "CAIEST_PRO": "Terminado", "CAIINTERV_": "02", "CAIDIR_SIT": "KR 68I CL 34 SUR", "CAICOD_SIT": 0, "CAITEQUIPA": "Justicia", "CAIEASOCIA": "No Aplica", "CAIFUNCION": "Coercion", "CAISERVICI": "Unidad policial con recursos humanos y materiales asignados a una jurisdicción, que en forma organizada con la comunidad y a través de la instrucción permanente, busca la solución de problemas de seguridad, con el objetivo de fraternizar y unir la po", "CAIIUUPLOC": "UPL18", "CAIIUCAINM": "E08C15" }, "geometry": { "type": "Point", "coordinates": [ -74.135461683000017, 4.609965714 ] } },
{ "type": "Feature", "properties": { "CAIDESCRIP": "CAI Delicias", "CAIHORARIO": "24 horas - lunes a domingo", "CAITELEFON": "6017109606", "CAIIULOCAL": "08", "CAICELECTR": "mebog.e8@policia.gov.co", "CAICONTACT": "Policía Nacional", "CAIPWEB": "https://www.policia.gov.co/bogota/directorio", "CAINOMBRE": "Delicias", "CAIFECHA_C": "2025-12-31", "CAICOD_PLA": 5, "CAICOD_PRO": "7507", "CAIANIO_GE": 2023, "CAIFECHA_I": "2016-06-01", "CAIFECHA_F": "2025-12-31", "CAIEST_PRO": "Terminado", "CAIINTERV_": "02", "CAIDIR_SIT": "AV BOYACA 44 03 SUR", "CAICOD_SIT": 0, "CAITEQUIPA": "Justicia", "CAIEASOCIA": "No Aplica", "CAIFUNCION": "Coercion", "CAISERVICI": "Unidad policial con recursos humanos y materiales asignados a una jurisdicción, que en forma organizada con la comunidad y a través de la instrucción permanente, busca la solución de problemas de seguridad, con el objetivo de fraternizar y unir la po", "CAIIUUPLOC": "UPL18", "CAIIUCAINM": "E08C05" }, "geometry": { "type": "Point", "coordinates": [ -74.145165425000016, 4.599088038000048 ] } },
{ "type": "Feature", "properties": { "CAIDESCRIP": "CAI Techo", "CAIHORARIO": "24 horas - lunes a domingo", "CAITELEFON": "3104197022", "CAIIULOCAL": "08", "CAICELECTR": "mebog.e8@policia.gov.co", "CAICONTACT": "Policía Nacional", "CAIPWEB": "https://www.policia.gov.co/bogota/directorio", "CAINOMBRE": "Techo", "CAIFECHA_C": "2025-12-31", "CAICOD_PLA": 5, "CAICOD_PRO": "7507", "CAIANIO_GE": 2023, "CAIFECHA_I": "2016-06-01", "CAIFECHA_F": "2025-12-31", "CAIEST_PRO": "Terminado", "CAIINTERV_": "02", "CAIDIR_SIT": "KR 78B CL 6 SUR", "CAICOD_SIT": 0, "CAITEQUIPA": "Justicia", "CAIEASOCIA": "No Aplica", "CAIFUNCION": "Coercion", "CAISERVICI": "Unidad policial con recursos humanos y materiales asignados a una jurisdicción, que en forma organizada con la comunidad y a través de la instrucción permanente, busca la solución de problemas de seguridad, con el objetivo de fraternizar y unir la po", "CAIIUUPLOC": "UPL18", "CAIIUCAINM": "E08C11" }, "geometry": { "type": "Point", "coordinates": [ -74.147315, 4.626064 ] } },
{ "type": "Feature", "properties": { "CAIDESCRIP": "CAI Oneida", "CAIHORARIO": "24 horas - lunes a domingo", "CAITELEFON": "3245609465", "CAIIULOCAL": "08", "CAICELECTR": "mebog.e8@policia.gov.co", "CAICONTACT": "Policía Nacional", "CAIPWEB": "https://www.policia.gov.co/bogota/directorio", "CAINOMBRE": "Oneida", "CAIFECHA_C": "2025-12-31", "CAICOD_PLA": 5, "CAICOD_PRO": "7507", "CAIANIO_GE": 2023, "CAIFECHA_I": "2016-06-01", "CAIFECHA_F": "2025-12-31", "CAIEST_PRO": "Terminado", "CAIINTERV_": "02", "CAIDIR_SIT": "AV 1 DE MAYO KR 35B SUR", "CAICOD_SIT": 0, "CAITEQUIPA": "Justicia", "CAIEASOCIA": "No Aplica", "CAIFUNCION": "Coercion", "CAISERVICI": "Unidad policial con recursos humanos y materiales asignados a una jurisdicción, que en forma organizada con la comunidad y a través de la instrucción permanente, busca la solución de problemas de seguridad, con el objetivo de fraternizar y unir la po", "CAIIUUPLOC": "UPL18", "CAIIUCAINM": "E08C06" }, "geometry": { "type": "Point", "coordinates": [ -74.145132770999965, 4.619050450999964 ] } },
{ "type": "Feature", "properties": { "CAIDESCRIP": "CAI Metrovivienda", "CAIHORARIO": "24 horas - lunes a domingo", "CAITELEFON": "3203230403", "CAIIULOCAL": "07", "CAICELECTR": "mebog.e7@policia.gov.co", "CAICONTACT": "Policía Nacional", "CAIPWEB": "https://www.policia.gov.co/bogota/directorio", "CAINOMBRE": "Metrovivienda", "CAIFECHA_C": "2025-12-31", "CAICOD_PLA": 5, "CAICOD_PRO": "7507", "CAIANIO_GE": 2023, "CAIFECHA_I": "2016-06-01", "CAIFECHA_F": "2025-12-31", "CAIEST_PRO": "Terminado", "CAIINTERV_": "02", "CAIDIR_SIT": "KR 97C CL 70A SUR", "CAICOD_SIT": 0, "CAITEQUIPA": "Justicia", "CAIEASOCIA": "No Aplica", "CAIFUNCION": "Coercion", "CAISERVICI": "Unidad policial con recursos humanos y materiales asignados a una jurisdicción, que en forma organizada con la comunidad y a través de la instrucción permanente, busca la solución de problemas de seguridad, con el objetivo de fraternizar y unir la po", "CAIIUUPLOC": "UPL15", "CAIIUCAINM": "E07C06" }, "geometry": { "type": "Point", "coordinates": [ -74.20148229900002, 4.632981692000101 ] } },
{ "type": "Feature", "properties": { "CAIDESCRIP": "CAI La Libertad", "CAIHORARIO": "24 horas - lunes a domingo", "CAITELEFON": "3138016591", "CAIIULOCAL": "07", "CAICELECTR": "mebog.e7@policia.gov.co", "CAICONTACT": "Policía Nacional", "CAIPWEB": "https://www.policia.gov.co/bogota/directorio", "CAINOMBRE": "La Libertad", "CAIFECHA_C": "2025-12-31", "CAICOD_PLA": 5, "CAICOD_PRO": "7507", "CAIANIO_GE": 2023, "CAIFECHA_I": "2016-06-01", "CAIFECHA_F": "2025-12-31", "CAIEST_PRO": "Terminado", "CAIINTERV_": "02", "CAIDIR_SIT": "AC 59C SUR KR 88C", "CAICOD_SIT": 0, "CAITEQUIPA": "Justicia", "CAIEASOCIA": "No Aplica", "CAIFUNCION": "Coercion", "CAISERVICI": "Unidad policial con recursos humanos y materiales asignados a una jurisdicción, que en forma organizada con la comunidad y a través de la instrucción permanente, busca la solución de problemas de seguridad, con el objetivo de fraternizar y unir la po", "CAIIUUPLOC": "UPL16", "CAIIUCAINM": "E07C05" }, "geometry": { "type": "Point", "coordinates": [ -74.191785, 4.626118 ] } },
{ "type": "Feature", "properties": { "CAIDESCRIP": "CAI Brasilia", "CAIHORARIO": "24 horas - lunes a domingo", "CAITELEFON": "3504161440", "CAIIULOCAL": "07", "CAICELECTR": "mebog.e7@policia.gov.co", "CAICONTACT": "Policía Nacional", "CAIPWEB": "https://www.policia.gov.co/bogota/directorio", "CAINOMBRE": "Brasilia", "CAIFECHA_C": "2025-12-31", "CAICOD_PLA": 5, "CAICOD_PRO": "7507", "CAIANIO_GE": 2023, "CAIFECHA_I": "2016-06-01", "CAIFECHA_F": "2025-12-31", "CAIEST_PRO": "Terminado", "CAIINTERV_": "02", "CAIDIR_SIT": "KR 87J CL 49C 25 SUR", "CAICOD_SIT": 0, "CAITEQUIPA": "Justicia", "CAIEASOCIA": "No Aplica", "CAIFUNCION": "Coercion", "CAISERVICI": "Unidad policial con recursos humanos y materiales asignados a una jurisdicción, que en forma organizada con la comunidad y a través de la instrucción permanente, busca la solución de problemas de seguridad, con el objetivo de fraternizar y unir la po", "CAIIUUPLOC": "UPL16", "CAIIUCAINM": "E07C02" }, "geometry": { "type": "Point", "coordinates": [ -74.179136337999864, 4.630057434000037 ] } },
{ "type": "Feature", "properties": { "CAIDESCRIP": "CAI Antonia Santos", "CAIHORARIO": "24 horas - lunes a domingo", "CAITELEFON": "3012978925", "CAIIULOCAL": "07", "CAICELECTR": "mebog.e7@policia.gov.co", "CAICONTACT": "Policía Nacional", "CAIPWEB": "https://www.policia.gov.co/bogota/directorio", "CAINOMBRE": "Antonia Santos", "CAIFECHA_C": "2025-12-31", "CAICOD_PLA": 5, "CAICOD_PRO": "7507", "CAIANIO_GE": 2023, "CAIFECHA_I": "2016-06-01", "CAIFECHA_F": "2025-12-31", "CAIEST_PRO": "Terminado", "CAIINTERV_": "02", "CAIDIR_SIT": "KR 81G CL 63 SUR", "CAICOD_SIT": 0, "CAITEQUIPA": "Justicia", "CAIEASOCIA": "No Aplica", "CAIFUNCION": "Coercion", "CAISERVICI": "Unidad policial con recursos humanos y materiales asignados a una jurisdicción, que en forma organizada con la comunidad y a través de la instrucción permanente, busca la solución de problemas de seguridad, con el objetivo de fraternizar y unir la po", "CAIIUUPLOC": "UPL17", "CAIIUCAINM": "E07C01" }, "geometry": { "type": "Point", "coordinates": [ -74.187222, 4.612973000000125 ] } },
{ "type": "Feature", "properties": { "CAIDESCRIP": "CAI San José", "CAIHORARIO": "24 horas - lunes a domingo", "CAITELEFON": "3213426829", "CAIIULOCAL": "07", "CAICELECTR": "mebog.e7@policia.gov.co", "CAICONTACT": "Policía Nacional", "CAIPWEB": "https://www.policia.gov.co/bogota/directorio", "CAINOMBRE": "San José", "CAIFECHA_C": "2025-12-31", "CAICOD_PLA": 5, "CAICOD_PRO": "7507", "CAIANIO_GE": 2023, "CAIFECHA_I": "2016-06-01", "CAIFECHA_F": "2025-12-31", "CAIEST_PRO": "Terminado", "CAIINTERV_": "02", "CAIDIR_SIT": "CL 80 SUR KR 79A", "CAICOD_SIT": 0, "CAITEQUIPA": "Justicia", "CAIEASOCIA": "No Aplica", "CAIFUNCION": "Coercion", "CAISERVICI": "Unidad policial con recursos humanos y materiales asignados a una jurisdicción, que en forma organizada con la comunidad y a través de la instrucción permanente, busca la solución de problemas de seguridad, con el objetivo de fraternizar y unir la po", "CAIIUUPLOC": "UPL17", "CAIIUCAINM": "E07C08" }, "geometry": { "type": "Point", "coordinates": [ -74.206269453, 4.611150703999954 ] } },
{ "type": "Feature", "properties": { "CAIDESCRIP": "CAI Piamonte", "CAIHORARIO": "24 horas - lunes a domingo", "CAITELEFON": "3202765298", "CAIIULOCAL": "07", "CAICELECTR": "mebog.e7@policia.gov.co", "CAICONTACT": "Policía Nacional", "CAIPWEB": "https://www.policia.gov.co/bogota/directorio", "CAINOMBRE": "Piamonte", "CAIFECHA_C": "2025-12-31", "CAICOD_PLA": 5, "CAICOD_PRO": "7507", "CAIANIO_GE": 2023, "CAIFECHA_I": "2016-06-01", "CAIFECHA_F": "2025-12-31", "CAIEST_PRO": "Terminado", "CAIINTERV_": "02", "CAIDIR_SIT": "KR 78C 69B 19 SUR", "CAICOD_SIT": 0, "CAITEQUIPA": "Justicia", "CAIEASOCIA": "No Aplica", "CAIFUNCION": "Coercion", "CAISERVICI": "Unidad policial con recursos humanos y materiales asignados a una jurisdicción, que en forma organizada con la comunidad y a través de la instrucción permanente, busca la solución de problemas de seguridad, con el objetivo de fraternizar y unir la po", "CAIIUUPLOC": "UPL17", "CAIIUCAINM": "E07C07" }, "geometry": { "type": "Point", "coordinates": [ -74.190294517999916, 4.602235361000112 ] } },
{ "type": "Feature", "properties": { "CAIDESCRIP": "CAI Laureles", "CAIHORARIO": "24 horas - lunes a domingo", "CAITELEFON": "3102397847", "CAIIULOCAL": "07", "CAICELECTR": "mebog.e7@policia.gov.co", "CAICONTACT": "Policía Nacional", "CAIPWEB": "https://www.policia.gov.co/bogota/directorio", "CAINOMBRE": "Laureles", "CAIFECHA_C": "2025-12-31", "CAICOD_PLA": 5, "CAICOD_PRO": "7507", "CAIANIO_GE": 2023, "CAIFECHA_I": "2016-06-01", "CAIFECHA_F": "2025-12-31", "CAIEST_PRO": "Terminado", "CAIINTERV_": "02", "CAIDIR_SIT": "KR 80J CL 72C SUR", "CAICOD_SIT": 0, "CAITEQUIPA": "Justicia", "CAIEASOCIA": "No Aplica", "CAIFUNCION": "Coercion", "CAISERVICI": "Unidad policial con recursos humanos y materiales asignados a una jurisdicción, que en forma organizada con la comunidad y a través de la instrucción permanente, busca la solución de problemas de seguridad, con el objetivo de fraternizar y unir la po", "CAIIUUPLOC": "UPL17", "CAIIUCAINM": "E07C04" }, "geometry": { "type": "Point", "coordinates": [ -74.197529761999931, 4.608149914000023 ] } },
{ "type": "Feature", "properties": { "CAIDESCRIP": "CAI La Estación", "CAIHORARIO": "24 horas - lunes a domingo", "CAITELEFON": "3187276454", "CAIIULOCAL": "07", "CAICELECTR": "mebog.e7@policia.gov.co", "CAICONTACT": "Policía Nacional", "CAIPWEB": "https://www.policia.gov.co/bogota/directorio", "CAINOMBRE": "La Estación", "CAIFECHA_C": "2025-12-31", "CAICOD_PLA": 5, "CAICOD_PRO": "7507", "CAIANIO_GE": 2023, "CAIFECHA_I": "2016-06-01", "CAIFECHA_F": "2025-12-31", "CAIEST_PRO": "Terminado", "CAIINTERV_": "02", "CAIDIR_SIT": "AUTOPISTA SUR 63 09 SUR", "CAICOD_SIT": 0, "CAITEQUIPA": "Justicia", "CAIEASOCIA": "No Aplica", "CAIFUNCION": "Coercion", "CAISERVICI": "Unidad policial con recursos humanos y materiales asignados a una jurisdicción, que en forma organizada con la comunidad y a través de la instrucción permanente, busca la solución de problemas de seguridad, con el objetivo de fraternizar y unir la po", "CAIIUUPLOC": "UPL17", "CAIIUCAINM": "E07C03" }, "geometry": { "type": "Point", "coordinates": [ -74.180082866000021, 4.597350625999979 ] } },
{ "type": "Feature", "properties": { "CAIDESCRIP": "CAI Villa del Rio", "CAIHORARIO": "24 horas - lunes a domingo", "CAITELEFON": "3217780737", "CAIIULOCAL": "07", "CAICELECTR": "mebog.e7@policia.gov.co", "CAICONTACT": "Policía Nacional", "CAIPWEB": "https://www.policia.gov.co/bogota/directorio", "CAINOMBRE": "Villa del Río", "CAIFECHA_C": "2025-12-31", "CAICOD_PLA": 5, "CAICOD_PRO": "7507", "CAIANIO_GE": 2023, "CAIFECHA_I": "2016-06-01", "CAIFECHA_F": "2025-12-31", "CAIEST_PRO": "Terminado", "CAIINTERV_": "02", "CAIDIR_SIT": "CL 57B SUR AV CIUDAD DE VILLAVICENCIO", "CAICOD_SIT": 0, "CAITEQUIPA": "Justicia", "CAIEASOCIA": "No Aplica", "CAIFUNCION": "Coercion", "CAISERVICI": "Unidad policial con recursos humanos y materiales asignados a una jurisdicción, que en forma organizada con la comunidad y a través de la instrucción permanente, busca la solución de problemas de seguridad, con el objetivo de fraternizar y unir la po", "CAIIUUPLOC": "UPL17", "CAIIUCAINM": "E07C09" }, "geometry": { "type": "Point", "coordinates": [ -74.162497290999909, 4.599805036000021 ] } },
{ "type": "Feature", "properties": { "CAIDESCRIP": "CAI Claret", "CAIHORARIO": "24 horas - lunes a domingo", "CAITELEFON": "3505645524", "CAIIULOCAL": "18", "CAICELECTR": "mebog.e18@policia.gov.co", "CAICONTACT": "Policía Nacional", "CAIPWEB": "https://www.policia.gov.co/bogota/directorio", "CAINOMBRE": "Claret", "CAIFECHA_C": "2025-12-31", "CAICOD_PLA": 5, "CAICOD_PRO": "7507", "CAIANIO_GE": 2023, "CAIFECHA_I": "2016-06-01", "CAIFECHA_F": "2025-12-31", "CAIEST_PRO": "Terminado", "CAIINTERV_": "02", "CAIDIR_SIT": "AC 44 SUR KR 27", "CAICOD_SIT": 0, "CAITEQUIPA": "Justicia", "CAIEASOCIA": "No Aplica", "CAIFUNCION": "Coercion", "CAISERVICI": "Unidad policial con recursos humanos y materiales asignados a una jurisdicción, que en forma organizada con la comunidad y a través de la instrucción permanente, busca la solución de problemas de seguridad, con el objetivo de fraternizar y unir la po", "CAIIUUPLOC": "UPL22", "CAIIUCAINM": "E18C01" }, "geometry": { "type": "Point", "coordinates": [ -74.127269, 4.583296 ] } },
{ "type": "Feature", "properties": { "CAIDESCRIP": "CAI San Jorge", "CAIHORARIO": "24 horas - lunes a domingo", "CAITELEFON": "3023589287", "CAIIULOCAL": "18", "CAICELECTR": "mebog.e18@policia.gov.co", "CAICONTACT": "Policía Nacional", "CAIPWEB": "https://www.policia.gov.co/bogota/directorio", "CAINOMBRE": "San Jorge", "CAIFECHA_C": "2025-12-31", "CAICOD_PLA": 5, "CAICOD_PRO": "7507", "CAIANIO_GE": 2023, "CAIFECHA_I": "2016-06-01", "CAIFECHA_F": "2025-12-31", "CAIEST_PRO": "Terminado", "CAIINTERV_": "02", "CAIDIR_SIT": "DG 45F SUR 13G 40", "CAICOD_SIT": 0, "CAITEQUIPA": "Justicia", "CAIEASOCIA": "No Aplica", "CAIFUNCION": "Coercion", "CAISERVICI": "Unidad policial con recursos humanos y materiales asignados a una jurisdicción, que en forma organizada con la comunidad y a través de la instrucción permanente, busca la solución de problemas de seguridad, con el objetivo de fraternizar y unir la po", "CAIIUUPLOC": "UPL20", "CAIIUCAINM": "E18C08" }, "geometry": { "type": "Point", "coordinates": [ -74.12179505, 4.569500895999965 ] } },
{ "type": "Feature", "properties": { "CAIDESCRIP": "CAI Lomas", "CAIHORARIO": "24 horas - lunes a domingo", "CAITELEFON": "3204455042", "CAIIULOCAL": "18", "CAICELECTR": "mebog.e18@policia.gov.co", "CAICONTACT": "Policía Nacional", "CAIPWEB": "https://www.policia.gov.co/bogota/directorio", "CAINOMBRE": "Lomas", "CAIFECHA_C": "2025-12-31", "CAICOD_PLA": 5, "CAICOD_PRO": "7507", "CAIANIO_GE": 2023, "CAIFECHA_I": "2016-06-01", "CAIFECHA_F": "2025-12-31", "CAIEST_PRO": "Terminado", "CAIINTERV_": "02", "CAIDIR_SIT": "KR 9G 37 90", "CAICOD_SIT": 0, "CAITEQUIPA": "Justicia", "CAIEASOCIA": "No Aplica", "CAIFUNCION": "Coercion", "CAISERVICI": "Unidad policial con recursos humanos y materiales asignados a una jurisdicción, que en forma organizada con la comunidad y a través de la instrucción permanente, busca la solución de problemas de seguridad, con el objetivo de fraternizar y unir la po", "CAIIUUPLOC": "UPL20", "CAIIUCAINM": "E18C05" }, "geometry": { "type": "Point", "coordinates": [ -74.107209211, 4.564102598999966 ] } },
{ "type": "Feature", "properties": { "CAIDESCRIP": "CAI Los Molinos", "CAIHORARIO": "24 horas - lunes a domingo", "CAITELEFON": "3013221938", "CAIIULOCAL": "18", "CAICELECTR": "mebog.e18@policia.gov.co", "CAICONTACT": "Policía Nacional", "CAIPWEB": "https://www.policia.gov.co/bogota/directorio", "CAINOMBRE": "Los Molinos", "CAIFECHA_C": "2025-12-31", "CAICOD_PLA": 5, "CAICOD_PRO": "7507", "CAIANIO_GE": 2023, "CAIFECHA_I": "2016-06-01", "CAIFECHA_F": "2025-12-31", "CAIEST_PRO": "Terminado", "CAIINTERV_": "02", "CAIDIR_SIT": "KR 5U CL 49D BIS SUR", "CAICOD_SIT": 0, "CAITEQUIPA": "Justicia", "CAIEASOCIA": "No Aplica", "CAIFUNCION": "Coercion", "CAISERVICI": "Unidad policial con recursos humanos y materiales asignados a una jurisdicción, que en forma organizada con la comunidad y a través de la instrucción permanente, busca la solución de problemas de seguridad, con el objetivo de fraternizar y unir la po", "CAIIUUPLOC": "UPL20", "CAIIUCAINM": "E18C06" }, "geometry": { "type": "Point", "coordinates": [ -74.117640545999961, 4.555026301000055 ] } },
{ "type": "Feature", "properties": { "CAIDESCRIP": "CAI Diana Turbay", "CAIHORARIO": "24 horas - lunes a domingo", "CAITELEFON": "3007815456", "CAIIULOCAL": "18", "CAICELECTR": "mebog.e18@policia.gov.co", "CAICONTACT": "Policía Nacional", "CAIPWEB": "https://www.policia.gov.co/bogota/directorio", "CAINOMBRE": "Diana Turbay", "CAIFECHA_C": "2025-12-31", "CAICOD_PLA": 5, "CAICOD_PRO": "7507", "CAIANIO_GE": 2023, "CAIFECHA_I": "2016-06-01", "CAIFECHA_F": "2025-12-31", "CAIEST_PRO": "Terminado", "CAIINTERV_": "02", "CAIDIR_SIT": "CL 48X SUR KR 1", "CAICOD_SIT": 0, "CAITEQUIPA": "Justicia", "CAIEASOCIA": "No Aplica", "CAIFUNCION": "Coercion", "CAISERVICI": "Unidad policial con recursos humanos y materiales asignados a una jurisdicción, que en forma organizada con la comunidad y a través de la instrucción permanente, busca la solución de problemas de seguridad, con el objetivo de fraternizar y unir la po", "CAIIUUPLOC": "UPL20", "CAIIUCAINM": "E18C03" }, "geometry": { "type": "Point", "coordinates": [ -74.105634668, 4.545396636000078 ] } },
{ "type": "Feature", "properties": { "CAIDESCRIP": "CAI Palermo Sur", "CAIHORARIO": "24 horas - lunes a domingo", "CAITELEFON": "3168103987", "CAIIULOCAL": "18", "CAICELECTR": "mebog.e18@policia.gov.co", "CAICONTACT": "Policía Nacional", "CAIPWEB": "https://www.policia.gov.co/bogota/directorio", "CAINOMBRE": "Palermo Sur", "CAIFECHA_C": "2025-12-31", "CAICOD_PLA": 5, "CAICOD_PRO": "7507", "CAIANIO_GE": 2023, "CAIFECHA_I": "2016-06-01", "CAIFECHA_F": "2025-12-31", "CAIEST_PRO": "Terminado", "CAIINTERV_": "02", "CAIDIR_SIT": "TV 2D BIS CL 52 SUR", "CAICOD_SIT": 0, "CAITEQUIPA": "Justicia", "CAIEASOCIA": "No Aplica", "CAIFUNCION": "Coercion", "CAISERVICI": "Unidad policial con recursos humanos y materiales asignados a una jurisdicción, que en forma organizada con la comunidad y a través de la instrucción permanente, busca la solución de problemas de seguridad, con el objetivo de fraternizar y unir la po", "CAIIUUPLOC": "UPL20", "CAIIUCAINM": "E18C07" }, "geometry": { "type": "Point", "coordinates": [ -74.110639456999934, 4.542212990999985 ] } },
{ "type": "Feature", "properties": { "CAIDESCRIP": "CAI Venecia", "CAIHORARIO": "24 horas - lunes a domingo", "CAITELEFON": "3115417845", "CAIIULOCAL": "06", "CAICELECTR": "mebog.e6@policia.gov.co", "CAICONTACT": "Policía Nacional", "CAIPWEB": "https://www.policia.gov.co/bogota/directorio", "CAINOMBRE": "Venecia", "CAIFECHA_C": "2025-12-31", "CAICOD_PLA": 5, "CAICOD_PRO": "7507", "CAIANIO_GE": 2023, "CAIFECHA_I": "2016-06-01", "CAIFECHA_F": "2025-12-31", "CAIEST_PRO": "Terminado", "CAIINTERV_": "02", "CAIDIR_SIT": "TV 44 DG 50B SUR", "CAICOD_SIT": 0, "CAITEQUIPA": "Justicia", "CAIEASOCIA": "No Aplica", "CAIFUNCION": "Coercion", "CAISERVICI": "Unidad policial con recursos humanos y materiales asignados a una jurisdicción, que en forma organizada con la comunidad y a través de la instrucción permanente, busca la solución de problemas de seguridad, con el objetivo de fraternizar y unir la po", "CAIIUUPLOC": "UPL19", "CAIIUCAINM": "E06C03" }, "geometry": { "type": "Point", "coordinates": [ -74.138398169999959, 4.589971289999937 ] } },
{ "type": "Feature", "properties": { "CAIDESCRIP": "CAI Tunal", "CAIHORARIO": "24 horas - lunes a domingo", "CAITELEFON": "3052912972", "CAIIULOCAL": "06", "CAICELECTR": "mebog.e6@policia.gov.co", "CAICONTACT": "Policía Nacional", "CAIPWEB": "https://www.policia.gov.co/bogota/directorio", "CAINOMBRE": "Tunal", "CAIFECHA_C": "2025-12-31", "CAICOD_PLA": 5, "CAICOD_PRO": "7507", "CAIANIO_GE": 2023, "CAIFECHA_I": "2016-06-01", "CAIFECHA_F": "2025-12-31", "CAIEST_PRO": "Terminado", "CAIINTERV_": "02", "CAIDIR_SIT": "AK 24 CL 48C SUR", "CAICOD_SIT": 0, "CAITEQUIPA": "Justicia", "CAIEASOCIA": "No Aplica", "CAIFUNCION": "Coercion", "CAISERVICI": "Unidad policial con recursos humanos y materiales asignados a una jurisdicción, que en forma organizada con la comunidad y a través de la instrucción permanente, busca la solución de problemas de seguridad, con el objetivo de fraternizar y unir la po", "CAIIUUPLOC": "UPL19", "CAIIUCAINM": "E06C02" }, "geometry": { "type": "Point", "coordinates": [ -74.130474041000014, 4.576634288000093 ] } },
{ "type": "Feature", "properties": { "CAIDESCRIP": "CAI San Carlos", "CAIHORARIO": "24 horas - lunes a domingo", "CAITELEFON": "3143257135", "CAIIULOCAL": "06", "CAICELECTR": "mebog.e6@policia.gov.co", "CAICONTACT": "Policía Nacional", "CAIPWEB": "https://www.policia.gov.co/bogota/directorio", "CAINOMBRE": "San Carlos", "CAIFECHA_C": "2025-12-31", "CAICOD_PLA": 5, "CAICOD_PRO": "7507", "CAIANIO_GE": 2023, "CAIFECHA_I": "2016-06-01", "CAIFECHA_F": "2025-12-31", "CAIEST_PRO": "Terminado", "CAIINTERV_": "02", "CAIDIR_SIT": "DG 51 SUR 18 A 40", "CAICOD_SIT": 0, "CAITEQUIPA": "Justicia", "CAIEASOCIA": "No Aplica", "CAIFUNCION": "Coercion", "CAISERVICI": "Unidad policial con recursos humanos y materiales asignados a una jurisdicción, que en forma organizada con la comunidad y a través de la instrucción permanente, busca la solución de problemas de seguridad, con el objetivo de fraternizar y unir la po", "CAIIUUPLOC": "UPL19", "CAIIUCAINM": "E06C01" }, "geometry": { "type": "Point", "coordinates": [ -74.129692267999985, 4.567298780000044 ] } },
{ "type": "Feature", "properties": { "CAIDESCRIP": "CAI Distrital", "CAIHORARIO": "24 horas - lunes a domingo", "CAITELEFON": "3173488350", "CAIIULOCAL": "04", "CAICELECTR": "mebog.e4@policia.gov.co", "CAICONTACT": "Policía Nacional", "CAIPWEB": "https://www.policia.gov.co/bogota/directorio", "CAINOMBRE": "Distrital", "CAIFECHA_C": "2025-12-31", "CAICOD_PLA": 5, "CAICOD_PRO": "7507", "CAIANIO_GE": 2023, "CAIFECHA_I": "2016-06-01", "CAIFECHA_F": "2025-12-31", "CAIEST_PRO": "Terminado", "CAIINTERV_": "02", "CAIDIR_SIT": "CL 1C SUR KR 8", "CAICOD_SIT": 0, "CAITEQUIPA": "Justicia", "CAIEASOCIA": "No Aplica", "CAIFUNCION": "Coercion", "CAISERVICI": "Unidad policial con recursos humanos y materiales asignados a una jurisdicción, que en forma organizada con la comunidad y a través de la instrucción permanente, busca la solución de problemas de seguridad, con el objetivo de fraternizar y unir la po", "CAIIUUPLOC": "UPL21", "CAIIUCAINM": "E04C03" }, "geometry": { "type": "Point", "coordinates": [ -74.084550584999988, 4.585620655000127 ] } },
{ "type": "Feature", "properties": { "CAIDESCRIP": "CAI Villa Nidia", "CAIHORARIO": "24 horas - lunes a domingo", "CAITELEFON": "3504884036", "CAIIULOCAL": "01", "CAICELECTR": "mebog.e1@policia.gov.co", "CAICONTACT": "Policía Nacional", "CAIPWEB": "https://www.policia.gov.co/bogota/directorio", "CAINOMBRE": "Villa Nidia", "CAIFECHA_C": "2025-12-31", "CAICOD_PLA": 5, "CAICOD_PRO": "7507", "CAIANIO_GE": 2023, "CAIFECHA_I": "2016-06-01", "CAIFECHA_F": "2025-12-31", "CAIEST_PRO": "Terminado", "CAIINTERV_": "02", "CAIDIR_SIT": "CL 163A 6A 25", "CAICOD_SIT": 0, "CAITEQUIPA": "Justicia", "CAIEASOCIA": "No Aplica", "CAIFUNCION": "Coercion", "CAISERVICI": "Unidad policial con recursos humanos y materiales asignados a una jurisdicción, que en forma organizada con la comunidad y a través de la instrucción permanente, busca la solución de problemas de seguridad, con el objetivo de fraternizar y unir la po", "CAIIUUPLOC": "UPL26", "CAIIUCAINM": "E01C08" }, "geometry": { "type": "Point", "coordinates": [ -74.022570675999987, 4.737775389999968 ] } },
{ "type": "Feature", "properties": { "CAIDESCRIP": "CAI Toberín", "CAIHORARIO": "24 horas - lunes a domingo", "CAITELEFON": "3222087457", "CAIIULOCAL": "01", "CAICELECTR": "mebog.e1@policia.gov.co", "CAICONTACT": "Policía Nacional", "CAIPWEB": "https://www.policia.gov.co/bogota/directorio", "CAINOMBRE": "Toberín", "CAIFECHA_C": "2025-12-31", "CAICOD_PLA": 5, "CAICOD_PRO": "7507", "CAIANIO_GE": 2023, "CAIFECHA_I": "2016-06-01", "CAIFECHA_F": "2025-12-31", "CAIEST_PRO": "Terminado", "CAIINTERV_": "02", "CAIDIR_SIT": "CL 164 KR 16C", "CAICOD_SIT": 0, "CAITEQUIPA": "Justicia", "CAIEASOCIA": "No Aplica", "CAIFUNCION": "Coercion", "CAISERVICI": "Unidad policial con recursos humanos y materiales asignados a una jurisdicción, que en forma organizada con la comunidad y a través de la instrucción permanente, busca la solución de problemas de seguridad, con el objetivo de fraternizar y unir la po", "CAIIUUPLOC": "UPL26", "CAIIUCAINM": "E01C06" }, "geometry": { "type": "Point", "coordinates": [ -74.039695501999915, 4.743689637000045 ] } },
{ "type": "Feature", "properties": { "CAIDESCRIP": "CAI Contador", "CAIHORARIO": "24 horas - lunes a domingo", "CAITELEFON": "3148671231", "CAIIULOCAL": "01", "CAICELECTR": "mebog.e1@policia.gov.co", "CAICONTACT": "Policía Nacional", "CAIPWEB": "https://www.policia.gov.co/bogota/directorio", "CAINOMBRE": "Contador", "CAIFECHA_C": "2025-12-31", "CAICOD_PLA": 5, "CAICOD_PRO": "7507", "CAIANIO_GE": 2023, "CAIFECHA_I": "2016-06-01", "CAIFECHA_F": "2025-12-31", "CAIEST_PRO": "Terminado", "CAIINTERV_": "02", "CAIDIR_SIT": "AK 19 136 31", "CAICOD_SIT": 0, "CAITEQUIPA": "Justicia", "CAIEASOCIA": "No Aplica", "CAIFUNCION": "Coercion", "CAISERVICI": "Unidad policial con recursos humanos y materiales asignados a una jurisdicción, que en forma organizada con la comunidad y a través de la instrucción permanente, busca la solución de problemas de seguridad, con el objetivo de fraternizar y unir la po", "CAIIUUPLOC": "UPL25", "CAIIUCAINM": "E01C01" }, "geometry": { "type": "Point", "coordinates": [ -74.046903035999946, 4.72061342100011 ] } },
{ "type": "Feature", "properties": { "CAIDESCRIP": "CAI Navarra", "CAIHORARIO": "24 horas - lunes a domingo", "CAITELEFON": "3148671231", "CAIIULOCAL": "01", "CAICELECTR": "mebog.e1@policia.gov.co", "CAICONTACT": "Policía Nacional", "CAIPWEB": "https://www.policia.gov.co/bogota/directorio", "CAINOMBRE": "Navarra", "CAIFECHA_C": "2025-12-31", "CAICOD_PLA": 5, "CAICOD_PRO": "7507", "CAIANIO_GE": 2023, "CAIFECHA_I": "2016-06-01", "CAIFECHA_F": "2025-12-31", "CAIEST_PRO": "Terminado", "CAIINTERV_": "02", "CAIDIR_SIT": "AUTOPISTA NORTE 106B 96", "CAICOD_SIT": 0, "CAITEQUIPA": "Justicia", "CAIEASOCIA": "No Aplica", "CAIFUNCION": "Coercion", "CAISERVICI": "Unidad policial con recursos humanos y materiales asignados a una jurisdicción, que en forma organizada con la comunidad y a través de la instrucción permanente, busca la solución de problemas de seguridad, con el objetivo de fraternizar y unir la po", "CAIIUUPLOC": "UPL25", "CAIIUCAINM": "E01C04" }, "geometry": { "type": "Point", "coordinates": [ -74.055252347000021, 4.695586175000074 ] } },
{ "type": "Feature", "properties": { "CAIDESCRIP": "CAI Unicentro", "CAIHORARIO": "24 horas - lunes a domingo", "CAITELEFON": "3175112473", "CAIIULOCAL": "01", "CAICELECTR": "mebog.e1@policia.gov.co", "CAICONTACT": "Policía Nacional", "CAIPWEB": "https://www.policia.gov.co/bogota/directorio", "CAINOMBRE": "Unicentro", "CAIFECHA_C": "2025-12-31", "CAICOD_PLA": 5, "CAICOD_PRO": "7507", "CAIANIO_GE": 2023, "CAIFECHA_I": "2016-06-01", "CAIFECHA_F": "2025-12-31", "CAIEST_PRO": "Terminado", "CAIINTERV_": "02", "CAIDIR_SIT": "CL 122 20 15", "CAICOD_SIT": 0, "CAITEQUIPA": "Justicia", "CAIEASOCIA": "No Aplica", "CAIFUNCION": "Coercion", "CAISERVICI": "Unidad policial con recursos humanos y materiales asignados a una jurisdicción, que en forma organizada con la comunidad y a través de la instrucción permanente, busca la solución de problemas de seguridad, con el objetivo de fraternizar y unir la po", "CAIIUUPLOC": "UPL25", "CAIIUCAINM": "E01C07" }, "geometry": { "type": "Point", "coordinates": [ -74.051274, 4.702021 ] } },
{ "type": "Feature", "properties": { "CAIDESCRIP": "CAI Santa Bárbara", "CAIHORARIO": "24 horas - lunes a domingo", "CAITELEFON": "3115158664", "CAIIULOCAL": "01", "CAICELECTR": "mebog.e1@policia.gov.co", "CAICONTACT": "Policía Nacional", "CAIPWEB": "https://www.policia.gov.co/bogota/directorio", "CAINOMBRE": "Santa Bárbara", "CAIFECHA_C": "2025-12-31", "CAICOD_PLA": 5, "CAICOD_PRO": "7507", "CAIANIO_GE": 2023, "CAIFECHA_I": "2016-06-01", "CAIFECHA_F": "2025-12-31", "CAIEST_PRO": "Terminado", "CAIINTERV_": "02", "CAIDIR_SIT": "KR 6 CL 116", "CAICOD_SIT": 0, "CAITEQUIPA": "Justicia", "CAIEASOCIA": "No Aplica", "CAIFUNCION": "Coercion", "CAISERVICI": "Unidad policial con recursos humanos y materiales asignados a una jurisdicción, que en forma organizada con la comunidad y a través de la instrucción permanente, busca la solución de problemas de seguridad, con el objetivo de fraternizar y unir la po", "CAIIUUPLOC": "UPL25", "CAIIUCAINM": "E01C05" }, "geometry": { "type": "Point", "coordinates": [ -74.031285811999965, 4.693112887000041 ] } },
{ "type": "Feature", "properties": { "CAIDESCRIP": "CAI La Calera", "CAIHORARIO": "24 horas - lunes a domingo", "CAITELEFON": "3102806149", "CAIIULOCAL": "02", "CAICELECTR": "mebog.e2@policia.gov.co", "CAICONTACT": "Policía Nacional", "CAIPWEB": "https://www.policia.gov.co/bogota/directorio", "CAINOMBRE": "La Calera", "CAIFECHA_C": "2025-12-31", "CAICOD_PLA": 5, "CAICOD_PRO": "7507", "CAIANIO_GE": 2023, "CAIFECHA_I": "2016-06-01", "CAIFECHA_F": "2025-12-31", "CAIEST_PRO": "Terminado", "CAIINTERV_": "02", "CAIDIR_SIT": "KM 3 VIA LA CALERA", "CAICOD_SIT": 0, "CAITEQUIPA": "Justicia", "CAIEASOCIA": "No Aplica", "CAIFUNCION": "Coercion", "CAISERVICI": "Unidad policial con recursos humanos y materiales asignados a una jurisdicción, que en forma organizada con la comunidad y a través de la instrucción permanente, busca la solución de problemas de seguridad, con el objetivo de fraternizar y unir la po", "CAIIUUPLOC": "UPL06", "CAIIUCAINM": "E02C06" }, "geometry": { "type": "Point", "coordinates": [ -74.026743746999955, 4.675960993000047 ] } },
{ "type": "Feature", "properties": { "CAIDESCRIP": "CAI El Virrey", "CAIHORARIO": "24 horas - lunes a domingo", "CAITELEFON": "3152201698", "CAIIULOCAL": "02", "CAICELECTR": "mebog.e2@policia.gov.co", "CAICONTACT": "Policía Nacional", "CAIPWEB": "https://www.policia.gov.co/bogota/directorio", "CAINOMBRE": "El Virrey", "CAIFECHA_C": "2025-12-31", "CAICOD_PLA": 5, "CAICOD_PRO": "7507", "CAIANIO_GE": 2023, "CAIFECHA_I": "2016-06-01", "CAIFECHA_F": "2025-12-31", "CAIEST_PRO": "Terminado", "CAIINTERV_": "02", "CAIDIR_SIT": "KR 15 CL 88", "CAICOD_SIT": 0, "CAITEQUIPA": "Justicia", "CAIEASOCIA": "No Aplica", "CAIFUNCION": "Coercion", "CAISERVICI": "Unidad policial con recursos humanos y materiales asignados a una jurisdicción, que en forma organizada con la comunidad y a través de la instrucción permanente, busca la solución de problemas de seguridad, con el objetivo de fraternizar y unir la po", "CAIIUUPLOC": "UPL24", "CAIIUCAINM": "E02C03" }, "geometry": { "type": "Point", "coordinates": [ -74.053994427000021, 4.673205600000017 ] } },
{ "type": "Feature", "properties": { "CAIDESCRIP": "CAI Estadero", "CAIHORARIO": "24 horas - lunes a domingo", "CAITELEFON": "3503771153", "CAIIULOCAL": "02", "CAICELECTR": "mebog.e2@policia.gov.co", "CAICONTACT": "Policía Nacional", "CAIPWEB": "https://www.policia.gov.co/bogota/directorio", "CAINOMBRE": "Estadero", "CAIFECHA_C": "2025-12-31", "CAICOD_PLA": 5, "CAICOD_PRO": "7507", "CAIANIO_GE": 2023, "CAIFECHA_I": "2016-06-01", "CAIFECHA_F": "2025-12-31", "CAIEST_PRO": "Terminado", "CAIINTERV_": "02", "CAIDIR_SIT": "AK 11 CL 87A", "CAICOD_SIT": 0, "CAITEQUIPA": "Justicia", "CAIEASOCIA": "No Aplica", "CAIFUNCION": "Coercion", "CAISERVICI": "Unidad policial con recursos humanos y materiales asignados a una jurisdicción, que en forma organizada con la comunidad y a través de la instrucción permanente, busca la solución de problemas de seguridad, con el objetivo de fraternizar y unir la po", "CAIIUUPLOC": "UPL24", "CAIIUCAINM": "E02C04" }, "geometry": { "type": "Point", "coordinates": [ -74.049999213999968, 4.670353453000018 ] } },
{ "type": "Feature", "properties": { "CAIDESCRIP": "CAI Oxy", "CAIHORARIO": "24 horas - lunes a domingo", "CAITELEFON": "3148054884", "CAIIULOCAL": "02", "CAICELECTR": "mebog.e2@policia.gov.co", "CAICONTACT": "Policía Nacional", "CAIPWEB": "https://www.policia.gov.co/bogota/directorio", "CAINOMBRE": "Oxy", "CAIFECHA_C": "2025-12-31", "CAICOD_PLA": 5, "CAICOD_PRO": "7507", "CAIANIO_GE": 2023, "CAIFECHA_I": "2016-06-01", "CAIFECHA_F": "2025-12-31", "CAIEST_PRO": "Terminado", "CAIINTERV_": "02", "CAIDIR_SIT": "AK 11 CL 77", "CAICOD_SIT": 0, "CAITEQUIPA": "Justicia", "CAIEASOCIA": "No Aplica", "CAIFUNCION": "Coercion", "CAISERVICI": "Unidad policial con recursos humanos y materiales asignados a una jurisdicción, que en forma organizada con la comunidad y a través de la instrucción permanente, busca la solución de problemas de seguridad, con el objetivo de fraternizar y unir la po", "CAIIUUPLOC": "UPL24", "CAIIUCAINM": "E02C08" }, "geometry": { "type": "Point", "coordinates": [ -74.055775326999935, 4.661861400000021 ] } },
{ "type": "Feature", "properties": { "CAIDESCRIP": "CAI Rosales", "CAIHORARIO": "24 horas - lunes a domingo", "CAITELEFON": "3205765899", "CAIIULOCAL": "02", "CAICELECTR": "mebog.e2@policia.gov.co", "CAICONTACT": "Policía Nacional", "CAIPWEB": "https://www.policia.gov.co/bogota/directorio", "CAINOMBRE": "Rosales", "CAIFECHA_C": "2025-12-31", "CAICOD_PLA": 5, "CAICOD_PRO": "7507", "CAIANIO_GE": 2023, "CAIFECHA_I": "2016-06-01", "CAIFECHA_F": "2025-12-31", "CAIEST_PRO": "Terminado", "CAIINTERV_": "02", "CAIDIR_SIT": "AV CIRCUNVALAR 76 11", "CAICOD_SIT": 0, "CAITEQUIPA": "Justicia", "CAIEASOCIA": "No Aplica", "CAIFUNCION": "Coercion", "CAISERVICI": "Unidad policial con recursos humanos y materiales asignados a una jurisdicción, que en forma organizada con la comunidad y a través de la instrucción permanente, busca la solución de problemas de seguridad, con el objetivo de fraternizar y unir la po", "CAIIUUPLOC": "UPL24", "CAIIUCAINM": "E02C09" }, "geometry": { "type": "Point", "coordinates": [ -74.049072893999892, 4.656132393000064 ] } },
{ "type": "Feature", "properties": { "CAIDESCRIP": "CAI Avenida Chile", "CAIHORARIO": "24 horas - lunes a domingo", "CAITELEFON": "3222243706", "CAIIULOCAL": "02", "CAICELECTR": "mebog.e2@policia.gov.co", "CAICONTACT": "Policía Nacional", "CAIPWEB": "https://www.policia.gov.co/bogota/directorio", "CAINOMBRE": "Avenida Chile", "CAIFECHA_C": "2025-12-31", "CAICOD_PLA": 5, "CAICOD_PRO": "7507", "CAIANIO_GE": 2023, "CAIFECHA_I": "2016-06-01", "CAIFECHA_F": "2025-12-31", "CAIEST_PRO": "Terminado", "CAIINTERV_": "02", "CAIDIR_SIT": "AV CHILE KR 7", "CAICOD_SIT": 0, "CAITEQUIPA": "Justicia", "CAIEASOCIA": "No Aplica", "CAIFUNCION": "Coercion", "CAISERVICI": "Unidad policial con recursos humanos y materiales asignados a una jurisdicción, que en forma organizada con la comunidad y a través de la instrucción permanente, busca la solución de problemas de seguridad, con el objetivo de fraternizar y unir la po", "CAIIUUPLOC": "UPL24", "CAIIUCAINM": "E02C02" }, "geometry": { "type": "Point", "coordinates": [ -74.055943229999912, 4.655242711000142 ] } },
{ "type": "Feature", "properties": { "CAIDESCRIP": "CAI Lourdes", "CAIHORARIO": "24 horas - lunes a domingo", "CAITELEFON": "3203065712", "CAIIULOCAL": "02", "CAICELECTR": "mebog.e2@policia.gov.co", "CAICONTACT": "Policía Nacional", "CAIPWEB": "https://www.policia.gov.co/bogota/directorio", "CAINOMBRE": "Lourdes", "CAIFECHA_C": "2025-12-31", "CAICOD_PLA": 5, "CAICOD_PRO": "7507", "CAIANIO_GE": 2023, "CAIFECHA_I": "2016-06-01", "CAIFECHA_F": "2025-12-31", "CAIEST_PRO": "Terminado", "CAIINTERV_": "02", "CAIDIR_SIT": "CL 64 KR 10", "CAICOD_SIT": 0, "CAITEQUIPA": "Justicia", "CAIEASOCIA": "No Aplica", "CAIFUNCION": "Coercion", "CAISERVICI": "Unidad policial con recursos humanos y materiales asignados a una jurisdicción, que en forma organizada con la comunidad y a través de la instrucción permanente, busca la solución de problemas de seguridad, con el objetivo de fraternizar y unir la po", "CAIIUUPLOC": "UPL24", "CAIIUCAINM": "E02C07" }, "geometry": { "type": "Point", "coordinates": [ -74.06191521300002, 4.649807873999976 ] } },
{ "type": "Feature", "properties": { "CAIDESCRIP": "CAI Granada", "CAIHORARIO": "24 horas - lunes a domingo", "CAITELEFON": "3176071957", "CAIIULOCAL": "02", "CAICELECTR": "mebog.e2@policia.gov.co", "CAICONTACT": "Policía Nacional", "CAIPWEB": "https://www.policia.gov.co/bogota/directorio", "CAINOMBRE": "Granada", "CAIFECHA_C": "2025-12-31", "CAICOD_PLA": 5, "CAICOD_PRO": "7507", "CAIANIO_GE": 2023, "CAIFECHA_I": "2016-06-01", "CAIFECHA_F": "2025-12-31", "CAIEST_PRO": "Terminado", "CAIINTERV_": "02", "CAIDIR_SIT": "KR 4 64 22", "CAICOD_SIT": 0, "CAITEQUIPA": "Justicia", "CAIEASOCIA": "No Aplica", "CAIFUNCION": "Coercion", "CAISERVICI": "Unidad policial con recursos humanos y materiales asignados a una jurisdicción, que en forma organizada con la comunidad y a través de la instrucción permanente, busca la solución de problemas de seguridad, con el objetivo de fraternizar y unir la po", "CAIIUUPLOC": "UPL24", "CAIIUCAINM": "E02C05" }, "geometry": { "type": "Point", "coordinates": [ -74.056721626000012, 4.646974249999971 ] } },
{ "type": "Feature", "properties": { "CAIDESCRIP": "CAI San Diego", "CAIHORARIO": "24 horas - lunes a domingo", "CAITELEFON": "3115308363", "CAIIULOCAL": "03", "CAICELECTR": "mebog.e3@policia.gov.co", "CAICONTACT": "Policía Nacional", "CAIPWEB": "https://www.policia.gov.co/bogota/directorio", "CAINOMBRE": "San Diego", "CAIFECHA_C": "2025-12-31", "CAICOD_PLA": 5, "CAICOD_PRO": "7507", "CAIANIO_GE": 2023, "CAIFECHA_I": "2016-06-01", "CAIFECHA_F": "2025-12-31", "CAIEST_PRO": "Terminado", "CAIINTERV_": "02", "CAIDIR_SIT": "KR 7 AC 26", "CAICOD_SIT": 0, "CAITEQUIPA": "Justicia", "CAIEASOCIA": "No Aplica", "CAIFUNCION": "Coercion", "CAISERVICI": "Unidad policial con recursos humanos y materiales asignados a una jurisdicción, que en forma organizada con la comunidad y a través de la instrucción permanente, busca la solución de problemas de seguridad, con el objetivo de fraternizar y unir la po", "CAIIUUPLOC": "UPL23", "CAIIUCAINM": "E03C09" }, "geometry": { "type": "Point", "coordinates": [ -74.069831171999965, 4.61202436700006 ] } },
{ "type": "Feature", "properties": { "CAIDESCRIP": "CAI Telecom", "CAIHORARIO": "24 horas - lunes a domingo", "CAITELEFON": "3125182544", "CAIIULOCAL": "03", "CAICELECTR": "mebog.e3@policia.gov.co", "CAICONTACT": "Policía Nacional", "CAIPWEB": "https://www.policia.gov.co/bogota/directorio", "CAINOMBRE": "Telecom", "CAIFECHA_C": "2025-12-31", "CAICOD_PLA": 8108, "CAICOD_PRO": "7507", "CAIANIO_GE": 2023, "CAIFECHA_I": "2016-06-01", "CAIFECHA_F": "2025-12-31", "CAIEST_PRO": "Terminado", "CAIINTERV_": "02", "CAIDIR_SIT": "CL 32 KR 13 41", "CAICOD_SIT": 0, "CAITEQUIPA": "Justicia", "CAIEASOCIA": "No Aplica", "CAIFUNCION": "Coercion", "CAISERVICI": "Unidad policial con recursos humanos y materiales asignados a una jurisdicción, que en forma organizada con la comunidad y a través de la instrucción permanente, busca la solución de problemas de seguridad, con el objetivo de fraternizar y unir la po", "CAIIUUPLOC": "UPL23", "CAIIUCAINM": "E03C11" }, "geometry": { "type": "Point", "coordinates": [ -74.069318983999949, 4.618520514000124 ] } },
{ "type": "Feature", "properties": { "CAIDESCRIP": "CAI Colseguros", "CAIHORARIO": "24 horas - lunes a domingo", "CAITELEFON": "3214134308", "CAIIULOCAL": "03", "CAICELECTR": "mebog.e3@policia.gov.co", "CAICONTACT": "Policía Nacional", "CAIPWEB": "https://www.policia.gov.co/bogota/directorio", "CAINOMBRE": "Colseguros", "CAIFECHA_C": "2025-12-31", "CAICOD_PLA": 5, "CAICOD_PRO": "7507", "CAIANIO_GE": 2023, "CAIFECHA_I": "2016-06-01", "CAIFECHA_F": "2025-12-31", "CAIEST_PRO": "Terminado", "CAIINTERV_": "02", "CAIDIR_SIT": "KR 10 17 54", "CAICOD_SIT": 0, "CAITEQUIPA": "Justicia", "CAIEASOCIA": "No Aplica", "CAIFUNCION": "Coercion", "CAISERVICI": "Unidad policial con recursos humanos y materiales asignados a una jurisdicción, que en forma organizada con la comunidad y a través de la instrucción permanente, busca la solución de problemas de seguridad, con el objetivo de fraternizar y unir la po", "CAIIUUPLOC": "UPL23", "CAIIUCAINM": "E03C01" }, "geometry": { "type": "Point", "coordinates": [ -74.07444631300001, 4.605458796000107 ] } },
{ "type": "Feature", "properties": { "CAIDESCRIP": "CAI Torres Blancas", "CAIHORARIO": "24 horas - lunes a domingo", "CAITELEFON": "3008546787", "CAIIULOCAL": "03", "CAICELECTR": "mebog.e3@policia.gov.co", "CAICONTACT": "Policía Nacional", "CAIPWEB": "https://www.policia.gov.co/bogota/directorio", "CAINOMBRE": "Torres Blancas", "CAIFECHA_C": "2025-12-31", "CAICOD_PLA": 5, "CAICOD_PRO": "7507", "CAIANIO_GE": 2023, "CAIFECHA_I": "2016-06-01", "CAIFECHA_F": "2025-12-31", "CAIEST_PRO": "Terminado", "CAIINTERV_": "02", "CAIDIR_SIT": "KR 3 22 55", "CAICOD_SIT": 0, "CAITEQUIPA": "Justicia", "CAIEASOCIA": "No Aplica", "CAIFUNCION": "Coercion", "CAISERVICI": "Unidad policial con recursos humanos y materiales asignados a una jurisdicción, que en forma organizada con la comunidad y a través de la instrucción permanente, busca la solución de problemas de seguridad, con el objetivo de fraternizar y unir la po", "CAIIUUPLOC": "UPL23", "CAIIUCAINM": "E03C12" }, "geometry": { "type": "Point", "coordinates": [ -74.066765092000026, 4.606159011999978 ] } },
{ "type": "Feature", "properties": { "CAIDESCRIP": "CAI Monserrate", "CAIHORARIO": "24 horas - lunes a domingo", "CAITELEFON": "3138991429", "CAIIULOCAL": "03", "CAICELECTR": "mebog.e3@policia.gov.co", "CAICONTACT": "Policía Nacional", "CAIPWEB": "https://www.policia.gov.co/bogota/directorio", "CAINOMBRE": "Monserrate", "CAIFECHA_C": "2025-12-31", "CAICOD_PLA": 5, "CAICOD_PRO": "7507", "CAIANIO_GE": 2023, "CAIFECHA_I": "2016-06-01", "CAIFECHA_F": "2025-12-31", "CAIEST_PRO": "Terminado", "CAIINTERV_": "02", "CAIDIR_SIT": "AV CIRCUNVALAR CL 20", "CAICOD_SIT": 0, "CAITEQUIPA": "Justicia", "CAIEASOCIA": "No Aplica", "CAIFUNCION": "Coercion", "CAISERVICI": "Unidad policial con recursos humanos y materiales asignados a una jurisdicción, que en forma organizada con la comunidad y a través de la instrucción permanente, busca la solución de problemas de seguridad, con el objetivo de fraternizar y unir la po", "CAIIUUPLOC": "UPL06", "CAIIUCAINM": "E03C08" }, "geometry": { "type": "Point", "coordinates": [ -74.061927, 4.604057000000125 ] } },
{ "type": "Feature", "properties": { "CAIDESCRIP": "CAI Rosario", "CAIHORARIO": "24 horas - lunes a domingo", "CAITELEFON": "3138116186", "CAIIULOCAL": "17", "CAICELECTR": "mebog.e17@policia.gov.co", "CAICONTACT": "Policía Nacional", "CAIPWEB": "https://www.policia.gov.co/bogota/directorio", "CAINOMBRE": "Rosario", "CAIFECHA_C": "2025-12-31", "CAICOD_PLA": 5, "CAICOD_PRO": "7507", "CAIANIO_GE": 2023, "CAIFECHA_I": "2016-06-01", "CAIFECHA_F": "2025-12-31", "CAIEST_PRO": "Terminado", "CAIINTERV_": "02", "CAIDIR_SIT": "AV JIMENEZ KR 5", "CAICOD_SIT": 0, "CAITEQUIPA": "Justicia", "CAIEASOCIA": "No Aplica", "CAIFUNCION": "Coercion", "CAISERVICI": "Unidad policial con recursos humanos y materiales asignados a una jurisdicción, que en forma organizada con la comunidad y a través de la instrucción permanente, busca la solución de problemas de seguridad, con el objetivo de fraternizar y unir la po", "CAIIUUPLOC": "UPL23", "CAIIUCAINM": "E17C02" }, "geometry": { "type": "Point", "coordinates": [ -74.071427503999985, 4.600518901999919 ] } },
{ "type": "Feature", "properties": { "CAIDESCRIP": "CAI San Victorino", "CAIHORARIO": "24 horas - lunes a domingo", "CAITELEFON": "3508395780", "CAIIULOCAL": "03", "CAICELECTR": "mebog.e3@policia.gov.co", "CAICONTACT": "Policía Nacional", "CAIPWEB": "https://www.policia.gov.co/bogota/directorio", "CAINOMBRE": "San Victorino", "CAIFECHA_C": "2025-12-31", "CAICOD_PLA": 5, "CAICOD_PRO": "7507", "CAIANIO_GE": 2023, "CAIFECHA_I": "2016-06-01", "CAIFECHA_F": "2025-12-31", "CAIEST_PRO": "Terminado", "CAIINTERV_": "02", "CAIDIR_SIT": "AV CARACAS CL 10", "CAICOD_SIT": 0, "CAITEQUIPA": "Justicia", "CAIEASOCIA": "No Aplica", "CAIFUNCION": "Coercion", "CAISERVICI": "Unidad policial con recursos humanos y materiales asignados a una jurisdicción, que en forma organizada con la comunidad y a través de la instrucción permanente, busca la solución de problemas de seguridad, con el objetivo de fraternizar y unir la po", "CAIIUUPLOC": "UPL23", "CAIIUCAINM": "E03C10" }, "geometry": { "type": "Point", "coordinates": [ -74.081207248999931, 4.601432612999986 ] } },
{ "type": "Feature", "properties": { "CAIDESCRIP": "CAI Las Cruces", "CAIHORARIO": "24 horas - lunes a domingo", "CAITELEFON": "3057673707", "CAIIULOCAL": "03", "CAICELECTR": "mebog.e3@policia.gov.co", "CAICONTACT": "Policía Nacional", "CAIPWEB": "https://www.policia.gov.co/bogota/directorio", "CAINOMBRE": "Las Cruces", "CAIFECHA_C": "2025-12-31", "CAICOD_PLA": 5, "CAICOD_PRO": "7507", "CAIANIO_GE": 2023, "CAIFECHA_I": "2016-06-01", "CAIFECHA_F": "2025-12-31", "CAIEST_PRO": "Terminado", "CAIINTERV_": "02", "CAIDIR_SIT": "KR 8 CL 2", "CAICOD_SIT": 0, "CAITEQUIPA": "Justicia", "CAIEASOCIA": "No Aplica", "CAIFUNCION": "Coercion", "CAISERVICI": "Unidad policial con recursos humanos y materiales asignados a una jurisdicción, que en forma organizada con la comunidad y a través de la instrucción permanente, busca la solución de problemas de seguridad, con el objetivo de fraternizar y unir la po", "CAIIUUPLOC": "UPL23", "CAIIUCAINM": "E03C05" }, "geometry": { "type": "Point", "coordinates": [ -74.081460177999986, 4.589521165000122 ] } },
{ "type": "Feature", "properties": { "CAIDESCRIP": "CAI Nuevo Porvenir", "CAIHORARIO": "24 horas - lunes a domingo", "CAITELEFON": "3134126735", "CAIIULOCAL": "05", "CAICELECTR": "mebog.e5@policia.gov.co", "CAICONTACT": "Policía Nacional", "CAIPWEB": "https://www.policia.gov.co/bogota/directorio", "CAINOMBRE": "Nuevo Porvenir", "CAIFECHA_C": "2025-12-31", "CAICOD_PLA": 5, "CAICOD_PRO": "7507", "CAIANIO_GE": 2023, "CAIFECHA_I": "2016-06-01", "CAIFECHA_F": "2025-12-31", "CAIEST_PRO": "Terminado", "CAIINTERV_": "02", "CAIDIR_SIT": "KR 5B ESTE 100 20 SUR", "CAICOD_SIT": 0, "CAITEQUIPA": "Justicia", "CAIEASOCIA": "No Aplica", "CAIFUNCION": "Coercion", "CAISERVICI": "Unidad policial con recursos humanos y materiales asignados a una jurisdicción, que en forma organizada con la comunidad y a través de la instrucción permanente, busca la solución de problemas de seguridad, con el objetivo de fraternizar y unir la po", "CAIIUUPLOC": "UPL05", "CAIIUCAINM": "E05C04" }, "geometry": { "type": "Point", "coordinates": [ -74.104554699, 4.491715426000098 ] } },
{ "type": "Feature", "properties": { "CAIDESCRIP": "CAI Aures", "CAIHORARIO": "24 horas - lunes a domingo", "CAITELEFON": "3208531982", "CAIIULOCAL": "11", "CAICELECTR": "mebog.e11@policia.gov.co", "CAICONTACT": "Policía Nacional", "CAIPWEB": "https://www.policia.gov.co/bogota/directorio", "CAINOMBRE": "Aures", "CAIFECHA_C": "2025-12-31", "CAICOD_PLA": 5, "CAICOD_PRO": "7507", "CAIANIO_GE": 2023, "CAIFECHA_I": "2016-06-01", "CAIFECHA_F": "2025-12-31", "CAIEST_PRO": "Terminado", "CAIINTERV_": "02", "CAIDIR_SIT": "KR 101 131C 38", "CAICOD_SIT": 0, "CAITEQUIPA": "Justicia", "CAIEASOCIA": "No Aplica", "CAIFUNCION": "Coercion", "CAISERVICI": "Unidad policial con recursos humanos y materiales asignados a una jurisdicción, que en forma organizada con la comunidad y a través de la instrucción permanente, busca la solución de problemas de seguridad, con el objetivo de fraternizar y unir la po", "CAIIUUPLOC": "UPL28", "CAIIUCAINM": "E11C02" }, "geometry": { "type": "Point", "coordinates": [ -74.096124, 4.734326 ] } },
{ "type": "Feature", "properties": { "CAIDESCRIP": "CAI Calle 13", "CAIHORARIO": "24 horas - lunes a domingo", "CAITELEFON": "Linea 123", "CAIIULOCAL": "09", "CAICELECTR": "mebog.e9@policia.gov.co", "CAICONTACT": "Policía Nacional", "CAIPWEB": "https://www.policia.gov.co/", "CAINOMBRE": "CAI Calle 13", "CAIFECHA_C": "2026-04-20", "CAICOD_PLA": 5, "CAICOD_PRO": "7507", "CAIANIO_GE": 2026, "CAIFECHA_I": "2026-04-01", "CAIFECHA_F": "2026-04-23", "CAIEST_PRO": "Terminado", "CAIINTERV_": "02", "CAIDIR_SIT": "AVENIDA CENTENARIO KR 132", "CAICOD_SIT": 0, "CAITEQUIPA": "Justicia", "CAIEASOCIA": "No Aplica", "CAIFUNCION": "Coercion", "CAISERVICI": "Unidad policial con recursos humanos y materiales asignados a una jurisdicción, que en forma organizada con la comunidad y a través de la instrucción permanente, busca la solución de problemas de seguridad, con el objetivo de fraternizar y unir la po", "CAIIUUPLOC": "UPL12", "CAIIUCAINM": "E09C03" }, "geometry": { "type": "Point", "coordinates": [ -74.166753, 4.692899 ] } }
]
}
