{
"type": "FeatureCollection",
"name": "roda_cicloalamedas",
"crs": { "type": "name", "properties": { "name": "urn:ogc:def:crs:OGC:1.3:CRS84" } },
"features": [
{"type":"Feature","properties":{"fid":1,"OBJECTID":1,"CODIGO_ID":"62","NOMBRE":"Avenida Pablo VI","LONGITUD":4463.5655438499998,"TIPO_CAPACIDAD":"Ciclo Alameda","OBSERVACION":null,"PLAZO":"Mediano","ACTO_ADMINISTRATIVO":"DEC","NUMERO_ACTO_ADMINISTRATIVO":"555","FECHA_ACTO_ADMINISTRATIVO":"2025-12-29T00:00:00Z","NORMATIVA":"En el marco del Decreto 555 del 29 de diciembre de 2021 - Por el cual se adopta la revisión general del Plan de Ordenamiento Territorial de Bogotá","ESCALA_CAPTURA":" ","FECHA_CAPTURA":"2021-12-29T00:00:00Z","RESPONSABLE":"38","SHAPE_Leng":2525.8836476500001,"SHAPE_Length":2525.8836476505799},"geometry":{"type":"LineString","coordinates":[[-74.082140778181582,4.643631476416911],[-74.082369893958429,4.643803895564254],[-74.082821870739849,4.644181069099518],[-74.08383770012459,4.645002767590841],[-74.084218078986126,4.64553260706075],[-74.086066269408008,4.646870668115453],[-74.08712238140258,4.647602559043683],[-74.08830379678173,4.648437720370702],[-74.089802272253493,4.649477980421546],[-74.090810087043224,4.65021535164505],[-74.091816784935546,4.650883794413524],[-74.092812222969783,4.651534721804971],[-74.09297430378524,4.651663264717677],[-74.093126391744235,4.651781074260492],[-74.093386167612238,4.652125365228964],[-74.093727129661872,4.652433256602512],[-74.094374955192507,4.652843775060005],[-74.100435582615077,4.657102884552485]]}},
{"type":"Feature","properties":{"fid":2,"OBJECTID":2,"CODIGO_ID":" ","NOMBRE":"Canal Arzobispo Cl 39","LONGITUD":1200.4692361499999,"TIPO_CAPACIDAD":"Ciclo Alameda","OBSERVACION":null,"PLAZO":"Mediano","ACTO_ADMINISTRATIVO":"DEC","NUMERO_ACTO_ADMINISTRATIVO":"555","FECHA_ACTO_ADMINISTRATIVO":"2025-12-29T00:00:00Z","NORMATIVA":"En el marco del Decreto 555 del 29 de diciembre de 2021 - Por el cual se adopta la revisión general del Plan de Ordenamiento Territorial de Bogotá","ESCALA_CAPTURA":" ","FECHA_CAPTURA":"2021-12-29T00:00:00Z","RESPONSABLE":"38","SHAPE_Leng":1443.4417553400001,"SHAPE_Length":1443.441755341795},"geometry":{"type":"LineString","coordinates":[[-74.065837015641236,4.625729791305083],[-74.06615876813477,4.625973781833288],[-74.06631604547556,4.626303853740945],[-74.066644917315344,4.626834849288897],[-74.067052476331369,4.62710754855164],[-74.067271283825079,4.627325110930883],[-74.067384803215347,4.627377535459086],[-74.067528915906394,4.62803387394223],[-74.067832812330437,4.628291214847612],[-74.068085438776379,4.628578247344844],[-74.068428607153209,4.629166643456318],[-74.06927709366623,4.629759878501146],[-74.069648899347698,4.630051706251981],[-74.070149433411487,4.630200045973059],[-74.070888682441065,4.630385177213125],[-74.071541376370149,4.630802904244023],[-74.072280223066002,4.63139134039612],[-74.073562472218597,4.632510789547334],[-74.075402448461318,4.633984265314501]]}},
{"type":"Feature","properties":{"fid":3,"OBJECTID":3,"CODIGO_ID":" ","NOMBRE":"Urbano del Sur","LONGITUD":8622.7718132699993,"TIPO_CAPACIDAD":"Ciclo Alameda","OBSERVACION":null,"PLAZO":"Largo","ACTO_ADMINISTRATIVO":"DEC","NUMERO_ACTO_ADMINISTRATIVO":"555","FECHA_ACTO_ADMINISTRATIVO":"2025-12-29T00:00:00Z","NORMATIVA":"En el marco del Decreto 555 del 29 de diciembre de 2021 - Por el cual se adopta la revisión general del Plan de Ordenamiento Territorial de Bogotá","ESCALA_CAPTURA":" ","FECHA_CAPTURA":"2021-12-29T00:00:00Z","RESPONSABLE":"38","SHAPE_Leng":8622.7718132699993,"SHAPE_Length":8622.7718132677473},"geometry":{"type":"LineString","coordinates":[[-74.162669681477084,4.595824415382691],[-74.162552916433782,4.595827933468152],[-74.160144644598077,4.596396317332402],[-74.159932357268019,4.596618751729116],[-74.158561883740035,4.597270066424453],[-74.157744919829767,4.597613674585534],[-74.156270124629984,4.598197276137294],[-74.155437440437069,4.598514706189933],[-74.154206567708485,4.599025707806547],[-74.153159028936997,4.599422318928224],[-74.152111453871683,4.599818888732567],[-74.151763611203179,4.599801483081587],[-74.151492933101622,4.599862490751478],[-74.150880259879287,4.600103585312463],[-74.14874404408917,4.600995397351686],[-74.147800773462819,4.601376289605385],[-74.146651578628877,4.601862243100869],[-74.146397545041992,4.601969011278086],[-74.145681447132603,4.602265056028387],[-74.145242039718596,4.602451035730533],[-74.144490999825194,4.602768298524298],[-74.144411672456869,4.602804665081823],[-74.144181212399772,4.602895100879397],[-74.143558464420465,4.603156258572636],[-74.143088853207914,4.6035556936557],[-74.142755079401908,4.603671091944316],[-74.142353786070032,4.603837815933249],[-74.141917883806528,4.604024792458222],[-74.141627574388025,4.604143224154894],[-74.140824913473793,4.604481961443889],[-74.140195704789633,4.604737377855139],[-74.139815257623368,4.60490339370418],[-74.139162763994946,4.605165623850781],[-74.138936545518717,4.605254130765591],[-74.13835522827442,4.605489067078572],[-74.138030492124784,4.605585061777831],[-74.137981305045429,4.60558547338494],[-74.137409727220643,4.605816185787508],[-74.137051528852169,4.605981051518028],[-74.136673810654187,4.606154987928186],[-74.136608647906726,4.606156733446682],[-74.136311918100219,4.606283309266181],[-74.135947889290861,4.606426327701975],[-74.135506743403909,4.606623226469046],[-74.135061022925967,4.606810607202516],[-74.134732487071986,4.606948476691231],[-74.134313811404382,4.607137746658516],[-74.133327500897849,4.607547317477023],[-74.132788096575737,4.607775026535229],[-74.132380526014927,4.607942150618901],[-74.13203763572956,4.608088610606964],[-74.131573834159013,4.608282544211654],[-74.130842853140507,4.608595237939052],[-74.130515201408443,4.608723589610817],[-74.13017400888485,4.608852017653624],[-74.129638436810637,4.609070835860563],[-74.128939814976093,4.609364050087617],[-74.128432137995276,4.609543063564884],[-74.12797058025221,4.609705485897023],[-74.12751669870589,4.609858393162842],[-74.126856153070221,4.610128238354597],[-74.126186199941912,4.610408711294226],[-74.124911780502842,4.610909520229422],[-74.124467895489559,4.611082418487958],[-74.123752406306338,4.611354227861872],[-74.123002491739356,4.611669690694804],[-74.122569418894912,4.61183803311711],[-74.122179959872071,4.611977231641386],[-74.121975138784876,4.612064438501142],[-74.121549627674369,4.612194385313967],[-74.120869742981014,4.612454117160214],[-74.119776264251385,4.612892816608954],[-74.119685422404544,4.612931401861241],[-74.119187886558365,4.613120182572522],[-74.11831147956697,4.613467675096055],[-74.11752307440544,4.613774246549955],[-74.11680934805247,4.614030424187456],[-74.116379630932869,4.614193985575514],[-74.116030682897815,4.614329960750988],[-74.115291755228782,4.614578471180797],[-74.115085088953876,4.614676079506214],[-74.112770563959401,4.615665576711032],[-74.112424124639148,4.615813730027533],[-74.111696005426154,4.616098782057359],[-74.111020726709768,4.616360099185773],[-74.110760812059752,4.616461669191649],[-74.110331166102483,4.616622931762408],[-74.109774254988082,4.616846883575593],[-74.109274610648811,4.617046802861223],[-74.109028939937119,4.61714774382733],[-74.108030648029825,4.6175526539992],[-74.107579672606178,4.617785857221781],[-74.105881485202389,4.618463034705184],[-74.105002776709554,4.618863567791837],[-74.103691503970026,4.6193931106362],[-74.103659031931215,4.619325500522812],[-74.103610691907292,4.619261152701768],[-74.102842420599274,4.619589776113029],[-74.102556046542929,4.619700082635204],[-74.101950425483452,4.619952317007542],[-74.101156841661691,4.620272238276888],[-74.100550590795365,4.620524988458092],[-74.09969608579371,4.62092503285103],[-74.09949369604071,4.621043113114008],[-74.099282928878765,4.621137013031912],[-74.096825007225291,4.622155934858019],[-74.095951014671144,4.622537683710639],[-74.095967842732847,4.622615658627756],[-74.09592312038464,4.622649723450996],[-74.095662945210051,4.622767876206999],[-74.095340444954147,4.622915354784509],[-74.095259230791044,4.622954121977296],[-74.095043480625108,4.62304935629233],[-74.094748656571596,4.623184391947868],[-74.094597886898313,4.623252892074781],[-74.094503093273701,4.623299952816139],[-74.094359481197728,4.623340424680483],[-74.091036300526483,4.624989790425489]]}},
{"type":"Feature","properties":{"fid":4,"OBJECTID":4,"CODIGO_ID":" ","NOMBRE":"ALO  Humedal Juan Amarillo al limite con el municipio de Soacha","LONGITUD":2542.05656211,"TIPO_CAPACIDAD":"Ciclo Alameda","OBSERVACION":null,"PLAZO":"Largo","ACTO_ADMINISTRATIVO":"DEC","NUMERO_ACTO_ADMINISTRATIVO":"555","FECHA_ACTO_ADMINISTRATIVO":"2025-12-29T00:00:00Z","NORMATIVA":"En el marco del Decreto 555 del 29 de diciembre de 2021 - Por el cual se adopta la revisión general del Plan de Ordenamiento Territorial de Bogotá","ESCALA_CAPTURA":" ","FECHA_CAPTURA":"2021-12-29T00:00:00Z","RESPONSABLE":"38","SHAPE_Leng":1691.3842880899999,"SHAPE_Length":1691.3842880902196},"geometry":{"type":"LineString","coordinates":[[-74.109927938822977,4.708069897231393],[-74.106189651966886,4.715531784555322],[-74.103786320786611,4.722037054273328]]}},
{"type":"Feature","properties":{"fid":5,"OBJECTID":5,"CODIGO_ID":" ","NOMBRE":"Cicloalamedas Medio Milenio","LONGITUD":4308.3730949399996,"TIPO_CAPACIDAD":"Ciclo Alameda","OBSERVACION":null,"PLAZO":"Mediano","ACTO_ADMINISTRATIVO":"DEC","NUMERO_ACTO_ADMINISTRATIVO":"555","FECHA_ACTO_ADMINISTRATIVO":"2025-12-29T00:00:00Z","NORMATIVA":"En el marco del Decreto 555 del 29 de diciembre de 2021 - Por el cual se adopta la revisión general del Plan de Ordenamiento Territorial de Bogotá","ESCALA_CAPTURA":" ","FECHA_CAPTURA":"2021-12-29T00:00:00Z","RESPONSABLE":"38","SHAPE_Leng":4308.3730949399996,"SHAPE_Length":4308.3730949405735},"geometry":{"type":"LineString","coordinates":[[-74.061480560245244,4.716501905227293],[-74.061512388948927,4.716505411012616],[-74.061534918819021,4.716506926977211],[-74.061635960638981,4.717064196547681],[-74.061607438476159,4.718002220184839],[-74.061602684924296,4.718594405241508],[-74.060637704800541,4.720276210088456],[-74.060381010501786,4.720745219326546],[-74.06009579543435,4.721275816134977],[-74.059587160978822,4.722180671596853],[-74.05944930648397,4.722417544056134],[-74.059069018798851,4.72308552543829],[-74.058664963715444,4.723862466962709],[-74.058422530639533,4.724179875598095],[-74.057961430674624,4.72450675940283],[-74.057519347839815,4.724923654790032],[-74.057191349392596,4.725307387095654],[-74.056896626280107,4.725662694460556],[-74.056730250694571,4.726292773426975],[-74.056535353472484,4.727524503768499],[-74.056402252417172,4.728325127956793],[-74.056183586637005,4.729590017144476],[-74.056064746531789,4.730551710733306],[-74.05607900767771,4.731120198300728],[-74.055974429211915,4.731693423258058],[-74.055921717849671,4.731920720597731],[-74.055822314121144,4.732427718651476],[-74.055679705683914,4.733199912233564],[-74.05557037389984,4.733806297684611],[-74.055470548237096,4.734393733147523],[-74.055304172591619,4.735128025566058],[-74.055336972494374,4.735757147623478],[-74.055351232169514,4.736958069394031],[-74.055222884876216,4.737540764319818],[-74.05503036563195,4.738066609748825],[-74.054844974050155,4.738585350145345],[-74.054531237260449,4.73940254154977],[-74.054267412280396,4.740091824917361],[-74.054174717382537,4.740710046651537],[-74.054139065617974,4.741349586494453],[-74.054103413398863,4.742628663678509],[-74.053996458241556,4.744398049888376],[-74.053903763633926,4.746337974300386],[-74.053889502517222,4.746970402843739],[-74.053639938529798,4.747332804997836],[-74.053525852496875,4.748078927255304],[-74.053475940088234,4.749194556359458],[-74.053447418379719,4.750857336939537],[-74.053440288065161,4.751283690482094],[-74.053304810584237,4.751795314738527],[-74.053026724761878,4.752640914469002],[-74.052817816727995,4.753341149304985]]}},
{"type":"Feature","properties":{"fid":6,"OBJECTID":6,"CODIGO_ID":" ","NOMBRE":"Canal Arzobispo - Park Way","LONGITUD":675.21521137900004,"TIPO_CAPACIDAD":"Ciclo Alameda","OBSERVACION":null,"PLAZO":"Corto","ACTO_ADMINISTRATIVO":"DEC","NUMERO_ACTO_ADMINISTRATIVO":"555","FECHA_ACTO_ADMINISTRATIVO":"2025-12-29T00:00:00Z","NORMATIVA":"En el marco del Decreto 555 del 29 de diciembre de 2021 - Por el cual se adopta la revisión general del Plan de Ordenamiento Territorial de Bogotá","ESCALA_CAPTURA":" ","FECHA_CAPTURA":"2021-12-29T00:00:00Z","RESPONSABLE":"38","SHAPE_Leng":675.21521137900004,"SHAPE_Length":675.21521137859656},"geometry":{"type":"LineString","coordinates":[[-74.0712809412924,4.62324701578499],[-74.072201190582035,4.623454771641078],[-74.072575421426976,4.623865710492314],[-74.073021010616273,4.62425802799721],[-74.073504413594293,4.6247096969509],[-74.074195657432824,4.625323907724257],[-74.0746271352793,4.625699505167894],[-74.075005773488272,4.626097187699507],[-74.075247913845672,4.626468347099926],[-74.075393180179617,4.626874842866466],[-74.075467142169884,4.627285943383646]]}},
{"type":"Feature","properties":{"fid":7,"OBJECTID":7,"CODIGO_ID":" ","NOMBRE":"Cicloalamedas Medio Milenio","LONGITUD":3578.3714387099999,"TIPO_CAPACIDAD":"Ciclo Alameda","OBSERVACION":null,"PLAZO":"Corto","ACTO_ADMINISTRATIVO":"DEC","NUMERO_ACTO_ADMINISTRATIVO":"555","FECHA_ACTO_ADMINISTRATIVO":"2025-12-29T00:00:00Z","NORMATIVA":"En el marco del Decreto 555 del 29 de diciembre de 2021 - Por el cual se adopta la revisión general del Plan de Ordenamiento Territorial de Bogotá","ESCALA_CAPTURA":" ","FECHA_CAPTURA":"2021-12-29T00:00:00Z","RESPONSABLE":"38","SHAPE_Leng":3578.3714387099999,"SHAPE_Length":3578.3714387081563},"geometry":{"type":"LineString","coordinates":[[-74.13993434417381,4.572979671419437],[-74.131272452787442,4.576510949514142],[-74.130191029649595,4.577021591429729],[-74.129898278248376,4.577212571259012],[-74.129221915604063,4.577819674322599],[-74.128427878736019,4.578465237737111],[-74.123924059671069,4.579802811642374],[-74.123287681459857,4.580068270482864],[-74.119142684080146,4.581488146644442],[-74.118876768633612,4.581585972703174],[-74.118854591245039,4.581591494073655],[-74.118610882318521,4.581720442085442],[-74.118405638227728,4.581801121504046],[-74.11802663576519,4.58192622941088],[-74.116486856284922,4.582433365323788],[-74.115359775506349,4.582804575538789],[-74.114059656839444,4.583267009967423],[-74.113506439538881,4.583463719326315],[-74.111198525686945,4.584193003196564],[-74.110963550669553,4.584267252808054],[-74.109959545143809,4.584316331706236]]}},
{"type":"Feature","properties":{"fid":8,"OBJECTID":8,"CODIGO_ID":" ","NOMBRE":"Cicloalamedas Medio Milenio","LONGITUD":1487.67839912,"TIPO_CAPACIDAD":"Ciclo Alameda","OBSERVACION":null,"PLAZO":"Corto","ACTO_ADMINISTRATIVO":"DEC","NUMERO_ACTO_ADMINISTRATIVO":"555","FECHA_ACTO_ADMINISTRATIVO":"2025-12-29T00:00:00Z","NORMATIVA":"En el marco del Decreto 555 del 29 de diciembre de 2021 - Por el cual se adopta la revisión general del Plan de Ordenamiento Territorial de Bogotá","ESCALA_CAPTURA":" ","FECHA_CAPTURA":"2021-12-29T00:00:00Z","RESPONSABLE":"38","SHAPE_Leng":1487.67839912,"SHAPE_Length":1487.6783991213574},"geometry":{"type":"LineString","coordinates":[[-74.109878826534654,4.58440144529087],[-74.109777452632258,4.584511878341756],[-74.109895033518583,4.584765370918222],[-74.107342706391833,4.586788755822869],[-74.106724895710201,4.587373934158752],[-74.104711766437433,4.589271763487085],[-74.104510842237232,4.589082027992746],[-74.104018078112986,4.589529644595341],[-74.102079695646268,4.589518201632243],[-74.100799658561073,4.589341920963797],[-74.100673131404704,4.589313419436445],[-74.100545335485776,4.589291336751319],[-74.100416595995128,4.589275729877573],[-74.100287237223853,4.589266636801619],[-74.100157585265507,4.589264081950927],[-74.10002797071887,4.589268071674518],[-74.099898719679786,4.589278594242399],[-74.099770158244937,4.589295625269449],[-74.0992868137009,4.590057696142835]]}},
{"type":"Feature","properties":{"fid":9,"OBJECTID":9,"CODIGO_ID":" ","NOMBRE":"Cicloalamedas Medio Milenio","LONGITUD":0.19992501025600001,"TIPO_CAPACIDAD":"Ciclo Alameda","OBSERVACION":null,"PLAZO":"Mediano","ACTO_ADMINISTRATIVO":"DEC","NUMERO_ACTO_ADMINISTRATIVO":"555","FECHA_ACTO_ADMINISTRATIVO":"2025-12-29T00:00:00Z","NORMATIVA":"En el marco del Decreto 555 del 29 de diciembre de 2021 - Por el cual se adopta la revisión general del Plan de Ordenamiento Territorial de Bogotá","ESCALA_CAPTURA":" ","FECHA_CAPTURA":"2021-12-29T00:00:00Z","RESPONSABLE":"38","SHAPE_Leng":0.19992501025600001,"SHAPE_Length":0.19992501025636633},"geometry":{"type":"LineString","coordinates":[[-74.0992868137009,4.590057696142835],[-74.099285844311964,4.590059219233647]]}},
{"type":"Feature","properties":{"fid":10,"OBJECTID":10,"CODIGO_ID":" ","NOMBRE":"Cicloalamedas Medio Milenio","LONGITUD":791.66736527199998,"TIPO_CAPACIDAD":"Ciclo Alameda","OBSERVACION":null,"PLAZO":"Corto","ACTO_ADMINISTRATIVO":"DEC","NUMERO_ACTO_ADMINISTRATIVO":"555","FECHA_ACTO_ADMINISTRATIVO":"2025-12-29T00:00:00Z","NORMATIVA":"En el marco del Decreto 555 del 29 de diciembre de 2021 - Por el cual se adopta la revisión general del Plan de Ordenamiento Territorial de Bogotá","ESCALA_CAPTURA":" ","FECHA_CAPTURA":"2021-12-29T00:00:00Z","RESPONSABLE":"38","SHAPE_Leng":791.66736527199998,"SHAPE_Length":791.66736527247804},"geometry":{"type":"LineString","coordinates":[[-74.0992868137009,4.590057696142835],[-74.099252684939188,4.590209184082394],[-74.099137695321389,4.590442112504768],[-74.098576857230356,4.591126764360738],[-74.097198442584059,4.59274361811484],[-74.096946479226858,4.593037848837782],[-74.096341673692109,4.593852503601339],[-74.096130167413335,4.594035667694341],[-74.095867467268761,4.594263165898573],[-74.094654184087474,4.59544191897982]]}},
{"type":"Feature","properties":{"fid":11,"OBJECTID":11,"CODIGO_ID":" ","NOMBRE":"Cicloalamedas Medio Milenio","LONGITUD":3640.8565936599998,"TIPO_CAPACIDAD":"Ciclo Alameda","OBSERVACION":null,"PLAZO":"Corto","ACTO_ADMINISTRATIVO":"DEC","NUMERO_ACTO_ADMINISTRATIVO":"555","FECHA_ACTO_ADMINISTRATIVO":"2025-12-29T00:00:00Z","NORMATIVA":"En el marco del Decreto 555 del 29 de diciembre de 2021 - Por el cual se adopta la revisión general del Plan de Ordenamiento Territorial de Bogotá","ESCALA_CAPTURA":" ","FECHA_CAPTURA":"2021-12-29T00:00:00Z","RESPONSABLE":"38","SHAPE_Leng":3640.8565936599998,"SHAPE_Length":3640.8565936564387},"geometry":{"type":"LineString","coordinates":[[-74.094711273700852,4.595463375665582],[-74.096017211210011,4.595878248541026],[-74.094945355225491,4.599389480696233],[-74.094361491401173,4.600890999120187],[-74.093147331032227,4.602872202087649],[-74.092843689719174,4.603387805393558],[-74.092534444975584,4.603900044536708],[-74.09221963373318,4.604408858044049],[-74.091899294725664,4.604914185346598],[-74.091573464885414,4.605415965875188],[-74.091242184748523,4.60591413996477],[-74.090905493049746,4.606408647950185],[-74.090563430325972,4.606899430166311],[-74.090216036213505,4.607386427851897],[-74.089863353952424,4.607869583149846],[-74.087895899128156,4.61050335259292],[-74.087887046118652,4.611100185040129],[-74.086251688618802,4.613033176079113],[-74.085143412963561,4.612344271111451],[-74.084449721405747,4.613370251399773],[-74.082120490949961,4.616263082761193],[-74.081426938168235,4.615678159178387],[-74.081368191447467,4.615628612873],[-74.080331246796135,4.616839803475791],[-74.079305885898478,4.617549504584619],[-74.079266101635994,4.617717012428081],[-74.07824246377308,4.618415276258691]]}},
{"type":"Feature","properties":{"fid":12,"OBJECTID":12,"CODIGO_ID":" ","NOMBRE":"Cicloalamedas Medio Milenio","LONGITUD":11.125501291400001,"TIPO_CAPACIDAD":"Ciclo Alameda","OBSERVACION":null,"PLAZO":"Mediano","ACTO_ADMINISTRATIVO":"DEC","NUMERO_ACTO_ADMINISTRATIVO":"555","FECHA_ACTO_ADMINISTRATIVO":"2025-12-29T00:00:00Z","NORMATIVA":"En el marco del Decreto 555 del 29 de diciembre de 2021 - Por el cual se adopta la revisión general del Plan de Ordenamiento Territorial de Bogotá","ESCALA_CAPTURA":" ","FECHA_CAPTURA":"2021-12-29T00:00:00Z","RESPONSABLE":"38","SHAPE_Leng":11.125501291400001,"SHAPE_Length":11.125501291413324},"geometry":{"type":"LineString","coordinates":[[-74.078201944777931,4.618359467991839],[-74.07825996139573,4.618441474374191]]}},
{"type":"Feature","properties":{"fid":13,"OBJECTID":13,"CODIGO_ID":" ","NOMBRE":"Cicloalamedas Medio Milenio","LONGITUD":11.6292222914,"TIPO_CAPACIDAD":"Ciclo Alameda","OBSERVACION":null,"PLAZO":"Mediano","ACTO_ADMINISTRATIVO":"DEC","NUMERO_ACTO_ADMINISTRATIVO":"555","FECHA_ACTO_ADMINISTRATIVO":"2025-12-29T00:00:00Z","NORMATIVA":"En el marco del Decreto 555 del 29 de diciembre de 2021 - Por el cual se adopta la revisión general del Plan de Ordenamiento Territorial de Bogotá","ESCALA_CAPTURA":" ","FECHA_CAPTURA":"2021-12-29T00:00:00Z","RESPONSABLE":"38","SHAPE_Leng":11.6292222914,"SHAPE_Length":11.629222291440183},"geometry":{"type":"LineString","coordinates":[[-74.07825996139573,4.618441474374191],[-74.078312344801219,4.618515520038407],[-74.078320518094898,4.618527254981552]]}},
{"type":"Feature","properties":{"fid":14,"OBJECTID":14,"CODIGO_ID":" ","NOMBRE":"Cicloalamedas Medio Milenio","LONGITUD":490.15910011300002,"TIPO_CAPACIDAD":"Ciclo Alameda","OBSERVACION":null,"PLAZO":"Corto","ACTO_ADMINISTRATIVO":"DEC","NUMERO_ACTO_ADMINISTRATIVO":"555","FECHA_ACTO_ADMINISTRATIVO":"2025-12-29T00:00:00Z","NORMATIVA":"En el marco del Decreto 555 del 29 de diciembre de 2021 - Por el cual se adopta la revisión general del Plan de Ordenamiento Territorial de Bogotá","ESCALA_CAPTURA":" ","FECHA_CAPTURA":"2021-12-29T00:00:00Z","RESPONSABLE":"38","SHAPE_Leng":490.15910011300002,"SHAPE_Length":490.15910011321222},"geometry":{"type":"LineString","coordinates":[[-74.074322975370933,4.620364100647414],[-74.07444986079399,4.620331548829814],[-74.074762854724895,4.620253980256556],[-74.075010107562989,4.620217550834151],[-74.075229178997816,4.620132772613282],[-74.075276345101059,4.620109702267528],[-74.075321567498534,4.620083024968801],[-74.075364572311202,4.620052902496705],[-74.075452770168368,4.619983156361736],[-74.075572463477783,4.619891317254859],[-74.076091797299341,4.619546724267701],[-74.076556523787858,4.619323276291926],[-74.077263112769145,4.618976782719796],[-74.077397971404409,4.618906456945783],[-74.077926821835575,4.618649362113153],[-74.078052550783184,4.61858145610223],[-74.078175123620426,4.618508004039676],[-74.07825996139573,4.618441474374191]]}},
{"type":"Feature","properties":{"fid":15,"OBJECTID":15,"CODIGO_ID":" ","NOMBRE":"Cicloalamedas Medio Milenio","LONGITUD":7.8594498189499999,"TIPO_CAPACIDAD":"Ciclo Alameda","OBSERVACION":null,"PLAZO":"Mediano","ACTO_ADMINISTRATIVO":"DEC","NUMERO_ACTO_ADMINISTRATIVO":"555","FECHA_ACTO_ADMINISTRATIVO":"2025-12-29T00:00:00Z","NORMATIVA":"En el marco del Decreto 555 del 29 de diciembre de 2021 - Por el cual se adopta la revisión general del Plan de Ordenamiento Territorial de Bogotá","ESCALA_CAPTURA":" ","FECHA_CAPTURA":"2021-12-29T00:00:00Z","RESPONSABLE":"38","SHAPE_Leng":7.8594498189499999,"SHAPE_Length":7.8594498189549844},"geometry":{"type":"LineString","coordinates":[[-74.074315398260822,4.620434738021268],[-74.074322975370933,4.620364100647414]]}},
{"type":"Feature","properties":{"fid":16,"OBJECTID":16,"CODIGO_ID":" ","NOMBRE":"Cicloalamedas Medio Milenio","LONGITUD":7.5252797541499996,"TIPO_CAPACIDAD":"Ciclo Alameda","OBSERVACION":null,"PLAZO":"Mediano","ACTO_ADMINISTRATIVO":"DEC","NUMERO_ACTO_ADMINISTRATIVO":"555","FECHA_ACTO_ADMINISTRATIVO":"2025-12-29T00:00:00Z","NORMATIVA":"En el marco del Decreto 555 del 29 de diciembre de 2021 - Por el cual se adopta la revisión general del Plan de Ordenamiento Territorial de Bogotá","ESCALA_CAPTURA":" ","FECHA_CAPTURA":"2021-12-29T00:00:00Z","RESPONSABLE":"38","SHAPE_Leng":7.5252797541499996,"SHAPE_Length":7.5252797541472116},"geometry":{"type":"LineString","coordinates":[[-74.071604719788454,4.620902081594546],[-74.071672508847428,4.620902772148273]]}},
{"type":"Feature","properties":{"fid":17,"OBJECTID":17,"CODIGO_ID":" ","NOMBRE":"Cicloalamedas Medio Milenio","LONGITUD":301.37208474300002,"TIPO_CAPACIDAD":"Ciclo Alameda","OBSERVACION":null,"PLAZO":"Corto","ACTO_ADMINISTRATIVO":"DEC","NUMERO_ACTO_ADMINISTRATIVO":"555","FECHA_ACTO_ADMINISTRATIVO":"2025-12-29T00:00:00Z","NORMATIVA":"En el marco del Decreto 555 del 29 de diciembre de 2021 - Por el cual se adopta la revisión general del Plan de Ordenamiento Territorial de Bogotá","ESCALA_CAPTURA":" ","FECHA_CAPTURA":"2021-12-29T00:00:00Z","RESPONSABLE":"38","SHAPE_Leng":301.37208474300002,"SHAPE_Length":301.37208474254055},"geometry":{"type":"LineString","coordinates":[[-74.071672508847428,4.620902772148273],[-74.071745175180524,4.62090351021588],[-74.071799857580359,4.620904067396781],[-74.07196998188364,4.62089834073658],[-74.072056215512546,4.620887769998506],[-74.072141522763829,4.620871313544713],[-74.072225500940888,4.620849050880685],[-74.072557701005678,4.620761269783801],[-74.072768522859931,4.620754057474028],[-74.073548971233876,4.6205593437757],[-74.074012028975432,4.620442008215],[-74.074012091136495,4.620441993758198],[-74.074164836361788,4.620404671791759],[-74.074322975370933,4.620364100647414]]}},
{"type":"Feature","properties":{"fid":18,"OBJECTID":18,"CODIGO_ID":" ","NOMBRE":"Cicloalamedas Medio Milenio","LONGITUD":3407.2807929800001,"TIPO_CAPACIDAD":"Ciclo Alameda","OBSERVACION":null,"PLAZO":"Corto","ACTO_ADMINISTRATIVO":"DEC","NUMERO_ACTO_ADMINISTRATIVO":"555","FECHA_ACTO_ADMINISTRATIVO":"2025-12-29T00:00:00Z","NORMATIVA":"En el marco del Decreto 555 del 29 de diciembre de 2021 - Por el cual se adopta la revisión general del Plan de Ordenamiento Territorial de Bogotá","ESCALA_CAPTURA":" ","FECHA_CAPTURA":"2021-12-29T00:00:00Z","RESPONSABLE":"38","SHAPE_Leng":3407.2807929800001,"SHAPE_Length":3407.2807929797104},"geometry":{"type":"LineString","coordinates":[[-74.071672508847428,4.620902772148273],[-74.071667670413191,4.621073354828861],[-74.071566001191698,4.621616605283173],[-74.071547427311572,4.621726462870778],[-74.0714370715923,4.622331055210992],[-74.071399628522812,4.622539744883849],[-74.071289442256983,4.623149533095974],[-74.071249970965098,4.623369403475582],[-74.071211579285347,4.623594030542042],[-74.071140502519015,4.624003836968344],[-74.071116735308081,4.624153342057187],[-74.071001954218815,4.624821465999802],[-74.070981154532774,4.62491037070578],[-74.070956385440155,4.625017869202352],[-74.070916236805729,4.625243149606312],[-74.070837058058984,4.625679382942119],[-74.070810118251288,4.625825182388447],[-74.070798200985976,4.625889679626435],[-74.070770101649785,4.626027868605913],[-74.070762874553409,4.626064674795439],[-74.070685692938014,4.626457740268581],[-74.070651774530972,4.626615623839854],[-74.070651735771349,4.626615831743782],[-74.070581248643705,4.626989806529881],[-74.070579482835825,4.62699918118694],[-74.07056969970715,4.627131117701954],[-74.070517204364293,4.627482991066178],[-74.070458395404557,4.62788774290279],[-74.070430461346035,4.628003755316195],[-74.070355346961961,4.628530249118174],[-74.070259854487588,4.629176237223329],[-74.070228637095752,4.629346956209358],[-74.070207089947701,4.629464786232693],[-74.070207045763624,4.629465170405877],[-74.070128388846015,4.629873754591289],[-74.07009262145435,4.630015696791209],[-74.070071950016967,4.630132560581699],[-74.070071870692104,4.630133005315583],[-74.070058842472278,4.630206159521766],[-74.070058702765408,4.63020682119666],[-74.070025270683729,4.630379762735937],[-74.069997853483059,4.630546686437536],[-74.069984727418799,4.630599680780453],[-74.069879568670828,4.631196591494779],[-74.069856345602844,4.631366148841626],[-74.069856243745733,4.631366686679666],[-74.069767747404185,4.631838414115549],[-74.069747285701439,4.631947477743881],[-74.069741450905909,4.631995770534076],[-74.069741038458019,4.632044412837462],[-74.069746054730544,4.632092798105613],[-74.069756436728369,4.632140321590327],[-74.06977205569099,4.632186389383566],[-74.06979271528958,4.632230429264554],[-74.069818159735036,4.63227188798889],[-74.069889200468936,4.632370789422625],[-74.070256126160402,4.632836489830862],[-74.070313008949753,4.632908684356704],[-74.070482543124797,4.633132512930532],[-74.070482640402787,4.633132672035858],[-74.07067708168033,4.633378382402762],[-74.070681432584294,4.633381628947373],[-74.070682802727646,4.633390966877665],[-74.070682605329537,4.633400401362032],[-74.070680845822864,4.633409672968019],[-74.070677571981562,4.633418524979472],[-74.070672875721627,4.633426711532392],[-74.070666886794001,4.633434004845787],[-74.070548544202509,4.633512574134329],[-74.070433575762536,4.633596001582657],[-74.070322180582608,4.633684145294017],[-74.070214551466989,4.633776848907885],[-74.070151193831776,4.633831955768758],[-74.070082908455262,4.633894648021966],[-74.070017413682038,4.633960249475268],[-74.069863660922806,4.634122267286869],[-74.069798187161666,4.634201478561971],[-74.069714160438465,4.634307576649486],[-74.069711222264431,4.634311285228454],[-74.069620970747067,4.63443106839935],[-74.069535351168327,4.63455420480592],[-74.069454486969533,4.63468051548162],[-74.069378496187696,4.63480981513161],[-74.069341036243699,4.634904580942043],[-74.069261603192004,4.635331828678605],[-74.069191069719622,4.635735560264992],[-74.069184262011248,4.635774528714725],[-74.069183582240569,4.635779168605003],[-74.069172668994653,4.635878032194893],[-74.069158932297626,4.635936251263984],[-74.069017579388856,4.636735935882376],[-74.068988827178146,4.636872539139701],[-74.068908256049895,4.637339266604713],[-74.068834630874321,4.637729696192816],[-74.068801224392743,4.637892988889873],[-74.068661249183663,4.638691123260754],[-74.068660828205992,4.638693527715565],[-74.068627230051504,4.638854041641689],[-74.068551039348691,4.639256103799651],[-74.06847855875894,4.639687799571434],[-74.068440459064817,4.639837482785734],[-74.068309406392117,4.640577891007602],[-74.068309356793947,4.640578338456257],[-74.068267759422739,4.640820996818001],[-74.068262437141797,4.640852113725958],[-74.068196394476345,4.641238284636356],[-74.068113987847553,4.641707055558062],[-74.068113174733597,4.64171167916044],[-74.068089355463457,4.641831489362802],[-74.068087623890321,4.641840196898919],[-74.06802146270644,4.642229134749869],[-74.067996218964964,4.64239081112784],[-74.06799337139698,4.642405743123373],[-74.067962550229453,4.642567357409293],[-74.067951724695234,4.642636257810943],[-74.067874961087426,4.643054719195396],[-74.067863918263285,4.643190061535555],[-74.067838422398125,4.643325564068096],[-74.067753321424007,4.64378778731788],[-74.067736093918313,4.643907016093581],[-74.067671069619024,4.64427650195926],[-74.067620767768574,4.644515436819388],[-74.067545968071002,4.645011427238519],[-74.067543494374803,4.645090892096451],[-74.067696040104906,4.645148309858258],[-74.067619724132499,4.645507056446123],[-74.067643524905421,4.645822763732714],[-74.067495801239403,4.646665245351589],[-74.067339527383538,4.647470106364834],[-74.067335663837298,4.647474552448595],[-74.067331232788931,4.647478429885459],[-74.067325188235145,4.647482284542134],[-74.067318590647119,4.647485091461275],[-74.067311620213104,4.647486772923663],[-74.067304469730516,4.64748728194568],[-74.067166021736455,4.647453523800332],[-74.067151166227745,4.647539399859193],[-74.06709317218035,4.647809640202238],[-74.067063937664528,4.647965639273329],[-74.066989108512658,4.648379853952203],[-74.066978848107027,4.648436651434378],[-74.066965025581723,4.648517197928063],[-74.066862387453455,4.649098706630075],[-74.066840112028771,4.649224906937296],[-74.066836557515714,4.649245044678249],[-74.066729749778773,4.649874726044686],[-74.066678201895513,4.650123808361048]]}},
{"type":"Feature","properties":{"fid":19,"OBJECTID":19,"CODIGO_ID":" ","NOMBRE":"Cicloalamedas Medio Milenio","LONGITUD":9321.5151004199997,"TIPO_CAPACIDAD":"Ciclo Alameda","OBSERVACION":null,"PLAZO":"Corto","ACTO_ADMINISTRATIVO":"DEC","NUMERO_ACTO_ADMINISTRATIVO":"555","FECHA_ACTO_ADMINISTRATIVO":"2025-12-29T00:00:00Z","NORMATIVA":"En el marco del Decreto 555 del 29 de diciembre de 2021 - Por el cual se adopta la revisión general del Plan de Ordenamiento Territorial de Bogotá","ESCALA_CAPTURA":" ","FECHA_CAPTURA":"2021-12-29T00:00:00Z","RESPONSABLE":"38","SHAPE_Leng":9321.5151004199997,"SHAPE_Length":9321.5151004204326},"geometry":{"type":"LineString","coordinates":[[-74.066692941086828,4.650127819040375],[-74.066265027292587,4.652562416399432],[-74.069139534731207,4.654487564512711],[-74.064676503588203,4.661330201231747],[-74.063598856216672,4.66325299993736],[-74.062488655088416,4.664988933469659],[-74.064895250023838,4.666541107625321],[-74.06344916070752,4.668819417573173],[-74.062510444901079,4.67545052877291],[-74.062248352276129,4.678473159532823],[-74.060809575369049,4.687873198856927],[-74.062737740276106,4.688399202519252],[-74.062734677270313,4.688775125453263],[-74.062677551471438,4.695785534340198],[-74.062744948822782,4.697390847903754],[-74.06290724441503,4.700745049161771],[-74.06745849689402,4.701953834247054],[-74.066858397735814,4.702333706154814],[-74.066510922158287,4.702580168799551],[-74.065585282506689,4.703261316251846],[-74.065051638567979,4.704578102763594],[-74.064298274094398,4.709025171747082],[-74.064283167626712,4.709138413595834],[-74.064231849514144,4.709171534428576],[-74.064175214477487,4.70931399412011],[-74.064003684966423,4.709235547426021],[-74.063852506638398,4.709165689693505],[-74.063329168979635,4.708931048760853],[-74.06272804277252,4.708662513653172],[-74.06239686258013,4.708515823793164],[-74.062139035378621,4.7084294756515],[-74.061746373840947,4.708334225196603],[-74.061085116791503,4.708220698127056],[-74.060255936191808,4.708063608350357],[-74.059699006531133,4.707991381540621],[-74.059223266170193,4.709655209636475],[-74.059197906581645,4.709790640131401],[-74.059109836625012,4.710240319496232],[-74.058935075697534,4.710924319590708],[-74.05874882613297,4.711607470268908],[-74.058652756985168,4.711969139471104],[-74.058654047064934,4.712041819583393],[-74.058695265966577,4.712128198619193],[-74.05880294666045,4.712185329845147],[-74.059089247296313,4.712158720333145],[-74.059008627080871,4.712846508929546],[-74.058885636804916,4.713666100092689],[-74.058743815724455,4.714485280245437],[-74.058672616804202,4.71489792966901],[-74.058600486065615,4.715311470251222],[-74.058530176466931,4.715708009640783],[-74.058457816233158,4.716118118788752],[-74.05845674203627,4.716127029748426]]}},
{"type":"Feature","properties":{"fid":20,"OBJECTID":20,"CODIGO_ID":" ","NOMBRE":"Cicloalameda El Porvenir Soacha-Fontibón","LONGITUD":910.59452619599995,"TIPO_CAPACIDAD":"Ciclo Alameda","OBSERVACION":null,"PLAZO":"Existente","ACTO_ADMINISTRATIVO":"DEC","NUMERO_ACTO_ADMINISTRATIVO":"555","FECHA_ACTO_ADMINISTRATIVO":"2025-10-15T00:00:00Z","NORMATIVA":"En el marco del Decreto 555 del 29 de diciembre de 2021 - Por el cual se adopta la revisión general del Plan de Ordenamiento Territorial de Bogotá","ESCALA_CAPTURA":" ","FECHA_CAPTURA":"2025-10-15T00:00:00Z","RESPONSABLE":"38","SHAPE_Leng":910.59452619599995,"SHAPE_Length":910.59452619623278},"geometry":{"type":"LineString","coordinates":[[-74.2062357310663,4.611745124926396],[-74.206224651682788,4.611736804103431],[-74.206152676146843,4.611681664741951],[-74.206108418778754,4.611645972414821],[-74.206051668043088,4.611595290042584],[-74.206038371133005,4.611580564924388],[-74.206028897152081,4.611562346627489],[-74.206019040207906,4.611542908935439],[-74.206011660096223,4.611528139932032],[-74.206004759710041,4.611519046783481],[-74.205974352085562,4.611472721945924],[-74.205947157311357,4.611431289913821],[-74.205910774485389,4.611375860999385],[-74.205906961595872,4.611370052542229],[-74.205872892589525,4.611330609768699],[-74.205871043862899,4.611328469372033],[-74.205720352678881,4.611140918863834],[-74.205494518898391,4.610866947097429],[-74.205373570240226,4.610720954903341],[-74.205307426698525,4.61064037513528],[-74.205280968978897,4.610610987230346],[-74.20525167847228,4.610586339866495],[-74.205225221456459,4.610565485237226],[-74.205187427148971,4.610543682395849],[-74.205117508684836,4.610513350729843],[-74.205075934876049,4.610497236744436],[-74.20504588325683,4.610484776474057],[-74.205042811249484,4.610483502158837],[-74.204977718896984,4.610456099780246],[-74.204969377627805,4.610452588624177],[-74.204899519613789,4.610423178959355],[-74.204880314606768,4.610415093808276],[-74.204815168423082,4.610390241458948],[-74.204711079940253,4.610350532274067],[-74.20431514296277,4.610157613941994],[-74.204312041210898,4.610156102791378],[-74.204222735338618,4.610100067918492],[-74.204139726613178,4.610046339401773],[-74.204134862666237,4.610043191341552],[-74.203687001364656,4.609798626117134],[-74.203656202615619,4.609781430962372],[-74.203627574643832,4.609760800625879],[-74.203601496729462,4.609737008974014],[-74.203578313923245,4.60971036964968],[-74.203562905857609,4.609688752041672],[-74.20354613141852,4.609647212411328],[-74.203535566382641,4.609603664612206],[-74.20353143693626,4.60955903698203],[-74.203533829635575,4.609514281372303],[-74.20354269410781,4.609470353261059],[-74.203557841247914,4.609428190058334],[-74.20357894772124,4.609388689411031],[-74.203689417658794,4.609203075409154],[-74.203996426493248,4.608744320967976],[-74.203999441274064,4.608739815442641],[-74.204011151810349,4.608722317659796],[-74.204018108134733,4.608710682370178],[-74.204066753759463,4.608629312180549],[-74.20407549802708,4.608614685578528],[-74.204077768796267,4.608611309145355],[-74.204381502227221,4.608159758370961],[-74.204538795546711,4.607934447122112],[-74.204697430837768,4.607706756534793],[-74.2048119083899,4.60756900251325],[-74.204872051868776,4.607493809817648],[-74.204933686590834,4.607445052079464],[-74.204967107680559,4.607418614250689],[-74.205025298178626,4.607344466667618],[-74.205099654530954,4.607239225519116],[-74.205108395659337,4.607197682918684],[-74.205111245179182,4.607155321825355],[-74.205108147307399,4.607112978396586],[-74.205099162470106,4.607071488780154],[-74.205084470003882,4.607031672842829],[-74.205064359145737,4.606994317900078],[-74.205063125703106,4.606992076207962],[-74.204903617030084,4.606702080767099],[-74.204850624059986,4.606682809302523],[-74.204809648822135,4.606691053962465],[-74.204795831378675,4.606665720114275],[-74.204615254573284,4.606328504030096],[-74.204609067464133,4.606316181901613],[-74.20459446419332,4.606287095820687],[-74.204493676609957,4.606086354126657],[-74.20448728141848,4.606074141391741],[-74.204466905644622,4.606035233467463],[-74.204352717560582,4.605817187640848],[-74.20435183729883,4.605815505463141],[-74.204283449712037,4.605693772578619]]}},
{"type":"Feature","properties":{"fid":21,"OBJECTID":21,"CODIGO_ID":" ","NOMBRE":"Cicloalameda El Porvenir Soacha-Fontibón","LONGITUD":590.71928641399995,"TIPO_CAPACIDAD":"Ciclo Alameda","OBSERVACION":null,"PLAZO":"Existente","ACTO_ADMINISTRATIVO":"DEC","NUMERO_ACTO_ADMINISTRATIVO":"555","FECHA_ACTO_ADMINISTRATIVO":"2025-10-15T00:00:00Z","NORMATIVA":"En el marco del Decreto 555 del 29 de diciembre de 2021 - Por el cual se adopta la revisión general del Plan de Ordenamiento Territorial de Bogotá","ESCALA_CAPTURA":" ","FECHA_CAPTURA":"2025-10-15T00:00:00Z","RESPONSABLE":"38","SHAPE_Leng":590.71928641399995,"SHAPE_Length":590.71928641392083},"geometry":{"type":"LineString","coordinates":[[-74.211084800986825,4.613226649209698],[-74.211043639851738,4.613194664008914],[-74.210916274414316,4.613095686842748],[-74.210700716431347,4.612938325243022],[-74.210661131200339,4.612909421438414],[-74.21061820067375,4.612885811457246],[-74.210317309923028,4.612754388103201],[-74.210251936716261,4.612723785357714],[-74.210196909391101,4.612698440853444],[-74.210139254124741,4.612671366422052],[-74.210087846618748,4.612637903221064],[-74.209506504508568,4.612225073640726],[-74.209456590236698,4.612196826045152],[-74.209403782046365,4.612174494143032],[-74.209284869803497,4.612127812983103],[-74.209025238026655,4.61203007650405],[-74.208994552187235,4.612018898258221],[-74.208934232806925,4.611997678837783],[-74.208873006116249,4.611974683232267],[-74.208532307596286,4.611856312908376],[-74.208525020382339,4.611853846667557],[-74.208151238519321,4.61173973573844],[-74.208057644687557,4.611711571375403],[-74.207950568482218,4.611680876204162],[-74.207895615787166,4.611673041001509],[-74.207840123151684,4.61167186161658],[-74.207784888731297,4.611677355155542],[-74.207730706169002,4.611689442002635],[-74.207496461236929,4.611776789013902],[-74.207178805399593,4.611907143013076],[-74.207148071119803,4.611919276628306],[-74.207116306004167,4.611928353175029],[-74.207050005095041,4.611939979989311],[-74.207013426101156,4.611941750322615],[-74.206976838715562,4.611940159772858],[-74.206940550130781,4.61193522096922],[-74.206659810130688,4.611893318719089],[-74.206558547302208,4.611875057566637],[-74.206458659539095,4.611850319490052],[-74.206360558542315,4.611819206601454],[-74.206316471799724,4.611798885923998],[-74.206274714293073,4.611774104060276],[-74.2062357310663,4.611745124926396]]}},
{"type":"Feature","properties":{"fid":22,"OBJECTID":22,"CODIGO_ID":" ","NOMBRE":"Cicloalameda El Porvenir Soacha-Fontibón","LONGITUD":328.06967573700001,"TIPO_CAPACIDAD":"Ciclo Alameda","OBSERVACION":null,"PLAZO":"Existente","ACTO_ADMINISTRATIVO":"DEC","NUMERO_ACTO_ADMINISTRATIVO":"555","FECHA_ACTO_ADMINISTRATIVO":"2025-10-15T00:00:00Z","NORMATIVA":"En el marco del Decreto 555 del 29 de diciembre de 2021 - Por el cual se adopta la revisión general del Plan de Ordenamiento Territorial de Bogotá","ESCALA_CAPTURA":" ","FECHA_CAPTURA":"2025-10-15T00:00:00Z","RESPONSABLE":"38","SHAPE_Leng":328.06967573700001,"SHAPE_Length":328.0696757367009},"geometry":{"type":"LineString","coordinates":[[-74.20988773580531,4.628123012589049],[-74.209072065705655,4.628500210544407],[-74.208914632393174,4.628570393423079],[-74.208886499105802,4.628581968247926],[-74.208441743266434,4.628782910701759],[-74.208109963516165,4.628935769279933],[-74.207700244504821,4.629120922573074],[-74.20732770683415,4.629292439089837],[-74.207251435336261,4.629326407879383],[-74.20719756779576,4.629350965542825]]}},
{"type":"Feature","properties":{"fid":23,"OBJECTID":23,"CODIGO_ID":" ","NOMBRE":"Cicloalameda El Porvenir Soacha-Fontibón","LONGITUD":2158.5601679299998,"TIPO_CAPACIDAD":"Ciclo Alameda","OBSERVACION":null,"PLAZO":"Existente","ACTO_ADMINISTRATIVO":"DEC","NUMERO_ACTO_ADMINISTRATIVO":"555","FECHA_ACTO_ADMINISTRATIVO":"2025-10-15T00:00:00Z","NORMATIVA":"En el marco del Decreto 555 del 29 de diciembre de 2021 - Por el cual se adopta la revisión general del Plan de Ordenamiento Territorial de Bogotá","ESCALA_CAPTURA":" ","FECHA_CAPTURA":"2025-10-15T00:00:00Z","RESPONSABLE":"38","SHAPE_Leng":2158.5601679299998,"SHAPE_Length":2158.5601679283409},"geometry":{"type":"LineString","coordinates":[[-74.20719756779576,4.629350965542825],[-74.207168138212268,4.629289828607978],[-74.207132868130827,4.629216557567937],[-74.207121533122702,4.629193011585309],[-74.20707746085165,4.629101453514551],[-74.207072409656419,4.629090960913035],[-74.206898371618664,4.62865664210501],[-74.206738638510473,4.62825126284412],[-74.20656817827961,4.627827945592032],[-74.206448974743864,4.627527796881854],[-74.206443235253687,4.62751672399838],[-74.206433479021868,4.627497901904198],[-74.206348854216657,4.627396261855469],[-74.206332166948016,4.627369954747538],[-74.206239186680776,4.627118833948312],[-74.20614382517239,4.626885651288609],[-74.206034158096188,4.6266118102113],[-74.205916147941821,4.626324816458138],[-74.205800521290257,4.626034233806797],[-74.205755846873188,4.625922983172534],[-74.205597877238816,4.625529601568367],[-74.205504899256141,4.625300006379908],[-74.205395232675812,4.625026165185103],[-74.205380967565034,4.624984417505367],[-74.205360236246705,4.62494549520117],[-74.20533357031708,4.62491039799496],[-74.205301656313495,4.624880028873769],[-74.205265314992474,4.624855169684393],[-74.205152093371524,4.624818107221409],[-74.205133088986514,4.624811484657573],[-74.205115346482444,4.624801968449574],[-74.205099300097586,4.624789790876403],[-74.205085344437407,4.624775251112569],[-74.205073819158784,4.624758704381916],[-74.205065008068814,4.624740556534051],[-74.205059126511486,4.624721251390051],[-74.204979996323985,4.624417764415859],[-74.204978059748441,4.62441033683004],[-74.204907564384257,4.624139013431037],[-74.204868382293796,4.623988210008736],[-74.204832931111895,4.623853290461398],[-74.204756767889407,4.623563427521841],[-74.204746783174699,4.623525426342262],[-74.2046901249184,4.623315597400748],[-74.204683037909376,4.623283840459282],[-74.204653481377221,4.623151414410245],[-74.204622541695514,4.623003862700366],[-74.20461444905574,4.622946645223342],[-74.204594178052886,4.622817494319531],[-74.204577497726603,4.622719302457347],[-74.20456675425406,4.622656056762749],[-74.204521458718233,4.622434722316938],[-74.204520256485424,4.62242884855698],[-74.204519859974994,4.622427257639788],[-74.204505259380937,4.622368673922094],[-74.204463373479001,4.622200616116856],[-74.204447076011547,4.622135224898806],[-74.204442766667825,4.622117933616985],[-74.20438673673118,4.621921819298024],[-74.204384359591856,4.621913729151466],[-74.204371429505471,4.621869733217027],[-74.204344748422415,4.621778941885137],[-74.204307616907485,4.621660947068207],[-74.2043068672087,4.621658737878738],[-74.204278500655477,4.621568348938043],[-74.204266336740915,4.621529589513337],[-74.204230572768182,4.621411625314178],[-74.204194811511115,4.621293673767751],[-74.20395920619886,4.620516946948267],[-74.203958777273925,4.62051553320723],[-74.203871756728461,4.620248865434804],[-74.20386492400597,4.620230509500566],[-74.203833321927874,4.620120925447613],[-74.203812096241748,4.620059250740892],[-74.203803339865928,4.620025747492668],[-74.203797830482557,4.620006977442307],[-74.203789503330569,4.619978609491836],[-74.203786563189169,4.619970819499059],[-74.203719303081201,4.619792627704341],[-74.203717775794459,4.619788582656902],[-74.203687460731018,4.619708267447482],[-74.203666283784258,4.619636170202678],[-74.203651387713421,4.619564770299979],[-74.203642968650271,4.619468341343286],[-74.20363306244694,4.619317812982271],[-74.203629786475332,4.61919961200567],[-74.203629744080061,4.61919892681594],[-74.203634081233218,4.619091207416024],[-74.203636699348976,4.619026190692471],[-74.203633073797448,4.618907403984248],[-74.203634398955515,4.618896004180073],[-74.203647584954439,4.618750481834748],[-74.203659492227871,4.618622524219681],[-74.203662230963829,4.618601441202619],[-74.203703401628061,4.61860627491772],[-74.203704830774427,4.618599760947944],[-74.203722961955052,4.618481409093517],[-74.203746629651263,4.618383411910115],[-74.203765704519725,4.618327534588221],[-74.203788833561774,4.618275415557725],[-74.203854505287268,4.618127426615153],[-74.203865147468619,4.618108827914054],[-74.203965084865246,4.617934167896619],[-74.204031818079201,4.617857627865292],[-74.204049060286721,4.617843124418676],[-74.204072216432834,4.617826000848861],[-74.204096513202131,4.617810550394962],[-74.204137243926539,4.617789590847236],[-74.204180051510349,4.61777332081473],[-74.204224399958676,4.617761944633027],[-74.204358187421079,4.61773669007594],[-74.204393426631626,4.617728637541215],[-74.204575118719902,4.617687118807421],[-74.204643456777916,4.617683229853482],[-74.204711404404492,4.617674941406382],[-74.204746103991965,4.617666883474748],[-74.204779228461049,4.617653749998389],[-74.204810045435281,4.617635831205205],[-74.20483301231144,4.617617922094821],[-74.204853638533493,4.617597343815302],[-74.204877736148575,4.617548300807561],[-74.204915414673692,4.617471619353075],[-74.204928765382334,4.617427023751088],[-74.204935279339011,4.617380920020711],[-74.20493480708798,4.617334357658948],[-74.204716293693963,4.616937244689973],[-74.204707059958494,4.616904946452837],[-74.204703300657954,4.616871557604897],[-74.204705120366739,4.6168380055891],[-74.204712468711847,4.61680522328467],[-74.204893594155038,4.616523944759566],[-74.205022411019286,4.616362832409748],[-74.20520735356655,4.616130344125418],[-74.205263379964975,4.616056083717505],[-74.205315227924828,4.615978828868654],[-74.205362739816024,4.615898814619497],[-74.205401350586484,4.615811121156011],[-74.205434013685448,4.615721026391643],[-74.205460580506724,4.615628936212496],[-74.205480933074341,4.615535265541519],[-74.205496177123706,4.615411852666493],[-74.205500937363027,4.615325751147998],[-74.205499968954229,4.615140155171638],[-74.205497196342051,4.614815067386836],[-74.205497080814013,4.614801490085212],[-74.205497667388983,4.614759198791151],[-74.205501128632363,4.614509697782164],[-74.205501819092092,4.614459954325025],[-74.205515511024132,4.614271981549701],[-74.205529581683848,4.614154096414513],[-74.205592245996982,4.613901525192376],[-74.205661624137463,4.613668281638996],[-74.205716756398346,4.61347118185123],[-74.205731356137079,4.613422548187176],[-74.205750329707314,4.613354348185513],[-74.205804034042359,4.61316784098148],[-74.20581171972546,4.613141148538705],[-74.205817430113214,4.61311782979775],[-74.205886603279552,4.612880563663822],[-74.205909164253924,4.612815146616182],[-74.205909741562635,4.61281347245466],[-74.205979877392991,4.612583559853979],[-74.206073999185293,4.612254692665659],[-74.206153824028249,4.611986815189023],[-74.206154759753119,4.611983673888191],[-74.206175963512635,4.611912519581391],[-74.206195901065257,4.611846123767068],[-74.20619723215664,4.611841691593992],[-74.2062357310663,4.611745124926396]]}},
{"type":"Feature","properties":{"fid":24,"OBJECTID":24,"CODIGO_ID":" ","NOMBRE":"Cicloalameda El Porvenir Soacha-Fontibón","LONGITUD":8534.9931261599995,"TIPO_CAPACIDAD":"Ciclo Alameda","OBSERVACION":null,"PLAZO":"Existente","ACTO_ADMINISTRATIVO":"DEC","NUMERO_ACTO_ADMINISTRATIVO":"555","FECHA_ACTO_ADMINISTRATIVO":"2025-10-15T00:00:00Z","NORMATIVA":"En el marco del Decreto 555 del 29 de diciembre de 2021 - Por el cual se adopta la revisión general del Plan de Ordenamiento Territorial de Bogotá","ESCALA_CAPTURA":" ","FECHA_CAPTURA":"2025-10-15T00:00:00Z","RESPONSABLE":"38","SHAPE_Leng":8534.9931261599995,"SHAPE_Length":8534.9931261636339},"geometry":{"type":"LineString","coordinates":[[-74.20719756779576,4.629350965542825],[-74.207143128217822,4.629375782684348],[-74.20700058012072,4.629440544695564],[-74.206724085076786,4.629566161940314],[-74.206719966414568,4.629567823747585],[-74.20662985220639,4.62960418368662],[-74.206407159727874,4.629694038752731],[-74.206362516547117,4.629712051890442],[-74.206359778885016,4.629713230870484],[-74.203845762514845,4.630795849273778],[-74.203842151017284,4.630797323002078],[-74.203765444750402,4.630828613958387],[-74.203668654978841,4.630868098108225],[-74.203482017336711,4.630944232835654],[-74.203478028382349,4.630945860263695],[-74.202801727633698,4.631224912601152],[-74.20279545682898,4.631227500199979],[-74.201890775879122,4.631600783811648],[-74.201464443475302,4.631776693752387],[-74.201459577985233,4.631778688240205],[-74.20128302941238,4.631851070222067],[-74.201167922389871,4.631898262512812],[-74.200413347441369,4.632207625297394],[-74.200271748073348,4.632265678592026],[-74.199496214689319,4.632580556080203],[-74.199425025743835,4.632609459731858],[-74.198423218904324,4.633016204933686],[-74.19840912414945,4.633021871011962],[-74.198151074606159,4.633125612541933],[-74.198039727263193,4.633170376046635],[-74.197921890153296,4.633217747896459],[-74.197675857863004,4.633316656776709],[-74.19766639979342,4.633320459467384],[-74.197535736438454,4.633375377437646],[-74.197201119820619,4.633516015177489],[-74.197193437340658,4.633519244631412],[-74.196907429766796,4.633639451324194],[-74.196881608589081,4.633650304159159],[-74.196876174633402,4.633652526451075],[-74.196609498170503,4.633761575116528],[-74.196604885792851,4.633763461079403],[-74.196336094938488,4.633873373966598],[-74.196335376956839,4.633873667800388],[-74.196296717770025,4.633891167346623],[-74.196040097257352,4.634007330069546],[-74.195741763553372,4.634142373661677],[-74.195441290207938,4.634278386309203],[-74.195287050547535,4.634348196238339],[-74.195139648330141,4.634414797551228],[-74.194523376943877,4.633347719384696],[-74.194444934467796,4.63338617776475],[-74.194237235665284,4.633454758096831],[-74.194171592701849,4.633477179537374],[-74.194052545371278,4.633321569189008],[-74.194041552387162,4.633328455302797],[-74.194039743494884,4.633329588071697],[-74.194002617060804,4.63335284463821],[-74.193964351058071,4.633376815398459],[-74.19389499407383,4.633417471511617],[-74.193554337113014,4.633611478864929],[-74.193253102334864,4.633788956562881],[-74.19323914912826,4.633797177087675],[-74.193158413484937,4.633844743662193],[-74.192748452292335,4.634081549017985],[-74.192449468035761,4.634253141523302],[-74.192375434520031,4.634295630999071],[-74.191934487517116,4.634555158637292],[-74.191818690627059,4.634622482198849],[-74.191611523303706,4.634742927582489],[-74.191368405774298,4.634885249834441],[-74.191238549612905,4.634952707976453],[-74.191127557632399,4.635001379048219],[-74.191086752376009,4.635019272567625],[-74.191085339834402,4.635019947906101],[-74.191037598989254,4.635042778322138],[-74.191012951577463,4.635054564648658],[-74.190960818154934,4.63507949611198],[-74.19092191469737,4.635098100006005],[-74.190889319030489,4.635113687026356],[-74.190518681081542,4.635282325487338],[-74.190041567319668,4.635505708912222],[-74.18991326629299,4.635565779648952],[-74.189611749881621,4.63570332118196],[-74.189315000900592,4.635842057318508],[-74.18920236835649,4.635894371100842],[-74.189170797765229,4.635909034145041],[-74.189165188135789,4.635911931638073],[-74.189095141183657,4.635948113682721],[-74.189089758569267,4.635950893648172],[-74.189056760103682,4.63596608196727],[-74.188626587629898,4.636171624001755],[-74.188207207860202,4.636367929497776],[-74.187890144686378,4.636513670931617],[-74.187814950929948,4.636535587939373],[-74.187738348760305,4.636551870710149],[-74.187660756184428,4.636562429728301],[-74.187582599319313,4.636567208923939],[-74.187502879358945,4.636586616800145],[-74.187425071454115,4.636612692081046],[-74.18739625371947,4.636624257055598],[-74.187375223166455,4.636634699779332],[-74.187348466752866,4.636647986654822],[-74.187241085249084,4.636701310437144],[-74.18720796155759,4.636717758781646],[-74.187098355810789,4.636772185487431],[-74.187052016505262,4.636795196344585],[-74.187029458084481,4.636806398462313],[-74.18693623354055,4.636852691380329],[-74.186595388842079,4.637023717032879],[-74.186180654323849,4.637228231631501],[-74.185818357395291,4.637416000142752],[-74.185538292386084,4.637557125619697],[-74.185483471318406,4.637583438061936],[-74.185480239028593,4.637585059923533],[-74.185405408091711,4.63762260140562],[-74.185372833843203,4.637638839014167],[-74.18486256050879,4.637893197281944],[-74.184853692415601,4.637897495133662],[-74.184628459568685,4.638006650947151],[-74.184523488784123,4.638066698660766],[-74.184431141186565,4.638126411221569],[-74.184333250452994,4.638203755582098],[-74.184268051533437,4.638238710232515],[-74.184199939716223,4.638267534453361],[-74.184099830442506,4.638301022934366],[-74.183968122133848,4.638343668264922],[-74.183798310541022,4.638415841249576],[-74.183795754784128,4.638416975839616],[-74.183745378354615,4.6384393358503],[-74.183736338163499,4.638443348953303],[-74.183706064597118,4.638457535305034],[-74.183177397214862,4.638705269190856],[-74.183143411858694,4.638734807468199],[-74.183113455478974,4.638768450365641],[-74.183088016328639,4.638805649161693],[-74.183067508785115,4.638845797286016],[-74.183052267044758,4.638888241166975],[-74.183008184124262,4.639156114114506],[-74.182927169011336,4.639683488161123],[-74.182872363859502,4.640026700327929],[-74.182851864155424,4.640150787291201],[-74.182838875629471,4.640248782299409],[-74.182884300896575,4.640402197193884],[-74.18281096328937,4.640494520313058],[-74.182745054033987,4.640526535218906],[-74.182688433019351,4.640560010424343],[-74.182576826387816,4.640615073816056],[-74.182539337271194,4.640642948073159],[-74.182505186151928,4.640674849248787],[-74.182474800932468,4.640710379584359],[-74.182453909911743,4.640740420661224],[-74.182435724348551,4.640772182717909],[-74.182062707495476,4.64126409144091],[-74.18200201324332,4.641329304425853],[-74.181936553028279,4.641389698695128],[-74.181866706108138,4.641444924400435],[-74.181792876967492,4.641494661522534],[-74.181750173387826,4.641521943911501],[-74.181705401182654,4.641545653092615],[-74.181658856737869,4.641565632667731],[-74.181610848152204,4.641581749740757],[-74.181525667071469,4.641617644331832],[-74.181442096953333,4.641657168186075],[-74.181360290944667,4.641700247172743],[-74.181181831081645,4.641818743697154],[-74.181041918570983,4.641938669245833],[-74.180907716794977,4.642077867573554],[-74.180645024238956,4.642383390464724],[-74.180587529417167,4.642442075761593],[-74.180525769545625,4.642496223437783],[-74.180460100462142,4.642545522516894],[-74.18039089782576,4.642589689140004],[-74.179839100995807,4.642890929055178],[-74.179485989559012,4.643079977495482],[-74.179436898952815,4.643098350726699],[-74.179385863016776,4.643110240022923],[-74.179333726780612,4.643115446475854],[-74.179281355099093,4.643113885074024],[-74.179241985122857,4.643112718092076],[-74.179201048491791,4.643111505078977],[-74.179172447847748,4.643111596795378],[-74.179120241317136,4.643116300640477],[-74.179068884594002,4.643126824062529],[-74.179019020007701,4.643143033247854],[-74.178916703442553,4.643194786279373],[-74.178906187090334,4.643229381771321],[-74.178660680581558,4.643357348682704],[-74.178516218834787,4.643439534090723],[-74.177959819910924,4.643705274692669],[-74.177900743245345,4.64373342175159],[-74.177776377466387,4.643792678368283],[-74.177768257880942,4.643796562993595],[-74.177366402702532,4.643988816121044],[-74.177359789370968,4.643991858196011],[-74.177289587695114,4.64402414577282],[-74.177261670323915,4.643971681821257],[-74.177199161427581,4.644005069159752],[-74.177075284160807,4.644072113147488],[-74.176536101389956,4.64436392537209],[-74.176292427368011,4.644491642796817],[-74.176147214649859,4.644573376681683],[-74.176055388585425,4.644625061966837],[-74.175930430549613,4.644530331575078],[-74.175837861316069,4.644540207440873],[-74.175793785435687,4.644549857108869],[-74.175750866479405,4.64456380138521],[-74.175709518852614,4.644581905564663],[-74.175670142544888,4.644603995168986],[-74.175340692676002,4.644786343207903],[-74.17498692154318,4.644978122966599],[-74.174969713013169,4.644987451503019],[-74.174821504598029,4.645070076529003],[-74.174572848499423,4.645208699697398],[-74.174413988896134,4.645296300392395],[-74.174409668293492,4.645298683370868],[-74.174199819037099,4.645414400630888],[-74.174154961688629,4.645439158820936],[-74.174110610496868,4.645460210799913],[-74.17406467628301,4.645477511451898],[-74.174017474356717,4.645490942347095],[-74.173868414414756,4.645527636683582],[-74.173632579776765,4.645578316596012],[-74.17350850812899,4.645595893196795],[-74.173427507294065,4.64563397691911],[-74.173314325967951,4.645683538381546],[-74.173276174540561,4.645700244793123],[-74.172648762253061,4.645989490169418],[-74.172521059549339,4.646046937183145],[-74.172461047298242,4.646073933095074],[-74.171881256942299,4.646269745741017],[-74.17178457311023,4.646256616640552],[-74.171724453246171,4.64624800144643],[-74.1717112590093,4.646256486376421],[-74.171605399138755,4.646334037162211],[-74.171412382559666,4.646429124893457],[-74.169626281487609,4.647114881909918],[-74.16913968184376,4.64730523844271],[-74.168756873900421,4.64744873521825],[-74.168191960394097,4.64766639731701],[-74.167880435945989,4.647788246384135],[-74.16777339767043,4.647826217249751],[-74.167762960865872,4.647829919232017],[-74.167719344390562,4.647848405381604],[-74.167548427964775,4.647920848389146],[-74.167018660233154,4.648160643485762],[-74.166610399528366,4.648348456806628],[-74.166231474996351,4.648517659488498],[-74.166166527539048,4.648394969286205],[-74.166030796898028,4.648453968331017],[-74.16599335144231,4.648470244953684],[-74.165756755400793,4.648573088212308],[-74.165752733830558,4.648574836557865],[-74.16525312942403,4.648798712783306],[-74.165104017787215,4.6488665499071],[-74.164660087168969,4.649068512538149],[-74.164463677841326,4.64916056570676],[-74.164187651773503,4.649342285260204],[-74.164136886922137,4.649379371008117],[-74.164113497240109,4.649395994296773],[-74.163722383198305,4.649712009801076],[-74.163658964364217,4.649754505952889],[-74.163593388681846,4.649793565339384],[-74.163525839933115,4.649829079481711],[-74.163285037925419,4.649942818204024],[-74.162630684893841,4.650253410175708],[-74.162572897148024,4.650280947563933],[-74.162317477870189,4.650402660014993],[-74.161622414500741,4.650737034837545],[-74.161601497548034,4.650746816004728],[-74.161503960469247,4.6507924267904],[-74.161475107538209,4.65080591882976],[-74.161214849175579,4.650929748029604],[-74.161025728948445,4.651019730044964],[-74.16100458045274,4.651029792327083],[-74.160859450023864,4.651102288323306],[-74.160542353359702,4.651267251688582],[-74.16054145877176,4.651267717239696],[-74.160523610247466,4.651276580806455],[-74.160250633035048,4.651423601599262],[-74.159915104659945,4.651597420116536],[-74.159914168630152,4.651597914593983],[-74.159814931446519,4.651650332812293],[-74.159759422806772,4.651680178610483],[-74.159561975433689,4.651786341062623],[-74.159362801885621,4.651893431845503],[-74.159188823628511,4.651986975551997],[-74.158946113994332,4.652107575597956],[-74.158865602684784,4.652149321339438],[-74.158589123813371,4.652292679652754],[-74.158573748207317,4.65230065997032],[-74.158148902476327,4.652535276009849],[-74.158125461322541,4.652559564581398],[-74.157703353614977,4.652996922351049],[-74.156763337415597,4.653969119387837],[-74.156075217206364,4.654684084281899],[-74.155988108733297,4.654774590558123],[-74.155953216139565,4.654810135172652],[-74.155502812989482,4.65526895803542],[-74.155292928413004,4.655495583199108],[-74.154815405676842,4.655993329056277],[-74.15458177816042,4.656226128247483],[-74.154652698514226,4.656291067982671],[-74.154729090164423,4.656361018232294],[-74.15518389842974,4.656815914819028],[-74.155677323490735,4.657306685598905],[-74.155680919972056,4.657310125075313],[-74.155980018271492,4.657605562148704],[-74.156115302740204,4.6577391909896],[-74.156327485642549,4.65794941208034],[-74.156204245967572,4.658124237352711],[-74.156075943920072,4.658225472250644],[-74.156069506990647,4.658232104605157],[-74.155742067573271,4.658569456974413],[-74.155732249557133,4.658579573186005],[-74.155643334056762,4.658656401794457],[-74.155558215037559,4.658737445453382],[-74.155477092499609,4.658822514332506],[-74.155400153830456,4.65891141046616],[-74.15532757921055,4.659003926849351],[-74.155095607694506,4.65924033021354],[-74.155040772455209,4.659296212949083],[-74.154874790095647,4.659464554475235],[-74.154444703135241,4.659816952745395],[-74.154373964935147,4.659879739057556],[-74.154307820538278,4.659947377705643],[-74.154246597873865,4.660019531514701],[-74.154190602348436,4.660095841615301],[-74.153933723489217,4.660514531420571],[-74.153908185683946,4.660556872616623],[-74.15382592371833,4.660704253168556],[-74.153579055472505,4.661130177031148],[-74.153257352658258,4.661689884025452],[-74.153145957974985,4.661891085838082],[-74.153128791568022,4.66195227876336],[-74.15311649462582,4.662014639543846],[-74.153109142823098,4.662077780385331],[-74.153106782104302,4.662141306262263],[-74.153109428683635,4.662204821245243],[-74.153124894822227,4.662994802105358],[-74.153129653996473,4.663343745894939],[-74.153119666485864,4.663449479886514],[-74.153120623396177,4.663464036152942],[-74.153121548770059,4.663478125078506],[-74.153130131456436,4.66363310688999],[-74.15309437878895,4.663862710926614],[-74.153047184328884,4.664181285245581],[-74.153032882931996,4.664258777225085],[-74.153026747801263,4.66427352790514],[-74.153018342341213,4.664287106185339],[-74.153007883670298,4.664299163139663],[-74.15299564025986,4.664309389615382],[-74.152981926528611,4.664317522560655],[-74.152967093833595,4.6643233531602],[-74.152893022160157,4.664342575379463],[-74.152884141811484,4.664344879622606],[-74.152881573295346,4.664345667888281],[-74.152713313403638,4.664397292942655],[-74.152711086334946,4.664397976346771],[-74.152000283586915,4.66461052747843],[-74.151958317942871,4.664627649479759],[-74.151918989331975,4.664650210513753],[-74.151882994162122,4.664677811934532],[-74.151606355096803,4.664972356383966],[-74.151213712144738,4.66538412999141],[-74.151174651185116,4.665428820532393],[-74.151141257045296,4.665477917780904],[-74.151114018921646,4.665530703999907],[-74.151093335918489,4.665586404504091],[-74.151079510741667,4.66564420483494],[-74.151041082533283,4.665883935701154],[-74.151040469022348,4.665886632181873],[-74.151012002572841,4.666028172536523],[-74.150891868724358,4.666706937870251],[-74.150765317744472,4.66745005616678],[-74.150958782842366,4.667704099614381],[-74.15074109621267,4.667878033173131]]}},
{"type":"Feature","properties":{"fid":25,"OBJECTID":25,"CODIGO_ID":" ","NOMBRE":"Cicloalameda El Porvenir Soacha-Fontibón","LONGITUD":230.58832315699999,"TIPO_CAPACIDAD":"Ciclo Alameda","OBSERVACION":null,"PLAZO":"Corto","ACTO_ADMINISTRATIVO":"DEC","NUMERO_ACTO_ADMINISTRATIVO":"555","FECHA_ACTO_ADMINISTRATIVO":"2025-12-29T00:00:00Z","NORMATIVA":"En el marco del Decreto 555 del 29 de diciembre de 2021 - Por el cual se adopta la revisión general del Plan de Ordenamiento Territorial de Bogotá","ESCALA_CAPTURA":" ","FECHA_CAPTURA":"2021-12-29T00:00:00Z","RESPONSABLE":"38","SHAPE_Leng":230.58832315699999,"SHAPE_Length":230.58832315654183},"geometry":{"type":"LineString","coordinates":[[-74.148869199639861,4.666880809987156],[-74.149143989732025,4.666983919673327],[-74.149449169927237,4.667104019734206],[-74.149765349684799,4.667242060267199],[-74.150075009748676,4.667414469694325],[-74.150419249612582,4.667656229681939],[-74.150670330410591,4.667881899773349]]}},
{"type":"Feature","properties":{"fid":26,"OBJECTID":26,"CODIGO_ID":" ","NOMBRE":"Cicloalameda El Porvenir Soacha-Fontibón","LONGITUD":754.01321125799996,"TIPO_CAPACIDAD":"Ciclo Alameda","OBSERVACION":null,"PLAZO":"Corto","ACTO_ADMINISTRATIVO":"DEC","NUMERO_ACTO_ADMINISTRATIVO":"555","FECHA_ACTO_ADMINISTRATIVO":"2025-12-29T00:00:00Z","NORMATIVA":"En el marco del Decreto 555 del 29 de diciembre de 2021 - Por el cual se adopta la revisión general del Plan de Ordenamiento Territorial de Bogotá","ESCALA_CAPTURA":" ","FECHA_CAPTURA":"2021-12-29T00:00:00Z","RESPONSABLE":"38","SHAPE_Leng":754.01321125799996,"SHAPE_Length":754.01321125794288},"geometry":{"type":"LineString","coordinates":[[-74.14884822019836,4.66699346004939],[-74.148573660155279,4.666988120353945],[-74.148539680065625,4.66700271016908],[-74.14810649970471,4.667358070352575],[-74.147900559630386,4.667532889779716],[-74.147687959815187,4.667703850202258],[-74.14747684011796,4.667876219812541],[-74.147347380069377,4.667980599735649],[-74.147265799603829,4.668053570111504],[-74.147060530304444,4.668223290117844],[-74.146854059974004,4.668395439875795],[-74.146505939720598,4.668680750288856],[-74.14615171000392,4.668970829752206],[-74.145806639720305,4.669255689649427],[-74.145756340033259,4.669313380450131],[-74.145092810177843,4.669855830339388],[-74.144585140186848,4.670266720386378],[-74.144152149565386,4.670612959973504],[-74.144098319823641,4.670666779935938],[-74.144018870241865,4.67075797985255],[-74.143547529932988,4.671145329563688]]}},
{"type":"Feature","properties":{"fid":27,"OBJECTID":27,"CODIGO_ID":" ","NOMBRE":"Cicloalameda El Porvenir Soacha-Fontibón","LONGITUD":324.287386121,"TIPO_CAPACIDAD":"Ciclo Alameda","OBSERVACION":null,"PLAZO":"Corto","ACTO_ADMINISTRATIVO":"DEC","NUMERO_ACTO_ADMINISTRATIVO":"555","FECHA_ACTO_ADMINISTRATIVO":"2025-12-29T00:00:00Z","NORMATIVA":"En el marco del Decreto 555 del 29 de diciembre de 2021 - Por el cual se adopta la revisión general del Plan de Ordenamiento Territorial de Bogotá","ESCALA_CAPTURA":" ","FECHA_CAPTURA":"2021-12-29T00:00:00Z","RESPONSABLE":"38","SHAPE_Leng":324.287386121,"SHAPE_Length":324.28738612120412},"geometry":{"type":"LineString","coordinates":[[-74.143547529932988,4.671145329563688],[-74.144075789929644,4.671785619608531],[-74.144118200109588,4.671836640382983],[-74.144449240092044,4.672234479758557],[-74.144732309650124,4.672573090379329],[-74.144750320005897,4.672629589876984],[-74.145339779673009,4.673328170174987],[-74.145418720097311,4.673387379795935]]}},
{"type":"Feature","properties":{"fid":28,"OBJECTID":28,"CODIGO_ID":" ","NOMBRE":"Cicloalameda El Porvenir Soacha-Fontibón","LONGITUD":656.11830965499996,"TIPO_CAPACIDAD":"Ciclo Alameda","OBSERVACION":null,"PLAZO":"Mediano","ACTO_ADMINISTRATIVO":"DEC","NUMERO_ACTO_ADMINISTRATIVO":"555","FECHA_ACTO_ADMINISTRATIVO":"2025-12-29T00:00:00Z","NORMATIVA":"En el marco del Decreto 555 del 29 de diciembre de 2021 - Por el cual se adopta la revisión general del Plan de Ordenamiento Territorial de Bogotá","ESCALA_CAPTURA":" ","FECHA_CAPTURA":"2021-12-29T00:00:00Z","RESPONSABLE":"38","SHAPE_Leng":656.11830965499996,"SHAPE_Length":656.11830965488366},"geometry":{"type":"LineString","coordinates":[[-74.143547529932988,4.671145329563688],[-74.142808739788748,4.67176834037785],[-74.142020409817917,4.672386200289447],[-74.14124507011492,4.672974889910018],[-74.140702279739202,4.673420620408208],[-74.140043799923092,4.673968569630183],[-74.139612870327397,4.674346639816498],[-74.139426429720118,4.674500809840942],[-74.139310569744524,4.674761440286495],[-74.139295429778159,4.674827380405445],[-74.139255340377119,4.674968349733913],[-74.139206798001297,4.675061256972978]]}},
{"type":"Feature","properties":{"fid":29,"OBJECTID":29,"CODIGO_ID":"0","NOMBRE":"Corredor Verde Regiotram de Ocidente","LONGITUD":11603.147236500001,"TIPO_CAPACIDAD":"Ciclo Alameda","OBSERVACION":null,"PLAZO":"Mediano","ACTO_ADMINISTRATIVO":"DEC","NUMERO_ACTO_ADMINISTRATIVO":"555","FECHA_ACTO_ADMINISTRATIVO":"2025-12-29T00:00:00Z","NORMATIVA":"En el marco del Decreto 555 del 29 de diciembre de 2021 - Por el cual se adopta la revisión general del Plan de Ordenamiento Territorial de Bogotá","ESCALA_CAPTURA":" ","FECHA_CAPTURA":"2021-12-29T00:00:00Z","RESPONSABLE":"38","SHAPE_Leng":7269.6563023099998,"SHAPE_Length":7269.656302307324},"geometry":{"type":"LineString","coordinates":[[-74.093659954160813,4.627946650916437],[-74.093752506875845,4.628048230918103],[-74.093716473744763,4.628169460385211],[-74.094642335283041,4.629105498097167],[-74.095184303028347,4.629635967465421],[-74.096688707554449,4.631168508432607],[-74.100429161983982,4.634910408851671],[-74.101259901306349,4.635778795548267],[-74.104495696727938,4.639215429083526],[-74.108162503915707,4.642936539381598],[-74.110336142749532,4.645210202997576],[-74.111071568617376,4.646010629728897],[-74.113861633386946,4.648927353106693],[-74.11823051781586,4.653392654578873],[-74.119424788593165,4.654637887605388],[-74.122241041252408,4.657465632733214],[-74.1228825789007,4.658175470872389],[-74.125168034274793,4.66053353710691],[-74.125806996923686,4.661198743645586],[-74.126016784181914,4.66141714637895],[-74.129270334562591,4.664831358988833],[-74.129835711561526,4.665374764757718],[-74.13031303342683,4.665873917065664],[-74.131055871582859,4.666650727099622],[-74.132673211068862,4.6683516122613],[-74.133931165528281,4.669565923744333],[-74.134898158971993,4.67054730338917],[-74.135084842710484,4.670728475704183],[-74.135259174301339,4.670941701759634],[-74.136560764534096,4.672340908976155],[-74.137452157245875,4.67326920956238],[-74.138282231338309,4.67418775738606],[-74.138572667830189,4.674413518107094],[-74.138988776320701,4.674830731695169],[-74.13920735568486,4.675060723649684]]}},
{"type":"Feature","properties":{"fid":30,"OBJECTID":30,"CODIGO_ID":"0","NOMBRE":"Corredor Verde Regiotram de Ocidente","LONGITUD":821.52275777199998,"TIPO_CAPACIDAD":"Ciclo Alameda","OBSERVACION":null,"PLAZO":"Mediano","ACTO_ADMINISTRATIVO":"DEC","NUMERO_ACTO_ADMINISTRATIVO":"555","FECHA_ACTO_ADMINISTRATIVO":"2025-12-29T00:00:00Z","NORMATIVA":"En el marco del Decreto 555 del 29 de diciembre de 2021 - Por el cual se adopta la revisión general del Plan de Ordenamiento Territorial de Bogotá","ESCALA_CAPTURA":" ","FECHA_CAPTURA":"2021-12-29T00:00:00Z","RESPONSABLE":"38","SHAPE_Leng":821.52275777199998,"SHAPE_Length":821.52275777193745},"geometry":{"type":"LineString","coordinates":[[-74.093659954160813,4.627946650916437],[-74.093583429022175,4.627867786523102],[-74.093176945779177,4.627449253081671],[-74.092913394097422,4.627179812173057],[-74.092760259520773,4.627021608637667],[-74.092206344051633,4.626451156661196],[-74.091783746954846,4.626018144447074],[-74.091781072475129,4.626015460416666],[-74.091540533813657,4.625767772494636],[-74.091205413389062,4.625421488849083],[-74.091055516943939,4.62526780494231],[-74.090895837894479,4.625104162336734],[-74.090297800867731,4.624487660970214],[-74.089576540720884,4.623744523166411],[-74.089237972993686,4.623395555396265],[-74.089191315504792,4.623347671266576],[-74.089069357170601,4.62322202517081],[-74.088923825157721,4.623071942500296],[-74.08888554234224,4.62303309761452],[-74.088819885309292,4.622944462812507],[-74.088775622729614,4.622881181893874],[-74.088652122606646,4.62269586233586],[-74.088581469697644,4.622592819969817],[-74.088569647873456,4.62256760697049]]}},
{"type":"Feature","properties":{"fid":31,"OBJECTID":31,"CODIGO_ID":"12","NOMBRE":"Corredor Verde Regiotram de Ocidente","LONGITUD":1004.30252648,"TIPO_CAPACIDAD":"Ciclo Alameda","OBSERVACION":null,"PLAZO":"Mediano","ACTO_ADMINISTRATIVO":"DEC","NUMERO_ACTO_ADMINISTRATIVO":"555","FECHA_ACTO_ADMINISTRATIVO":"2025-12-29T00:00:00Z","NORMATIVA":"En el marco del Decreto 555 del 29 de diciembre de 2021 - Por el cual se adopta la revisión general del Plan de Ordenamiento Territorial de Bogotá","ESCALA_CAPTURA":" ","FECHA_CAPTURA":"2021-12-29T00:00:00Z","RESPONSABLE":"38","SHAPE_Leng":1004.30252648,"SHAPE_Length":1004.3025264812277},"geometry":{"type":"LineString","coordinates":[[-74.088570654053015,4.622568694503098],[-74.088569647873456,4.62256760697049],[-74.088495123037603,4.622487021978543],[-74.088263031882263,4.622244771794867],[-74.087982171717741,4.621957318263632],[-74.087781959699313,4.621749533600977],[-74.08778160748993,4.621749181031772],[-74.087665069799073,4.6216281959042],[-74.08661010635231,4.620540890402947],[-74.086584279017487,4.620514263313336],[-74.086514328493507,4.620442153019859],[-74.085362182890606,4.619256956060019],[-74.085139946547741,4.619025509704366],[-74.085006589367239,4.618888140422504],[-74.084947335902257,4.618827540882671],[-74.084935302368322,4.618815040938197],[-74.084634670181131,4.618505691635566],[-74.084299697044074,4.618159477067773],[-74.084215109355398,4.618071756781212],[-74.083858531075975,4.617707460228342],[-74.083650228694083,4.617493176106716],[-74.083444177523631,4.617280728044516],[-74.083246643301422,4.617077320170298],[-74.083016947227136,4.616837752316389],[-74.08287627496118,4.616680466183502],[-74.082648131612217,4.616407423322519],[-74.082380512851259,4.616063896841292],[-74.082332341690375,4.615998960941445]]}},
{"type":"Feature","properties":{"fid":32,"OBJECTID":32,"CODIGO_ID":"159","NOMBRE":"Avenida del Salitre","LONGITUD":1977.29832139,"TIPO_CAPACIDAD":"Ciclo Alameda","OBSERVACION":null,"PLAZO":"Mediano","ACTO_ADMINISTRATIVO":"DEC","NUMERO_ACTO_ADMINISTRATIVO":"555","FECHA_ACTO_ADMINISTRATIVO":"2025-12-29T00:00:00Z","NORMATIVA":"En el marco del Decreto 555 del 29 de diciembre de 2021 - Por el cual se adopta la revisión general del Plan de Ordenamiento Territorial de Bogotá","ESCALA_CAPTURA":" ","FECHA_CAPTURA":"2021-12-29T00:00:00Z","RESPONSABLE":"19","SHAPE_Leng":1977.29832139,"SHAPE_Length":1977.2983213930222},"geometry":{"type":"LineString","coordinates":[[-74.077961449991022,4.658663819486925],[-74.078092670085425,4.658743165430541],[-74.082321515457949,4.661067103208325],[-74.085523240547317,4.666107847199325],[-74.086821783093541,4.668677087020209],[-74.087473953888349,4.669795109194181],[-74.088494816145143,4.671056123386496],[-74.089271348218503,4.671838357604513]]}},
{"type":"Feature","properties":{"fid":33,"OBJECTID":33,"CODIGO_ID":" ","NOMBRE":"Corredor Verde Avenida Boyacá","LONGITUD":1267.4817257899999,"TIPO_CAPACIDAD":"Ciclo Alameda","OBSERVACION":null,"PLAZO":"Mediano","ACTO_ADMINISTRATIVO":"DEC","NUMERO_ACTO_ADMINISTRATIVO":"555","FECHA_ACTO_ADMINISTRATIVO":"2025-12-29T00:00:00Z","NORMATIVA":"En el marco del Decreto 555 del 29 de diciembre de 2021 - Por el cual se adopta la revisión general del Plan de Ordenamiento Territorial de Bogotá","ESCALA_CAPTURA":" ","FECHA_CAPTURA":"2021-12-29T00:00:00Z","RESPONSABLE":"38","SHAPE_Leng":1267.4817257899999,"SHAPE_Length":1267.4817257913132},"geometry":{"type":"LineString","coordinates":[[-74.049864836362318,4.810904370269377],[-74.049190230406708,4.813934455124347],[-74.048605720625105,4.816601101843143],[-74.048591145644835,4.818484951613393],[-74.047744046653492,4.822125412694183]]}},
{"type":"Feature","properties":{"fid":34,"OBJECTID":34,"CODIGO_ID":" ","NOMBRE":"Corredor Verde Vía Alameda del Norte","LONGITUD":2268.5363892800001,"TIPO_CAPACIDAD":"Ciclo Alameda","OBSERVACION":null,"PLAZO":"Mediano","ACTO_ADMINISTRATIVO":"DEC","NUMERO_ACTO_ADMINISTRATIVO":"555","FECHA_ACTO_ADMINISTRATIVO":"2025-12-29T00:00:00Z","NORMATIVA":"En el marco del Decreto 555 del 29 de diciembre de 2021 - Por el cual se adopta la revisión general del Plan de Ordenamiento Territorial de Bogotá","ESCALA_CAPTURA":" ","FECHA_CAPTURA":"2021-12-29T00:00:00Z","RESPONSABLE":"38","SHAPE_Leng":2268.5363892800001,"SHAPE_Length":2268.5363892840414},"geometry":{"type":"LineString","coordinates":[[-74.053162324041523,4.825425933466496],[-74.050806947552829,4.824158228973238],[-74.048565983134012,4.822651146363375],[-74.047744046653492,4.822125412694183],[-74.044727776315582,4.819959935376209],[-74.043631105620719,4.8194933909527],[-74.042355577370728,4.819313820939038],[-74.041497253851333,4.819349563562048],[-74.040007068368425,4.819672208953174],[-74.039365706783556,4.820077015528809],[-74.039167469568184,4.820264796337303],[-74.038887536842736,4.820537070099676],[-74.038881173053056,4.820543260192461],[-74.038812388059753,4.820610162717595],[-74.038793786070102,4.820628256693502],[-74.038517454481834,4.820897028088527],[-74.038508135454208,4.820906092244285],[-74.03842797107761,4.820984062596206],[-74.038376747322914,4.821037870648695],[-74.038329814099242,4.821095482265934],[-74.038287451709934,4.821156554899355],[-74.038249912527519,4.821220723397305],[-74.038217419190502,4.82128760542853],[-74.038214866283482,4.821293472511019],[-74.038198711856282,4.821333361813114],[-74.038184349650294,4.821373935684991],[-74.038110687434965,4.821618166431315],[-74.038099220562742,4.821647135047713],[-74.038083075432951,4.821673766225969],[-74.038062709033937,4.821697306150859],[-74.038038697288584,4.82171708870855],[-74.038011719732125,4.821732554466916],[-74.037982540586242,4.821743266039746],[-74.037952422379334,4.82174887561079],[-74.037921794041168,4.821749415790487],[-74.037891497223256,4.821744871346395],[-74.037862366345934,4.821735366252177],[-74.037282624985963,4.821491215150405],[-74.037271247282732,4.821486424233896],[-74.036832285402966,4.821301560555297],[-74.036826629443325,4.821299178657802],[-74.036318969161044,4.821085382823807],[-74.036313801579865,4.821083206196239],[-74.036112105548725,4.820998263428648],[-74.036095979275473,4.820991472200514],[-74.035963336027621,4.820935611396261],[-74.03582619561243,4.82087785607456],[-74.035650792624395,4.820803986229882],[-74.035647783986306,4.82080271931567],[-74.03563633962824,4.820797899435162],[-74.035625088998032,4.820793161844872],[-74.035621460431244,4.820791632686047],[-74.035614818721029,4.820788835708178],[-74.035614727713963,4.820788797727738]]}},
{"type":"Feature","properties":{"fid":35,"OBJECTID":35,"CODIGO_ID":" ","NOMBRE":"Canal Arzobispo - Park Way","LONGITUD":2320.65293651,"TIPO_CAPACIDAD":"Ciclo Alameda","OBSERVACION":null,"PLAZO":"Corto","ACTO_ADMINISTRATIVO":"DEC","NUMERO_ACTO_ADMINISTRATIVO":"555","FECHA_ACTO_ADMINISTRATIVO":"2025-12-29T00:00:00Z","NORMATIVA":"En el marco del Decreto 555 del 29 de diciembre de 2021 - Por el cual se adopta la revisión general del Plan de Ordenamiento Territorial de Bogotá","ESCALA_CAPTURA":" ","FECHA_CAPTURA":"2021-12-29T00:00:00Z","RESPONSABLE":"38","SHAPE_Leng":775.70327354699998,"SHAPE_Length":775.70327354748019},"geometry":{"type":"LineString","coordinates":[[-74.075424292673134,4.633987730539584],[-74.075392539880895,4.634189274323166],[-74.076377614394545,4.635980715071512],[-74.076526319475235,4.636302174674517],[-74.076388923027054,4.637323895329172],[-74.076560487130635,4.637886441033809],[-74.076930634858144,4.638457734833125],[-74.077292639600017,4.638793446129754],[-74.078882957092063,4.639023203231279]]}},
{"type":"Feature","properties":{"fid":36,"OBJECTID":36,"CODIGO_ID":" ","NOMBRE":" ","LONGITUD":0.0,"TIPO_CAPACIDAD":"Ciclo Alameda","OBSERVACION":null,"PLAZO":" ","ACTO_ADMINISTRATIVO":"DEC","NUMERO_ACTO_ADMINISTRATIVO":"555","FECHA_ACTO_ADMINISTRATIVO":"2025-12-29T00:00:00Z","NORMATIVA":"En el marco del Decreto 555 del 29 de diciembre de 2021 - Por el cual se adopta la revisión general del Plan de Ordenamiento Territorial de Bogotá","ESCALA_CAPTURA":" ","FECHA_CAPTURA":"2021-12-29T00:00:00Z","RESPONSABLE":"38","SHAPE_Leng":607.58304351799995,"SHAPE_Length":607.58304351839956},"geometry":{"type":"LineString","coordinates":[[-74.078882957092063,4.639023203231279],[-74.079265087602394,4.639039576827836],[-74.079137127469721,4.641022247150614],[-74.081539615449188,4.643005529451613]]}},
{"type":"Feature","properties":{"fid":37,"OBJECTID":37,"CODIGO_ID":" ","NOMBRE":" ","LONGITUD":0.0,"TIPO_CAPACIDAD":"Ciclo Alameda","OBSERVACION":null,"PLAZO":" ","ACTO_ADMINISTRATIVO":"DEC","NUMERO_ACTO_ADMINISTRATIVO":"555","FECHA_ACTO_ADMINISTRATIVO":"2025-12-29T00:00:00Z","NORMATIVA":"En el marco del Decreto 555 del 29 de diciembre de 2021 - Por el cual se adopta la revisión general del Plan de Ordenamiento Territorial de Bogotá","ESCALA_CAPTURA":" ","FECHA_CAPTURA":"2021-12-29T00:00:00Z","RESPONSABLE":"38","SHAPE_Leng":96.1657090641,"SHAPE_Length":96.165709064106551},"geometry":{"type":"LineString","coordinates":[[-74.081539615449188,4.643005529451613],[-74.082140778181582,4.643631476416911]]}},
{"type":"Feature","properties":{"fid":38,"OBJECTID":38,"CODIGO_ID":" ","NOMBRE":"Calle 129","LONGITUD":2461.2977373,"TIPO_CAPACIDAD":"Ciclo Alameda","OBSERVACION":null,"PLAZO":"Corto","ACTO_ADMINISTRATIVO":"DEC","NUMERO_ACTO_ADMINISTRATIVO":"555","FECHA_ACTO_ADMINISTRATIVO":"2025-12-29T00:00:00Z","NORMATIVA":"En el marco del Decreto 555 del 29 de diciembre de 2021 - Por el cual se adopta la revisión general del Plan de Ordenamiento Territorial de Bogotá","ESCALA_CAPTURA":" ","FECHA_CAPTURA":"2021-12-29T00:00:00Z","RESPONSABLE":"38","SHAPE_Leng":338.14206484099998,"SHAPE_Length":338.14206484071138},"geometry":{"type":"LineString","coordinates":[[-74.058456803372223,4.716126482869107],[-74.061484540643761,4.716466192628818]]}},
{"type":"Feature","properties":{"fid":39,"OBJECTID":39,"CODIGO_ID":" ","NOMBRE":"Corredor Verde Regiotram del Norte","LONGITUD":29106.149203699999,"TIPO_CAPACIDAD":"Ciclo Alameda","OBSERVACION":null,"PLAZO":"Mediano","ACTO_ADMINISTRATIVO":"DEC","NUMERO_ACTO_ADMINISTRATIVO":"555","FECHA_ACTO_ADMINISTRATIVO":"2025-12-29T00:00:00Z","NORMATIVA":"En el marco del Decreto 555 del 29 de diciembre de 2021 - Por el cual se adopta la revisión general del Plan de Ordenamiento Territorial de Bogotá","ESCALA_CAPTURA":" ","FECHA_CAPTURA":"2021-12-29T00:00:00Z","RESPONSABLE":"38","SHAPE_Leng":2678.1393762600001,"SHAPE_Length":2678.1393762647594},"geometry":{"type":"LineString","coordinates":[[-74.077945351881908,4.658623660046476],[-74.07799630045686,4.658603099308846],[-74.078042300244945,4.658583300112764],[-74.079681800101653,4.657876299865135],[-74.083253699648466,4.656407200465818],[-74.085366800298033,4.655558200086198],[-74.085689500032146,4.655445799594114],[-74.085754599999092,4.655420899658033],[-74.085877600419479,4.655375100019074],[-74.085936299327003,4.655351300521935],[-74.087150800875293,4.654858700208465],[-74.088802500163411,4.654188300152844],[-74.091371000035565,4.653188999458723],[-74.092060200156254,4.652940200850001],[-74.093525599711171,4.652341099314609],[-74.093675700661237,4.652275899807403],[-74.100047800714421,4.649686400378277],[-74.100321100110065,4.649572500130664]]}},
{"type":"Feature","properties":{"fid":40,"OBJECTID":40,"CODIGO_ID":" ","NOMBRE":"Corredor Verde Regiotram del Norte","LONGITUD":29106.149203699999,"TIPO_CAPACIDAD":"Ciclo Alameda","OBSERVACION":null,"PLAZO":"Mediano","ACTO_ADMINISTRATIVO":"DEC","NUMERO_ACTO_ADMINISTRATIVO":"555","FECHA_ACTO_ADMINISTRATIVO":"2025-12-29T00:00:00Z","NORMATIVA":"En el marco del Decreto 555 del 29 de diciembre de 2021 - Por el cual se adopta la revisión general del Plan de Ordenamiento Territorial de Bogotá","ESCALA_CAPTURA":" ","FECHA_CAPTURA":"2021-12-29T00:00:00Z","RESPONSABLE":"38","SHAPE_Leng":3235.8899975600002,"SHAPE_Length":3235.8899975634672},"geometry":{"type":"LineString","coordinates":[[-74.058619899414907,4.678904999259998],[-74.059150799580109,4.678620599199302],[-74.06066570046606,4.677762700034141],[-74.062201699942634,4.676862699630703],[-74.062638399498951,4.676650000113277],[-74.063370299994702,4.67624579998115],[-74.064437199341626,4.675640099875731],[-74.064589200381477,4.675554599796229],[-74.064797400087798,4.675435599649633],[-74.065282299473807,4.675107800000198],[-74.066451099741329,4.674440300294282],[-74.06726520029396,4.673965000016779],[-74.067477600120029,4.673821999737118],[-74.067925999743437,4.673549099819081],[-74.068521799864016,4.673125299382622],[-74.068951300080059,4.672768299784206],[-74.069468099886876,4.672288099736777],[-74.070185999843446,4.671433099594564],[-74.070801599930817,4.670708999947502],[-74.071666600402722,4.669722000737255],[-74.072102000754271,4.669211000598478],[-74.072805699313108,4.668382799931826],[-74.073233700135674,4.667892900010364],[-74.073639699889682,4.667437199271899],[-74.074005899875132,4.667008599931196],[-74.074944100269818,4.665905399768789],[-74.075371699786061,4.665354000174864],[-74.075538800290573,4.665071800235429],[-74.075604099987714,4.664945300317305],[-74.075726300143145,4.664709199812028],[-74.075872300099903,4.664344099355177],[-74.0759599999882,4.664083699934269],[-74.076316599610081,4.662682299994066],[-74.076707899431213,4.661142199745022],[-74.076952799493526,4.660275299578625],[-74.077117799697191,4.659646599646762],[-74.077232699650793,4.65929569948107],[-74.077387400206277,4.659062499887627],[-74.077472200262406,4.658962600335754],[-74.077643299240208,4.658792400203935],[-74.077738500005111,4.65872290048925],[-74.077939800243911,4.658625900390327],[-74.077945351881908,4.658623660046476]]}},
{"type":"Feature","properties":{"fid":41,"OBJECTID":41,"CODIGO_ID":" ","NOMBRE":"Corredor Verde Regiotram del Norte","LONGITUD":29106.149203699999,"TIPO_CAPACIDAD":"Ciclo Alameda","OBSERVACION":null,"PLAZO":"Mediano","ACTO_ADMINISTRATIVO":"DEC","NUMERO_ACTO_ADMINISTRATIVO":"555","FECHA_ACTO_ADMINISTRATIVO":"2025-12-29T00:00:00Z","NORMATIVA":"En el marco del Decreto 555 del 29 de diciembre de 2021 - Por el cual se adopta la revisión general del Plan de Ordenamiento Territorial de Bogotá","ESCALA_CAPTURA":" ","FECHA_CAPTURA":"2021-12-29T00:00:00Z","RESPONSABLE":"38","SHAPE_Leng":12492.392382599999,"SHAPE_Length":12492.392382612279},"geometry":{"type":"LineString","coordinates":[[-74.030866700447419,4.777853699902292],[-74.030934599577051,4.775851499608081],[-74.031124799357656,4.769457799948793],[-74.031176599389482,4.767788300043989],[-74.031215399868884,4.765933700054333],[-74.031252700109548,4.764152800037051],[-74.031281399908707,4.762981199892691],[-74.03129970036629,4.762243999845791],[-74.0313337993407,4.760642499372248],[-74.031343500196854,4.760321600074161],[-74.031345199885607,4.760265500707603],[-74.031347700449004,4.760172400346613],[-74.031356300070001,4.759895700091986],[-74.031408800116381,4.758362100508089],[-74.031524500174342,4.75385459940076],[-74.031583699898462,4.751234600116462],[-74.03167159938549,4.748810300242952],[-74.03168060061455,4.748396700340614],[-74.03168010079456,4.748335299858263],[-74.031684000637682,4.748094499757155],[-74.031685899933066,4.747985999668981],[-74.031687099902257,4.747916399792463],[-74.031779200548286,4.744085999877584],[-74.031815500381541,4.742926700221026],[-74.031818099374263,4.742776600719989],[-74.03187680009853,4.740650599648111],[-74.0318784999277,4.740587399764022],[-74.031908900638996,4.739300500030671],[-74.031943900270022,4.73818120042032],[-74.031945800319676,4.738100299526833],[-74.032000599888903,4.735774500473905],[-74.032053799625686,4.734018499650558],[-74.032092899770063,4.732713800615736],[-74.032123100352493,4.731717100158579],[-74.032128299840267,4.731411200777502],[-74.032129400452618,4.731347899534017],[-74.032135700768833,4.730982800101597],[-74.032137899712197,4.73085359967595],[-74.032161499692265,4.729986499309763],[-74.032188100531954,4.728917999662727],[-74.032224499959653,4.727699099679503],[-74.032275900020636,4.725511799897668],[-74.032274200070702,4.725400400189463],[-74.032327899851708,4.723835199899731],[-74.03236910044285,4.721990900010954],[-74.032409599473169,4.720627700111589],[-74.032451800320104,4.719495699687762],[-74.032471699952893,4.71868240029367],[-74.032505399941797,4.717714499648466],[-74.032537999784324,4.716044700038435],[-74.032599899485703,4.713091199334998],[-74.032604899723808,4.712970799201939],[-74.032609100195572,4.71288169984059],[-74.032613000439227,4.712716400578175],[-74.032615499916375,4.712637999126262],[-74.032616199904794,4.712594200393829],[-74.032640400713916,4.711689400598225],[-74.032686199395414,4.710260299909717],[-74.032726699905879,4.708832300197019],[-74.032742099363972,4.708372399851723],[-74.032785899861679,4.706744499448816],[-74.032801700027207,4.706196499737584],[-74.032863699892502,4.704301000059969],[-74.032872700004077,4.703782500352281],[-74.032874799938071,4.703222899831007],[-74.032895500201988,4.702419599595537],[-74.032913300708586,4.701463000591385],[-74.032957200268484,4.700044799803871],[-74.033000399466999,4.699183600031009],[-74.033022500464085,4.698156899761845],[-74.033043400295327,4.697832500666377],[-74.033095800385283,4.697519300250582],[-74.033123299996447,4.697365800331968],[-74.033165000285948,4.697219399596725],[-74.033306000081637,4.696865200653451],[-74.033462000059586,4.696526200334788],[-74.034020199522132,4.695328599956324],[-74.034390799660244,4.694476499373372],[-74.035265700364334,4.692683199734593],[-74.035326300308213,4.692581199135572],[-74.035396200091697,4.692472199857249],[-74.035538299982676,4.692286800633853],[-74.03568399984762,4.692148099781807],[-74.035841300713969,4.692006999858312],[-74.036628500084333,4.691540500312271],[-74.038399500173597,4.690569199845332],[-74.039243599912822,4.690005399919341],[-74.039889499746053,4.689650999371596],[-74.041998399971916,4.688461700250077],[-74.042112499450525,4.6883973997629],[-74.042164999415462,4.688368099877495],[-74.042643099648117,4.688101399554641],[-74.047170499424283,4.685504600078115],[-74.047612700072065,4.685240200726883],[-74.04763300004619,4.685228299533756],[-74.047652199936977,4.685216599764326],[-74.047678800670511,4.685201499492106],[-74.04776359988611,4.685153500192366],[-74.048474700077776,4.684750999897535],[-74.048536599863851,4.684715999649296],[-74.048562799639569,4.684700899286205],[-74.048638299487223,4.684657200453249],[-74.052594000130227,4.682370199684566],[-74.05295379989515,4.682163099589202],[-74.054140100284002,4.681491400106313],[-74.054764299608564,4.681114400146784],[-74.055766600127953,4.680556400060823],[-74.056720699906009,4.680004200168505],[-74.058619899414907,4.678904999259998]]}},
{"type":"Feature","properties":{"fid":42,"OBJECTID":42,"CODIGO_ID":" ","NOMBRE":"Canal Arzobispo - Park Way","LONGITUD":2320.65293651,"TIPO_CAPACIDAD":"Ciclo Alameda","OBSERVACION":null,"PLAZO":"Corto","ACTO_ADMINISTRATIVO":"DEC","NUMERO_ACTO_ADMINISTRATIVO":"555","FECHA_ACTO_ADMINISTRATIVO":"2025-12-29T00:00:00Z","NORMATIVA":"En el marco del Decreto 555 del 29 de diciembre de 2021 - Por el cual se adopta la revisión general del Plan de Ordenamiento Territorial de Bogotá","ESCALA_CAPTURA":" ","FECHA_CAPTURA":"2021-12-29T00:00:00Z","RESPONSABLE":"38","SHAPE_Leng":737.97746090500004,"SHAPE_Length":737.97746090538544},"geometry":{"type":"LineString","coordinates":[[-74.075463176442966,4.627359019971972],[-74.075226547014424,4.6308837027266],[-74.075205011216013,4.632055125177607],[-74.075495513728768,4.633535664214938],[-74.075424292673134,4.633987730539584]]}},
{"type":"Feature","properties":{"fid":43,"OBJECTID":43,"CODIGO_ID":" ","NOMBRE":"Avenida Trabuchy","LONGITUD":0.0,"TIPO_CAPACIDAD":"Ciclo Alameda","OBSERVACION":null,"PLAZO":" ","ACTO_ADMINISTRATIVO":"DEC","NUMERO_ACTO_ADMINISTRATIVO":"555","FECHA_ACTO_ADMINISTRATIVO":"2025-12-29T00:00:00Z","NORMATIVA":"En el marco del Decreto 555 del 29 de diciembre de 2021 - Por el cual se adopta la revisión general del Plan de Ordenamiento Territorial de Bogotá","ESCALA_CAPTURA":" ","FECHA_CAPTURA":"2021-12-29T00:00:00Z","RESPONSABLE":"38","SHAPE_Leng":2993.6983306400002,"SHAPE_Length":2993.6983306399211},"geometry":{"type":"LineString","coordinates":[[-74.095835216455313,4.626674908460545],[-74.095663477285783,4.62839692094293],[-74.09514856273104,4.629272246702912],[-74.092717199769879,4.630879289794975],[-74.089427688264934,4.633088963955407],[-74.089098671267891,4.634107801876295],[-74.090528778830972,4.634667574697007],[-74.091429729584249,4.635256004794607],[-74.092502239925309,4.636648057888494],[-74.090428331742174,4.638929578995538],[-74.089198330027827,4.639704390592648],[-74.088297260214219,4.640522278676146],[-74.085808535998751,4.64330600830263],[-74.084135077565222,4.645113987731592]]}},
{"type":"Feature","properties":{"fid":44,"OBJECTID":44,"CODIGO_ID":"34011111","NOMBRE":"Alameda CL 41 Sur","LONGITUD":18.5,"TIPO_CAPACIDAD":null,"OBSERVACION":null,"PLAZO":"Existente","ACTO_ADMINISTRATIVO":null,"NUMERO_ACTO_ADMINISTRATIVO":null,"FECHA_ACTO_ADMINISTRATIVO":"2025-10-15T00:00:00Z","NORMATIVA":"En el marco del Decreto 555 del 29 de diciembre de 2021 - Por el cual se adopta la revisión general del Plan de Ordenamiento Territorial de Bogotá","ESCALA_CAPTURA":null,"FECHA_CAPTURA":"2025-10-15T00:00:00Z","RESPONSABLE":"38","SHAPE_Leng":18.527197836799999,"SHAPE_Length":18.527197836848053},"geometry":{"type":"LineString","coordinates":[[-74.176174495039106,4.647414317147612],[-74.176088419940911,4.647270827995651]]}},
{"type":"Feature","properties":{"fid":45,"OBJECTID":45,"CODIGO_ID":"34011606","NOMBRE":"Alameda Canal Salitre","LONGITUD":456.5,"TIPO_CAPACIDAD":null,"OBSERVACION":null,"PLAZO":"Existente","ACTO_ADMINISTRATIVO":null,"NUMERO_ACTO_ADMINISTRATIVO":null,"FECHA_ACTO_ADMINISTRATIVO":"2025-10-15T00:00:00Z","NORMATIVA":"En el marco del Decreto 555 del 29 de diciembre de 2021 - Por el cual se adopta la revisión general del Plan de Ordenamiento Territorial de Bogotá","ESCALA_CAPTURA":null,"FECHA_CAPTURA":"2025-10-15T00:00:00Z","RESPONSABLE":"38","SHAPE_Leng":456.41059584800001,"SHAPE_Length":456.41059584793527},"geometry":{"type":"MultiLineString","coordinates":[[[-74.093749346458139,4.711301935950642],[-74.093758388653328,4.711314382172263],[-74.093766313577689,4.711327571352845],[-74.093773061774002,4.711341404957733],[-74.093778580092376,4.711355776317271],[-74.093782827996876,4.71137057695482],[-74.093785772159848,4.711385692066685],[-74.09378739006533,4.711401006849966],[-74.093787670910231,4.711416405598717],[-74.093786610198521,4.711431769895603],[-74.093784217849631,4.711446983132286],[-74.093780510990953,4.711461928700968]],[[-74.093780510990953,4.711461928700968],[-74.0937726973021,4.711479031677763],[-74.093766435052885,4.711496766630877],[-74.093761774709165,4.711514989836711],[-74.093758753221991,4.711533558474597],[-74.093757394028259,4.711552323395141],[-74.093757708852095,4.711571135448106],[-74.093759695002092,4.711589843674237],[-74.093763336271905,4.711608299825057]],[[-74.093763336271905,4.711608299825057],[-74.093866301122617,4.711836475469424],[-74.09393923436096,4.712007247322568]],[[-74.09393923436096,4.712007247322568],[-74.093971615556327,4.712091825712736],[-74.093997050919896,4.712178761068052],[-74.094015371107929,4.712267480274394],[-74.094026457232303,4.712357398469972]],[[-74.094026457232303,4.712357398469972],[-74.094072196486778,4.712764947066979]],[[-74.094072196486778,4.712764947066979],[-74.094072782513337,4.712771775522348],[-74.094073427104107,4.712778598558472],[-74.094074129358191,4.712785415271303]],[[-74.094074129358191,4.712785415271303],[-74.094085499629173,4.712859033524854],[-74.094103618360379,4.71293127738526],[-74.094128330631435,4.713001526733144],[-74.094159422956594,4.713069177715508]],[[-74.094159422956594,4.713069177715508],[-74.09430672793718,4.713288746543255],[-74.094425431027588,4.713463827279671],[-74.094599910436472,4.713723578500619],[-74.09477644498304,4.713985142242963],[-74.094782970089113,4.713994810435966],[-74.094948868686913,4.714231600690555],[-74.095141940397198,4.714514313393273],[-74.095256353626567,4.714686524542715]],[[-74.095256353626567,4.714686524542715],[-74.095281282742746,4.714750877421902],[-74.095302752893176,4.714816473874979],[-74.095320702823741,4.71488312678083]],[[-74.095320702823741,4.71488312678083],[-74.095328488905707,4.714910791729775],[-74.095338771677618,4.714937622520321],[-74.09535146646374,4.714963393159518],[-74.095366465161987,4.714987886692144]]]}},
{"type":"Feature","properties":{"fid":46,"OBJECTID":46,"CODIGO_ID":"92082016","NOMBRE":"Alameda Canal Salitre","LONGITUD":83.1,"TIPO_CAPACIDAD":null,"OBSERVACION":null,"PLAZO":"Existente","ACTO_ADMINISTRATIVO":null,"NUMERO_ACTO_ADMINISTRATIVO":null,"FECHA_ACTO_ADMINISTRATIVO":"2025-10-15T00:00:00Z","NORMATIVA":"En el marco del Decreto 555 del 29 de diciembre de 2021 - Por el cual se adopta la revisión general del Plan de Ordenamiento Territorial de Bogotá","ESCALA_CAPTURA":null,"FECHA_CAPTURA":"2025-10-15T00:00:00Z","RESPONSABLE":"38","SHAPE_Leng":83.085150478399996,"SHAPE_Length":83.085150478361399},"geometry":{"type":"LineString","coordinates":[[-74.077010381315873,4.684555228241907],[-74.077113987055554,4.684676517476404],[-74.077416898243371,4.685017413209192],[-74.077325190307761,4.68511565501504]]}},
{"type":"Feature","properties":{"fid":47,"OBJECTID":47,"CODIGO_ID":"34011194","NOMBRE":"Alameda Av Tunjuelito","LONGITUD":59.3,"TIPO_CAPACIDAD":null,"OBSERVACION":null,"PLAZO":"Existente","ACTO_ADMINISTRATIVO":null,"NUMERO_ACTO_ADMINISTRATIVO":null,"FECHA_ACTO_ADMINISTRATIVO":"2025-10-15T00:00:00Z","NORMATIVA":"En el marco del Decreto 555 del 29 de diciembre de 2021 - Por el cual se adopta la revisión general del Plan de Ordenamiento Territorial de Bogotá","ESCALA_CAPTURA":null,"FECHA_CAPTURA":"2025-10-15T00:00:00Z","RESPONSABLE":"38","SHAPE_Leng":59.263235353399999,"SHAPE_Length":59.263235352924958},"geometry":{"type":"LineString","coordinates":[[-74.1382773485673,4.562995282573829],[-74.137996822031596,4.562539500147397]]}},
{"type":"Feature","properties":{"fid":48,"OBJECTID":48,"CODIGO_ID":"20011934","NOMBRE":"Alameda Humedal Juan Amarillo","LONGITUD":9.5,"TIPO_CAPACIDAD":null,"OBSERVACION":null,"PLAZO":"Existente","ACTO_ADMINISTRATIVO":null,"NUMERO_ACTO_ADMINISTRATIVO":null,"FECHA_ACTO_ADMINISTRATIVO":"2025-10-15T00:00:00Z","NORMATIVA":"En el marco del Decreto 555 del 29 de diciembre de 2021 - Por el cual se adopta la revisión general del Plan de Ordenamiento Territorial de Bogotá","ESCALA_CAPTURA":null,"FECHA_CAPTURA":"2025-10-15T00:00:00Z","RESPONSABLE":"38","SHAPE_Leng":9.4800060522200003,"SHAPE_Length":9.4800060521907401},"geometry":{"type":"LineString","coordinates":[[-74.106756567012567,4.723328009558236],[-74.10675960208485,4.72341364960336]]}},
{"type":"Feature","properties":{"fid":49,"OBJECTID":49,"CODIGO_ID":"0","NOMBRE":"Alameda Humedal Jaboque","LONGITUD":64.0,"TIPO_CAPACIDAD":null,"OBSERVACION":null,"PLAZO":"Existente","ACTO_ADMINISTRATIVO":null,"NUMERO_ACTO_ADMINISTRATIVO":null,"FECHA_ACTO_ADMINISTRATIVO":"2025-10-15T00:00:00Z","NORMATIVA":"En el marco del Decreto 555 del 29 de diciembre de 2021 - Por el cual se adopta la revisión general del Plan de Ordenamiento Territorial de Bogotá","ESCALA_CAPTURA":null,"FECHA_CAPTURA":"2025-10-15T00:00:00Z","RESPONSABLE":"38","SHAPE_Leng":63.956921993500004,"SHAPE_Length":63.956921993499336},"geometry":{"type":"LineString","coordinates":[[-74.126339210867073,4.709956305497381],[-74.126370500677382,4.709716104241764],[-74.126516474109209,4.709413821427933]]}},
{"type":"Feature","properties":{"fid":50,"OBJECTID":50,"CODIGO_ID":"166909","NOMBRE":"Alameda Canal Molinos","LONGITUD":7.7,"TIPO_CAPACIDAD":null,"OBSERVACION":null,"PLAZO":"Existente","ACTO_ADMINISTRATIVO":null,"NUMERO_ACTO_ADMINISTRATIVO":null,"FECHA_ACTO_ADMINISTRATIVO":"2025-10-15T00:00:00Z","NORMATIVA":"En el marco del Decreto 555 del 29 de diciembre de 2021 - Por el cual se adopta la revisión general del Plan de Ordenamiento Territorial de Bogotá","ESCALA_CAPTURA":null,"FECHA_CAPTURA":"2025-10-15T00:00:00Z","RESPONSABLE":"38","SHAPE_Leng":7.6739999747000001,"SHAPE_Length":7.6739999737807505},"geometry":{"type":"LineString","coordinates":[[-74.062662075223798,4.697379687757636],[-74.062593554615972,4.697370424905962]]}},
{"type":"Feature","properties":{"fid":51,"OBJECTID":51,"CODIGO_ID":"91036241","NOMBRE":"Alameda CL 41 Sur","LONGITUD":5.1,"TIPO_CAPACIDAD":null,"OBSERVACION":null,"PLAZO":"Existente","ACTO_ADMINISTRATIVO":null,"NUMERO_ACTO_ADMINISTRATIVO":null,"FECHA_ACTO_ADMINISTRATIVO":"2025-10-15T00:00:00Z","NORMATIVA":"En el marco del Decreto 555 del 29 de diciembre de 2021 - Por el cual se adopta la revisión general del Plan de Ordenamiento Territorial de Bogotá","ESCALA_CAPTURA":null,"FECHA_CAPTURA":"2025-10-15T00:00:00Z","RESPONSABLE":"38","SHAPE_Leng":5.0652253753099998,"SHAPE_Length":5.0652253753070191},"geometry":{"type":"LineString","coordinates":[[-74.175067598836648,4.645637221939014],[-74.175043046967801,4.645598627045646]]}},
{"type":"Feature","properties":{"fid":52,"OBJECTID":52,"CODIGO_ID":"92079999","NOMBRE":"Alameda Humedal el Burro","LONGITUD":3.6,"TIPO_CAPACIDAD":null,"OBSERVACION":null,"PLAZO":"Existente","ACTO_ADMINISTRATIVO":null,"NUMERO_ACTO_ADMINISTRATIVO":null,"FECHA_ACTO_ADMINISTRATIVO":"2025-10-15T00:00:00Z","NORMATIVA":"En el marco del Decreto 555 del 29 de diciembre de 2021 - Por el cual se adopta la revisión general del Plan de Ordenamiento Territorial de Bogotá","ESCALA_CAPTURA":null,"FECHA_CAPTURA":"2025-10-15T00:00:00Z","RESPONSABLE":"38","SHAPE_Leng":3.5519847808899998,"SHAPE_Length":3.5519847807750908},"geometry":{"type":"LineString","coordinates":[[-74.145362992931624,4.632358673308395],[-74.145359114590363,4.632390544729937]]}},
{"type":"Feature","properties":{"fid":53,"OBJECTID":53,"CODIGO_ID":"91036211","NOMBRE":"Alameda CL 41 Sur","LONGITUD":3.7,"TIPO_CAPACIDAD":null,"OBSERVACION":null,"PLAZO":"Existente","ACTO_ADMINISTRATIVO":null,"NUMERO_ACTO_ADMINISTRATIVO":null,"FECHA_ACTO_ADMINISTRATIVO":"2025-10-15T00:00:00Z","NORMATIVA":"En el marco del Decreto 555 del 29 de diciembre de 2021 - Por el cual se adopta la revisión general del Plan de Ordenamiento Territorial de Bogotá","ESCALA_CAPTURA":null,"FECHA_CAPTURA":"2025-10-15T00:00:00Z","RESPONSABLE":"38","SHAPE_Leng":3.6538958732900002,"SHAPE_Length":3.6538958737792822},"geometry":{"type":"LineString","coordinates":[[-74.177679130198314,4.649811680551458],[-74.177661983006459,4.649783486257643]]}},
{"type":"Feature","properties":{"fid":54,"OBJECTID":54,"CODIGO_ID":"34011350","NOMBRE":"Alameda Humedal Juan Amarillo","LONGITUD":331.2,"TIPO_CAPACIDAD":null,"OBSERVACION":null,"PLAZO":"Existente","ACTO_ADMINISTRATIVO":null,"NUMERO_ACTO_ADMINISTRATIVO":null,"FECHA_ACTO_ADMINISTRATIVO":"2025-10-15T00:00:00Z","NORMATIVA":"En el marco del Decreto 555 del 29 de diciembre de 2021 - Por el cual se adopta la revisión general del Plan de Ordenamiento Territorial de Bogotá","ESCALA_CAPTURA":null,"FECHA_CAPTURA":"2025-10-15T00:00:00Z","RESPONSABLE":"38","SHAPE_Leng":331.21144096500001,"SHAPE_Length":331.21144096536551},"geometry":{"type":"MultiLineString","coordinates":[[[-74.111793546447629,4.729399230640383],[-74.111972149004785,4.729575528077421],[-74.112158085671183,4.729754914616886],[-74.112305880854862,4.72990320708668]],[[-74.112305880854862,4.72990320708668],[-74.112336448841873,4.729929232305498],[-74.112367441229139,4.729954747718303],[-74.112398849006979,4.729979746093022]],[[-74.112398849006979,4.729979746093022],[-74.112502545320282,4.730058677456577]],[[-74.112502545320282,4.730058677456577],[-74.11252873085904,4.730084242342573],[-74.112554164925356,4.730110560177815],[-74.112578826797247,4.73013760745872]],[[-74.112578826797247,4.73013760745872],[-74.112757611014857,4.730328951788997],[-74.112949506349352,4.730528667251279],[-74.113085382526933,4.73067576305386]],[[-74.113085382526933,4.73067576305386],[-74.113136115736722,4.730725464466452],[-74.113188581675118,4.730773321908741],[-74.113242713670658,4.730819273004845]],[[-74.113242713670658,4.730819273004845],[-74.113450105738664,4.730998659324769],[-74.113749275141927,4.731256977095716]],[[-74.113749275141927,4.731256977095716],[-74.113770227563336,4.731286068884139],[-74.113788578701573,4.731316878950297],[-74.113804190713566,4.731349172261873],[-74.11381694467768,4.7313827056519],[-74.113826745098905,4.731417224203209]],[[-74.113826745098905,4.731417224203209],[-74.113843127469138,4.731449644102761],[-74.113862396741467,4.731480425284018],[-74.11388439164817,4.731509308306602]]]}},
{"type":"Feature","properties":{"fid":55,"OBJECTID":55,"CODIGO_ID":"34013816","NOMBRE":"Alameda Canal Torca","LONGITUD":624.2,"TIPO_CAPACIDAD":null,"OBSERVACION":null,"PLAZO":"Existente","ACTO_ADMINISTRATIVO":null,"NUMERO_ACTO_ADMINISTRATIVO":null,"FECHA_ACTO_ADMINISTRATIVO":"2025-10-15T00:00:00Z","NORMATIVA":"En el marco del Decreto 555 del 29 de diciembre de 2021 - Por el cual se adopta la revisión general del Plan de Ordenamiento Territorial de Bogotá","ESCALA_CAPTURA":null,"FECHA_CAPTURA":"2025-10-15T00:00:00Z","RESPONSABLE":"38","SHAPE_Leng":624.17483614399998,"SHAPE_Length":624.17483614336106},"geometry":{"type":"MultiLineString","coordinates":[[[-74.039998584995104,4.754464226283382],[-74.039998595916316,4.754498690963091],[-74.039995458644796,4.754533011428619],[-74.039989200255434,4.754566899325909],[-74.039979873051735,4.754600069016633],[-74.039967555466106,4.754632242097985]],[[-74.039967555466106,4.754632242097985],[-74.039949706186732,4.75467769507004],[-74.039935826653064,4.754724522651122],[-74.039926019637576,4.754772375031001],[-74.039920359080412,4.754820897875232],[-74.039918885584768,4.754869728708602]],[[-74.039918885584768,4.754869728708602],[-74.039910973812837,4.755155295181797]],[[-74.039910973812837,4.755155295181797],[-74.039907740571053,4.75521012521923],[-74.03990908998334,4.755265033705405],[-74.039915012198549,4.755319636462545],[-74.03992546582873,4.755373552019727],[-74.039940377949463,4.755426400708974]],[[-74.039940377949463,4.755426400708974],[-74.039940952406056,4.755429028563428],[-74.039996238032018,4.755576365546657],[-74.040175460116444,4.755930363304868],[-74.040274604559741,4.75612554014617],[-74.040430947906515,4.756431700296876],[-74.040551064610554,4.756670887945388],[-74.040751261173369,4.757063156353563],[-74.040905698604419,4.757361662410052]],[[-74.040905698604419,4.757361662410052],[-74.040920255477801,4.757405006051084],[-74.0409312215547,4.757449400427798],[-74.040938523895818,4.757494547227592],[-74.040942112989654,4.757540142717785],[-74.040941964554293,4.757585879553705],[-74.040938079536886,4.757631450394471]],[[-74.040938079536886,4.757631450394471],[-74.040924669941319,4.758023685037542],[-74.040911785671611,4.7583565794445],[-74.040911266428026,4.758370000222249],[-74.040895946081079,4.758783281995619],[-74.040874890354658,4.75928074990234],[-74.040850028392327,4.759732297763495],[-74.040844825033375,4.75985523335081]]]}},
{"type":"Feature","properties":{"fid":56,"OBJECTID":56,"CODIGO_ID":"34011165","NOMBRE":"Alameda CL 40B Sur","LONGITUD":18.7,"TIPO_CAPACIDAD":null,"OBSERVACION":null,"PLAZO":"Existente","ACTO_ADMINISTRATIVO":null,"NUMERO_ACTO_ADMINISTRATIVO":null,"FECHA_ACTO_ADMINISTRATIVO":"2025-10-15T00:00:00Z","NORMATIVA":"En el marco del Decreto 555 del 29 de diciembre de 2021 - Por el cual se adopta la revisión general del Plan de Ordenamiento Territorial de Bogotá","ESCALA_CAPTURA":null,"FECHA_CAPTURA":"2025-10-15T00:00:00Z","RESPONSABLE":"38","SHAPE_Leng":18.733764968700001,"SHAPE_Length":18.73376496872207},"geometry":{"type":"LineString","coordinates":[[-74.170049117623535,4.638265137077863],[-74.169933918958193,4.638141378577906]]}},
{"type":"Feature","properties":{"fid":57,"OBJECTID":57,"CODIGO_ID":"165654","NOMBRE":"Alameda Humedal Jaboque","LONGITUD":89.0,"TIPO_CAPACIDAD":null,"OBSERVACION":null,"PLAZO":"Existente","ACTO_ADMINISTRATIVO":null,"NUMERO_ACTO_ADMINISTRATIVO":null,"FECHA_ACTO_ADMINISTRATIVO":"2025-10-15T00:00:00Z","NORMATIVA":"En el marco del Decreto 555 del 29 de diciembre de 2021 - Por el cual se adopta la revisión general del Plan de Ordenamiento Territorial de Bogotá","ESCALA_CAPTURA":null,"FECHA_CAPTURA":"2025-10-15T00:00:00Z","RESPONSABLE":"38","SHAPE_Leng":89.036851961799997,"SHAPE_Length":89.036851961834557},"geometry":{"type":"LineString","coordinates":[[-74.131044243131697,4.712297619837384],[-74.131022274979188,4.712276098181365],[-74.130751475535007,4.712017789277741],[-74.130481629660636,4.711753739323561],[-74.130466448466862,4.711739317404908]]}},
{"type":"Feature","properties":{"fid":58,"OBJECTID":58,"CODIGO_ID":"34011196","NOMBRE":"Alameda Av Tunjuelito","LONGITUD":18.3,"TIPO_CAPACIDAD":null,"OBSERVACION":null,"PLAZO":"Existente","ACTO_ADMINISTRATIVO":null,"NUMERO_ACTO_ADMINISTRATIVO":null,"FECHA_ACTO_ADMINISTRATIVO":"2025-10-15T00:00:00Z","NORMATIVA":"En el marco del Decreto 555 del 29 de diciembre de 2021 - Por el cual se adopta la revisión general del Plan de Ordenamiento Territorial de Bogotá","ESCALA_CAPTURA":null,"FECHA_CAPTURA":"2025-10-15T00:00:00Z","RESPONSABLE":"38","SHAPE_Leng":18.279449985399999,"SHAPE_Length":18.279449985995257},"geometry":{"type":"LineString","coordinates":[[-74.135719681198893,4.560356689756164],[-74.135749940292555,4.56031073697839],[-74.135783285452305,4.560266988077407],[-74.135819558135921,4.56022565095908]]}},
{"type":"Feature","properties":{"fid":59,"OBJECTID":59,"CODIGO_ID":"34011507","NOMBRE":"Alameda Humedal Jaboque","LONGITUD":51.3,"TIPO_CAPACIDAD":null,"OBSERVACION":null,"PLAZO":"Existente","ACTO_ADMINISTRATIVO":null,"NUMERO_ACTO_ADMINISTRATIVO":null,"FECHA_ACTO_ADMINISTRATIVO":"2025-10-15T00:00:00Z","NORMATIVA":"En el marco del Decreto 555 del 29 de diciembre de 2021 - Por el cual se adopta la revisión general del Plan de Ordenamiento Territorial de Bogotá","ESCALA_CAPTURA":null,"FECHA_CAPTURA":"2025-10-15T00:00:00Z","RESPONSABLE":"38","SHAPE_Leng":51.305158917699998,"SHAPE_Length":51.305158917995861},"geometry":{"type":"MultiLineString","coordinates":[[[-74.130395074609666,4.710842294104713],[-74.130384324294667,4.710795885226059],[-74.130369747496601,4.710750539299348],[-74.130351446920443,4.710706572708123],[-74.130329550498686,4.710664294604905],[-74.130304209589511,4.710623997871648],[-74.130275603481607,4.710585966351504],[-74.130243930384438,4.710550464905152],[-74.130209412834176,4.71051774212276]],[[-74.130209412834176,4.71051774212276],[-74.130189076365284,4.710499253219549],[-74.130167662296671,4.710482031623687],[-74.130145249913028,4.710466140613247]]]}},
{"type":"Feature","properties":{"fid":60,"OBJECTID":60,"CODIGO_ID":"174256","NOMBRE":"Alameda Tv 127","LONGITUD":8.8,"TIPO_CAPACIDAD":null,"OBSERVACION":null,"PLAZO":"Existente","ACTO_ADMINISTRATIVO":null,"NUMERO_ACTO_ADMINISTRATIVO":null,"FECHA_ACTO_ADMINISTRATIVO":"2025-10-15T00:00:00Z","NORMATIVA":"En el marco del Decreto 555 del 29 de diciembre de 2021 - Por el cual se adopta la revisión general del Plan de Ordenamiento Territorial de Bogotá","ESCALA_CAPTURA":null,"FECHA_CAPTURA":"2025-10-15T00:00:00Z","RESPONSABLE":"38","SHAPE_Leng":8.8308396465399994,"SHAPE_Length":8.8308396465378571},"geometry":{"type":"LineString","coordinates":[[-74.113108972211805,4.741868764481421],[-74.113174195610696,4.741823043345731]]}},
{"type":"Feature","properties":{"fid":61,"OBJECTID":61,"CODIGO_ID":"20048310","NOMBRE":"Alameda Canal Salitre","LONGITUD":127.5,"TIPO_CAPACIDAD":null,"OBSERVACION":null,"PLAZO":"Existente","ACTO_ADMINISTRATIVO":null,"NUMERO_ACTO_ADMINISTRATIVO":null,"FECHA_ACTO_ADMINISTRATIVO":"2025-10-15T00:00:00Z","NORMATIVA":"En el marco del Decreto 555 del 29 de diciembre de 2021 - Por el cual se adopta la revisión general del Plan de Ordenamiento Territorial de Bogotá","ESCALA_CAPTURA":null,"FECHA_CAPTURA":"2025-10-15T00:00:00Z","RESPONSABLE":"38","SHAPE_Leng":127.484812949,"SHAPE_Length":127.4848129491396},"geometry":{"type":"MultiLineString","coordinates":[[[-74.076460234148399,4.678377896579169],[-74.076410172681221,4.678214867434579],[-74.076365482778272,4.678050274996476],[-74.076326212168027,4.677884296444196]],[[-74.076326212168027,4.677884296444196],[-74.076303559364334,4.677763342445918],[-74.076260805168019,4.67750400208443]],[[-74.076260805168019,4.67750400208443],[-74.076258423460217,4.677473227873201],[-74.076255211082,4.677442528606114],[-74.076251172535763,4.677411928690177]],[[-74.076251172535763,4.677411928690177],[-74.076240453324175,4.677329413522151],[-74.076232712620552,4.677264836577644],[-74.076232524506636,4.67726301600945],[-74.07623129141561,4.677251081073115]]]}},
{"type":"Feature","properties":{"fid":62,"OBJECTID":62,"CODIGO_ID":"34011531","NOMBRE":"Alameda Canal Salitre","LONGITUD":224.6,"TIPO_CAPACIDAD":null,"OBSERVACION":null,"PLAZO":"Existente","ACTO_ADMINISTRATIVO":null,"NUMERO_ACTO_ADMINISTRATIVO":null,"FECHA_ACTO_ADMINISTRATIVO":"2025-10-15T00:00:00Z","NORMATIVA":"En el marco del Decreto 555 del 29 de diciembre de 2021 - Por el cual se adopta la revisión general del Plan de Ordenamiento Territorial de Bogotá","ESCALA_CAPTURA":null,"FECHA_CAPTURA":"2025-10-15T00:00:00Z","RESPONSABLE":"38","SHAPE_Leng":224.606057644,"SHAPE_Length":224.60605764445543},"geometry":{"type":"MultiLineString","coordinates":[[[-74.077134244197367,4.682280936435596],[-74.077127195935418,4.682282863854511]],[[-74.077127195935418,4.682282863854511],[-74.077103141019535,4.682289518130491],[-74.077079762504184,4.682298266917829],[-74.077057240584239,4.682309043342426],[-74.07703574914963,4.682321764258512],[-74.077015454884418,4.682336330248625],[-74.076996515464572,4.682352628335185],[-74.076979075954128,4.682370533788035],[-74.076963271508205,4.682389907412952],[-74.076949225570786,4.682410599167134]],[[-74.076949225570786,4.682410599167134],[-74.076510968047856,4.683002608968088]],[[-74.076510968047856,4.683002608968088],[-74.076476812010554,4.683051644662824],[-74.076447117156931,4.6831035219082],[-74.076422116872564,4.683157833048108],[-74.076402007606404,4.683214152343839],[-74.076386947068713,4.683272036877655],[-74.076377054230534,4.683331031976573]],[[-74.076377054230534,4.683331031976573],[-74.076372645632915,4.683451278161138],[-74.076377569914072,4.683571503587547],[-74.076391798321083,4.683690981479563],[-74.076415244440241,4.683808986862601]],[[-74.076415244440241,4.683808986862601],[-74.076430436842926,4.683847360026797],[-74.076448661059771,4.683884381190267],[-74.076469798190615,4.683919808083099],[-74.076493710413999,4.683953411992669],[-74.076520243690425,4.683984974148133]],[[-74.076520243690425,4.683984974148133],[-74.07652804026749,4.683996002176921]]]}},
{"type":"Feature","properties":{"fid":63,"OBJECTID":63,"CODIGO_ID":"34010058","NOMBRE":"Alameda Humedal Jaboque","LONGITUD":20.8,"TIPO_CAPACIDAD":null,"OBSERVACION":null,"PLAZO":"Existente","ACTO_ADMINISTRATIVO":null,"NUMERO_ACTO_ADMINISTRATIVO":null,"FECHA_ACTO_ADMINISTRATIVO":"2025-10-15T00:00:00Z","NORMATIVA":"En el marco del Decreto 555 del 29 de diciembre de 2021 - Por el cual se adopta la revisión general del Plan de Ordenamiento Territorial de Bogotá","ESCALA_CAPTURA":null,"FECHA_CAPTURA":"2025-10-15T00:00:00Z","RESPONSABLE":"38","SHAPE_Leng":20.8214541848,"SHAPE_Length":20.821454184734375},"geometry":{"type":"MultiLineString","coordinates":[[[-74.122995378678056,4.700439402883358],[-74.123010060487942,4.700315360154464]],[[-74.123010060487942,4.700315360154464],[-74.123012878511503,4.700294450147298],[-74.123014825304153,4.700273440676464],[-74.123015898161839,4.700252367899762]]]}},
{"type":"Feature","properties":{"fid":64,"OBJECTID":64,"CODIGO_ID":"506213","NOMBRE":"Alameda Canal Molinos","LONGITUD":15.8,"TIPO_CAPACIDAD":null,"OBSERVACION":null,"PLAZO":"Existente","ACTO_ADMINISTRATIVO":null,"NUMERO_ACTO_ADMINISTRATIVO":null,"FECHA_ACTO_ADMINISTRATIVO":"2025-10-15T00:00:00Z","NORMATIVA":"En el marco del Decreto 555 del 29 de diciembre de 2021 - Por el cual se adopta la revisión general del Plan de Ordenamiento Territorial de Bogotá","ESCALA_CAPTURA":null,"FECHA_CAPTURA":"2025-10-15T00:00:00Z","RESPONSABLE":"38","SHAPE_Leng":15.7706526447,"SHAPE_Length":15.770652644703471},"geometry":{"type":"LineString","coordinates":[[-74.05489455608047,4.697286029834244],[-74.055035133034991,4.697306761324494]]}},
{"type":"Feature","properties":{"fid":65,"OBJECTID":65,"CODIGO_ID":"34011501","NOMBRE":"Alameda Humedal Jaboque","LONGITUD":30.4,"TIPO_CAPACIDAD":null,"OBSERVACION":null,"PLAZO":"Existente","ACTO_ADMINISTRATIVO":null,"NUMERO_ACTO_ADMINISTRATIVO":null,"FECHA_ACTO_ADMINISTRATIVO":"2025-10-15T00:00:00Z","NORMATIVA":"En el marco del Decreto 555 del 29 de diciembre de 2021 - Por el cual se adopta la revisión general del Plan de Ordenamiento Territorial de Bogotá","ESCALA_CAPTURA":null,"FECHA_CAPTURA":"2025-10-15T00:00:00Z","RESPONSABLE":"38","SHAPE_Leng":30.372920958200002,"SHAPE_Length":30.372920958052024},"geometry":{"type":"MultiLineString","coordinates":[[[-74.127256125389792,4.707981475354886],[-74.127257851866943,4.707973965412443],[-74.127259657629409,4.707966474455085],[-74.127261542677189,4.707959002482807]],[[-74.127261542677189,4.707959002482807],[-74.127302824933921,4.707844770961078],[-74.127361354598449,4.7077288739393]]]}},
{"type":"Feature","properties":{"fid":66,"OBJECTID":66,"CODIGO_ID":"34010126","NOMBRE":"Alameda Canal Molinos","LONGITUD":126.1,"TIPO_CAPACIDAD":null,"OBSERVACION":null,"PLAZO":"Existente","ACTO_ADMINISTRATIVO":null,"NUMERO_ACTO_ADMINISTRATIVO":null,"FECHA_ACTO_ADMINISTRATIVO":"2025-10-15T00:00:00Z","NORMATIVA":"En el marco del Decreto 555 del 29 de diciembre de 2021 - Por el cual se adopta la revisión general del Plan de Ordenamiento Territorial de Bogotá","ESCALA_CAPTURA":null,"FECHA_CAPTURA":"2025-10-15T00:00:00Z","RESPONSABLE":"38","SHAPE_Leng":126.105848116,"SHAPE_Length":126.10584811600204},"geometry":{"type":"MultiLineString","coordinates":[[[-74.059773262673019,4.695964981952358],[-74.059706784243488,4.695952299445691],[-74.059639878451392,4.695942122618242],[-74.059572639894995,4.695934465944829]],[[-74.059572639894995,4.695934465944829],[-74.059461493835983,4.695935255678592],[-74.059350988770149,4.695947240848131],[-74.059242241897181,4.695970299560785]],[[-74.059242241897181,4.695970299560785],[-74.058903255234995,4.696054923337704]],[[-74.058903255234995,4.696054923337704],[-74.058821761181093,4.696072999242711],[-74.058739609835342,4.696087776555812],[-74.058656933642766,4.696099232694849]]]}},
{"type":"Feature","properties":{"fid":67,"OBJECTID":67,"CODIGO_ID":"91036338","NOMBRE":"Alameda CL 40B Sur","LONGITUD":23.0,"TIPO_CAPACIDAD":null,"OBSERVACION":null,"PLAZO":"Existente","ACTO_ADMINISTRATIVO":null,"NUMERO_ACTO_ADMINISTRATIVO":null,"FECHA_ACTO_ADMINISTRATIVO":"2025-10-15T00:00:00Z","NORMATIVA":"En el marco del Decreto 555 del 29 de diciembre de 2021 - Por el cual se adopta la revisión general del Plan de Ordenamiento Territorial de Bogotá","ESCALA_CAPTURA":null,"FECHA_CAPTURA":"2025-10-15T00:00:00Z","RESPONSABLE":"38","SHAPE_Leng":23.041366401499999,"SHAPE_Length":23.04136640148473},"geometry":{"type":"LineString","coordinates":[[-74.166124639101184,4.632360607483398],[-74.166046784537784,4.632208099909255],[-74.166029823690607,4.632175324096342]]}},
{"type":"Feature","properties":{"fid":68,"OBJECTID":68,"CODIGO_ID":"92080016","NOMBRE":"Alameda El Porvenir","LONGITUD":14.5,"TIPO_CAPACIDAD":null,"OBSERVACION":null,"PLAZO":"Existente","ACTO_ADMINISTRATIVO":null,"NUMERO_ACTO_ADMINISTRATIVO":null,"FECHA_ACTO_ADMINISTRATIVO":"2025-10-15T00:00:00Z","NORMATIVA":"En el marco del Decreto 555 del 29 de diciembre de 2021 - Por el cual se adopta la revisión general del Plan de Ordenamiento Territorial de Bogotá","ESCALA_CAPTURA":null,"FECHA_CAPTURA":"2025-10-15T00:00:00Z","RESPONSABLE":"38","SHAPE_Leng":14.4722299185,"SHAPE_Length":14.472229917628507},"geometry":{"type":"LineString","coordinates":[[-74.203349372673898,4.600754249291441],[-74.20322217011686,4.600725580729749]]}},
{"type":"Feature","properties":{"fid":69,"OBJECTID":69,"CODIGO_ID":"34010008","NOMBRE":"Alameda Humedal Jaboque","LONGITUD":54.0,"TIPO_CAPACIDAD":null,"OBSERVACION":null,"PLAZO":"Existente","ACTO_ADMINISTRATIVO":null,"NUMERO_ACTO_ADMINISTRATIVO":null,"FECHA_ACTO_ADMINISTRATIVO":"2025-10-15T00:00:00Z","NORMATIVA":"En el marco del Decreto 555 del 29 de diciembre de 2021 - Por el cual se adopta la revisión general del Plan de Ordenamiento Territorial de Bogotá","ESCALA_CAPTURA":null,"FECHA_CAPTURA":"2025-10-15T00:00:00Z","RESPONSABLE":"38","SHAPE_Leng":54.008307549900003,"SHAPE_Length":54.008307550367988},"geometry":{"type":"MultiLineString","coordinates":[[[-74.123003174561958,4.700123113892051],[-74.123000613472612,4.700112515930426],[-74.122997825338075,4.700101974909753],[-74.122994811960055,4.700091497157744]],[[-74.122994811960055,4.700091497157744],[-74.122963732461926,4.70003158068786],[-74.122928328251106,4.699974130037194],[-74.122888794827261,4.699919457977413]],[[-74.122888794827261,4.699919457977413],[-74.122860302065391,4.69988476261682],[-74.122830144273209,4.699851514417476],[-74.122798394426269,4.699819792928986]],[[-74.122798394426269,4.699819792928986],[-74.122781082105078,4.699801237920964],[-74.122760042626851,4.699778688243129],[-74.122718026739818,4.699733654875834]]]}},
{"type":"Feature","properties":{"fid":70,"OBJECTID":70,"CODIGO_ID":"92088872","NOMBRE":"Alameda Humedal el Burro","LONGITUD":8.1,"TIPO_CAPACIDAD":null,"OBSERVACION":null,"PLAZO":"Existente","ACTO_ADMINISTRATIVO":null,"NUMERO_ACTO_ADMINISTRATIVO":null,"FECHA_ACTO_ADMINISTRATIVO":"2025-10-15T00:00:00Z","NORMATIVA":"En el marco del Decreto 555 del 29 de diciembre de 2021 - Por el cual se adopta la revisión general del Plan de Ordenamiento Territorial de Bogotá","ESCALA_CAPTURA":null,"FECHA_CAPTURA":"2025-10-15T00:00:00Z","RESPONSABLE":"38","SHAPE_Leng":8.0916211493399999,"SHAPE_Length":8.0916211488508267},"geometry":{"type":"LineString","coordinates":[[-74.156645524711124,4.649126288361252],[-74.156683895858109,4.649188479462572]]}},
{"type":"Feature","properties":{"fid":71,"OBJECTID":71,"CODIGO_ID":"34010884","NOMBRE":"Alameda Humedal el Burro","LONGITUD":26.4,"TIPO_CAPACIDAD":null,"OBSERVACION":null,"PLAZO":"Existente","ACTO_ADMINISTRATIVO":null,"NUMERO_ACTO_ADMINISTRATIVO":null,"FECHA_ACTO_ADMINISTRATIVO":"2025-10-15T00:00:00Z","NORMATIVA":"En el marco del Decreto 555 del 29 de diciembre de 2021 - Por el cual se adopta la revisión general del Plan de Ordenamiento Territorial de Bogotá","ESCALA_CAPTURA":null,"FECHA_CAPTURA":"2025-10-15T00:00:00Z","RESPONSABLE":"38","SHAPE_Leng":26.414487642499999,"SHAPE_Length":26.414487642540749},"geometry":{"type":"LineString","coordinates":[[-74.156033596260343,4.648129663869689],[-74.156152028429446,4.648324884398494],[-74.156157294306254,4.648333643587249]]}},
{"type":"Feature","properties":{"fid":72,"OBJECTID":72,"CODIGO_ID":"34011197","NOMBRE":"Alameda Av Tunjuelito","LONGITUD":35.1,"TIPO_CAPACIDAD":null,"OBSERVACION":null,"PLAZO":"Existente","ACTO_ADMINISTRATIVO":null,"NUMERO_ACTO_ADMINISTRATIVO":null,"FECHA_ACTO_ADMINISTRATIVO":"2025-10-15T00:00:00Z","NORMATIVA":"En el marco del Decreto 555 del 29 de diciembre de 2021 - Por el cual se adopta la revisión general del Plan de Ordenamiento Territorial de Bogotá","ESCALA_CAPTURA":null,"FECHA_CAPTURA":"2025-10-15T00:00:00Z","RESPONSABLE":"38","SHAPE_Leng":35.146409991399999,"SHAPE_Length":35.146409991445054},"geometry":{"type":"LineString","coordinates":[[-74.135819558135921,4.56022565095908],[-74.136052961968261,4.560010995971737]]}},
{"type":"Feature","properties":{"fid":73,"OBJECTID":73,"CODIGO_ID":"44596","NOMBRE":"Alameda Canal Molinos","LONGITUD":10.0,"TIPO_CAPACIDAD":null,"OBSERVACION":null,"PLAZO":"Existente","ACTO_ADMINISTRATIVO":null,"NUMERO_ACTO_ADMINISTRATIVO":null,"FECHA_ACTO_ADMINISTRATIVO":"2025-10-15T00:00:00Z","NORMATIVA":"En el marco del Decreto 555 del 29 de diciembre de 2021 - Por el cual se adopta la revisión general del Plan de Ordenamiento Territorial de Bogotá","ESCALA_CAPTURA":null,"FECHA_CAPTURA":"2025-10-15T00:00:00Z","RESPONSABLE":"38","SHAPE_Leng":9.95590441501,"SHAPE_Length":9.9559044150087104},"geometry":{"type":"LineString","coordinates":[[-74.0651058305872,4.698339647621469],[-74.065106107337911,4.698268472734641],[-74.065091760015989,4.698256348234589]]}},
{"type":"Feature","properties":{"fid":74,"OBJECTID":74,"CODIGO_ID":"20012341","NOMBRE":"Alameda Av Las Quintas","LONGITUD":12.4,"TIPO_CAPACIDAD":null,"OBSERVACION":null,"PLAZO":"Existente","ACTO_ADMINISTRATIVO":null,"NUMERO_ACTO_ADMINISTRATIVO":null,"FECHA_ACTO_ADMINISTRATIVO":"2025-10-15T00:00:00Z","NORMATIVA":"En el marco del Decreto 555 del 29 de diciembre de 2021 - Por el cual se adopta la revisión general del Plan de Ordenamiento Territorial de Bogotá","ESCALA_CAPTURA":null,"FECHA_CAPTURA":"2025-10-15T00:00:00Z","RESPONSABLE":"38","SHAPE_Leng":12.417947570400001,"SHAPE_Length":12.417947570299098},"geometry":{"type":"LineString","coordinates":[[-74.121379406368519,4.729586360510146],[-74.121334240572807,4.729618983188717],[-74.121297282039919,4.729576462920221]]}},
{"type":"Feature","properties":{"fid":75,"OBJECTID":75,"CODIGO_ID":"91036227","NOMBRE":"Alameda CL 41 Sur","LONGITUD":5.1,"TIPO_CAPACIDAD":null,"OBSERVACION":null,"PLAZO":"Existente","ACTO_ADMINISTRATIVO":null,"NUMERO_ACTO_ADMINISTRATIVO":null,"FECHA_ACTO_ADMINISTRATIVO":"2025-10-15T00:00:00Z","NORMATIVA":"En el marco del Decreto 555 del 29 de diciembre de 2021 - Por el cual se adopta la revisión general del Plan de Ordenamiento Territorial de Bogotá","ESCALA_CAPTURA":null,"FECHA_CAPTURA":"2025-10-15T00:00:00Z","RESPONSABLE":"38","SHAPE_Leng":5.1014372502000001,"SHAPE_Length":5.1014372497337543},"geometry":{"type":"LineString","coordinates":[[-74.176197311061188,4.647454347541697],[-74.176174495039106,4.647414317147612]]}},
{"type":"Feature","properties":{"fid":76,"OBJECTID":76,"CODIGO_ID":"91036358","NOMBRE":"Alameda Tv 127","LONGITUD":7.5,"TIPO_CAPACIDAD":null,"OBSERVACION":null,"PLAZO":"Existente","ACTO_ADMINISTRATIVO":null,"NUMERO_ACTO_ADMINISTRATIVO":null,"FECHA_ACTO_ADMINISTRATIVO":"2025-10-15T00:00:00Z","NORMATIVA":"En el marco del Decreto 555 del 29 de diciembre de 2021 - Por el cual se adopta la revisión general del Plan de Ordenamiento Territorial de Bogotá","ESCALA_CAPTURA":null,"FECHA_CAPTURA":"2025-10-15T00:00:00Z","RESPONSABLE":"38","SHAPE_Leng":7.5046500921900003,"SHAPE_Length":7.504650092189812},"geometry":{"type":"LineString","coordinates":[[-74.11398269466541,4.740711947175563],[-74.114017683915577,4.740653897419895]]}},
{"type":"Feature","properties":{"fid":77,"OBJECTID":77,"CODIGO_ID":"91017543","NOMBRE":"Alameda Humedal Jaboque","LONGITUD":8.0,"TIPO_CAPACIDAD":null,"OBSERVACION":null,"PLAZO":"Existente","ACTO_ADMINISTRATIVO":null,"NUMERO_ACTO_ADMINISTRATIVO":null,"FECHA_ACTO_ADMINISTRATIVO":"2025-10-15T00:00:00Z","NORMATIVA":"En el marco del Decreto 555 del 29 de diciembre de 2021 - Por el cual se adopta la revisión general del Plan de Ordenamiento Territorial de Bogotá","ESCALA_CAPTURA":null,"FECHA_CAPTURA":"2025-10-15T00:00:00Z","RESPONSABLE":"38","SHAPE_Leng":7.9992684984900002,"SHAPE_Length":7.9992684980908679},"geometry":{"type":"LineString","coordinates":[[-74.12890531800069,4.703362613538603],[-74.128874150592111,4.703297415570722]]}},
{"type":"Feature","properties":{"fid":78,"OBJECTID":78,"CODIGO_ID":"34012315","NOMBRE":"Alameda Río Bogotá","LONGITUD":588.7,"TIPO_CAPACIDAD":null,"OBSERVACION":null,"PLAZO":"Existente","ACTO_ADMINISTRATIVO":null,"NUMERO_ACTO_ADMINISTRATIVO":null,"FECHA_ACTO_ADMINISTRATIVO":"2025-10-15T00:00:00Z","NORMATIVA":"En el marco del Decreto 555 del 29 de diciembre de 2021 - Por el cual se adopta la revisión general del Plan de Ordenamiento Territorial de Bogotá","ESCALA_CAPTURA":null,"FECHA_CAPTURA":"2025-10-15T00:00:00Z","RESPONSABLE":"38","SHAPE_Leng":588.72847293300003,"SHAPE_Length":588.72847293266989},"geometry":{"type":"MultiLineString","coordinates":[[[-74.124860741981479,4.728994541014175],[-74.124854242424192,4.729014516215338]],[[-74.124854242424192,4.729014516215338],[-74.124834282197284,4.729139854972846],[-74.124824436588924,4.729266398103675],[-74.124824769601403,4.729393325730999]],[[-74.124824769601403,4.729393325730999],[-74.124844339988073,4.729518813071787],[-74.124871547334976,4.729642859760763],[-74.124906287144114,4.729764998453574]],[[-74.124906287144114,4.729764998453574],[-74.124929982460287,4.729829026613191],[-74.125050740259027,4.730155327862349],[-74.125176600577859,4.730481080550326],[-74.125308182991844,4.730816878943402],[-74.125474089907286,4.731253129381863],[-74.125642857768113,4.731687944395966],[-74.125783021780393,4.732055313270332],[-74.125908882653505,4.732385371306203],[-74.126027493919693,4.732692248304918],[-74.126136291353419,4.732973734950428],[-74.126276455190293,4.73333392818871],[-74.126402317676494,4.73365537603743],[-74.126515306416337,4.733953862350763],[-74.126533304546612,4.734000206384863]]]}},
{"type":"Feature","properties":{"fid":79,"OBJECTID":79,"CODIGO_ID":"34011157","NOMBRE":"Alameda CL 40B Sur","LONGITUD":31.4,"TIPO_CAPACIDAD":null,"OBSERVACION":null,"PLAZO":"Existente","ACTO_ADMINISTRATIVO":null,"NUMERO_ACTO_ADMINISTRATIVO":null,"FECHA_ACTO_ADMINISTRATIVO":"2025-10-15T00:00:00Z","NORMATIVA":"En el marco del Decreto 555 del 29 de diciembre de 2021 - Por el cual se adopta la revisión general del Plan de Ordenamiento Territorial de Bogotá","ESCALA_CAPTURA":null,"FECHA_CAPTURA":"2025-10-15T00:00:00Z","RESPONSABLE":"38","SHAPE_Leng":31.407606317100001,"SHAPE_Length":31.407606317084451},"geometry":{"type":"LineString","coordinates":[[-74.168807868235433,4.636671273499902],[-74.168646073804098,4.636438360828003]]}},
{"type":"Feature","properties":{"fid":80,"OBJECTID":80,"CODIGO_ID":"34012087","NOMBRE":"Alameda Florida Sur","LONGITUD":23.6,"TIPO_CAPACIDAD":null,"OBSERVACION":null,"PLAZO":"Existente","ACTO_ADMINISTRATIVO":null,"NUMERO_ACTO_ADMINISTRATIVO":null,"FECHA_ACTO_ADMINISTRATIVO":"2025-10-15T00:00:00Z","NORMATIVA":"En el marco del Decreto 555 del 29 de diciembre de 2021 - Por el cual se adopta la revisión general del Plan de Ordenamiento Territorial de Bogotá","ESCALA_CAPTURA":null,"FECHA_CAPTURA":"2025-10-15T00:00:00Z","RESPONSABLE":"38","SHAPE_Leng":23.635803831499999,"SHAPE_Length":23.63580383152356},"geometry":{"type":"MultiLineString","coordinates":[[[-74.137841195426148,4.549534136255776],[-74.138035662196359,4.54952302903673]],[[-74.138035662196359,4.54952302903673],[-74.138040186794925,4.549522784119792],[-74.138044715892875,4.549522920670181],[-74.138049217062303,4.549523438687492],[-74.138053659676885,4.549524332747685]]]}},
{"type":"Feature","properties":{"fid":81,"OBJECTID":81,"CODIGO_ID":"20013226","NOMBRE":"Alameda Río Bogotá","LONGITUD":58.6,"TIPO_CAPACIDAD":null,"OBSERVACION":null,"PLAZO":"Existente","ACTO_ADMINISTRATIVO":null,"NUMERO_ACTO_ADMINISTRATIVO":null,"FECHA_ACTO_ADMINISTRATIVO":"2025-10-15T00:00:00Z","NORMATIVA":"En el marco del Decreto 555 del 29 de diciembre de 2021 - Por el cual se adopta la revisión general del Plan de Ordenamiento Territorial de Bogotá","ESCALA_CAPTURA":null,"FECHA_CAPTURA":"2025-10-15T00:00:00Z","RESPONSABLE":"38","SHAPE_Leng":58.633258637799997,"SHAPE_Length":58.633258636966389},"geometry":{"type":"LineString","coordinates":[[-74.133025451624889,4.725952486796076],[-74.132527291976757,4.726128909126159]]}},
{"type":"Feature","properties":{"fid":82,"OBJECTID":82,"CODIGO_ID":"91036220","NOMBRE":"Alameda CL 41 Sur","LONGITUD":5.7,"TIPO_CAPACIDAD":null,"OBSERVACION":null,"PLAZO":"Existente","ACTO_ADMINISTRATIVO":null,"NUMERO_ACTO_ADMINISTRATIVO":null,"FECHA_ACTO_ADMINISTRATIVO":"2025-10-15T00:00:00Z","NORMATIVA":"En el marco del Decreto 555 del 29 de diciembre de 2021 - Por el cual se adopta la revisión general del Plan de Ordenamiento Territorial de Bogotá","ESCALA_CAPTURA":null,"FECHA_CAPTURA":"2025-10-15T00:00:00Z","RESPONSABLE":"38","SHAPE_Leng":5.6823705281799999,"SHAPE_Length":5.6823705281767305},"geometry":{"type":"LineString","coordinates":[[-74.176938430640561,4.648632656943226],[-74.176911185566738,4.648589170067273]]}},
{"type":"Feature","properties":{"fid":83,"OBJECTID":83,"CODIGO_ID":"91038567","NOMBRE":"Alameda Canal Molinos","LONGITUD":6.5,"TIPO_CAPACIDAD":null,"OBSERVACION":null,"PLAZO":"Existente","ACTO_ADMINISTRATIVO":null,"NUMERO_ACTO_ADMINISTRATIVO":null,"FECHA_ACTO_ADMINISTRATIVO":"2025-10-15T00:00:00Z","NORMATIVA":"En el marco del Decreto 555 del 29 de diciembre de 2021 - Por el cual se adopta la revisión general del Plan de Ordenamiento Territorial de Bogotá","ESCALA_CAPTURA":null,"FECHA_CAPTURA":"2025-10-15T00:00:00Z","RESPONSABLE":"38","SHAPE_Leng":6.5127631807000004,"SHAPE_Length":6.5127631807049875},"geometry":{"type":"LineString","coordinates":[[-74.050376583360674,4.696425762211429],[-74.050371884056148,4.696425017615651],[-74.050318624070869,4.696416580066392]]}},
{"type":"Feature","properties":{"fid":84,"OBJECTID":84,"CODIGO_ID":"34010550","NOMBRE":"Alameda El Porvenir","LONGITUD":113.5,"TIPO_CAPACIDAD":null,"OBSERVACION":null,"PLAZO":"Existente","ACTO_ADMINISTRATIVO":null,"NUMERO_ACTO_ADMINISTRATIVO":null,"FECHA_ACTO_ADMINISTRATIVO":"2025-10-15T00:00:00Z","NORMATIVA":"En el marco del Decreto 555 del 29 de diciembre de 2021 - Por el cual se adopta la revisión general del Plan de Ordenamiento Territorial de Bogotá","ESCALA_CAPTURA":null,"FECHA_CAPTURA":"2025-10-15T00:00:00Z","RESPONSABLE":"38","SHAPE_Leng":113.44547463799999,"SHAPE_Length":113.4454746370223},"geometry":{"type":"MultiLineString","coordinates":[[[-74.202589470210953,4.60058666395683],[-74.201931610600056,4.600442347477652],[-74.201808116123388,4.600415222318699]],[[-74.201808116123388,4.600415222318699],[-74.20175328679089,4.600406359731182],[-74.201697902007083,4.600402243819898],[-74.201642368952307,4.600402904383538],[-74.201587097506774,4.600408337774644]]]}},
{"type":"Feature","properties":{"fid":85,"OBJECTID":85,"CODIGO_ID":"92062331","NOMBRE":"Alameda Canal Molinos","LONGITUD":18.0,"TIPO_CAPACIDAD":null,"OBSERVACION":null,"PLAZO":"Existente","ACTO_ADMINISTRATIVO":null,"NUMERO_ACTO_ADMINISTRATIVO":null,"FECHA_ACTO_ADMINISTRATIVO":"2025-10-15T00:00:00Z","NORMATIVA":"En el marco del Decreto 555 del 29 de diciembre de 2021 - Por el cual se adopta la revisión general del Plan de Ordenamiento Territorial de Bogotá","ESCALA_CAPTURA":null,"FECHA_CAPTURA":"2025-10-15T00:00:00Z","RESPONSABLE":"38","SHAPE_Leng":17.977398684600001,"SHAPE_Length":17.977398685586735},"geometry":{"type":"LineString","coordinates":[[-74.056111882542766,4.696719005173942],[-74.056114910463762,4.696692645595375],[-74.055980204402189,4.69667774011543]]}},
{"type":"Feature","properties":{"fid":86,"OBJECTID":86,"CODIGO_ID":"0","NOMBRE":"Alameda Humedal Jaboque","LONGITUD":43.5,"TIPO_CAPACIDAD":null,"OBSERVACION":null,"PLAZO":"Existente","ACTO_ADMINISTRATIVO":null,"NUMERO_ACTO_ADMINISTRATIVO":null,"FECHA_ACTO_ADMINISTRATIVO":"2025-10-15T00:00:00Z","NORMATIVA":"En el marco del Decreto 555 del 29 de diciembre de 2021 - Por el cual se adopta la revisión general del Plan de Ordenamiento Territorial de Bogotá","ESCALA_CAPTURA":null,"FECHA_CAPTURA":"2025-10-15T00:00:00Z","RESPONSABLE":"38","SHAPE_Leng":43.472259311499997,"SHAPE_Length":43.472259311533605},"geometry":{"type":"LineString","coordinates":[[-74.127367747430313,4.702688797836766],[-74.12698375223475,4.702766217423791]]}},
{"type":"Feature","properties":{"fid":87,"OBJECTID":87,"CODIGO_ID":"34010358","NOMBRE":"Alameda Canal Torca","LONGITUD":469.8,"TIPO_CAPACIDAD":null,"OBSERVACION":null,"PLAZO":"Existente","ACTO_ADMINISTRATIVO":null,"NUMERO_ACTO_ADMINISTRATIVO":null,"FECHA_ACTO_ADMINISTRATIVO":"2025-10-15T00:00:00Z","NORMATIVA":"En el marco del Decreto 555 del 29 de diciembre de 2021 - Por el cual se adopta la revisión general del Plan de Ordenamiento Territorial de Bogotá","ESCALA_CAPTURA":null,"FECHA_CAPTURA":"2025-10-15T00:00:00Z","RESPONSABLE":"38","SHAPE_Leng":469.79518125700002,"SHAPE_Length":469.79518125705926},"geometry":{"type":"MultiLineString","coordinates":[[[-74.037746497672117,4.750784979841794],[-74.037725426253402,4.751376202095025],[-74.037713927928763,4.751728256693294],[-74.037694775631181,4.752239118598616]],[[-74.037694775631181,4.752239118598616],[-74.037693374279542,4.752315324482698],[-74.037698875760938,4.752391343436704],[-74.037711235124775,4.752466546308289],[-74.037730349752763,4.752540313879222],[-74.037756062062243,4.752612035057897],[-74.03778815860332,4.752681117726528]],[[-74.03778815860332,4.752681117726528],[-74.037823331250138,4.752738862708054],[-74.03786313119042,4.752793500657869],[-74.037907287272546,4.752844658203563],[-74.037955498606223,4.75289198908629],[-74.038007437266529,4.752935168737593],[-74.03806274829229,4.752973904222879]],[[-74.03806274829229,4.752973904222879],[-74.038657736573924,4.753324141315451],[-74.039260353329894,4.753682031883579],[-74.03971922881378,4.753951927813485]]]}},
{"type":"Feature","properties":{"fid":88,"OBJECTID":88,"CODIGO_ID":"34013806","NOMBRE":"Alameda Canal Salitre","LONGITUD":272.8,"TIPO_CAPACIDAD":null,"OBSERVACION":null,"PLAZO":"Existente","ACTO_ADMINISTRATIVO":null,"NUMERO_ACTO_ADMINISTRATIVO":null,"FECHA_ACTO_ADMINISTRATIVO":"2025-10-15T00:00:00Z","NORMATIVA":"En el marco del Decreto 555 del 29 de diciembre de 2021 - Por el cual se adopta la revisión general del Plan de Ordenamiento Territorial de Bogotá","ESCALA_CAPTURA":null,"FECHA_CAPTURA":"2025-10-15T00:00:00Z","RESPONSABLE":"38","SHAPE_Leng":272.76415537600002,"SHAPE_Length":272.7641553758458},"geometry":{"type":"MultiLineString","coordinates":[[[-74.076577153387916,4.669089524465551],[-74.076571583171855,4.66892387919466],[-74.076561922427601,4.668670704303258],[-74.076553008085284,4.668358669863277],[-74.076538294354791,4.667957254344413],[-74.076525356074001,4.667576868427471]],[[-74.076525356074001,4.667576868427471],[-74.076521895375976,4.667506729005264],[-74.076516339117362,4.66743672496574],[-74.076508692697985,4.66736692048968]],[[-74.076508692697985,4.66736692048968],[-74.076494406064811,4.667283101455543],[-74.076477162549679,4.66719984438079],[-74.076456985567148,4.667117254125404]],[[-74.076456985567148,4.667117254125404],[-74.076330026426518,4.666647930075286]]]}},
{"type":"Feature","properties":{"fid":89,"OBJECTID":89,"CODIGO_ID":"91018079","NOMBRE":"Alameda Canal Salitre","LONGITUD":6.7,"TIPO_CAPACIDAD":null,"OBSERVACION":null,"PLAZO":"Existente","ACTO_ADMINISTRATIVO":null,"NUMERO_ACTO_ADMINISTRATIVO":null,"FECHA_ACTO_ADMINISTRATIVO":"2025-10-15T00:00:00Z","NORMATIVA":"En el marco del Decreto 555 del 29 de diciembre de 2021 - Por el cual se adopta la revisión general del Plan de Ordenamiento Territorial de Bogotá","ESCALA_CAPTURA":null,"FECHA_CAPTURA":"2025-10-15T00:00:00Z","RESPONSABLE":"38","SHAPE_Leng":6.6843442910400004,"SHAPE_Length":6.6843442910422795},"geometry":{"type":"LineString","coordinates":[[-74.081286433287119,4.690640849026647],[-74.081288395502867,4.690660893325688],[-74.081290264018733,4.690680946655424],[-74.081292040636654,4.690701009016035]]}},
{"type":"Feature","properties":{"fid":90,"OBJECTID":90,"CODIGO_ID":"34010382","NOMBRE":"Alameda Canal Torca","LONGITUD":315.6,"TIPO_CAPACIDAD":null,"OBSERVACION":null,"PLAZO":"Existente","ACTO_ADMINISTRATIVO":null,"NUMERO_ACTO_ADMINISTRATIVO":null,"FECHA_ACTO_ADMINISTRATIVO":"2025-10-15T00:00:00Z","NORMATIVA":"En el marco del Decreto 555 del 29 de diciembre de 2021 - Por el cual se adopta la revisión general del Plan de Ordenamiento Territorial de Bogotá","ESCALA_CAPTURA":null,"FECHA_CAPTURA":"2025-10-15T00:00:00Z","RESPONSABLE":"38","SHAPE_Leng":315.63011498399999,"SHAPE_Length":315.63011498381633},"geometry":{"type":"LineString","coordinates":[[-74.040811254267211,4.764335922013799],[-74.040693117455021,4.764686539146068],[-74.040568613434402,4.76506249372069],[-74.040426937709896,4.765487235983881],[-74.04031674438356,4.765818706919299],[-74.040186515627937,4.766211880648171],[-74.040056286498896,4.766606488903389],[-74.039915084862514,4.767043668464304]]}},
{"type":"Feature","properties":{"fid":91,"OBJECTID":91,"CODIGO_ID":"91039010","NOMBRE":"Alameda Canal Salitre","LONGITUD":3.9,"TIPO_CAPACIDAD":null,"OBSERVACION":null,"PLAZO":"Existente","ACTO_ADMINISTRATIVO":null,"NUMERO_ACTO_ADMINISTRATIVO":null,"FECHA_ACTO_ADMINISTRATIVO":"2025-10-15T00:00:00Z","NORMATIVA":"En el marco del Decreto 555 del 29 de diciembre de 2021 - Por el cual se adopta la revisión general del Plan de Ordenamiento Territorial de Bogotá","ESCALA_CAPTURA":null,"FECHA_CAPTURA":"2025-10-15T00:00:00Z","RESPONSABLE":"38","SHAPE_Leng":3.93375092512,"SHAPE_Length":3.9337509251245719},"geometry":{"type":"LineString","coordinates":[[-74.077559374789772,4.681644356723186],[-74.077540795839596,4.681614075379574]]}},
{"type":"Feature","properties":{"fid":92,"OBJECTID":92,"CODIGO_ID":"34010719","NOMBRE":"Alameda Canal Virrey","LONGITUD":65.3,"TIPO_CAPACIDAD":null,"OBSERVACION":null,"PLAZO":"Existente","ACTO_ADMINISTRATIVO":null,"NUMERO_ACTO_ADMINISTRATIVO":null,"FECHA_ACTO_ADMINISTRATIVO":"2025-10-15T00:00:00Z","NORMATIVA":"En el marco del Decreto 555 del 29 de diciembre de 2021 - Por el cual se adopta la revisión general del Plan de Ordenamiento Territorial de Bogotá","ESCALA_CAPTURA":null,"FECHA_CAPTURA":"2025-10-15T00:00:00Z","RESPONSABLE":"38","SHAPE_Leng":65.329082818499998,"SHAPE_Length":65.329082818526075},"geometry":{"type":"MultiLineString","coordinates":[[[-74.054659006285661,4.672874878321548],[-74.054683274643779,4.672881705397257],[-74.054706897677661,4.672890521070198],[-74.054729714129081,4.672901263850883],[-74.054751569047767,4.67291386049945]],[[-74.054751569047767,4.67291386049945],[-74.055061194093867,4.673061449499834],[-74.055190200487559,4.673127788900476]]]}},
{"type":"Feature","properties":{"fid":93,"OBJECTID":93,"CODIGO_ID":"56356","NOMBRE":"Alameda Tv 127","LONGITUD":7.2,"TIPO_CAPACIDAD":null,"OBSERVACION":null,"PLAZO":"Existente","ACTO_ADMINISTRATIVO":null,"NUMERO_ACTO_ADMINISTRATIVO":null,"FECHA_ACTO_ADMINISTRATIVO":"2025-10-15T00:00:00Z","NORMATIVA":"En el marco del Decreto 555 del 29 de diciembre de 2021 - Por el cual se adopta la revisión general del Plan de Ordenamiento Territorial de Bogotá","ESCALA_CAPTURA":null,"FECHA_CAPTURA":"2025-10-15T00:00:00Z","RESPONSABLE":"38","SHAPE_Leng":7.2478534555299996,"SHAPE_Length":7.2478534555313257},"geometry":{"type":"LineString","coordinates":[[-74.114054773595626,4.740592363953706],[-74.114058206740268,4.740586668352183],[-74.114080710401211,4.740532309720206]]}},
{"type":"Feature","properties":{"fid":94,"OBJECTID":94,"CODIGO_ID":"34011106","NOMBRE":"Alameda CL 41 Sur","LONGITUD":27.6,"TIPO_CAPACIDAD":null,"OBSERVACION":null,"PLAZO":"Existente","ACTO_ADMINISTRATIVO":null,"NUMERO_ACTO_ADMINISTRATIVO":null,"FECHA_ACTO_ADMINISTRATIVO":"2025-10-15T00:00:00Z","NORMATIVA":"En el marco del Decreto 555 del 29 de diciembre de 2021 - Por el cual se adopta la revisión general del Plan de Ordenamiento Territorial de Bogotá","ESCALA_CAPTURA":null,"FECHA_CAPTURA":"2025-10-15T00:00:00Z","RESPONSABLE":"38","SHAPE_Leng":27.595052561799999,"SHAPE_Length":27.595052562285424},"geometry":{"type":"LineString","coordinates":[[-74.177395444177563,4.649349410251356],[-74.177259412630846,4.6491406213079]]}},
{"type":"Feature","properties":{"fid":95,"OBJECTID":95,"CODIGO_ID":"91043447","NOMBRE":"Alameda Humedal el Burro","LONGITUD":2.9,"TIPO_CAPACIDAD":null,"OBSERVACION":null,"PLAZO":"Existente","ACTO_ADMINISTRATIVO":null,"NUMERO_ACTO_ADMINISTRATIVO":null,"FECHA_ACTO_ADMINISTRATIVO":"2025-10-15T00:00:00Z","NORMATIVA":"En el marco del Decreto 555 del 29 de diciembre de 2021 - Por el cual se adopta la revisión general del Plan de Ordenamiento Territorial de Bogotá","ESCALA_CAPTURA":null,"FECHA_CAPTURA":"2025-10-15T00:00:00Z","RESPONSABLE":"38","SHAPE_Leng":2.9108341427500002,"SHAPE_Length":2.9108341432378162},"geometry":{"type":"LineString","coordinates":[[-74.156574020392611,4.649010394153308],[-74.156587823405431,4.649032766680596]]}},
{"type":"Feature","properties":{"fid":96,"OBJECTID":96,"CODIGO_ID":"514051","NOMBRE":"Alameda Canal Salitre","LONGITUD":9.0,"TIPO_CAPACIDAD":null,"OBSERVACION":null,"PLAZO":"Existente","ACTO_ADMINISTRATIVO":null,"NUMERO_ACTO_ADMINISTRATIVO":null,"FECHA_ACTO_ADMINISTRATIVO":"2025-10-15T00:00:00Z","NORMATIVA":"En el marco del Decreto 555 del 29 de diciembre de 2021 - Por el cual se adopta la revisión general del Plan de Ordenamiento Territorial de Bogotá","ESCALA_CAPTURA":null,"FECHA_CAPTURA":"2025-10-15T00:00:00Z","RESPONSABLE":"38","SHAPE_Leng":8.9621354955200001,"SHAPE_Length":8.9621354954918324},"geometry":{"type":"LineString","coordinates":[[-74.076255336702744,4.669955887713054],[-74.076252862716373,4.669874912778284]]}},
{"type":"Feature","properties":{"fid":97,"OBJECTID":97,"CODIGO_ID":"22160044","NOMBRE":"Alameda Canal Torca","LONGITUD":17.9,"TIPO_CAPACIDAD":null,"OBSERVACION":null,"PLAZO":"Existente","ACTO_ADMINISTRATIVO":null,"NUMERO_ACTO_ADMINISTRATIVO":null,"FECHA_ACTO_ADMINISTRATIVO":"2025-10-15T00:00:00Z","NORMATIVA":"En el marco del Decreto 555 del 29 de diciembre de 2021 - Por el cual se adopta la revisión general del Plan de Ordenamiento Territorial de Bogotá","ESCALA_CAPTURA":null,"FECHA_CAPTURA":"2025-10-15T00:00:00Z","RESPONSABLE":"38","SHAPE_Leng":17.920085133099999,"SHAPE_Length":17.920085132780944},"geometry":{"type":"LineString","coordinates":[[-74.039107977581153,4.768527710790943],[-74.039158158606469,4.768373744478291]]}},
{"type":"Feature","properties":{"fid":98,"OBJECTID":98,"CODIGO_ID":"34011100","NOMBRE":"Alameda CL 41 Sur","LONGITUD":26.1,"TIPO_CAPACIDAD":null,"OBSERVACION":null,"PLAZO":"Existente","ACTO_ADMINISTRATIVO":null,"NUMERO_ACTO_ADMINISTRATIVO":null,"FECHA_ACTO_ADMINISTRATIVO":"2025-10-15T00:00:00Z","NORMATIVA":"En el marco del Decreto 555 del 29 de diciembre de 2021 - Por el cual se adopta la revisión general del Plan de Ordenamiento Territorial de Bogotá","ESCALA_CAPTURA":null,"FECHA_CAPTURA":"2025-10-15T00:00:00Z","RESPONSABLE":"38","SHAPE_Leng":26.066683848,"SHAPE_Length":26.066683848017117},"geometry":{"type":"LineString","coordinates":[[-74.175964567195308,4.647075990717886],[-74.175838087347756,4.646877457281023]]}},
{"type":"Feature","properties":{"fid":99,"OBJECTID":99,"CODIGO_ID":"34011119","NOMBRE":"Alameda CL 41 Sur","LONGITUD":17.2,"TIPO_CAPACIDAD":null,"OBSERVACION":null,"PLAZO":"Existente","ACTO_ADMINISTRATIVO":null,"NUMERO_ACTO_ADMINISTRATIVO":null,"FECHA_ACTO_ADMINISTRATIVO":"2025-10-15T00:00:00Z","NORMATIVA":"En el marco del Decreto 555 del 29 de diciembre de 2021 - Por el cual se adopta la revisión general del Plan de Ordenamiento Territorial de Bogotá","ESCALA_CAPTURA":null,"FECHA_CAPTURA":"2025-10-15T00:00:00Z","RESPONSABLE":"38","SHAPE_Leng":17.235633488000001,"SHAPE_Length":17.235633487997326},"geometry":{"type":"LineString","coordinates":[[-74.175043046967801,4.645598627045646],[-74.17503799802779,4.645590689678539],[-74.174960469158705,4.645466685545443]]}},
{"type":"Feature","properties":{"fid":100,"OBJECTID":100,"CODIGO_ID":"92080053","NOMBRE":"Alameda Tv 127","LONGITUD":12.2,"TIPO_CAPACIDAD":null,"OBSERVACION":null,"PLAZO":"Existente","ACTO_ADMINISTRATIVO":null,"NUMERO_ACTO_ADMINISTRATIVO":null,"FECHA_ACTO_ADMINISTRATIVO":"2025-10-15T00:00:00Z","NORMATIVA":"En el marco del Decreto 555 del 29 de diciembre de 2021 - Por el cual se adopta la revisión general del Plan de Ordenamiento Territorial de Bogotá","ESCALA_CAPTURA":null,"FECHA_CAPTURA":"2025-10-15T00:00:00Z","RESPONSABLE":"38","SHAPE_Leng":12.211450558199999,"SHAPE_Length":12.211450558192006},"geometry":{"type":"LineString","coordinates":[[-74.113018855485308,4.741932094170847],[-74.11302333461316,4.741928795890071],[-74.113068006874272,4.741897480854857],[-74.113108972211805,4.741868764481421]]}},
{"type":"Feature","properties":{"fid":101,"OBJECTID":101,"CODIGO_ID":"34011142","NOMBRE":"Alameda CL 41 Sur","LONGITUD":31.5,"TIPO_CAPACIDAD":null,"OBSERVACION":null,"PLAZO":"Existente","ACTO_ADMINISTRATIVO":null,"NUMERO_ACTO_ADMINISTRATIVO":null,"FECHA_ACTO_ADMINISTRATIVO":"2025-10-15T00:00:00Z","NORMATIVA":"En el marco del Decreto 555 del 29 de diciembre de 2021 - Por el cual se adopta la revisión general del Plan de Ordenamiento Territorial de Bogotá","ESCALA_CAPTURA":null,"FECHA_CAPTURA":"2025-10-15T00:00:00Z","RESPONSABLE":"38","SHAPE_Leng":31.4530285337,"SHAPE_Length":31.453028533757774},"geometry":{"type":"LineString","coordinates":[[-74.172487865035606,4.641697217068122],[-74.172357700136644,4.641483762526375],[-74.172339443441402,4.641455027573251]]}},
{"type":"Feature","properties":{"fid":102,"OBJECTID":102,"CODIGO_ID":"901559","NOMBRE":"Alameda Canal Salitre","LONGITUD":106.7,"TIPO_CAPACIDAD":null,"OBSERVACION":null,"PLAZO":"Existente","ACTO_ADMINISTRATIVO":null,"NUMERO_ACTO_ADMINISTRATIVO":null,"FECHA_ACTO_ADMINISTRATIVO":"2025-10-15T00:00:00Z","NORMATIVA":"En el marco del Decreto 555 del 29 de diciembre de 2021 - Por el cual se adopta la revisión general del Plan de Ordenamiento Territorial de Bogotá","ESCALA_CAPTURA":null,"FECHA_CAPTURA":"2025-10-15T00:00:00Z","RESPONSABLE":"38","SHAPE_Leng":106.67059103,"SHAPE_Length":106.67059102985026},"geometry":{"type":"LineString","coordinates":[[-74.075706037704506,4.676731234164674],[-74.075698132097955,4.676568953179503],[-74.075593107245112,4.675774137170522]]}},
{"type":"Feature","properties":{"fid":103,"OBJECTID":103,"CODIGO_ID":"34010034","NOMBRE":"Alameda Humedal Jaboque","LONGITUD":22.9,"TIPO_CAPACIDAD":null,"OBSERVACION":null,"PLAZO":"Existente","ACTO_ADMINISTRATIVO":null,"NUMERO_ACTO_ADMINISTRATIVO":null,"FECHA_ACTO_ADMINISTRATIVO":"2025-10-15T00:00:00Z","NORMATIVA":"En el marco del Decreto 555 del 29 de diciembre de 2021 - Por el cual se adopta la revisión general del Plan de Ordenamiento Territorial de Bogotá","ESCALA_CAPTURA":null,"FECHA_CAPTURA":"2025-10-15T00:00:00Z","RESPONSABLE":"38","SHAPE_Leng":22.905610523299998,"SHAPE_Length":22.90561052351579},"geometry":{"type":"LineString","coordinates":[[-74.133810169414701,4.710937050076111],[-74.133801181270542,4.71103403255499],[-74.133769282605002,4.711103653949747],[-74.133747700073556,4.711128594347431]]}},
{"type":"Feature","properties":{"fid":104,"OBJECTID":104,"CODIGO_ID":"34011560","NOMBRE":"Alameda Canal Salitre","LONGITUD":57.1,"TIPO_CAPACIDAD":null,"OBSERVACION":null,"PLAZO":"Existente","ACTO_ADMINISTRATIVO":null,"NUMERO_ACTO_ADMINISTRATIVO":null,"FECHA_ACTO_ADMINISTRATIVO":"2025-10-15T00:00:00Z","NORMATIVA":"En el marco del Decreto 555 del 29 de diciembre de 2021 - Por el cual se adopta la revisión general del Plan de Ordenamiento Territorial de Bogotá","ESCALA_CAPTURA":null,"FECHA_CAPTURA":"2025-10-15T00:00:00Z","RESPONSABLE":"38","SHAPE_Leng":57.118928441000001,"SHAPE_Length":57.118928440797667},"geometry":{"type":"MultiLineString","coordinates":[[[-74.088360460818294,4.703880386319973],[-74.08827021048441,4.704033756800176]],[[-74.08827021048441,4.704033756800176],[-74.088227845966145,4.704131003434698],[-74.088191416831478,4.704230641502613],[-74.088161056456585,4.7043323067256]],[[-74.088161056456585,4.7043323067256],[-74.088157364456194,4.704351786463414]]]}},
{"type":"Feature","properties":{"fid":105,"OBJECTID":105,"CODIGO_ID":"174472","NOMBRE":"Alameda Tv 127","LONGITUD":12.2,"TIPO_CAPACIDAD":null,"OBSERVACION":null,"PLAZO":"Existente","ACTO_ADMINISTRATIVO":null,"NUMERO_ACTO_ADMINISTRATIVO":null,"FECHA_ACTO_ADMINISTRATIVO":"2025-10-15T00:00:00Z","NORMATIVA":"En el marco del Decreto 555 del 29 de diciembre de 2021 - Por el cual se adopta la revisión general del Plan de Ordenamiento Territorial de Bogotá","ESCALA_CAPTURA":null,"FECHA_CAPTURA":"2025-10-15T00:00:00Z","RESPONSABLE":"38","SHAPE_Leng":12.2004881882,"SHAPE_Length":12.200488187474287},"geometry":{"type":"LineString","coordinates":[[-74.109622255726563,4.744472752389934],[-74.109706399352604,4.744408602051257],[-74.109709780127005,4.744406024178526]]}},
{"type":"Feature","properties":{"fid":106,"OBJECTID":106,"CODIGO_ID":"20849156","NOMBRE":"Alameda Humedal Jaboque","LONGITUD":30.0,"TIPO_CAPACIDAD":null,"OBSERVACION":null,"PLAZO":"Existente","ACTO_ADMINISTRATIVO":null,"NUMERO_ACTO_ADMINISTRATIVO":null,"FECHA_ACTO_ADMINISTRATIVO":"2025-10-15T00:00:00Z","NORMATIVA":"En el marco del Decreto 555 del 29 de diciembre de 2021 - Por el cual se adopta la revisión general del Plan de Ordenamiento Territorial de Bogotá","ESCALA_CAPTURA":null,"FECHA_CAPTURA":"2025-10-15T00:00:00Z","RESPONSABLE":"38","SHAPE_Leng":30.048880608499999,"SHAPE_Length":30.048880607874072},"geometry":{"type":"LineString","coordinates":[[-74.133960608746776,4.712382349831985],[-74.134013055016524,4.712324949259538],[-74.134049289609735,4.712284769480538],[-74.134121760926618,4.712185276979438],[-74.134130047502623,4.712171207196582]]}},
{"type":"Feature","properties":{"fid":107,"OBJECTID":107,"CODIGO_ID":"92081471","NOMBRE":"Alameda Canal Salitre","LONGITUD":23.2,"TIPO_CAPACIDAD":null,"OBSERVACION":null,"PLAZO":"Existente","ACTO_ADMINISTRATIVO":null,"NUMERO_ACTO_ADMINISTRATIVO":null,"FECHA_ACTO_ADMINISTRATIVO":"2025-10-15T00:00:00Z","NORMATIVA":"En el marco del Decreto 555 del 29 de diciembre de 2021 - Por el cual se adopta la revisión general del Plan de Ordenamiento Territorial de Bogotá","ESCALA_CAPTURA":null,"FECHA_CAPTURA":"2025-10-15T00:00:00Z","RESPONSABLE":"38","SHAPE_Leng":23.177568240799999,"SHAPE_Length":23.177568240750333},"geometry":{"type":"LineString","coordinates":[[-74.077951155489401,4.685775216477252],[-74.078083602326885,4.685937193239134]]}},
{"type":"Feature","properties":{"fid":108,"OBJECTID":108,"CODIGO_ID":"91036314","NOMBRE":"Alameda CL 40B Sur","LONGITUD":10.5,"TIPO_CAPACIDAD":null,"OBSERVACION":null,"PLAZO":"Existente","ACTO_ADMINISTRATIVO":null,"NUMERO_ACTO_ADMINISTRATIVO":null,"FECHA_ACTO_ADMINISTRATIVO":"2025-10-15T00:00:00Z","NORMATIVA":"En el marco del Decreto 555 del 29 de diciembre de 2021 - Por el cual se adopta la revisión general del Plan de Ordenamiento Territorial de Bogotá","ESCALA_CAPTURA":null,"FECHA_CAPTURA":"2025-10-15T00:00:00Z","RESPONSABLE":"38","SHAPE_Leng":10.5105425296,"SHAPE_Length":10.510542529586075},"geometry":{"type":"LineString","coordinates":[[-74.16799510804907,4.635447635008777],[-74.16794258508024,4.635368581764013]]}},
{"type":"Feature","properties":{"fid":109,"OBJECTID":109,"CODIGO_ID":"28883","NOMBRE":"Alameda CL 41 Sur","LONGITUD":12.5,"TIPO_CAPACIDAD":null,"OBSERVACION":null,"PLAZO":"Existente","ACTO_ADMINISTRATIVO":null,"NUMERO_ACTO_ADMINISTRATIVO":null,"FECHA_ACTO_ADMINISTRATIVO":"2025-10-15T00:00:00Z","NORMATIVA":"En el marco del Decreto 555 del 29 de diciembre de 2021 - Por el cual se adopta la revisión general del Plan de Ordenamiento Territorial de Bogotá","ESCALA_CAPTURA":null,"FECHA_CAPTURA":"2025-10-15T00:00:00Z","RESPONSABLE":"38","SHAPE_Leng":12.5327730129,"SHAPE_Length":12.532773012875946},"geometry":{"type":"MultiLineString","coordinates":[[[-74.173182446060252,4.642978459579156],[-74.173157192751262,4.642992324388372]],[[-74.173157192751262,4.642992324388372],[-74.173126845192172,4.642941880685856]],[[-74.173157192751262,4.642992324388372],[-74.173134912326702,4.643004556553893]]]}},
{"type":"Feature","properties":{"fid":110,"OBJECTID":110,"CODIGO_ID":"92085590","NOMBRE":"Alameda Humedal Jaboque","LONGITUD":5.2,"TIPO_CAPACIDAD":null,"OBSERVACION":null,"PLAZO":"Existente","ACTO_ADMINISTRATIVO":null,"NUMERO_ACTO_ADMINISTRATIVO":null,"FECHA_ACTO_ADMINISTRATIVO":"2025-10-15T00:00:00Z","NORMATIVA":"En el marco del Decreto 555 del 29 de diciembre de 2021 - Por el cual se adopta la revisión general del Plan de Ordenamiento Territorial de Bogotá","ESCALA_CAPTURA":null,"FECHA_CAPTURA":"2025-10-15T00:00:00Z","RESPONSABLE":"38","SHAPE_Leng":5.2478119141699997,"SHAPE_Length":5.2478119147724103},"geometry":{"type":"LineString","coordinates":[[-74.123402651038717,4.702222613814048],[-74.123371967049309,4.702186522708999]]}},
{"type":"Feature","properties":{"fid":111,"OBJECTID":111,"CODIGO_ID":"34011513","NOMBRE":"Alameda Humedal Jaboque","LONGITUD":16.8,"TIPO_CAPACIDAD":null,"OBSERVACION":null,"PLAZO":"Existente","ACTO_ADMINISTRATIVO":null,"NUMERO_ACTO_ADMINISTRATIVO":null,"FECHA_ACTO_ADMINISTRATIVO":"2025-10-15T00:00:00Z","NORMATIVA":"En el marco del Decreto 555 del 29 de diciembre de 2021 - Por el cual se adopta la revisión general del Plan de Ordenamiento Territorial de Bogotá","ESCALA_CAPTURA":null,"FECHA_CAPTURA":"2025-10-15T00:00:00Z","RESPONSABLE":"38","SHAPE_Leng":16.821204845099999,"SHAPE_Length":16.821204845107946},"geometry":{"type":"MultiLineString","coordinates":[[[-74.128402744074492,4.703719936254915],[-74.128404102820298,4.703716760724723],[-74.128405471476668,4.70371358881057],[-74.128406848241653,4.70371042141635]],[[-74.128406848241653,4.70371042141635],[-74.128472997121449,4.703585239140933]]]}},
{"type":"Feature","properties":{"fid":112,"OBJECTID":112,"CODIGO_ID":"35003634","NOMBRE":"Alameda Humedal el Burro","LONGITUD":34.7,"TIPO_CAPACIDAD":null,"OBSERVACION":null,"PLAZO":"Existente","ACTO_ADMINISTRATIVO":null,"NUMERO_ACTO_ADMINISTRATIVO":null,"FECHA_ACTO_ADMINISTRATIVO":"2025-10-15T00:00:00Z","NORMATIVA":"En el marco del Decreto 555 del 29 de diciembre de 2021 - Por el cual se adopta la revisión general del Plan de Ordenamiento Territorial de Bogotá","ESCALA_CAPTURA":null,"FECHA_CAPTURA":"2025-10-15T00:00:00Z","RESPONSABLE":"38","SHAPE_Leng":34.7087134808,"SHAPE_Length":34.708713481314298},"geometry":{"type":"LineString","coordinates":[[-74.156323566335189,4.648609292245194],[-74.156490209522573,4.648874773244584]]}},
{"type":"Feature","properties":{"fid":113,"OBJECTID":113,"CODIGO_ID":"34011355","NOMBRE":"Alameda Humedal Juan Amarillo","LONGITUD":44.1,"TIPO_CAPACIDAD":null,"OBSERVACION":null,"PLAZO":"Existente","ACTO_ADMINISTRATIVO":null,"NUMERO_ACTO_ADMINISTRATIVO":null,"FECHA_ACTO_ADMINISTRATIVO":"2025-10-15T00:00:00Z","NORMATIVA":"En el marco del Decreto 555 del 29 de diciembre de 2021 - Por el cual se adopta la revisión general del Plan de Ordenamiento Territorial de Bogotá","ESCALA_CAPTURA":null,"FECHA_CAPTURA":"2025-10-15T00:00:00Z","RESPONSABLE":"38","SHAPE_Leng":44.099389407099999,"SHAPE_Length":44.099389407133231},"geometry":{"type":"MultiLineString","coordinates":[[[-74.097625908517628,4.717225786904748],[-74.097698160619217,4.717237105787964]],[[-74.097698160619217,4.717237105787964],[-74.097718058599142,4.717241826692469],[-74.097737457308924,4.717248312064522],[-74.097756199980381,4.717256511272146],[-74.097774137955398,4.717266356508987],[-74.097791127982433,4.717277770929559]],[[-74.097791127982433,4.717277770929559],[-74.097989511299019,4.717377664584941]]]}},
{"type":"Feature","properties":{"fid":114,"OBJECTID":114,"CODIGO_ID":"0","NOMBRE":"Alameda Canal Río Negro","LONGITUD":10.6,"TIPO_CAPACIDAD":null,"OBSERVACION":null,"PLAZO":"Existente","ACTO_ADMINISTRATIVO":null,"NUMERO_ACTO_ADMINISTRATIVO":null,"FECHA_ACTO_ADMINISTRATIVO":"2025-10-15T00:00:00Z","NORMATIVA":"En el marco del Decreto 555 del 29 de diciembre de 2021 - Por el cual se adopta la revisión general del Plan de Ordenamiento Territorial de Bogotá","ESCALA_CAPTURA":null,"FECHA_CAPTURA":"2025-10-15T00:00:00Z","RESPONSABLE":"38","SHAPE_Leng":10.636802685799999,"SHAPE_Length":10.636802685810006},"geometry":{"type":"LineString","coordinates":[[-74.065487063367925,4.678938705071337],[-74.065402125377247,4.67889418217599]]}},
{"type":"Feature","properties":{"fid":115,"OBJECTID":115,"CODIGO_ID":"34011193","NOMBRE":"Alameda Av Tunjuelito","LONGITUD":124.2,"TIPO_CAPACIDAD":null,"OBSERVACION":null,"PLAZO":"Existente","ACTO_ADMINISTRATIVO":null,"NUMERO_ACTO_ADMINISTRATIVO":null,"FECHA_ACTO_ADMINISTRATIVO":"2025-10-15T00:00:00Z","NORMATIVA":"En el marco del Decreto 555 del 29 de diciembre de 2021 - Por el cual se adopta la revisión general del Plan de Ordenamiento Territorial de Bogotá","ESCALA_CAPTURA":null,"FECHA_CAPTURA":"2025-10-15T00:00:00Z","RESPONSABLE":"38","SHAPE_Leng":124.20903902800001,"SHAPE_Length":124.20903902841145},"geometry":{"type":"LineString","coordinates":[[-74.137425755844717,4.561776835376682],[-74.137349123726977,4.561709618433996],[-74.136529561204156,4.56110519619588]]}},
{"type":"Feature","properties":{"fid":116,"OBJECTID":116,"CODIGO_ID":"92064919","NOMBRE":"Alameda Canal Salitre","LONGITUD":25.4,"TIPO_CAPACIDAD":null,"OBSERVACION":null,"PLAZO":"Existente","ACTO_ADMINISTRATIVO":null,"NUMERO_ACTO_ADMINISTRATIVO":null,"FECHA_ACTO_ADMINISTRATIVO":"2025-10-15T00:00:00Z","NORMATIVA":"En el marco del Decreto 555 del 29 de diciembre de 2021 - Por el cual se adopta la revisión general del Plan de Ordenamiento Territorial de Bogotá","ESCALA_CAPTURA":null,"FECHA_CAPTURA":"2025-10-15T00:00:00Z","RESPONSABLE":"38","SHAPE_Leng":25.396581403700001,"SHAPE_Length":25.396581403798347},"geometry":{"type":"LineString","coordinates":[[-74.084756996282536,4.69629584183042],[-74.084876506396625,4.696444847234336],[-74.084897511283813,4.696476842477341]]}},
{"type":"Feature","properties":{"fid":117,"OBJECTID":117,"CODIGO_ID":"174302","NOMBRE":"Alameda Tv 127","LONGITUD":10.6,"TIPO_CAPACIDAD":null,"OBSERVACION":null,"PLAZO":"Existente","ACTO_ADMINISTRATIVO":null,"NUMERO_ACTO_ADMINISTRATIVO":null,"FECHA_ACTO_ADMINISTRATIVO":"2025-10-15T00:00:00Z","NORMATIVA":"En el marco del Decreto 555 del 29 de diciembre de 2021 - Por el cual se adopta la revisión general del Plan de Ordenamiento Territorial de Bogotá","ESCALA_CAPTURA":null,"FECHA_CAPTURA":"2025-10-15T00:00:00Z","RESPONSABLE":"38","SHAPE_Leng":10.581994597,"SHAPE_Length":10.581994596993985},"geometry":{"type":"LineString","coordinates":[[-74.112210305515802,4.742537018354342],[-74.11228575444494,4.742478534097914]]}},
{"type":"Feature","properties":{"fid":118,"OBJECTID":118,"CODIGO_ID":"34011353","NOMBRE":"Alameda Humedal Juan Amarillo","LONGITUD":56.7,"TIPO_CAPACIDAD":null,"OBSERVACION":null,"PLAZO":"Existente","ACTO_ADMINISTRATIVO":null,"NUMERO_ACTO_ADMINISTRATIVO":null,"FECHA_ACTO_ADMINISTRATIVO":"2025-10-15T00:00:00Z","NORMATIVA":"En el marco del Decreto 555 del 29 de diciembre de 2021 - Por el cual se adopta la revisión general del Plan de Ordenamiento Territorial de Bogotá","ESCALA_CAPTURA":null,"FECHA_CAPTURA":"2025-10-15T00:00:00Z","RESPONSABLE":"38","SHAPE_Leng":56.6563442243,"SHAPE_Length":56.656344223429642},"geometry":{"type":"MultiLineString","coordinates":[[[-74.099602870961178,4.717597301714905],[-74.099663372876435,4.717629092175878],[-74.099722974598293,4.717662550351847],[-74.099781630178299,4.717697650929465]],[[-74.099781630178299,4.717697650929465],[-74.099866713042047,4.717753835117732],[-74.099950385733138,4.717812112740629],[-74.10003259599695,4.717872448541251]]]}},
{"type":"Feature","properties":{"fid":119,"OBJECTID":119,"CODIGO_ID":"91013117","NOMBRE":"Alameda Humedal el Burro","LONGITUD":11.8,"TIPO_CAPACIDAD":null,"OBSERVACION":null,"PLAZO":"Existente","ACTO_ADMINISTRATIVO":null,"NUMERO_ACTO_ADMINISTRATIVO":null,"FECHA_ACTO_ADMINISTRATIVO":"2025-10-15T00:00:00Z","NORMATIVA":"En el marco del Decreto 555 del 29 de diciembre de 2021 - Por el cual se adopta la revisión general del Plan de Ordenamiento Territorial de Bogotá","ESCALA_CAPTURA":null,"FECHA_CAPTURA":"2025-10-15T00:00:00Z","RESPONSABLE":"38","SHAPE_Leng":11.771546434899999,"SHAPE_Length":11.77154643490382},"geometry":{"type":"LineString","coordinates":[[-74.144768766971765,4.634648829961722],[-74.144839406764078,4.634728195035712]]}},
{"type":"Feature","properties":{"fid":120,"OBJECTID":120,"CODIGO_ID":"140601","NOMBRE":"Alameda Canal Cedro","LONGITUD":8.2,"TIPO_CAPACIDAD":null,"OBSERVACION":null,"PLAZO":"Existente","ACTO_ADMINISTRATIVO":null,"NUMERO_ACTO_ADMINISTRATIVO":null,"FECHA_ACTO_ADMINISTRATIVO":"2025-10-15T00:00:00Z","NORMATIVA":"En el marco del Decreto 555 del 29 de diciembre de 2021 - Por el cual se adopta la revisión general del Plan de Ordenamiento Territorial de Bogotá","ESCALA_CAPTURA":null,"FECHA_CAPTURA":"2025-10-15T00:00:00Z","RESPONSABLE":"38","SHAPE_Leng":8.1626062455799993,"SHAPE_Length":8.1626062455752457},"geometry":{"type":"LineString","coordinates":[[-74.036574921994116,4.741773971219889],[-74.036569010491689,4.741847517903778]]}},
{"type":"Feature","properties":{"fid":121,"OBJECTID":121,"CODIGO_ID":"20305019","NOMBRE":"Alameda Tv 127","LONGITUD":12.3,"TIPO_CAPACIDAD":null,"OBSERVACION":null,"PLAZO":"Existente","ACTO_ADMINISTRATIVO":null,"NUMERO_ACTO_ADMINISTRATIVO":null,"FECHA_ACTO_ADMINISTRATIVO":"2025-10-15T00:00:00Z","NORMATIVA":"En el marco del Decreto 555 del 29 de diciembre de 2021 - Por el cual se adopta la revisión general del Plan de Ordenamiento Territorial de Bogotá","ESCALA_CAPTURA":null,"FECHA_CAPTURA":"2025-10-15T00:00:00Z","RESPONSABLE":"38","SHAPE_Leng":12.284068462800001,"SHAPE_Length":12.284068463548572},"geometry":{"type":"LineString","coordinates":[[-74.109512613065874,4.744555079698494],[-74.109601240327919,4.744488563987637]]}},
{"type":"Feature","properties":{"fid":122,"OBJECTID":122,"CODIGO_ID":"92020048","NOMBRE":"Alameda Canal Salitre","LONGITUD":10.9,"TIPO_CAPACIDAD":null,"OBSERVACION":null,"PLAZO":"Existente","ACTO_ADMINISTRATIVO":null,"NUMERO_ACTO_ADMINISTRATIVO":null,"FECHA_ACTO_ADMINISTRATIVO":"2025-10-15T00:00:00Z","NORMATIVA":"En el marco del Decreto 555 del 29 de diciembre de 2021 - Por el cual se adopta la revisión general del Plan de Ordenamiento Territorial de Bogotá","ESCALA_CAPTURA":null,"FECHA_CAPTURA":"2025-10-15T00:00:00Z","RESPONSABLE":"38","SHAPE_Leng":10.946895204200001,"SHAPE_Length":10.946895204230483},"geometry":{"type":"LineString","coordinates":[[-74.076988135842839,4.681613780168208],[-74.076964572916168,4.681638121114204],[-74.076922097292666,4.681681998084963],[-74.076919133853224,4.681684451101799]]}},
{"type":"Feature","properties":{"fid":123,"OBJECTID":123,"CODIGO_ID":"34011135","NOMBRE":"Alameda CL 41 Sur","LONGITUD":32.0,"TIPO_CAPACIDAD":null,"OBSERVACION":null,"PLAZO":"Existente","ACTO_ADMINISTRATIVO":null,"NUMERO_ACTO_ADMINISTRATIVO":null,"FECHA_ACTO_ADMINISTRATIVO":"2025-10-15T00:00:00Z","NORMATIVA":"En el marco del Decreto 555 del 29 de diciembre de 2021 - Por el cual se adopta la revisión general del Plan de Ordenamiento Territorial de Bogotá","ESCALA_CAPTURA":null,"FECHA_CAPTURA":"2025-10-15T00:00:00Z","RESPONSABLE":"38","SHAPE_Leng":31.988961161399999,"SHAPE_Length":31.988961161874144},"geometry":{"type":"LineString","coordinates":[[-74.173426031564503,4.643177183426683],[-74.173420080811653,4.643167809707406],[-74.173300236015976,4.642979019193142],[-74.173271226449856,4.642933281401969]]}},
{"type":"Feature","properties":{"fid":124,"OBJECTID":124,"CODIGO_ID":"507816","NOMBRE":"Alameda Canal Cedro","LONGITUD":9.4,"TIPO_CAPACIDAD":null,"OBSERVACION":null,"PLAZO":"Existente","ACTO_ADMINISTRATIVO":null,"NUMERO_ACTO_ADMINISTRATIVO":null,"FECHA_ACTO_ADMINISTRATIVO":"2025-10-15T00:00:00Z","NORMATIVA":"En el marco del Decreto 555 del 29 de diciembre de 2021 - Por el cual se adopta la revisión general del Plan de Ordenamiento Territorial de Bogotá","ESCALA_CAPTURA":null,"FECHA_CAPTURA":"2025-10-15T00:00:00Z","RESPONSABLE":"38","SHAPE_Leng":9.3768036133799999,"SHAPE_Length":9.3768036134200887},"geometry":{"type":"LineString","coordinates":[[-74.037373988662907,4.748951930960436],[-74.037377738032845,4.749036608527057]]}},
{"type":"Feature","properties":{"fid":125,"OBJECTID":125,"CODIGO_ID":"141399","NOMBRE":"Alameda Canal Torca","LONGITUD":19.4,"TIPO_CAPACIDAD":null,"OBSERVACION":null,"PLAZO":"Existente","ACTO_ADMINISTRATIVO":null,"NUMERO_ACTO_ADMINISTRATIVO":null,"FECHA_ACTO_ADMINISTRATIVO":"2025-10-15T00:00:00Z","NORMATIVA":"En el marco del Decreto 555 del 29 de diciembre de 2021 - Por el cual se adopta la revisión general del Plan de Ordenamiento Territorial de Bogotá","ESCALA_CAPTURA":null,"FECHA_CAPTURA":"2025-10-15T00:00:00Z","RESPONSABLE":"38","SHAPE_Leng":19.400459250400001,"SHAPE_Length":19.400459250409718},"geometry":{"type":"LineString","coordinates":[[-74.040550651313538,4.764266879317357],[-74.040641368274862,4.764116973301446]]}},
{"type":"Feature","properties":{"fid":126,"OBJECTID":126,"CODIGO_ID":"901566","NOMBRE":"Alameda Canal Salitre","LONGITUD":53.7,"TIPO_CAPACIDAD":null,"OBSERVACION":null,"PLAZO":"Existente","ACTO_ADMINISTRATIVO":null,"NUMERO_ACTO_ADMINISTRATIVO":null,"FECHA_ACTO_ADMINISTRATIVO":"2025-10-15T00:00:00Z","NORMATIVA":"En el marco del Decreto 555 del 29 de diciembre de 2021 - Por el cual se adopta la revisión general del Plan de Ordenamiento Territorial de Bogotá","ESCALA_CAPTURA":null,"FECHA_CAPTURA":"2025-10-15T00:00:00Z","RESPONSABLE":"38","SHAPE_Leng":53.666574101000002,"SHAPE_Length":53.666574100816796},"geometry":{"type":"LineString","coordinates":[[-74.076239256926129,4.666310829093958],[-74.076119273062048,4.665840886494425]]}},
{"type":"Feature","properties":{"fid":127,"OBJECTID":127,"CODIGO_ID":"92080201","NOMBRE":"Alameda Humedal Jaboque","LONGITUD":35.0,"TIPO_CAPACIDAD":null,"OBSERVACION":null,"PLAZO":"Existente","ACTO_ADMINISTRATIVO":null,"NUMERO_ACTO_ADMINISTRATIVO":null,"FECHA_ACTO_ADMINISTRATIVO":"2025-10-15T00:00:00Z","NORMATIVA":"En el marco del Decreto 555 del 29 de diciembre de 2021 - Por el cual se adopta la revisión general del Plan de Ordenamiento Territorial de Bogotá","ESCALA_CAPTURA":null,"FECHA_CAPTURA":"2025-10-15T00:00:00Z","RESPONSABLE":"38","SHAPE_Leng":35.014345465700004,"SHAPE_Length":35.014345465748917},"geometry":{"type":"LineString","coordinates":[[-74.134460290927336,4.710846888509055],[-74.134447275637598,4.710624075337259],[-74.134398009216497,4.71062235245644],[-74.13435450175119,4.710626599338226]]}},
{"type":"Feature","properties":{"fid":128,"OBJECTID":128,"CODIGO_ID":"34010065","NOMBRE":"Alameda Av El Salitre","LONGITUD":36.1,"TIPO_CAPACIDAD":null,"OBSERVACION":null,"PLAZO":"Existente","ACTO_ADMINISTRATIVO":null,"NUMERO_ACTO_ADMINISTRATIVO":null,"FECHA_ACTO_ADMINISTRATIVO":"2025-10-15T00:00:00Z","NORMATIVA":"En el marco del Decreto 555 del 29 de diciembre de 2021 - Por el cual se adopta la revisión general del Plan de Ordenamiento Territorial de Bogotá","ESCALA_CAPTURA":null,"FECHA_CAPTURA":"2025-10-15T00:00:00Z","RESPONSABLE":"38","SHAPE_Leng":36.145427916499997,"SHAPE_Length":36.145427916476933},"geometry":{"type":"LineString","coordinates":[[-74.118999803004854,4.695413174016491],[-74.1189954397598,4.69541055782094],[-74.118723743728353,4.695249635393507],[-74.118719380484094,4.695247050834391]]}},
{"type":"Feature","properties":{"fid":129,"OBJECTID":129,"CODIGO_ID":"20305050","NOMBRE":"Alameda Tv 127","LONGITUD":125.5,"TIPO_CAPACIDAD":null,"OBSERVACION":null,"PLAZO":"Existente","ACTO_ADMINISTRATIVO":null,"NUMERO_ACTO_ADMINISTRATIVO":null,"FECHA_ACTO_ADMINISTRATIVO":"2025-10-15T00:00:00Z","NORMATIVA":"En el marco del Decreto 555 del 29 de diciembre de 2021 - Por el cual se adopta la revisión general del Plan de Ordenamiento Territorial de Bogotá","ESCALA_CAPTURA":null,"FECHA_CAPTURA":"2025-10-15T00:00:00Z","RESPONSABLE":"38","SHAPE_Leng":125.45050396800001,"SHAPE_Length":125.45050396788882},"geometry":{"type":"LineString","coordinates":[[-74.11044822429767,4.743849477596198],[-74.110868158961836,4.743537819841192],[-74.111251879879092,4.743252230674263],[-74.111356450953664,4.743174401762927]]}},
{"type":"Feature","properties":{"fid":130,"OBJECTID":130,"CODIGO_ID":"91036242","NOMBRE":"Alameda CL 41 Sur","LONGITUD":7.8,"TIPO_CAPACIDAD":null,"OBSERVACION":null,"PLAZO":"Existente","ACTO_ADMINISTRATIVO":null,"NUMERO_ACTO_ADMINISTRATIVO":null,"FECHA_ACTO_ADMINISTRATIVO":"2025-10-15T00:00:00Z","NORMATIVA":"En el marco del Decreto 555 del 29 de diciembre de 2021 - Por el cual se adopta la revisión general del Plan de Ordenamiento Territorial de Bogotá","ESCALA_CAPTURA":null,"FECHA_CAPTURA":"2025-10-15T00:00:00Z","RESPONSABLE":"38","SHAPE_Leng":7.81042253701,"SHAPE_Length":7.8104225370106892},"geometry":{"type":"LineString","coordinates":[[-74.174842628116394,4.645279403919542],[-74.174805025960481,4.645219728559338]]}},
{"type":"Feature","properties":{"fid":131,"OBJECTID":131,"CODIGO_ID":"34011163","NOMBRE":"Alameda CL 40B Sur","LONGITUD":31.7,"TIPO_CAPACIDAD":null,"OBSERVACION":null,"PLAZO":"Existente","ACTO_ADMINISTRATIVO":null,"NUMERO_ACTO_ADMINISTRATIVO":null,"FECHA_ACTO_ADMINISTRATIVO":"2025-10-15T00:00:00Z","NORMATIVA":"En el marco del Decreto 555 del 29 de diciembre de 2021 - Por el cual se adopta la revisión general del Plan de Ordenamiento Territorial de Bogotá","ESCALA_CAPTURA":null,"FECHA_CAPTURA":"2025-10-15T00:00:00Z","RESPONSABLE":"38","SHAPE_Leng":31.713187681400001,"SHAPE_Length":31.713187681430227},"geometry":{"type":"LineString","coordinates":[[-74.169496893901083,4.637625349406173],[-74.169330678371821,4.637392187553043]]}},
{"type":"Feature","properties":{"fid":132,"OBJECTID":132,"CODIGO_ID":"20011931","NOMBRE":"Alameda Av Las Quintas","LONGITUD":9.0,"TIPO_CAPACIDAD":null,"OBSERVACION":null,"PLAZO":"Existente","ACTO_ADMINISTRATIVO":null,"NUMERO_ACTO_ADMINISTRATIVO":null,"FECHA_ACTO_ADMINISTRATIVO":"2025-10-15T00:00:00Z","NORMATIVA":"En el marco del Decreto 555 del 29 de diciembre de 2021 - Por el cual se adopta la revisión general del Plan de Ordenamiento Territorial de Bogotá","ESCALA_CAPTURA":null,"FECHA_CAPTURA":"2025-10-15T00:00:00Z","RESPONSABLE":"38","SHAPE_Leng":9.0231005046000003,"SHAPE_Length":9.0231005052080242},"geometry":{"type":"LineString","coordinates":[[-74.121207769268608,4.729473479376696],[-74.12119121131883,4.729454429910318],[-74.121151399228793,4.729488629255645],[-74.121148603326247,4.729491050824949]]}},
{"type":"Feature","properties":{"fid":133,"OBJECTID":133,"CODIGO_ID":"91063974","NOMBRE":"Alameda Canal Tintal III (CL 59B S","LONGITUD":9.4,"TIPO_CAPACIDAD":null,"OBSERVACION":null,"PLAZO":"Existente","ACTO_ADMINISTRATIVO":null,"NUMERO_ACTO_ADMINISTRATIVO":null,"FECHA_ACTO_ADMINISTRATIVO":"2025-10-15T00:00:00Z","NORMATIVA":"En el marco del Decreto 555 del 29 de diciembre de 2021 - Por el cual se adopta la revisión general del Plan de Ordenamiento Territorial de Bogotá","ESCALA_CAPTURA":null,"FECHA_CAPTURA":"2025-10-15T00:00:00Z","RESPONSABLE":"38","SHAPE_Leng":9.4230288556200001,"SHAPE_Length":9.4230288560539783},"geometry":{"type":"LineString","coordinates":[[-74.192469078521754,4.629809147416572],[-74.192429785561444,4.629733642231357]]}},
{"type":"Feature","properties":{"fid":134,"OBJECTID":134,"CODIGO_ID":"601544","NOMBRE":"Alameda Canal Molinos","LONGITUD":37.8,"TIPO_CAPACIDAD":null,"OBSERVACION":null,"PLAZO":"Existente","ACTO_ADMINISTRATIVO":null,"NUMERO_ACTO_ADMINISTRATIVO":null,"FECHA_ACTO_ADMINISTRATIVO":"2025-10-15T00:00:00Z","NORMATIVA":"En el marco del Decreto 555 del 29 de diciembre de 2021 - Por el cual se adopta la revisión general del Plan de Ordenamiento Territorial de Bogotá","ESCALA_CAPTURA":null,"FECHA_CAPTURA":"2025-10-15T00:00:00Z","RESPONSABLE":"38","SHAPE_Leng":37.8023207082,"SHAPE_Length":37.802320707617405},"geometry":{"type":"MultiLineString","coordinates":[[[-74.039201342513394,4.690412897605086],[-74.039241342013014,4.690466382090981],[-74.039286419930136,4.690515633273002],[-74.039336133971389,4.690560167471227]],[[-74.039336133971389,4.690560167471227],[-74.039454228993122,4.690636803139419]]]}},
{"type":"Feature","properties":{"fid":135,"OBJECTID":135,"CODIGO_ID":"0","NOMBRE":"Alameda Canal Salitre","LONGITUD":31.6,"TIPO_CAPACIDAD":null,"OBSERVACION":null,"PLAZO":"Existente","ACTO_ADMINISTRATIVO":null,"NUMERO_ACTO_ADMINISTRATIVO":null,"FECHA_ACTO_ADMINISTRATIVO":"2025-10-15T00:00:00Z","NORMATIVA":"En el marco del Decreto 555 del 29 de diciembre de 2021 - Por el cual se adopta la revisión general del Plan de Ordenamiento Territorial de Bogotá","ESCALA_CAPTURA":null,"FECHA_CAPTURA":"2025-10-15T00:00:00Z","RESPONSABLE":"38","SHAPE_Leng":31.627589756799999,"SHAPE_Length":31.627589756831803},"geometry":{"type":"LineString","coordinates":[[-74.077379590881634,4.682250719208547],[-74.077390298392231,4.682234300976168],[-74.07734745973616,4.682222615031335],[-74.077134244197367,4.682280936435596]]}},
{"type":"Feature","properties":{"fid":136,"OBJECTID":136,"CODIGO_ID":"9822","NOMBRE":"Alameda Canal Virrey","LONGITUD":8.1,"TIPO_CAPACIDAD":null,"OBSERVACION":null,"PLAZO":"Existente","ACTO_ADMINISTRATIVO":null,"NUMERO_ACTO_ADMINISTRATIVO":null,"FECHA_ACTO_ADMINISTRATIVO":"2025-10-15T00:00:00Z","NORMATIVA":"En el marco del Decreto 555 del 29 de diciembre de 2021 - Por el cual se adopta la revisión general del Plan de Ordenamiento Territorial de Bogotá","ESCALA_CAPTURA":null,"FECHA_CAPTURA":"2025-10-15T00:00:00Z","RESPONSABLE":"38","SHAPE_Leng":8.1064571419899991,"SHAPE_Length":8.106457141991525},"geometry":{"type":"LineString","coordinates":[[-74.058697121019208,4.67482549051322],[-74.05876740568192,4.674845406040736]]}},
{"type":"Feature","properties":{"fid":137,"OBJECTID":137,"CODIGO_ID":"20013766","NOMBRE":"Alameda Canal Salitre","LONGITUD":15.5,"TIPO_CAPACIDAD":null,"OBSERVACION":null,"PLAZO":"Existente","ACTO_ADMINISTRATIVO":null,"NUMERO_ACTO_ADMINISTRATIVO":null,"FECHA_ACTO_ADMINISTRATIVO":"2025-10-15T00:00:00Z","NORMATIVA":"En el marco del Decreto 555 del 29 de diciembre de 2021 - Por el cual se adopta la revisión general del Plan de Ordenamiento Territorial de Bogotá","ESCALA_CAPTURA":null,"FECHA_CAPTURA":"2025-10-15T00:00:00Z","RESPONSABLE":"38","SHAPE_Leng":15.4604764332,"SHAPE_Length":15.460476434041313},"geometry":{"type":"LineString","coordinates":[[-74.08184889304971,4.692996329893718],[-74.081967321472206,4.693069901340629]]}},
{"type":"Feature","properties":{"fid":138,"OBJECTID":138,"CODIGO_ID":"34010356","NOMBRE":"Alameda Canal Torca","LONGITUD":534.7,"TIPO_CAPACIDAD":null,"OBSERVACION":null,"PLAZO":"Existente","ACTO_ADMINISTRATIVO":null,"NUMERO_ACTO_ADMINISTRATIVO":null,"FECHA_ACTO_ADMINISTRATIVO":"2025-10-15T00:00:00Z","NORMATIVA":"En el marco del Decreto 555 del 29 de diciembre de 2021 - Por el cual se adopta la revisión general del Plan de Ordenamiento Territorial de Bogotá","ESCALA_CAPTURA":null,"FECHA_CAPTURA":"2025-10-15T00:00:00Z","RESPONSABLE":"38","SHAPE_Leng":534.68222988699995,"SHAPE_Length":534.68222988705725},"geometry":{"type":"MultiLineString","coordinates":[[[-74.039853549580798,4.753775958842074],[-74.03984337428804,4.753769586267629],[-74.03983309895527,4.753763379099308],[-74.039822724483415,4.753757338241186]],[[-74.039822724483415,4.753757338241186],[-74.03949376607099,4.753553514684637],[-74.038971720118852,4.753244905476035],[-74.038679946290173,4.753074093056369],[-74.038193658097669,4.752785579025886]],[[-74.038193658097669,4.752785579025886],[-74.038147420539715,4.752752184576589],[-74.038104445368518,4.752714660517043],[-74.038065097452375,4.752673325997565],[-74.038029710118352,4.752628530897619],[-74.037998585152067,4.75258065763371],[-74.037971987392851,4.752530112119056]],[[-74.037971987392851,4.752530112119056],[-74.037948381109118,4.752456257971618],[-74.03793212936003,4.752380432576569],[-74.037923389708581,4.752303371769742]],[[-74.037923389708581,4.752303371769742],[-74.037939202175181,4.75180685944216],[-74.038100892409275,4.751448131165798]],[[-74.038100892409275,4.751448131165798],[-74.038109375985371,4.751428450020557],[-74.038116233299036,4.75140814128209],[-74.038121420178754,4.751387340535108],[-74.038124902364146,4.751366184269852],[-74.038126655505366,4.75134481440173]],[[-74.038126655505366,4.75134481440173],[-74.038156785084254,4.750756463575115],[-74.038169706295193,4.750453677751732]],[[-74.038169706295193,4.750453677751732],[-74.038168564711796,4.750436241392839],[-74.038165837289441,4.750418981957667],[-74.038161547432097,4.750402045888825],[-74.038155731158881,4.750385575111195],[-74.038148438005024,4.750369707032056],[-74.038139727417771,4.750354574540514],[-74.038129673261651,4.750340305104237]],[[-74.038129673261651,4.750340305104237],[-74.03808950023884,4.750281000046115],[-74.038054151803465,4.750218678379318],[-74.038023853149923,4.750153736067553]],[[-74.038023853149923,4.750153736067553],[-74.037989537422803,4.750067629980515]]]}},
{"type":"Feature","properties":{"fid":139,"OBJECTID":139,"CODIGO_ID":"0","NOMBRE":"Alameda Canal Fucha","LONGITUD":38.7,"TIPO_CAPACIDAD":null,"OBSERVACION":null,"PLAZO":"Existente","ACTO_ADMINISTRATIVO":null,"NUMERO_ACTO_ADMINISTRATIVO":null,"FECHA_ACTO_ADMINISTRATIVO":"2025-10-15T00:00:00Z","NORMATIVA":"En el marco del Decreto 555 del 29 de diciembre de 2021 - Por el cual se adopta la revisión general del Plan de Ordenamiento Territorial de Bogotá","ESCALA_CAPTURA":null,"FECHA_CAPTURA":"2025-10-15T00:00:00Z","RESPONSABLE":"38","SHAPE_Leng":38.718679089799998,"SHAPE_Length":38.718679089652213},"geometry":{"type":"LineString","coordinates":[[-74.12448820220817,4.615374724572001],[-74.124446739280728,4.615027209043724]]}},
{"type":"Feature","properties":{"fid":140,"OBJECTID":140,"CODIGO_ID":"20012712","NOMBRE":"Alameda Humedal Juan Amarillo","LONGITUD":14.4,"TIPO_CAPACIDAD":null,"OBSERVACION":null,"PLAZO":"Existente","ACTO_ADMINISTRATIVO":null,"NUMERO_ACTO_ADMINISTRATIVO":null,"FECHA_ACTO_ADMINISTRATIVO":"2025-10-15T00:00:00Z","NORMATIVA":"En el marco del Decreto 555 del 29 de diciembre de 2021 - Por el cual se adopta la revisión general del Plan de Ordenamiento Territorial de Bogotá","ESCALA_CAPTURA":null,"FECHA_CAPTURA":"2025-10-15T00:00:00Z","RESPONSABLE":"38","SHAPE_Leng":14.419958014000001,"SHAPE_Length":14.419958014908898},"geometry":{"type":"MultiLineString","coordinates":[[[-74.098135995188386,4.717449839569714],[-74.098205907225704,4.717477507010438]],[[-74.098205907225704,4.717477507010438],[-74.098223609525505,4.71748198368201],[-74.098241516412855,4.717485548285549],[-74.098259581037013,4.717488191778274]]]}},
{"type":"Feature","properties":{"fid":141,"OBJECTID":141,"CODIGO_ID":"34011510","NOMBRE":"Alameda Humedal Jaboque","LONGITUD":25.0,"TIPO_CAPACIDAD":null,"OBSERVACION":null,"PLAZO":"Existente","ACTO_ADMINISTRATIVO":null,"NUMERO_ACTO_ADMINISTRATIVO":null,"FECHA_ACTO_ADMINISTRATIVO":"2025-10-15T00:00:00Z","NORMATIVA":"En el marco del Decreto 555 del 29 de diciembre de 2021 - Por el cual se adopta la revisión general del Plan de Ordenamiento Territorial de Bogotá","ESCALA_CAPTURA":null,"FECHA_CAPTURA":"2025-10-15T00:00:00Z","RESPONSABLE":"38","SHAPE_Leng":25.008206894899999,"SHAPE_Length":25.008206894909147},"geometry":{"type":"LineString","coordinates":[[-74.132266239751814,4.712080382489952],[-74.132106455544829,4.71223976939963]]}},
{"type":"Feature","properties":{"fid":142,"OBJECTID":142,"CODIGO_ID":"20011933","NOMBRE":"Alameda Humedal Juan Amarillo","LONGITUD":46.0,"TIPO_CAPACIDAD":null,"OBSERVACION":null,"PLAZO":"Existente","ACTO_ADMINISTRATIVO":null,"NUMERO_ACTO_ADMINISTRATIVO":null,"FECHA_ACTO_ADMINISTRATIVO":"2025-10-15T00:00:00Z","NORMATIVA":"En el marco del Decreto 555 del 29 de diciembre de 2021 - Por el cual se adopta la revisión general del Plan de Ordenamiento Territorial de Bogotá","ESCALA_CAPTURA":null,"FECHA_CAPTURA":"2025-10-15T00:00:00Z","RESPONSABLE":"38","SHAPE_Leng":45.953339420399999,"SHAPE_Length":45.953339420328419},"geometry":{"type":"LineString","coordinates":[[-74.106995656610565,4.725494435314976],[-74.1070674826925,4.725536887824904],[-74.107156498046677,4.725579066505829],[-74.107282028103356,4.725638546969908],[-74.107365766372226,4.725680064540076]]}},
{"type":"Feature","properties":{"fid":143,"OBJECTID":143,"CODIGO_ID":"34010886","NOMBRE":"Alameda Humedal el Burro","LONGITUD":247.0,"TIPO_CAPACIDAD":null,"OBSERVACION":null,"PLAZO":"Existente","ACTO_ADMINISTRATIVO":null,"NUMERO_ACTO_ADMINISTRATIVO":null,"FECHA_ACTO_ADMINISTRATIVO":"2025-10-15T00:00:00Z","NORMATIVA":"En el marco del Decreto 555 del 29 de diciembre de 2021 - Por el cual se adopta la revisión general del Plan de Ordenamiento Territorial de Bogotá","ESCALA_CAPTURA":null,"FECHA_CAPTURA":"2025-10-15T00:00:00Z","RESPONSABLE":"38","SHAPE_Leng":247.04599236499999,"SHAPE_Length":247.04599236470068},"geometry":{"type":"LineString","coordinates":[[-74.154780458586202,4.646094878913719],[-74.154994989647605,4.646440716229606],[-74.155087237955499,4.646593544788069],[-74.155179486303155,4.646746373333722],[-74.155255860476132,4.646866953700485],[-74.155806889197635,4.647765782428994],[-74.155944647741904,4.647991962071788],[-74.155947500047134,4.647996371494377]]}},
{"type":"Feature","properties":{"fid":144,"OBJECTID":144,"CODIGO_ID":"92065992","NOMBRE":"Alameda Av Las Quintas","LONGITUD":2.4,"TIPO_CAPACIDAD":null,"OBSERVACION":null,"PLAZO":"Existente","ACTO_ADMINISTRATIVO":null,"NUMERO_ACTO_ADMINISTRATIVO":null,"FECHA_ACTO_ADMINISTRATIVO":"2025-10-15T00:00:00Z","NORMATIVA":"En el marco del Decreto 555 del 29 de diciembre de 2021 - Por el cual se adopta la revisión general del Plan de Ordenamiento Territorial de Bogotá","ESCALA_CAPTURA":null,"FECHA_CAPTURA":"2025-10-15T00:00:00Z","RESPONSABLE":"38","SHAPE_Leng":2.41034254213,"SHAPE_Length":2.4103425421345204},"geometry":{"type":"LineString","coordinates":[[-74.124752940686534,4.72896232188221],[-74.124772932774505,4.728970832262568]]}},
{"type":"Feature","properties":{"fid":145,"OBJECTID":145,"CODIGO_ID":"34010888","NOMBRE":"Alameda Humedal el Burro","LONGITUD":101.5,"TIPO_CAPACIDAD":null,"OBSERVACION":null,"PLAZO":"Existente","ACTO_ADMINISTRATIVO":null,"NUMERO_ACTO_ADMINISTRATIVO":null,"FECHA_ACTO_ADMINISTRATIVO":"2025-10-15T00:00:00Z","NORMATIVA":"En el marco del Decreto 555 del 29 de diciembre de 2021 - Por el cual se adopta la revisión general del Plan de Ordenamiento Territorial de Bogotá","ESCALA_CAPTURA":null,"FECHA_CAPTURA":"2025-10-15T00:00:00Z","RESPONSABLE":"38","SHAPE_Leng":101.47295628800001,"SHAPE_Length":101.47295628819099},"geometry":{"type":"LineString","coordinates":[[-74.156683895858109,4.649188479462572],[-74.156869996602182,4.649490110792248],[-74.157140307846817,4.649937833335323],[-74.157155376709085,4.649963329877474],[-74.157160155212566,4.649971414720079]]}},
{"type":"Feature","properties":{"fid":146,"OBJECTID":146,"CODIGO_ID":"92057257","NOMBRE":"Alameda Humedal el Burro","LONGITUD":4.5,"TIPO_CAPACIDAD":null,"OBSERVACION":null,"PLAZO":"Existente","ACTO_ADMINISTRATIVO":null,"NUMERO_ACTO_ADMINISTRATIVO":null,"FECHA_ACTO_ADMINISTRATIVO":"2025-10-15T00:00:00Z","NORMATIVA":"En el marco del Decreto 555 del 29 de diciembre de 2021 - Por el cual se adopta la revisión general del Plan de Ordenamiento Territorial de Bogotá","ESCALA_CAPTURA":null,"FECHA_CAPTURA":"2025-10-15T00:00:00Z","RESPONSABLE":"38","SHAPE_Leng":4.4578886223199996,"SHAPE_Length":4.4578886223448446},"geometry":{"type":"LineString","coordinates":[[-74.156011813864069,4.648095810388623],[-74.156031890820302,4.648126852612918],[-74.156033596260343,4.648129663869689]]}},
{"type":"Feature","properties":{"fid":147,"OBJECTID":147,"CODIGO_ID":"534192","NOMBRE":"Alameda Canal Torca","LONGITUD":183.5,"TIPO_CAPACIDAD":null,"OBSERVACION":null,"PLAZO":"Existente","ACTO_ADMINISTRATIVO":null,"NUMERO_ACTO_ADMINISTRATIVO":null,"FECHA_ACTO_ADMINISTRATIVO":"2025-10-15T00:00:00Z","NORMATIVA":"En el marco del Decreto 555 del 29 de diciembre de 2021 - Por el cual se adopta la revisión general del Plan de Ordenamiento Territorial de Bogotá","ESCALA_CAPTURA":null,"FECHA_CAPTURA":"2025-10-15T00:00:00Z","RESPONSABLE":"38","SHAPE_Leng":183.47996077,"SHAPE_Length":183.47996077007062},"geometry":{"type":"LineString","coordinates":[[-74.038613622256889,4.770350205241423],[-74.03862004097661,4.770323906913197],[-74.038745994048909,4.769838892214765],[-74.038788934747174,4.769665262218632],[-74.038930626685527,4.769148679707094],[-74.039036541360915,4.768746892407851]]}},
{"type":"Feature","properties":{"fid":148,"OBJECTID":148,"CODIGO_ID":"34010129","NOMBRE":"Alameda Canal Molinos","LONGITUD":64.5,"TIPO_CAPACIDAD":null,"OBSERVACION":null,"PLAZO":"Existente","ACTO_ADMINISTRATIVO":null,"NUMERO_ACTO_ADMINISTRATIVO":null,"FECHA_ACTO_ADMINISTRATIVO":"2025-10-15T00:00:00Z","NORMATIVA":"En el marco del Decreto 555 del 29 de diciembre de 2021 - Por el cual se adopta la revisión general del Plan de Ordenamiento Territorial de Bogotá","ESCALA_CAPTURA":null,"FECHA_CAPTURA":"2025-10-15T00:00:00Z","RESPONSABLE":"38","SHAPE_Leng":64.540535417200005,"SHAPE_Length":64.540535417200374},"geometry":{"type":"LineString","coordinates":[[-74.063432668501704,4.697485257948437],[-74.063193917219323,4.697463202073614],[-74.062856965334717,4.697406102800686]]}},
{"type":"Feature","properties":{"fid":149,"OBJECTID":149,"CODIGO_ID":"34010504","NOMBRE":"Alameda Canal Salitre","LONGITUD":134.2,"TIPO_CAPACIDAD":null,"OBSERVACION":null,"PLAZO":"Existente","ACTO_ADMINISTRATIVO":null,"NUMERO_ACTO_ADMINISTRATIVO":null,"FECHA_ACTO_ADMINISTRATIVO":"2025-10-15T00:00:00Z","NORMATIVA":"En el marco del Decreto 555 del 29 de diciembre de 2021 - Por el cual se adopta la revisión general del Plan de Ordenamiento Territorial de Bogotá","ESCALA_CAPTURA":null,"FECHA_CAPTURA":"2025-10-15T00:00:00Z","RESPONSABLE":"38","SHAPE_Leng":134.22405771199999,"SHAPE_Length":134.22405771206115},"geometry":{"type":"LineString","coordinates":[[-74.075687030525302,4.673058140964161],[-74.075811637458656,4.672688533196331],[-74.076069141861041,4.671916409310691],[-74.076071966218791,4.671907941417886]]}},
{"type":"Feature","properties":{"fid":150,"OBJECTID":150,"CODIGO_ID":"92080022","NOMBRE":"Alameda Av Tunjuelito","LONGITUD":134.4,"TIPO_CAPACIDAD":null,"OBSERVACION":null,"PLAZO":"Existente","ACTO_ADMINISTRATIVO":null,"NUMERO_ACTO_ADMINISTRATIVO":null,"FECHA_ACTO_ADMINISTRATIVO":"2025-10-15T00:00:00Z","NORMATIVA":"En el marco del Decreto 555 del 29 de diciembre de 2021 - Por el cual se adopta la revisión general del Plan de Ordenamiento Territorial de Bogotá","ESCALA_CAPTURA":null,"FECHA_CAPTURA":"2025-10-15T00:00:00Z","RESPONSABLE":"38","SHAPE_Leng":134.42790177000001,"SHAPE_Length":134.427901769567},"geometry":{"type":"LineString","coordinates":[[-74.136529561204156,4.56110519619588],[-74.136402766769351,4.561051097482062],[-74.135852274580515,4.560603552537534],[-74.135655287645633,4.560459138929026],[-74.135712766576717,4.560367690730851],[-74.135719681198893,4.560356689756164]]}},
{"type":"Feature","properties":{"fid":151,"OBJECTID":151,"CODIGO_ID":"902338","NOMBRE":"Alameda Canal Molinos","LONGITUD":100.2,"TIPO_CAPACIDAD":null,"OBSERVACION":null,"PLAZO":"Existente","ACTO_ADMINISTRATIVO":null,"NUMERO_ACTO_ADMINISTRATIVO":null,"FECHA_ACTO_ADMINISTRATIVO":"2025-10-15T00:00:00Z","NORMATIVA":"En el marco del Decreto 555 del 29 de diciembre de 2021 - Por el cual se adopta la revisión general del Plan de Ordenamiento Territorial de Bogotá","ESCALA_CAPTURA":null,"FECHA_CAPTURA":"2025-10-15T00:00:00Z","RESPONSABLE":"38","SHAPE_Leng":100.233519554,"SHAPE_Length":100.23351955368237},"geometry":{"type":"MultiLineString","coordinates":[[[-74.065001091298001,4.698174121911364],[-74.06459412852746,4.697733150887581],[-74.064528344176466,4.697661392415332]],[[-74.064528344176466,4.697661392415332],[-74.064493155758683,4.697626764420124],[-74.06445487213368,4.697595617155588],[-74.064413832931479,4.697568227268779],[-74.064370404814539,4.697544838867939]],[[-74.064370404814539,4.697544838867939],[-74.064367469644878,4.697543444636742],[-74.064364526364471,4.697542068483484],[-74.06436157497329,4.697540710408187]]]}},
{"type":"Feature","properties":{"fid":152,"OBJECTID":152,"CODIGO_ID":"28883","NOMBRE":"Alameda CL 41 Sur","LONGITUD":11.1,"TIPO_CAPACIDAD":null,"OBSERVACION":null,"PLAZO":"Existente","ACTO_ADMINISTRATIVO":null,"NUMERO_ACTO_ADMINISTRATIVO":null,"FECHA_ACTO_ADMINISTRATIVO":"2025-10-15T00:00:00Z","NORMATIVA":"En el marco del Decreto 555 del 29 de diciembre de 2021 - Por el cual se adopta la revisión general del Plan de Ordenamiento Territorial de Bogotá","ESCALA_CAPTURA":null,"FECHA_CAPTURA":"2025-10-15T00:00:00Z","RESPONSABLE":"38","SHAPE_Leng":11.053067117399999,"SHAPE_Length":11.053067117382657},"geometry":{"type":"LineString","coordinates":[[-74.17307258554851,4.642851328781985],[-74.17302182785896,4.642765369704668]]}},
{"type":"Feature","properties":{"fid":153,"OBJECTID":153,"CODIGO_ID":"34014442","NOMBRE":"Alameda Canal Salitre","LONGITUD":45.5,"TIPO_CAPACIDAD":null,"OBSERVACION":null,"PLAZO":"Existente","ACTO_ADMINISTRATIVO":null,"NUMERO_ACTO_ADMINISTRATIVO":null,"FECHA_ACTO_ADMINISTRATIVO":"2025-10-15T00:00:00Z","NORMATIVA":"En el marco del Decreto 555 del 29 de diciembre de 2021 - Por el cual se adopta la revisión general del Plan de Ordenamiento Territorial de Bogotá","ESCALA_CAPTURA":null,"FECHA_CAPTURA":"2025-10-15T00:00:00Z","RESPONSABLE":"38","SHAPE_Leng":45.525591122800002,"SHAPE_Length":45.525591122807242},"geometry":{"type":"LineString","coordinates":[[-74.076078048458911,4.67326875489092],[-74.076096522159617,4.673213499365936],[-74.076138973178459,4.673086530702098],[-74.076202159572503,4.672900582471517],[-74.076209689898675,4.672879002393932]]}},
{"type":"Feature","properties":{"fid":154,"OBJECTID":154,"CODIGO_ID":"92080242","NOMBRE":"Alameda Humedal Jaboque","LONGITUD":13.3,"TIPO_CAPACIDAD":null,"OBSERVACION":null,"PLAZO":"Existente","ACTO_ADMINISTRATIVO":null,"NUMERO_ACTO_ADMINISTRATIVO":null,"FECHA_ACTO_ADMINISTRATIVO":"2025-10-15T00:00:00Z","NORMATIVA":"En el marco del Decreto 555 del 29 de diciembre de 2021 - Por el cual se adopta la revisión general del Plan de Ordenamiento Territorial de Bogotá","ESCALA_CAPTURA":null,"FECHA_CAPTURA":"2025-10-15T00:00:00Z","RESPONSABLE":"38","SHAPE_Leng":13.295128482799999,"SHAPE_Length":13.295128482739742},"geometry":{"type":"MultiLineString","coordinates":[[[-74.127664234450052,4.709769935430002],[-74.127651561511996,4.709761750750644]],[[-74.127651561511996,4.709761750750644],[-74.127639843642115,4.709752420796491],[-74.127628917757306,4.709742169741936],[-74.127618855033049,4.70973106448101],[-74.127609721238741,4.709719178235265],[-74.127601576737788,4.709706589649735],[-74.127594474685651,4.70969338008112],[-74.127588461930756,4.709679637213592]]]}},
{"type":"Feature","properties":{"fid":155,"OBJECTID":155,"CODIGO_ID":"91036337","NOMBRE":"Alameda CL 40B Sur","LONGITUD":5.2,"TIPO_CAPACIDAD":null,"OBSERVACION":null,"PLAZO":"Existente","ACTO_ADMINISTRATIVO":null,"NUMERO_ACTO_ADMINISTRATIVO":null,"FECHA_ACTO_ADMINISTRATIVO":"2025-10-15T00:00:00Z","NORMATIVA":"En el marco del Decreto 555 del 29 de diciembre de 2021 - Por el cual se adopta la revisión general del Plan de Ordenamiento Territorial de Bogotá","ESCALA_CAPTURA":null,"FECHA_CAPTURA":"2025-10-15T00:00:00Z","RESPONSABLE":"38","SHAPE_Leng":5.1759637599400001,"SHAPE_Length":5.175963760369811},"geometry":{"type":"LineString","coordinates":[[-74.166378398826097,4.632847164419377],[-74.166356810787249,4.632805692757274]]}},
{"type":"Feature","properties":{"fid":156,"OBJECTID":156,"CODIGO_ID":"34011559","NOMBRE":"Alameda Canal Salitre","LONGITUD":175.5,"TIPO_CAPACIDAD":null,"OBSERVACION":null,"PLAZO":"Existente","ACTO_ADMINISTRATIVO":null,"NUMERO_ACTO_ADMINISTRATIVO":null,"FECHA_ACTO_ADMINISTRATIVO":"2025-10-15T00:00:00Z","NORMATIVA":"En el marco del Decreto 555 del 29 de diciembre de 2021 - Por el cual se adopta la revisión general del Plan de Ordenamiento Territorial de Bogotá","ESCALA_CAPTURA":null,"FECHA_CAPTURA":"2025-10-15T00:00:00Z","RESPONSABLE":"38","SHAPE_Leng":175.45259826,"SHAPE_Length":175.45259826066373},"geometry":{"type":"MultiLineString","coordinates":[[[-74.088375262344229,4.698730669717133],[-74.088382235193194,4.698738015770066],[-74.088388549390075,4.698745938485921],[-74.08839415628762,4.698754380008071],[-74.088399015347775,4.698763276152913],[-74.08840308873549,4.698772560929226],[-74.088406346724838,4.698782163826686],[-74.088408764995648,4.698792013431488],[-74.08841032553471,4.698802036522445],[-74.088411015734792,4.698812157167008],[-74.088410831097306,4.698822299433267],[-74.088409772529417,4.698832388293744],[-74.088407849047101,4.698842346913707],[-74.088405074170836,4.698852102074583]],[[-74.088405074170836,4.698852102074583],[-74.088377010305138,4.698903336332869],[-74.088352992495615,4.69895660119217],[-74.088333164924023,4.699011573955956]],[[-74.088333164924023,4.699011573955956],[-74.088317103802723,4.69907229251894],[-74.088305765444105,4.699134075421559],[-74.088299218353427,4.699196552051623]],[[-74.088299218353427,4.699196552051623],[-74.088302360663519,4.699275518382844],[-74.088310309647497,4.699354145231862],[-74.088323036500753,4.699432136101597]],[[-74.088323036500753,4.699432136101597],[-74.088373072083741,4.699729906637704],[-74.088421913540657,4.700043223142885],[-74.088461317059966,4.700273947962947]]]}},
{"type":"Feature","properties":{"fid":157,"OBJECTID":157,"CODIGO_ID":"34011199","NOMBRE":"Alameda Av Tunjuelito","LONGITUD":32.4,"TIPO_CAPACIDAD":null,"OBSERVACION":null,"PLAZO":"Existente","ACTO_ADMINISTRATIVO":null,"NUMERO_ACTO_ADMINISTRATIVO":null,"FECHA_ACTO_ADMINISTRATIVO":"2025-10-15T00:00:00Z","NORMATIVA":"En el marco del Decreto 555 del 29 de diciembre de 2021 - Por el cual se adopta la revisión general del Plan de Ordenamiento Territorial de Bogotá","ESCALA_CAPTURA":null,"FECHA_CAPTURA":"2025-10-15T00:00:00Z","RESPONSABLE":"38","SHAPE_Leng":32.363100213199999,"SHAPE_Length":32.363100213232649},"geometry":{"type":"MultiLineString","coordinates":[[[-74.136278011549308,4.559810480383296],[-74.136303242926999,4.559789698919391],[-74.136326406125917,4.559766618678498],[-74.136347293060979,4.559741446662516],[-74.136365717265932,4.559714407048769],[-74.136381513893241,4.559685742093878]],[[-74.136381513893241,4.559685742093878],[-74.136411027280431,4.559560429639338]]]}},
{"type":"Feature","properties":{"fid":158,"OBJECTID":158,"CODIGO_ID":"34011578","NOMBRE":"Alameda Av Las Quintas","LONGITUD":36.1,"TIPO_CAPACIDAD":null,"OBSERVACION":null,"PLAZO":"Existente","ACTO_ADMINISTRATIVO":null,"NUMERO_ACTO_ADMINISTRATIVO":null,"FECHA_ACTO_ADMINISTRATIVO":"2025-10-15T00:00:00Z","NORMATIVA":"En el marco del Decreto 555 del 29 de diciembre de 2021 - Por el cual se adopta la revisión general del Plan de Ordenamiento Territorial de Bogotá","ESCALA_CAPTURA":null,"FECHA_CAPTURA":"2025-10-15T00:00:00Z","RESPONSABLE":"38","SHAPE_Leng":36.126710605100001,"SHAPE_Length":36.126710604345305},"geometry":{"type":"LineString","coordinates":[[-74.11694781190495,4.734680942136364],[-74.117201393671692,4.734476193798193]]}},
{"type":"Feature","properties":{"fid":159,"OBJECTID":159,"CODIGO_ID":"155980","NOMBRE":"Alameda CL 41 Sur","LONGITUD":4.3,"TIPO_CAPACIDAD":null,"OBSERVACION":null,"PLAZO":"Existente","ACTO_ADMINISTRATIVO":null,"NUMERO_ACTO_ADMINISTRATIVO":null,"FECHA_ACTO_ADMINISTRATIVO":"2025-10-15T00:00:00Z","NORMATIVA":"En el marco del Decreto 555 del 29 de diciembre de 2021 - Por el cual se adopta la revisión general del Plan de Ordenamiento Territorial de Bogotá","ESCALA_CAPTURA":null,"FECHA_CAPTURA":"2025-10-15T00:00:00Z","RESPONSABLE":"38","SHAPE_Leng":4.2911826402999997,"SHAPE_Length":4.2911826407546272},"geometry":{"type":"LineString","coordinates":[[-74.173433457248947,4.642857322784962],[-74.173414763344724,4.642823369383289]]}},
{"type":"Feature","properties":{"fid":160,"OBJECTID":160,"CODIGO_ID":"34010130","NOMBRE":"Alameda Canal Molinos","LONGITUD":104.2,"TIPO_CAPACIDAD":null,"OBSERVACION":null,"PLAZO":"Existente","ACTO_ADMINISTRATIVO":null,"NUMERO_ACTO_ADMINISTRATIVO":null,"FECHA_ACTO_ADMINISTRATIVO":"2025-10-15T00:00:00Z","NORMATIVA":"En el marco del Decreto 555 del 29 de diciembre de 2021 - Por el cual se adopta la revisión general del Plan de Ordenamiento Territorial de Bogotá","ESCALA_CAPTURA":null,"FECHA_CAPTURA":"2025-10-15T00:00:00Z","RESPONSABLE":"38","SHAPE_Leng":104.23830924799999,"SHAPE_Length":104.23830924791231},"geometry":{"type":"MultiLineString","coordinates":[[[-74.06436157497329,4.697540710408187],[-74.064337569096153,4.697530929590349],[-74.064312844917964,4.697523156351552],[-74.064287568209465,4.697517442236218],[-74.064261910148559,4.697513826134187],[-74.064236042815736,4.697512333376199]],[[-74.064236042815736,4.697512333376199],[-74.063626712795283,4.697510627714622]],[[-74.063626712795283,4.697510627714622],[-74.063606050523063,4.69751503199381],[-74.06358509024291,4.697517655462851],[-74.063563983318843,4.697518478252904],[-74.063542882915186,4.697517494958539],[-74.063521942194654,4.697514712829578],[-74.06350131431843,4.69751015267503],[-74.063481147941573,4.697503846150775],[-74.063461589915377,4.697495840279575],[-74.063442782585156,4.69748619202703]],[[-74.063442782585156,4.69748619202703],[-74.063432668501704,4.697485257948437]]]}},
{"type":"Feature","properties":{"fid":161,"OBJECTID":161,"CODIGO_ID":"92085313","NOMBRE":"Alameda Canal El Carmelo","LONGITUD":2.5,"TIPO_CAPACIDAD":null,"OBSERVACION":null,"PLAZO":"Existente","ACTO_ADMINISTRATIVO":null,"NUMERO_ACTO_ADMINISTRATIVO":null,"FECHA_ACTO_ADMINISTRATIVO":"2025-10-15T00:00:00Z","NORMATIVA":"En el marco del Decreto 555 del 29 de diciembre de 2021 - Por el cual se adopta la revisión general del Plan de Ordenamiento Territorial de Bogotá","ESCALA_CAPTURA":null,"FECHA_CAPTURA":"2025-10-15T00:00:00Z","RESPONSABLE":"38","SHAPE_Leng":2.5174753142499999,"SHAPE_Length":2.5174753151812981},"geometry":{"type":"LineString","coordinates":[[-74.123313653460215,4.702165684785091],[-74.123291048100953,4.702167549775914]]}},
{"type":"Feature","properties":{"fid":162,"OBJECTID":162,"CODIGO_ID":"91017893","NOMBRE":"Alameda Canal Salitre","LONGITUD":9.2,"TIPO_CAPACIDAD":null,"OBSERVACION":null,"PLAZO":"Existente","ACTO_ADMINISTRATIVO":null,"NUMERO_ACTO_ADMINISTRATIVO":null,"FECHA_ACTO_ADMINISTRATIVO":"2025-10-15T00:00:00Z","NORMATIVA":"En el marco del Decreto 555 del 29 de diciembre de 2021 - Por el cual se adopta la revisión general del Plan de Ordenamiento Territorial de Bogotá","ESCALA_CAPTURA":null,"FECHA_CAPTURA":"2025-10-15T00:00:00Z","RESPONSABLE":"38","SHAPE_Leng":9.1618429499600005,"SHAPE_Length":9.1618429499572791},"geometry":{"type":"LineString","coordinates":[[-74.077604269119348,4.681713720095145],[-74.077598711818652,4.681707512143595],[-74.077559374789772,4.681644356723186]]}},
{"type":"Feature","properties":{"fid":163,"OBJECTID":163,"CODIGO_ID":"20012011","NOMBRE":"Alameda Canal Torca","LONGITUD":40.9,"TIPO_CAPACIDAD":null,"OBSERVACION":null,"PLAZO":"Existente","ACTO_ADMINISTRATIVO":null,"NUMERO_ACTO_ADMINISTRATIVO":null,"FECHA_ACTO_ADMINISTRATIVO":"2025-10-15T00:00:00Z","NORMATIVA":"En el marco del Decreto 555 del 29 de diciembre de 2021 - Por el cual se adopta la revisión general del Plan de Ordenamiento Territorial de Bogotá","ESCALA_CAPTURA":null,"FECHA_CAPTURA":"2025-10-15T00:00:00Z","RESPONSABLE":"38","SHAPE_Leng":40.888436037699996,"SHAPE_Length":40.888436037582522},"geometry":{"type":"LineString","coordinates":[[-74.03893847363598,4.770695527473411],[-74.03887597499434,4.771045758784195],[-74.038874197779492,4.771059452348012]]}},
{"type":"Feature","properties":{"fid":164,"OBJECTID":164,"CODIGO_ID":"34011116","NOMBRE":"Alameda CL 41 Sur","LONGITUD":25.7,"TIPO_CAPACIDAD":null,"OBSERVACION":null,"PLAZO":"Existente","ACTO_ADMINISTRATIVO":null,"NUMERO_ACTO_ADMINISTRATIVO":null,"FECHA_ACTO_ADMINISTRATIVO":"2025-10-15T00:00:00Z","NORMATIVA":"En el marco del Decreto 555 del 29 de diciembre de 2021 - Por el cual se adopta la revisión general del Plan de Ordenamiento Territorial de Bogotá","ESCALA_CAPTURA":null,"FECHA_CAPTURA":"2025-10-15T00:00:00Z","RESPONSABLE":"38","SHAPE_Leng":25.680232510100002,"SHAPE_Length":25.680232510133397},"geometry":{"type":"LineString","coordinates":[[-74.175587240193025,4.646473620578309],[-74.175468851477987,4.646274180981356]]}},
{"type":"Feature","properties":{"fid":165,"OBJECTID":165,"CODIGO_ID":"34013271","NOMBRE":"Alameda Río Bogotá","LONGITUD":99.4,"TIPO_CAPACIDAD":null,"OBSERVACION":null,"PLAZO":"Existente","ACTO_ADMINISTRATIVO":null,"NUMERO_ACTO_ADMINISTRATIVO":null,"FECHA_ACTO_ADMINISTRATIVO":"2025-10-15T00:00:00Z","NORMATIVA":"En el marco del Decreto 555 del 29 de diciembre de 2021 - Por el cual se adopta la revisión general del Plan de Ordenamiento Territorial de Bogotá","ESCALA_CAPTURA":null,"FECHA_CAPTURA":"2025-10-15T00:00:00Z","RESPONSABLE":"38","SHAPE_Leng":99.372314540299996,"SHAPE_Length":99.372314540170578},"geometry":{"type":"MultiLineString","coordinates":[[[-74.125344474981901,4.728202256126322],[-74.125342893711675,4.728202642966848]],[[-74.125342893711675,4.728202642966848],[-74.125320735959249,4.728212875863131],[-74.125299592674295,4.728225077584928],[-74.125279635951117,4.72823914870355],[-74.125261030676526,4.728254974422971],[-74.125243929123798,4.72827242367581],[-74.125228470952621,4.72829135454688],[-74.125214783209117,4.728311610657516],[-74.125202979424714,4.72833302568518],[-74.12519315511112,4.728355425171314]],[[-74.12519315511112,4.728355425171314],[-74.125023452209362,4.728706467455204],[-74.124915467819733,4.728971414359055]]]}},
{"type":"Feature","properties":{"fid":166,"OBJECTID":166,"CODIGO_ID":"92080332","NOMBRE":"Alameda Av El Salitre","LONGITUD":5.1,"TIPO_CAPACIDAD":null,"OBSERVACION":null,"PLAZO":"Existente","ACTO_ADMINISTRATIVO":null,"NUMERO_ACTO_ADMINISTRATIVO":null,"FECHA_ACTO_ADMINISTRATIVO":"2025-10-15T00:00:00Z","NORMATIVA":"En el marco del Decreto 555 del 29 de diciembre de 2021 - Por el cual se adopta la revisión general del Plan de Ordenamiento Territorial de Bogotá","ESCALA_CAPTURA":null,"FECHA_CAPTURA":"2025-10-15T00:00:00Z","RESPONSABLE":"38","SHAPE_Leng":5.1494671821100004,"SHAPE_Length":5.1494671821065108},"geometry":{"type":"LineString","coordinates":[[-74.119909331739834,4.69595859414016],[-74.119868974091972,4.695935633242518]]}},
{"type":"Feature","properties":{"fid":167,"OBJECTID":167,"CODIGO_ID":"34013818","NOMBRE":"Alameda Canal Cedro","LONGITUD":241.5,"TIPO_CAPACIDAD":null,"OBSERVACION":null,"PLAZO":"Existente","ACTO_ADMINISTRATIVO":null,"NUMERO_ACTO_ADMINISTRATIVO":null,"FECHA_ACTO_ADMINISTRATIVO":"2025-10-15T00:00:00Z","NORMATIVA":"En el marco del Decreto 555 del 29 de diciembre de 2021 - Por el cual se adopta la revisión general del Plan de Ordenamiento Territorial de Bogotá","ESCALA_CAPTURA":null,"FECHA_CAPTURA":"2025-10-15T00:00:00Z","RESPONSABLE":"38","SHAPE_Leng":241.52571692000001,"SHAPE_Length":241.52571692037671},"geometry":{"type":"LineString","coordinates":[[-74.037203819089726,4.73961936771342],[-74.037075018211581,4.740053439511461],[-74.037003104400327,4.740288824278334],[-74.036971263188619,4.740393043115382],[-74.03676375717184,4.741044745944171],[-74.036702227217631,4.741263989679912],[-74.03669940995259,4.74127402663026],[-74.036686235066384,4.741320973597938],[-74.036589971381602,4.741713310813767]]}},
{"type":"Feature","properties":{"fid":168,"OBJECTID":168,"CODIGO_ID":"34011108","NOMBRE":"Alameda CL 41 Sur","LONGITUD":32.0,"TIPO_CAPACIDAD":null,"OBSERVACION":null,"PLAZO":"Existente","ACTO_ADMINISTRATIVO":null,"NUMERO_ACTO_ADMINISTRATIVO":null,"FECHA_ACTO_ADMINISTRATIVO":"2025-10-15T00:00:00Z","NORMATIVA":"En el marco del Decreto 555 del 29 de diciembre de 2021 - Por el cual se adopta la revisión general del Plan de Ordenamiento Territorial de Bogotá","ESCALA_CAPTURA":null,"FECHA_CAPTURA":"2025-10-15T00:00:00Z","RESPONSABLE":"38","SHAPE_Leng":32.007511395400002,"SHAPE_Length":32.007511395445569},"geometry":{"type":"LineString","coordinates":[[-74.177259412630846,4.6491406213079],[-74.177105629177845,4.648895870426601]]}},
{"type":"Feature","properties":{"fid":169,"OBJECTID":169,"CODIGO_ID":"34011532","NOMBRE":"Alameda Canal Salitre","LONGITUD":21.9,"TIPO_CAPACIDAD":null,"OBSERVACION":null,"PLAZO":"Existente","ACTO_ADMINISTRATIVO":null,"NUMERO_ACTO_ADMINISTRATIVO":null,"FECHA_ACTO_ADMINISTRATIVO":"2025-10-15T00:00:00Z","NORMATIVA":"En el marco del Decreto 555 del 29 de diciembre de 2021 - Por el cual se adopta la revisión general del Plan de Ordenamiento Territorial de Bogotá","ESCALA_CAPTURA":null,"FECHA_CAPTURA":"2025-10-15T00:00:00Z","RESPONSABLE":"38","SHAPE_Leng":21.947226853299998,"SHAPE_Length":21.94722685392458},"geometry":{"type":"LineString","coordinates":[[-74.076670399230423,4.684197372393671],[-74.076798081420307,4.684348856810177]]}},
{"type":"Feature","properties":{"fid":170,"OBJECTID":170,"CODIGO_ID":"34011109","NOMBRE":"Alameda CL 41 Sur","LONGITUD":23.8,"TIPO_CAPACIDAD":null,"OBSERVACION":null,"PLAZO":"Existente","ACTO_ADMINISTRATIVO":null,"NUMERO_ACTO_ADMINISTRATIVO":null,"FECHA_ACTO_ADMINISTRATIVO":"2025-10-15T00:00:00Z","NORMATIVA":"En el marco del Decreto 555 del 29 de diciembre de 2021 - Por el cual se adopta la revisión general del Plan de Ordenamiento Territorial de Bogotá","ESCALA_CAPTURA":null,"FECHA_CAPTURA":"2025-10-15T00:00:00Z","RESPONSABLE":"38","SHAPE_Leng":23.846610076899999,"SHAPE_Length":23.846610077421968},"geometry":{"type":"LineString","coordinates":[[-74.176757268159761,4.648345350177093],[-74.176644636220985,4.648161789301923]]}},
{"type":"Feature","properties":{"fid":171,"OBJECTID":171,"CODIGO_ID":"7009113","NOMBRE":"Alameda Canal Tintal III (CL 59B S)","LONGITUD":14.1,"TIPO_CAPACIDAD":null,"OBSERVACION":null,"PLAZO":"Existente","ACTO_ADMINISTRATIVO":null,"NUMERO_ACTO_ADMINISTRATIVO":null,"FECHA_ACTO_ADMINISTRATIVO":"2025-10-15T00:00:00Z","NORMATIVA":"En el marco del Decreto 555 del 29 de diciembre de 2021 - Por el cual se adopta la revisión general del Plan de Ordenamiento Territorial de Bogotá","ESCALA_CAPTURA":null,"FECHA_CAPTURA":"2025-10-15T00:00:00Z","RESPONSABLE":"38","SHAPE_Leng":14.120328925400001,"SHAPE_Length":14.120328924972462},"geometry":{"type":"LineString","coordinates":[[-74.192469078521754,4.629809147416572],[-74.192533621666925,4.629919137503674]]}},
{"type":"Feature","properties":{"fid":172,"OBJECTID":172,"CODIGO_ID":"34012120","NOMBRE":"Alameda Río Bogotá","LONGITUD":307.4,"TIPO_CAPACIDAD":null,"OBSERVACION":null,"PLAZO":"Existente","ACTO_ADMINISTRATIVO":null,"NUMERO_ACTO_ADMINISTRATIVO":null,"FECHA_ACTO_ADMINISTRATIVO":"2025-10-15T00:00:00Z","NORMATIVA":"En el marco del Decreto 555 del 29 de diciembre de 2021 - Por el cual se adopta la revisión general del Plan de Ordenamiento Territorial de Bogotá","ESCALA_CAPTURA":null,"FECHA_CAPTURA":"2025-10-15T00:00:00Z","RESPONSABLE":"38","SHAPE_Leng":307.38094173299999,"SHAPE_Length":307.38094173425941},"geometry":{"type":"MultiLineString","coordinates":[[[-74.126197579304744,4.737325954468449],[-74.126215358415891,4.737377005347352],[-74.126257530508937,4.737526394525203],[-74.126214826164443,4.737583969209281]],[[-74.126214826164443,4.737583969209281],[-74.126222011215418,4.737663869214242],[-74.126222645884539,4.737744091734774],[-74.126216725680294,4.737824096210971]],[[-74.126216725680294,4.737824096210971],[-74.126208251780952,4.737880800497905],[-74.12619519084096,4.737936621494033],[-74.126177632070693,4.737991185872003],[-74.126155690809711,4.738044130248574]],[[-74.126155690809711,4.738044130248574],[-74.126123542464967,4.738110169788804],[-74.126086272827109,4.738173442196638],[-74.126044117071899,4.738233548838028]],[[-74.126044117071899,4.738233548838028],[-74.125868651135988,4.738491847088774],[-74.125623571378611,4.738850594187918],[-74.125393749062439,4.739183510501779],[-74.125025512236277,4.739723746967888]]]}},
{"type":"Feature","properties":{"fid":173,"OBJECTID":173,"CODIGO_ID":"34012089","NOMBRE":"Alameda Florida Sur","LONGITUD":76.2,"TIPO_CAPACIDAD":null,"OBSERVACION":null,"PLAZO":"Existente","ACTO_ADMINISTRATIVO":null,"NUMERO_ACTO_ADMINISTRATIVO":null,"FECHA_ACTO_ADMINISTRATIVO":"2025-10-15T00:00:00Z","NORMATIVA":"En el marco del Decreto 555 del 29 de diciembre de 2021 - Por el cual se adopta la revisión general del Plan de Ordenamiento Territorial de Bogotá","ESCALA_CAPTURA":null,"FECHA_CAPTURA":"2025-10-15T00:00:00Z","RESPONSABLE":"38","SHAPE_Leng":76.147467340999995,"SHAPE_Length":76.147467340952716},"geometry":{"type":"MultiLineString","coordinates":[[[-74.137192595867063,4.549580795448987],[-74.137625972255208,4.54945808963933]],[[-74.137625972255208,4.54945808963933],[-74.137631959728694,4.549456566556564],[-74.137638058891582,4.549455589461514],[-74.137644221101894,4.54945516558515],[-74.137650395916182,4.549455300350558],[-74.13765653469261,4.549455990141351],[-74.137662586087046,4.549457230437116],[-74.137668502358508,4.549459012197765],[-74.137674234865344,4.549461319151579]],[[-74.137674234865344,4.549461319151579],[-74.13778041028921,4.549525896001556]],[[-74.13778041028921,4.549525896001556],[-74.137790098987182,4.54952952638701],[-74.137800072341008,4.549532276327607],[-74.137810250181914,4.549534123223602],[-74.137820551440242,4.549535052610744],[-74.137830893244669,4.549535057256456],[-74.137841195426148,4.549534136255776]]]}},
{"type":"Feature","properties":{"fid":174,"OBJECTID":174,"CODIGO_ID":"44411","NOMBRE":"Alameda Canal Molinos","LONGITUD":5.6,"TIPO_CAPACIDAD":null,"OBSERVACION":null,"PLAZO":"Existente","ACTO_ADMINISTRATIVO":null,"NUMERO_ACTO_ADMINISTRATIVO":null,"FECHA_ACTO_ADMINISTRATIVO":"2025-10-15T00:00:00Z","NORMATIVA":"En el marco del Decreto 555 del 29 de diciembre de 2021 - Por el cual se adopta la revisión general del Plan de Ordenamiento Territorial de Bogotá","ESCALA_CAPTURA":null,"FECHA_CAPTURA":"2025-10-15T00:00:00Z","RESPONSABLE":"38","SHAPE_Leng":5.5993012645100002,"SHAPE_Length":5.5993012638640289},"geometry":{"type":"LineString","coordinates":[[-74.060657822486164,4.69654262542149],[-74.060622699395651,4.69650629330379]]}},
{"type":"Feature","properties":{"fid":175,"OBJECTID":175,"CODIGO_ID":"92085369","NOMBRE":"Alameda Canal Salitre","LONGITUD":7.8,"TIPO_CAPACIDAD":null,"OBSERVACION":null,"PLAZO":"Existente","ACTO_ADMINISTRATIVO":null,"NUMERO_ACTO_ADMINISTRATIVO":null,"FECHA_ACTO_ADMINISTRATIVO":"2025-10-15T00:00:00Z","NORMATIVA":"En el marco del Decreto 555 del 29 de diciembre de 2021 - Por el cual se adopta la revisión general del Plan de Ordenamiento Territorial de Bogotá","ESCALA_CAPTURA":null,"FECHA_CAPTURA":"2025-10-15T00:00:00Z","RESPONSABLE":"38","SHAPE_Leng":7.7860357067,"SHAPE_Length":7.7860357067060324},"geometry":{"type":"LineString","coordinates":[[-74.076021625133521,4.666912117501758],[-74.076008637657637,4.666864767437326],[-74.076003208049357,4.666844205706467]]}},
{"type":"Feature","properties":{"fid":176,"OBJECTID":176,"CODIGO_ID":"92080329","NOMBRE":"Alameda Av El Salitre","LONGITUD":5.2,"TIPO_CAPACIDAD":null,"OBSERVACION":null,"PLAZO":"Existente","ACTO_ADMINISTRATIVO":null,"NUMERO_ACTO_ADMINISTRATIVO":null,"FECHA_ACTO_ADMINISTRATIVO":"2025-10-15T00:00:00Z","NORMATIVA":"En el marco del Decreto 555 del 29 de diciembre de 2021 - Por el cual se adopta la revisión general del Plan de Ordenamiento Territorial de Bogotá","ESCALA_CAPTURA":null,"FECHA_CAPTURA":"2025-10-15T00:00:00Z","RESPONSABLE":"38","SHAPE_Leng":5.1620298902600004,"SHAPE_Length":5.1620298902656732},"geometry":{"type":"LineString","coordinates":[[-74.120922593480316,4.696568896802384],[-74.120911967787592,4.696562233417131],[-74.120892492144606,4.696550345795361],[-74.120882940367693,4.696544514984519]]}},
{"type":"Feature","properties":{"fid":177,"OBJECTID":177,"CODIGO_ID":"702651","NOMBRE":"Alameda El Porvenir","LONGITUD":119.6,"TIPO_CAPACIDAD":null,"OBSERVACION":null,"PLAZO":"Existente","ACTO_ADMINISTRATIVO":null,"NUMERO_ACTO_ADMINISTRATIVO":null,"FECHA_ACTO_ADMINISTRATIVO":"2025-10-15T00:00:00Z","NORMATIVA":"En el marco del Decreto 555 del 29 de diciembre de 2021 - Por el cual se adopta la revisión general del Plan de Ordenamiento Territorial de Bogotá","ESCALA_CAPTURA":null,"FECHA_CAPTURA":"2025-10-15T00:00:00Z","RESPONSABLE":"38","SHAPE_Leng":119.60515659000001,"SHAPE_Length":119.60515659021939},"geometry":{"type":"MultiLineString","coordinates":[[[-74.203149242758144,4.604389798699103],[-74.203151490080259,4.604397622200024],[-74.203451966917839,4.605401144454679]],[[-74.203451966917839,4.605401144454679],[-74.203455135806863,4.605408915451592],[-74.203458385769267,4.605416652091949],[-74.203461715003442,4.605424355279824]]]}},
{"type":"Feature","properties":{"fid":178,"OBJECTID":178,"CODIGO_ID":"34014077","NOMBRE":"Alameda Río Bogotá","LONGITUD":474.3,"TIPO_CAPACIDAD":null,"OBSERVACION":null,"PLAZO":"Existente","ACTO_ADMINISTRATIVO":null,"NUMERO_ACTO_ADMINISTRATIVO":null,"FECHA_ACTO_ADMINISTRATIVO":"2025-10-15T00:00:00Z","NORMATIVA":"En el marco del Decreto 555 del 29 de diciembre de 2021 - Por el cual se adopta la revisión general del Plan de Ordenamiento Territorial de Bogotá","ESCALA_CAPTURA":null,"FECHA_CAPTURA":"2025-10-15T00:00:00Z","RESPONSABLE":"38","SHAPE_Leng":474.23209238499999,"SHAPE_Length":474.23209238429172},"geometry":{"type":"MultiLineString","coordinates":[[[-74.128753375655265,4.723857897360203],[-74.128687842132251,4.723875555169056],[-74.128442299350482,4.723931036634409],[-74.128266844538729,4.723971690626952],[-74.128168627165707,4.72399608282701],[-74.128061828732555,4.724019040220889],[-74.127932620116653,4.724064000859698],[-74.127827250929911,4.724109918495163]],[[-74.127827250929911,4.724109918495163],[-74.127724595291653,4.724164712038346],[-74.127627488621982,4.724228884162151],[-74.127536778771955,4.724301872637466],[-74.127453258635015,4.724383040206406]],[[-74.127453258635015,4.724383040206406],[-74.127364494041544,4.724487210344163],[-74.127286669997844,4.724599842617256],[-74.127220581218083,4.724719784519806]],[[-74.127220581218083,4.724719784519806],[-74.127177611577409,4.724823060099411],[-74.127142655314259,4.72492933609895],[-74.127115919678857,4.725037986090606],[-74.127097560565204,4.725148372797483]],[[-74.127097560565204,4.725148372797483],[-74.127092790639082,4.72521438425318],[-74.12708801135291,4.725615231915727],[-74.127083233175284,4.726008426763586],[-74.127083227932118,4.726195935976083],[-74.127082264543816,4.726525990271129],[-74.127083210275103,4.726827343416003]],[[-74.127083210275103,4.726827343416003],[-74.127084238455481,4.726854586580266],[-74.127082724013775,4.726881807978207],[-74.127078681372453,4.726908767160506]],[[-74.127078681372453,4.726908767160506],[-74.12707244664017,4.726934182340644],[-74.127063971138057,4.72695893576885],[-74.127053322446443,4.726982829482662],[-74.127040587066588,4.727005671847835],[-74.127025865014517,4.727027279365942],[-74.127009277029018,4.727047480290469],[-74.126990953759716,4.727066111010701],[-74.126971042974844,4.727083022379523],[-74.126949704155365,4.727098079713323]]]}},
{"type":"Feature","properties":{"fid":179,"OBJECTID":179,"CODIGO_ID":"20012303","NOMBRE":"Alameda Canal Torca","LONGITUD":28.9,"TIPO_CAPACIDAD":null,"OBSERVACION":null,"PLAZO":"Existente","ACTO_ADMINISTRATIVO":null,"NUMERO_ACTO_ADMINISTRATIVO":null,"FECHA_ACTO_ADMINISTRATIVO":"2025-10-15T00:00:00Z","NORMATIVA":"En el marco del Decreto 555 del 29 de diciembre de 2021 - Por el cual se adopta la revisión general del Plan de Ordenamiento Territorial de Bogotá","ESCALA_CAPTURA":null,"FECHA_CAPTURA":"2025-10-15T00:00:00Z","RESPONSABLE":"38","SHAPE_Leng":28.869282685600002,"SHAPE_Length":28.869282685559224},"geometry":{"type":"LineString","coordinates":[[-74.038551541392422,4.770603624222002],[-74.038554199258485,4.770593679451882],[-74.038613622256889,4.770350205241423]]}},
{"type":"Feature","properties":{"fid":180,"OBJECTID":180,"CODIGO_ID":"165579","NOMBRE":"Alameda Humedal Jaboque","LONGITUD":17.2,"TIPO_CAPACIDAD":null,"OBSERVACION":null,"PLAZO":"Existente","ACTO_ADMINISTRATIVO":null,"NUMERO_ACTO_ADMINISTRATIVO":null,"FECHA_ACTO_ADMINISTRATIVO":"2025-10-15T00:00:00Z","NORMATIVA":"En el marco del Decreto 555 del 29 de diciembre de 2021 - Por el cual se adopta la revisión general del Plan de Ordenamiento Territorial de Bogotá","ESCALA_CAPTURA":null,"FECHA_CAPTURA":"2025-10-15T00:00:00Z","RESPONSABLE":"38","SHAPE_Leng":17.229454455100001,"SHAPE_Length":17.22945445395958},"geometry":{"type":"LineString","coordinates":[[-74.133769803868461,4.710732234874329],[-74.133764418578934,4.710739613692787],[-74.133846728362357,4.710843973152913],[-74.133841788062,4.710856550578154]]}},
{"type":"Feature","properties":{"fid":181,"OBJECTID":181,"CODIGO_ID":"22160190","NOMBRE":"Alameda Río Bogotá","LONGITUD":116.5,"TIPO_CAPACIDAD":null,"OBSERVACION":null,"PLAZO":"Existente","ACTO_ADMINISTRATIVO":null,"NUMERO_ACTO_ADMINISTRATIVO":null,"FECHA_ACTO_ADMINISTRATIVO":"2025-10-15T00:00:00Z","NORMATIVA":"En el marco del Decreto 555 del 29 de diciembre de 2021 - Por el cual se adopta la revisión general del Plan de Ordenamiento Territorial de Bogotá","ESCALA_CAPTURA":null,"FECHA_CAPTURA":"2025-10-15T00:00:00Z","RESPONSABLE":"38","SHAPE_Leng":116.46431078000001,"SHAPE_Length":116.46431077983374},"geometry":{"type":"LineString","coordinates":[[-74.126881045399642,4.727187048683205],[-74.12646885419025,4.727517601877686],[-74.126073117061011,4.727835207182449],[-74.126086731016684,4.727841224252213]]}},
{"type":"Feature","properties":{"fid":182,"OBJECTID":182,"CODIGO_ID":"34010018","NOMBRE":"Alameda Humedal Jaboque","LONGITUD":25.1,"TIPO_CAPACIDAD":null,"OBSERVACION":null,"PLAZO":"Existente","ACTO_ADMINISTRATIVO":null,"NUMERO_ACTO_ADMINISTRATIVO":null,"FECHA_ACTO_ADMINISTRATIVO":"2025-10-15T00:00:00Z","NORMATIVA":"En el marco del Decreto 555 del 29 de diciembre de 2021 - Por el cual se adopta la revisión general del Plan de Ordenamiento Territorial de Bogotá","ESCALA_CAPTURA":null,"FECHA_CAPTURA":"2025-10-15T00:00:00Z","RESPONSABLE":"38","SHAPE_Leng":25.043007349700002,"SHAPE_Length":25.043007349845496},"geometry":{"type":"MultiLineString","coordinates":[[[-74.129744300760237,4.706306145014235],[-74.129745344270873,4.706298532902618],[-74.129746417513545,4.706290924407496],[-74.129747519587241,4.706283320432814]],[[-74.129747519587241,4.706283320432814],[-74.129751471575105,4.706232644361005],[-74.129750639396107,4.706181820830006],[-74.129745030248174,4.706131301813446],[-74.129734694575987,4.706081540189841]]]}},
{"type":"Feature","properties":{"fid":183,"OBJECTID":183,"CODIGO_ID":"20012224","NOMBRE":"Alameda Canal Torca","LONGITUD":33.2,"TIPO_CAPACIDAD":null,"OBSERVACION":null,"PLAZO":"Existente","ACTO_ADMINISTRATIVO":null,"NUMERO_ACTO_ADMINISTRATIVO":null,"FECHA_ACTO_ADMINISTRATIVO":"2025-10-15T00:00:00Z","NORMATIVA":"En el marco del Decreto 555 del 29 de diciembre de 2021 - Por el cual se adopta la revisión general del Plan de Ordenamiento Territorial de Bogotá","ESCALA_CAPTURA":null,"FECHA_CAPTURA":"2025-10-15T00:00:00Z","RESPONSABLE":"38","SHAPE_Leng":33.240700838800002,"SHAPE_Length":33.240700838751508},"geometry":{"type":"LineString","coordinates":[[-74.041203710874655,4.760464586441254],[-74.041188884503811,4.760764695389303]]}},
{"type":"Feature","properties":{"fid":184,"OBJECTID":184,"CODIGO_ID":"34011300","NOMBRE":"Alameda Humedal Juan Amarillo","LONGITUD":84.4,"TIPO_CAPACIDAD":null,"OBSERVACION":null,"PLAZO":"Existente","ACTO_ADMINISTRATIVO":null,"NUMERO_ACTO_ADMINISTRATIVO":null,"FECHA_ACTO_ADMINISTRATIVO":"2025-10-15T00:00:00Z","NORMATIVA":"En el marco del Decreto 555 del 29 de diciembre de 2021 - Por el cual se adopta la revisión general del Plan de Ordenamiento Territorial de Bogotá","ESCALA_CAPTURA":null,"FECHA_CAPTURA":"2025-10-15T00:00:00Z","RESPONSABLE":"38","SHAPE_Leng":84.361047921999997,"SHAPE_Length":84.361047921044516},"geometry":{"type":"MultiLineString","coordinates":[[[-74.098259581037013,4.717488191778274],[-74.098293362507647,4.717490636591781],[-74.098327222586519,4.717489866071991],[-74.098360858540673,4.717485888333378]],[[-74.098360858540673,4.717485888333378],[-74.098457406691494,4.71745839065755]],[[-74.098457406691494,4.71745839065755],[-74.098567158747002,4.717431827658094],[-74.098678630190648,4.717413862193442],[-74.0987911524862,4.717404600882512]],[[-74.0987911524862,4.717404600882512],[-74.098854322590398,4.717403883878911],[-74.09891749537546,4.717403489578597],[-74.098980669940502,4.71740341798149]],[[-74.098980669940502,4.71740341798149],[-74.098990560902621,4.717404618196388],[-74.09900044645596,4.717405860896263],[-74.099010326600379,4.71740714788899]]]}},
{"type":"Feature","properties":{"fid":185,"OBJECTID":185,"CODIGO_ID":"34010056","NOMBRE":"Alameda Humedal Jaboque","LONGITUD":33.2,"TIPO_CAPACIDAD":null,"OBSERVACION":null,"PLAZO":"Existente","ACTO_ADMINISTRATIVO":null,"NUMERO_ACTO_ADMINISTRATIVO":null,"FECHA_ACTO_ADMINISTRATIVO":"2025-10-15T00:00:00Z","NORMATIVA":"En el marco del Decreto 555 del 29 de diciembre de 2021 - Por el cual se adopta la revisión general del Plan de Ordenamiento Territorial de Bogotá","ESCALA_CAPTURA":null,"FECHA_CAPTURA":"2025-10-15T00:00:00Z","RESPONSABLE":"38","SHAPE_Leng":33.170958279099999,"SHAPE_Length":33.170958279026038},"geometry":{"type":"MultiLineString","coordinates":[[[-74.123084126541215,4.698853119844451],[-74.123085180866994,4.698847217105692],[-74.123086121671918,4.698841295380232],[-74.123086947153993,4.698835356475882]],[[-74.123086947153993,4.698835356475882],[-74.123087453634184,4.698831225454891],[-74.123087904254845,4.698827087200432],[-74.123088299015919,4.698822943520417]],[[-74.123088299015919,4.698822943520417],[-74.123094027313485,4.698608647695043]],[[-74.123094027313485,4.698608647695043],[-74.123095771289485,4.698590398870446],[-74.123099139695384,4.698572380607074],[-74.123104104596351,4.698554737535501]]]}},
{"type":"Feature","properties":{"fid":186,"OBJECTID":186,"CODIGO_ID":"24130274","NOMBRE":"Alameda Canal Molinos","LONGITUD":78.1,"TIPO_CAPACIDAD":null,"OBSERVACION":null,"PLAZO":"Existente","ACTO_ADMINISTRATIVO":null,"NUMERO_ACTO_ADMINISTRATIVO":null,"FECHA_ACTO_ADMINISTRATIVO":"2025-10-15T00:00:00Z","NORMATIVA":"En el marco del Decreto 555 del 29 de diciembre de 2021 - Por el cual se adopta la revisión general del Plan de Ordenamiento Territorial de Bogotá","ESCALA_CAPTURA":null,"FECHA_CAPTURA":"2025-10-15T00:00:00Z","RESPONSABLE":"38","SHAPE_Leng":78.055703513899999,"SHAPE_Length":78.055703513906536},"geometry":{"type":"LineString","coordinates":[[-74.039106920468598,4.691364741581388],[-74.039117473984518,4.691348687321532],[-74.039174529293803,4.691244167430423],[-74.039305071181857,4.69104268714351],[-74.039454090839669,4.690822075844394],[-74.039488586831752,4.690772616319412]]}},
{"type":"Feature","properties":{"fid":187,"OBJECTID":187,"CODIGO_ID":"34011494","NOMBRE":"Alameda Humedal Jaboque","LONGITUD":59.3,"TIPO_CAPACIDAD":null,"OBSERVACION":null,"PLAZO":"Existente","ACTO_ADMINISTRATIVO":null,"NUMERO_ACTO_ADMINISTRATIVO":null,"FECHA_ACTO_ADMINISTRATIVO":"2025-10-15T00:00:00Z","NORMATIVA":"En el marco del Decreto 555 del 29 de diciembre de 2021 - Por el cual se adopta la revisión general del Plan de Ordenamiento Territorial de Bogotá","ESCALA_CAPTURA":null,"FECHA_CAPTURA":"2025-10-15T00:00:00Z","RESPONSABLE":"38","SHAPE_Leng":59.283075449800002,"SHAPE_Length":59.283075449771722},"geometry":{"type":"MultiLineString","coordinates":[[[-74.128295926706514,4.704242152653278],[-74.128295795522078,4.704228462373272],[-74.128296531972282,4.704214791098947],[-74.128298133352729,4.704201194874924]],[[-74.128298133352729,4.704201194874924],[-74.128328652795602,4.703961069399159]],[[-74.128328652795602,4.703961069399159],[-74.128347711363205,4.703879019537236],[-74.128372449604498,4.703798510148833],[-74.128402744074492,4.703719936254915]]]}},
{"type":"Feature","properties":{"fid":188,"OBJECTID":188,"CODIGO_ID":"20305037","NOMBRE":"Alameda Tv 127","LONGITUD":29.0,"TIPO_CAPACIDAD":null,"OBSERVACION":null,"PLAZO":"Existente","ACTO_ADMINISTRATIVO":null,"NUMERO_ACTO_ADMINISTRATIVO":null,"FECHA_ACTO_ADMINISTRATIVO":"2025-10-15T00:00:00Z","NORMATIVA":"En el marco del Decreto 555 del 29 de diciembre de 2021 - Por el cual se adopta la revisión general del Plan de Ordenamiento Territorial de Bogotá","ESCALA_CAPTURA":null,"FECHA_CAPTURA":"2025-10-15T00:00:00Z","RESPONSABLE":"38","SHAPE_Leng":29.038125921900001,"SHAPE_Length":29.038125921892995},"geometry":{"type":"LineString","coordinates":[[-74.109959313002634,4.744217729287155],[-74.110168423380614,4.744059966557075]]}},
{"type":"Feature","properties":{"fid":189,"OBJECTID":189,"CODIGO_ID":"24120568","NOMBRE":"Alameda Canal Salitre","LONGITUD":9.8,"TIPO_CAPACIDAD":null,"OBSERVACION":null,"PLAZO":"Existente","ACTO_ADMINISTRATIVO":null,"NUMERO_ACTO_ADMINISTRATIVO":null,"FECHA_ACTO_ADMINISTRATIVO":"2025-10-15T00:00:00Z","NORMATIVA":"En el marco del Decreto 555 del 29 de diciembre de 2021 - Por el cual se adopta la revisión general del Plan de Ordenamiento Territorial de Bogotá","ESCALA_CAPTURA":null,"FECHA_CAPTURA":"2025-10-15T00:00:00Z","RESPONSABLE":"38","SHAPE_Leng":9.8059724340300001,"SHAPE_Length":9.8059724340274386},"geometry":{"type":"LineString","coordinates":[[-74.080071696179076,4.690651052923624],[-74.080022036279928,4.690577740822462]]}},
{"type":"Feature","properties":{"fid":190,"OBJECTID":190,"CODIGO_ID":"34011134","NOMBRE":"Alameda CL 41 Sur","LONGITUD":34.4,"TIPO_CAPACIDAD":null,"OBSERVACION":null,"PLAZO":"Existente","ACTO_ADMINISTRATIVO":null,"NUMERO_ACTO_ADMINISTRATIVO":null,"FECHA_ACTO_ADMINISTRATIVO":"2025-10-15T00:00:00Z","NORMATIVA":"En el marco del Decreto 555 del 29 de diciembre de 2021 - Por el cual se adopta la revisión general del Plan de Ordenamiento Territorial de Bogotá","ESCALA_CAPTURA":null,"FECHA_CAPTURA":"2025-10-15T00:00:00Z","RESPONSABLE":"38","SHAPE_Leng":34.433501197699997,"SHAPE_Length":34.433501198420636},"geometry":{"type":"LineString","coordinates":[[-74.174066573619669,4.64419846955893],[-74.174065424034083,4.644197322493142],[-74.174036282730981,4.644148814138762],[-74.173939561022365,4.643987814735028],[-74.173904524949393,4.643933133539421]]}},
{"type":"Feature","properties":{"fid":191,"OBJECTID":191,"CODIGO_ID":"20012249","NOMBRE":"Alameda Canal Torca","LONGITUD":28.7,"TIPO_CAPACIDAD":null,"OBSERVACION":null,"PLAZO":"Existente","ACTO_ADMINISTRATIVO":null,"NUMERO_ACTO_ADMINISTRATIVO":null,"FECHA_ACTO_ADMINISTRATIVO":"2025-10-15T00:00:00Z","NORMATIVA":"En el marco del Decreto 555 del 29 de diciembre de 2021 - Por el cual se adopta la revisión general del Plan de Ordenamiento Territorial de Bogotá","ESCALA_CAPTURA":null,"FECHA_CAPTURA":"2025-10-15T00:00:00Z","RESPONSABLE":"38","SHAPE_Leng":28.650603943,"SHAPE_Length":28.650603943282981},"geometry":{"type":"LineString","coordinates":[[-74.040017220547043,4.775067338991287],[-74.040096903954137,4.775313678705686]]}},
{"type":"Feature","properties":{"fid":192,"OBJECTID":192,"CODIGO_ID":"22160191","NOMBRE":"Alameda Río Bogotá","LONGITUD":124.9,"TIPO_CAPACIDAD":null,"OBSERVACION":null,"PLAZO":"Existente","ACTO_ADMINISTRATIVO":null,"NUMERO_ACTO_ADMINISTRATIVO":null,"FECHA_ACTO_ADMINISTRATIVO":"2025-10-15T00:00:00Z","NORMATIVA":"En el marco del Decreto 555 del 29 de diciembre de 2021 - Por el cual se adopta la revisión general del Plan de Ordenamiento Territorial de Bogotá","ESCALA_CAPTURA":null,"FECHA_CAPTURA":"2025-10-15T00:00:00Z","RESPONSABLE":"38","SHAPE_Leng":124.86230649300001,"SHAPE_Length":124.8623064931964},"geometry":{"type":"MultiLineString","coordinates":[[[-74.126086731016684,4.727841224252213],[-74.126153215056434,4.727870606280028],[-74.126211381948124,4.727900265568375]],[[-74.126211381948124,4.727900265568375],[-74.126213236193266,4.727900817030161],[-74.126215034571572,4.727901530296704],[-74.12621676266717,4.727902400847836],[-74.126218407866276,4.727903420547669],[-74.126219957555065,4.727904582164258],[-74.126221398218789,4.72790587665776],[-74.126222719045742,4.727907293180484],[-74.126223910125191,4.72790882178873],[-74.126224961546498,4.727910449826964],[-74.126225866102004,4.727912165543676],[-74.12622661658412,4.727913953571574],[-74.126227205785213,4.72791580125517],[-74.126227630101695,4.727917694131246],[-74.126227885929978,4.727919617736544],[-74.126227972369549,4.727921555800011],[-74.126227886717786,4.72792349476235],[-74.126227631678177,4.727925417448684],[-74.126227207251134,4.727927310299814],[-74.12622661884312,4.72792915885276],[-74.126225869157523,4.727930947740493],[-74.126224965402827,4.727932662500105],[-74.126223913886349,4.727934291380482],[-74.126222723618582,4.727935819918721],[-74.126221402708794,4.727937237267724],[-74.126219962870366,4.727938532580461]],[[-74.126219962870366,4.727938532580461],[-74.125756522722511,4.728241786461211],[-74.125371075076998,4.728237974572187]]]}},
{"type":"Feature","properties":{"fid":193,"OBJECTID":193,"CODIGO_ID":"34010763","NOMBRE":"Alameda Canal Tintal III (CL 59B S)","LONGITUD":267.2,"TIPO_CAPACIDAD":null,"OBSERVACION":null,"PLAZO":"Existente","ACTO_ADMINISTRATIVO":null,"NUMERO_ACTO_ADMINISTRATIVO":null,"FECHA_ACTO_ADMINISTRATIVO":"2025-10-15T00:00:00Z","NORMATIVA":"En el marco del Decreto 555 del 29 de diciembre de 2021 - Por el cual se adopta la revisión general del Plan de Ordenamiento Territorial de Bogotá","ESCALA_CAPTURA":null,"FECHA_CAPTURA":"2025-10-15T00:00:00Z","RESPONSABLE":"38","SHAPE_Leng":267.23315858500001,"SHAPE_Length":267.23315858437979},"geometry":{"type":"LineString","coordinates":[[-74.197687323073509,4.638818033431166],[-74.197782939642352,4.638980602514109],[-74.197887830860452,4.639155189805796],[-74.19803086478467,4.639403916142112],[-74.198147675625535,4.639601223263502],[-74.19822276863961,4.639730369387585],[-74.198293095079606,4.639859515852051],[-74.198412290169699,4.640061605541187],[-74.198521949531326,4.640252934405724],[-74.198663792399643,4.640494485147463],[-74.198850929070758,4.640817350786661],[-74.198900406046761,4.64090447869332]]}},
{"type":"Feature","properties":{"fid":194,"OBJECTID":194,"CODIGO_ID":"92085340","NOMBRE":"Alameda Canal Torca","LONGITUD":5.4,"TIPO_CAPACIDAD":null,"OBSERVACION":null,"PLAZO":"Existente","ACTO_ADMINISTRATIVO":null,"NUMERO_ACTO_ADMINISTRATIVO":null,"FECHA_ACTO_ADMINISTRATIVO":"2025-10-15T00:00:00Z","NORMATIVA":"En el marco del Decreto 555 del 29 de diciembre de 2021 - Por el cual se adopta la revisión general del Plan de Ordenamiento Territorial de Bogotá","ESCALA_CAPTURA":null,"FECHA_CAPTURA":"2025-10-15T00:00:00Z","RESPONSABLE":"38","SHAPE_Leng":5.3588502195399998,"SHAPE_Length":5.3588502195417478},"geometry":{"type":"LineString","coordinates":[[-74.040844339022996,4.759963759890897],[-74.040844122586236,4.760012200409513]]}},
{"type":"Feature","properties":{"fid":195,"OBJECTID":195,"CODIGO_ID":"24119479","NOMBRE":"Alameda Humedal Juan Amarillo","LONGITUD":25.3,"TIPO_CAPACIDAD":null,"OBSERVACION":null,"PLAZO":"Existente","ACTO_ADMINISTRATIVO":null,"NUMERO_ACTO_ADMINISTRATIVO":null,"FECHA_ACTO_ADMINISTRATIVO":"2025-10-15T00:00:00Z","NORMATIVA":"En el marco del Decreto 555 del 29 de diciembre de 2021 - Por el cual se adopta la revisión general del Plan de Ordenamiento Territorial de Bogotá","ESCALA_CAPTURA":null,"FECHA_CAPTURA":"2025-10-15T00:00:00Z","RESPONSABLE":"38","SHAPE_Leng":25.317115055,"SHAPE_Length":25.317115055019642},"geometry":{"type":"LineString","coordinates":[[-74.10675960208485,4.72341364960336],[-74.106780840873654,4.723641508561349]]}},
{"type":"Feature","properties":{"fid":196,"OBJECTID":196,"CODIGO_ID":"34011174","NOMBRE":"Alameda CL 40B Sur","LONGITUD":25.9,"TIPO_CAPACIDAD":null,"OBSERVACION":null,"PLAZO":"Existente","ACTO_ADMINISTRATIVO":null,"NUMERO_ACTO_ADMINISTRATIVO":null,"FECHA_ACTO_ADMINISTRATIVO":"2025-10-15T00:00:00Z","NORMATIVA":"En el marco del Decreto 555 del 29 de diciembre de 2021 - Por el cual se adopta la revisión general del Plan de Ordenamiento Territorial de Bogotá","ESCALA_CAPTURA":null,"FECHA_CAPTURA":"2025-10-15T00:00:00Z","RESPONSABLE":"38","SHAPE_Leng":25.917606001100001,"SHAPE_Length":25.917606001066353},"geometry":{"type":"LineString","coordinates":[[-74.167617273471834,4.634881613556961],[-74.167488109102607,4.634686444915804]]}},
{"type":"Feature","properties":{"fid":197,"OBJECTID":197,"CODIGO_ID":"92079770","NOMBRE":"Alameda El Porvenir","LONGITUD":20.4,"TIPO_CAPACIDAD":null,"OBSERVACION":null,"PLAZO":"Existente","ACTO_ADMINISTRATIVO":null,"NUMERO_ACTO_ADMINISTRATIVO":null,"FECHA_ACTO_ADMINISTRATIVO":"2025-10-15T00:00:00Z","NORMATIVA":"En el marco del Decreto 555 del 29 de diciembre de 2021 - Por el cual se adopta la revisión general del Plan de Ordenamiento Territorial de Bogotá","ESCALA_CAPTURA":null,"FECHA_CAPTURA":"2025-10-15T00:00:00Z","RESPONSABLE":"38","SHAPE_Leng":20.411651036199999,"SHAPE_Length":20.411651035747806},"geometry":{"type":"LineString","coordinates":[[-74.204969377627805,4.610452588624177],[-74.205043415648873,4.610482622566806],[-74.205032691490132,4.610499484808602],[-74.204983411491199,4.610567849095236]]}},
{"type":"Feature","properties":{"fid":198,"OBJECTID":198,"CODIGO_ID":"901323","NOMBRE":"Alameda Tv 127","LONGITUD":81.5,"TIPO_CAPACIDAD":null,"OBSERVACION":null,"PLAZO":"Existente","ACTO_ADMINISTRATIVO":null,"NUMERO_ACTO_ADMINISTRATIVO":null,"FECHA_ACTO_ADMINISTRATIVO":"2025-10-15T00:00:00Z","NORMATIVA":"En el marco del Decreto 555 del 29 de diciembre de 2021 - Por el cual se adopta la revisión general del Plan de Ordenamiento Territorial de Bogotá","ESCALA_CAPTURA":null,"FECHA_CAPTURA":"2025-10-15T00:00:00Z","RESPONSABLE":"38","SHAPE_Leng":81.51313239,"SHAPE_Length":81.513132390028034},"geometry":{"type":"LineString","coordinates":[[-74.113212085785705,4.741775023053292],[-74.113471542693517,4.741410297899706],[-74.113614180617503,4.741213657623244],[-74.113640896666368,4.741176826718736]]}},
{"type":"Feature","properties":{"fid":199,"OBJECTID":199,"CODIGO_ID":"530742","NOMBRE":"Alameda Canal Salitre","LONGITUD":10.0,"TIPO_CAPACIDAD":null,"OBSERVACION":null,"PLAZO":"Existente","ACTO_ADMINISTRATIVO":null,"NUMERO_ACTO_ADMINISTRATIVO":null,"FECHA_ACTO_ADMINISTRATIVO":"2025-10-15T00:00:00Z","NORMATIVA":"En el marco del Decreto 555 del 29 de diciembre de 2021 - Por el cual se adopta la revisión general del Plan de Ordenamiento Territorial de Bogotá","ESCALA_CAPTURA":null,"FECHA_CAPTURA":"2025-10-15T00:00:00Z","RESPONSABLE":"38","SHAPE_Leng":9.9954249433199998,"SHAPE_Length":9.9954249433529245},"geometry":{"type":"LineString","coordinates":[[-74.076252862716373,4.669874912778284],[-74.076250103165862,4.669784601847905]]}},
{"type":"Feature","properties":{"fid":200,"OBJECTID":200,"CODIGO_ID":"91017545","NOMBRE":"Alameda Av El Salitre","LONGITUD":9.0,"TIPO_CAPACIDAD":null,"OBSERVACION":null,"PLAZO":"Existente","ACTO_ADMINISTRATIVO":null,"NUMERO_ACTO_ADMINISTRATIVO":null,"FECHA_ACTO_ADMINISTRATIVO":"2025-10-15T00:00:00Z","NORMATIVA":"En el marco del Decreto 555 del 29 de diciembre de 2021 - Por el cual se adopta la revisión general del Plan de Ordenamiento Territorial de Bogotá","ESCALA_CAPTURA":null,"FECHA_CAPTURA":"2025-10-15T00:00:00Z","RESPONSABLE":"38","SHAPE_Leng":9.0219329314899994,"SHAPE_Length":9.0219329314861785},"geometry":{"type":"LineString","coordinates":[[-74.116609841545909,4.694001081069253],[-74.116539892052529,4.693959541689418]]}},
{"type":"Feature","properties":{"fid":201,"OBJECTID":201,"CODIGO_ID":"91039856","NOMBRE":"Alameda Humedal el Burro","LONGITUD":4.4,"TIPO_CAPACIDAD":null,"OBSERVACION":null,"PLAZO":"Existente","ACTO_ADMINISTRATIVO":null,"NUMERO_ACTO_ADMINISTRATIVO":null,"FECHA_ACTO_ADMINISTRATIVO":"2025-10-15T00:00:00Z","NORMATIVA":"En el marco del Decreto 555 del 29 de diciembre de 2021 - Por el cual se adopta la revisión general del Plan de Ordenamiento Territorial de Bogotá","ESCALA_CAPTURA":null,"FECHA_CAPTURA":"2025-10-15T00:00:00Z","RESPONSABLE":"38","SHAPE_Leng":4.3761946857199998,"SHAPE_Length":4.3761946859476684},"geometry":{"type":"LineString","coordinates":[[-74.154637886008743,4.645755534677179],[-74.154647402613463,4.64579392345306]]}},
{"type":"Feature","properties":{"fid":202,"OBJECTID":202,"CODIGO_ID":"156301","NOMBRE":"Alameda CL 41 Sur","LONGITUD":4.8,"TIPO_CAPACIDAD":null,"OBSERVACION":null,"PLAZO":"Existente","ACTO_ADMINISTRATIVO":null,"NUMERO_ACTO_ADMINISTRATIVO":null,"FECHA_ACTO_ADMINISTRATIVO":"2025-10-15T00:00:00Z","NORMATIVA":"En el marco del Decreto 555 del 29 de diciembre de 2021 - Por el cual se adopta la revisión general del Plan de Ordenamiento Territorial de Bogotá","ESCALA_CAPTURA":null,"FECHA_CAPTURA":"2025-10-15T00:00:00Z","RESPONSABLE":"38","SHAPE_Leng":4.7913111108499997,"SHAPE_Length":4.7913111108599731},"geometry":{"type":"LineString","coordinates":[[-74.176961142103806,4.648669487338188],[-74.176946889768161,4.64864615885461],[-74.176938430640561,4.648632656943226]]}},
{"type":"Feature","properties":{"fid":203,"OBJECTID":203,"CODIGO_ID":"34011584","NOMBRE":"Alameda Humedal Juan Amarillo","LONGITUD":308.2,"TIPO_CAPACIDAD":null,"OBSERVACION":null,"PLAZO":"Existente","ACTO_ADMINISTRATIVO":null,"NUMERO_ACTO_ADMINISTRATIVO":null,"FECHA_ACTO_ADMINISTRATIVO":"2025-10-15T00:00:00Z","NORMATIVA":"En el marco del Decreto 555 del 29 de diciembre de 2021 - Por el cual se adopta la revisión general del Plan de Ordenamiento Territorial de Bogotá","ESCALA_CAPTURA":null,"FECHA_CAPTURA":"2025-10-15T00:00:00Z","RESPONSABLE":"38","SHAPE_Leng":308.14769437899997,"SHAPE_Length":308.1476943793391},"geometry":{"type":"MultiLineString","coordinates":[[[-74.109649903628451,4.727355730300458],[-74.109678251003089,4.727388094893276],[-74.109704647627879,4.727422079252697],[-74.109729001606851,4.727457565861025]],[[-74.109729001606851,4.727457565861025],[-74.109863678247734,4.727723051165571],[-74.109913735295734,4.727823505742647]],[[-74.109913735295734,4.727823505742647],[-74.10996821596494,4.727912713651163],[-74.110027879387474,4.727998520279272],[-74.11009251384489,4.728080621888581]],[[-74.11009251384489,4.728080621888581],[-74.110323740288308,4.728329371097296],[-74.110600259419726,4.728594863666249],[-74.110872012965487,4.728832851508208],[-74.111053181238816,4.728990712428271]],[[-74.111053181238816,4.728990712428271],[-74.111071447400676,4.72900583457684],[-74.111090919186481,4.729019360417785],[-74.111111456044725,4.729031192317572],[-74.111132912917981,4.729041248009625],[-74.111155137540351,4.729049455170344],[-74.111177972239062,4.729055755939036],[-74.11120125483572,4.729060105110074],[-74.111224819547175,4.729062471940762]],[[-74.111224819547175,4.729062471940762],[-74.11139645976688,4.729079222670044]],[[-74.11139645976688,4.729079222670044],[-74.111421912757535,4.729086038813064],[-74.111446641226436,4.729095152749605],[-74.111470438847903,4.729106489441711],[-74.111493108307272,4.729119953061229],[-74.11151446039959,4.729135433317198]],[[-74.11151446039959,4.729135433317198],[-74.111594676530672,4.729210653832402]]]}},
{"type":"Feature","properties":{"fid":204,"OBJECTID":204,"CODIGO_ID":"23001175","NOMBRE":"Alameda Canal El Carmelo","LONGITUD":37.5,"TIPO_CAPACIDAD":null,"OBSERVACION":null,"PLAZO":"Existente","ACTO_ADMINISTRATIVO":null,"NUMERO_ACTO_ADMINISTRATIVO":null,"FECHA_ACTO_ADMINISTRATIVO":"2025-10-15T00:00:00Z","NORMATIVA":"En el marco del Decreto 555 del 29 de diciembre de 2021 - Por el cual se adopta la revisión general del Plan de Ordenamiento Territorial de Bogotá","ESCALA_CAPTURA":null,"FECHA_CAPTURA":"2025-10-15T00:00:00Z","RESPONSABLE":"38","SHAPE_Leng":37.448588907800001,"SHAPE_Length":37.448588907820806},"geometry":{"type":"MultiLineString","coordinates":[[[-74.121814725242118,4.702769234627107],[-74.121804381856052,4.702776588771485],[-74.121794711462954,4.702784813440582],[-74.121785785241642,4.702793845360678],[-74.121777670767145,4.702803617642116],[-74.121770429308015,4.702814057067409],[-74.12176411312322,4.702825084995061],[-74.121758771769009,4.702836620071658]],[[-74.121758771769009,4.702836620071658],[-74.121649360003175,4.703060653084822]]]}},
{"type":"Feature","properties":{"fid":205,"OBJECTID":205,"CODIGO_ID":"34011502","NOMBRE":"Alameda Humedal Jaboque","LONGITUD":45.6,"TIPO_CAPACIDAD":null,"OBSERVACION":null,"PLAZO":"Existente","ACTO_ADMINISTRATIVO":null,"NUMERO_ACTO_ADMINISTRATIVO":null,"FECHA_ACTO_ADMINISTRATIVO":"2025-10-15T00:00:00Z","NORMATIVA":"En el marco del Decreto 555 del 29 de diciembre de 2021 - Por el cual se adopta la revisión general del Plan de Ordenamiento Territorial de Bogotá","ESCALA_CAPTURA":null,"FECHA_CAPTURA":"2025-10-15T00:00:00Z","RESPONSABLE":"38","SHAPE_Leng":45.561480624200001,"SHAPE_Length":45.561480624165526},"geometry":{"type":"LineString","coordinates":[[-74.126963726330033,4.702768444185133],[-74.126890835004758,4.702776059688516],[-74.126606685204123,4.702724391023799],[-74.126559181876431,4.702714928046184]]}},
{"type":"Feature","properties":{"fid":206,"OBJECTID":206,"CODIGO_ID":"0","NOMBRE":"Alameda Canal Río Negro","LONGITUD":22.2,"TIPO_CAPACIDAD":null,"OBSERVACION":null,"PLAZO":"Existente","ACTO_ADMINISTRATIVO":null,"NUMERO_ACTO_ADMINISTRATIVO":null,"FECHA_ACTO_ADMINISTRATIVO":"2025-10-15T00:00:00Z","NORMATIVA":"En el marco del Decreto 555 del 29 de diciembre de 2021 - Por el cual se adopta la revisión general del Plan de Ordenamiento Territorial de Bogotá","ESCALA_CAPTURA":null,"FECHA_CAPTURA":"2025-10-15T00:00:00Z","RESPONSABLE":"38","SHAPE_Leng":22.166116052300001,"SHAPE_Length":22.166116051927887},"geometry":{"type":"LineString","coordinates":[[-74.070978980781163,4.683469641768024],[-74.07097612857838,4.683467918537149],[-74.070876731983731,4.683409072601527],[-74.070910350531122,4.683335172265587]]}},
{"type":"Feature","properties":{"fid":207,"OBJECTID":207,"CODIGO_ID":"601339","NOMBRE":"Alameda Canal Virrey","LONGITUD":5.9,"TIPO_CAPACIDAD":null,"OBSERVACION":null,"PLAZO":"Existente","ACTO_ADMINISTRATIVO":null,"NUMERO_ACTO_ADMINISTRATIVO":null,"FECHA_ACTO_ADMINISTRATIVO":"2025-10-15T00:00:00Z","NORMATIVA":"En el marco del Decreto 555 del 29 de diciembre de 2021 - Por el cual se adopta la revisión general del Plan de Ordenamiento Territorial de Bogotá","ESCALA_CAPTURA":null,"FECHA_CAPTURA":"2025-10-15T00:00:00Z","RESPONSABLE":"38","SHAPE_Leng":5.8875478248400004,"SHAPE_Length":5.8875478256600307},"geometry":{"type":"LineString","coordinates":[[-74.04944552699618,4.670804670012678],[-74.049492231187529,4.670829898398218]]}},
{"type":"Feature","properties":{"fid":208,"OBJECTID":208,"CODIGO_ID":"29553","NOMBRE":"Alameda CL 41 Sur","LONGITUD":10.4,"TIPO_CAPACIDAD":null,"OBSERVACION":null,"PLAZO":"Existente","ACTO_ADMINISTRATIVO":null,"NUMERO_ACTO_ADMINISTRATIVO":null,"FECHA_ACTO_ADMINISTRATIVO":"2025-10-15T00:00:00Z","NORMATIVA":"En el marco del Decreto 555 del 29 de diciembre de 2021 - Por el cual se adopta la revisión general del Plan de Ordenamiento Territorial de Bogotá","ESCALA_CAPTURA":null,"FECHA_CAPTURA":"2025-10-15T00:00:00Z","RESPONSABLE":"38","SHAPE_Leng":10.448373265800001,"SHAPE_Length":10.448373266100598},"geometry":{"type":"LineString","coordinates":[[-74.17425145105716,4.644463140241358],[-74.174219728896418,4.644374217365858]]}},
{"type":"Feature","properties":{"fid":209,"OBJECTID":209,"CODIGO_ID":"34010456","NOMBRE":"Alameda Canal Molinos","LONGITUD":69.0,"TIPO_CAPACIDAD":null,"OBSERVACION":null,"PLAZO":"Existente","ACTO_ADMINISTRATIVO":null,"NUMERO_ACTO_ADMINISTRATIVO":null,"FECHA_ACTO_ADMINISTRATIVO":"2025-10-15T00:00:00Z","NORMATIVA":"En el marco del Decreto 555 del 29 de diciembre de 2021 - Por el cual se adopta la revisión general del Plan de Ordenamiento Territorial de Bogotá","ESCALA_CAPTURA":null,"FECHA_CAPTURA":"2025-10-15T00:00:00Z","RESPONSABLE":"38","SHAPE_Leng":69.000375941300007,"SHAPE_Length":69.00037594128068},"geometry":{"type":"MultiLineString","coordinates":[[[-74.038070625541934,4.689005629993941],[-74.038075598113821,4.689009985073216],[-74.038080952763053,4.689013857504776],[-74.038086642645382,4.689017213835307],[-74.03809261911384,4.689020026034963],[-74.038098829917317,4.689022267881171],[-74.038105221001643,4.689023921286621],[-74.038111738311997,4.689024971779778]],[[-74.038111738311997,4.689024971779778],[-74.038438381815652,4.689127359938522],[-74.038618026022476,4.689185054046838],[-74.038660752902373,4.689195387326584],[-74.038661321347988,4.689195739049337]]]}},
{"type":"Feature","properties":{"fid":210,"OBJECTID":210,"CODIGO_ID":"34010856","NOMBRE":"Alameda Humedal el Burro","LONGITUD":49.1,"TIPO_CAPACIDAD":null,"OBSERVACION":null,"PLAZO":"Existente","ACTO_ADMINISTRATIVO":null,"NUMERO_ACTO_ADMINISTRATIVO":null,"FECHA_ACTO_ADMINISTRATIVO":"2025-10-15T00:00:00Z","NORMATIVA":"En el marco del Decreto 555 del 29 de diciembre de 2021 - Por el cual se adopta la revisión general del Plan de Ordenamiento Territorial de Bogotá","ESCALA_CAPTURA":null,"FECHA_CAPTURA":"2025-10-15T00:00:00Z","RESPONSABLE":"38","SHAPE_Leng":49.102909130800001,"SHAPE_Length":49.102909130807973},"geometry":{"type":"LineString","coordinates":[[-74.145416609500117,4.631918080595011],[-74.145362992931624,4.632358673308395]]}},
{"type":"Feature","properties":{"fid":211,"OBJECTID":211,"CODIGO_ID":"0","NOMBRE":"Alameda Canal Molinos","LONGITUD":15.4,"TIPO_CAPACIDAD":null,"OBSERVACION":null,"PLAZO":"Existente","ACTO_ADMINISTRATIVO":null,"NUMERO_ACTO_ADMINISTRATIVO":null,"FECHA_ACTO_ADMINISTRATIVO":"2025-10-15T00:00:00Z","NORMATIVA":"En el marco del Decreto 555 del 29 de diciembre de 2021 - Por el cual se adopta la revisión general del Plan de Ordenamiento Territorial de Bogotá","ESCALA_CAPTURA":null,"FECHA_CAPTURA":"2025-10-15T00:00:00Z","RESPONSABLE":"38","SHAPE_Leng":15.366084928299999,"SHAPE_Length":15.366084928341488},"geometry":{"type":"LineString","coordinates":[[-74.065434645499579,4.699324880705728],[-74.065432089416632,4.69931750872667],[-74.065381460221857,4.699196654259345]]}},
{"type":"Feature","properties":{"fid":212,"OBJECTID":212,"CODIGO_ID":"34011572","NOMBRE":"Alameda Humedal Jaboque","LONGITUD":213.1,"TIPO_CAPACIDAD":null,"OBSERVACION":null,"PLAZO":"Existente","ACTO_ADMINISTRATIVO":null,"NUMERO_ACTO_ADMINISTRATIVO":null,"FECHA_ACTO_ADMINISTRATIVO":"2025-10-15T00:00:00Z","NORMATIVA":"En el marco del Decreto 555 del 29 de diciembre de 2021 - Por el cual se adopta la revisión general del Plan de Ordenamiento Territorial de Bogotá","ESCALA_CAPTURA":null,"FECHA_CAPTURA":"2025-10-15T00:00:00Z","RESPONSABLE":"38","SHAPE_Leng":213.09052581399999,"SHAPE_Length":213.09052581363565},"geometry":{"type":"MultiLineString","coordinates":[[[-74.127767506580767,4.711035431193565],[-74.127713804319896,4.711045019708931],[-74.127659648046475,4.711051548347973],[-74.127605210749962,4.711054994516635]],[[-74.127605210749962,4.711054994516635],[-74.127562733138618,4.711055537531407],[-74.127520272696984,4.711054203046609],[-74.127477911414488,4.711050994680305]],[[-74.127477911414488,4.711050994680305],[-74.127429150805042,4.711035639802343],[-74.127381845391341,4.711016234375688],[-74.127336330334785,4.710992914001929],[-74.127292926380207,4.710965845016534]],[[-74.127292926380207,4.710965845016534],[-74.127166109300077,4.710856780307263],[-74.126992570079906,4.710686486328482]],[[-74.126992570079906,4.710686486328482],[-74.126935961021474,4.71064096558679],[-74.126878423928332,4.710596631696261],[-74.126819983126268,4.71055350364026]],[[-74.126819983126268,4.71055350364026],[-74.126631187106312,4.710407125760498],[-74.126493880243402,4.710294234219847]],[[-74.126493880243402,4.710294234219847],[-74.126478446770179,4.710283969457936],[-74.126463994502146,4.710272355131515],[-74.126450641464913,4.710259485254541],[-74.126438493971008,4.710245462880114],[-74.12642765202574,4.710230403716341],[-74.126418201218556,4.710214427990735],[-74.126410219930889,4.710197664066018],[-74.126403771227174,4.710180249344019],[-74.126398909162035,4.710162323938095],[-74.126395670671272,4.710144032480814]],[[-74.126395670671272,4.710144032480814],[-74.126382864765219,4.710091866243641],[-74.126368239771367,4.710040183564801],[-74.126351811905863,4.70998904952882]],[[-74.126351811905863,4.70998904952882],[-74.126346877553843,4.709978428914365],[-74.126342671201542,4.709967497363362],[-74.126339210867073,4.709956305497381]]]}},
{"type":"Feature","properties":{"fid":213,"OBJECTID":213,"CODIGO_ID":"34010043","NOMBRE":"Alameda Humedal Jaboque","LONGITUD":41.7,"TIPO_CAPACIDAD":null,"OBSERVACION":null,"PLAZO":"Existente","ACTO_ADMINISTRATIVO":null,"NUMERO_ACTO_ADMINISTRATIVO":null,"FECHA_ACTO_ADMINISTRATIVO":"2025-10-15T00:00:00Z","NORMATIVA":"En el marco del Decreto 555 del 29 de diciembre de 2021 - Por el cual se adopta la revisión general del Plan de Ordenamiento Territorial de Bogotá","ESCALA_CAPTURA":null,"FECHA_CAPTURA":"2025-10-15T00:00:00Z","RESPONSABLE":"38","SHAPE_Leng":41.657234473499997,"SHAPE_Length":41.657234474112585},"geometry":{"type":"LineString","coordinates":[[-74.13294195154424,4.71137645838113],[-74.132685460415885,4.711651367921043]]}},
{"type":"Feature","properties":{"fid":214,"OBJECTID":214,"CODIGO_ID":"91063971","NOMBRE":"Alameda Humedal el Burro","LONGITUD":9.6,"TIPO_CAPACIDAD":null,"OBSERVACION":null,"PLAZO":"Existente","ACTO_ADMINISTRATIVO":null,"NUMERO_ACTO_ADMINISTRATIVO":null,"FECHA_ACTO_ADMINISTRATIVO":"2025-10-15T00:00:00Z","NORMATIVA":"En el marco del Decreto 555 del 29 de diciembre de 2021 - Por el cual se adopta la revisión general del Plan de Ordenamiento Territorial de Bogotá","ESCALA_CAPTURA":null,"FECHA_CAPTURA":"2025-10-15T00:00:00Z","RESPONSABLE":"38","SHAPE_Leng":9.5523969143999992,"SHAPE_Length":9.5523969144025092},"geometry":{"type":"LineString","coordinates":[[-74.156528722984731,4.648936975200235],[-74.156574020392611,4.649010394153308]]}},
{"type":"Feature","properties":{"fid":215,"OBJECTID":215,"CODIGO_ID":"702056","NOMBRE":"Alameda Av Las Quintas","LONGITUD":166.5,"TIPO_CAPACIDAD":null,"OBSERVACION":null,"PLAZO":"Existente","ACTO_ADMINISTRATIVO":null,"NUMERO_ACTO_ADMINISTRATIVO":null,"FECHA_ACTO_ADMINISTRATIVO":"2025-10-15T00:00:00Z","NORMATIVA":"En el marco del Decreto 555 del 29 de diciembre de 2021 - Por el cual se adopta la revisión general del Plan de Ordenamiento Territorial de Bogotá","ESCALA_CAPTURA":null,"FECHA_CAPTURA":"2025-10-15T00:00:00Z","RESPONSABLE":"38","SHAPE_Leng":166.46497572499999,"SHAPE_Length":166.4649757249627},"geometry":{"type":"MultiLineString","coordinates":[[[-74.118906894325193,4.732289722395486],[-74.118909220983326,4.732283240290602],[-74.119033198776336,4.731916120156278],[-74.119145255996045,4.731598028659674],[-74.119256120509206,4.731271566552616],[-74.119306188905043,4.731123283385963]],[[-74.119306188905043,4.731123283385963],[-74.119317070478871,4.731096989827723],[-74.11933012163378,4.731071709678414],[-74.119345248658007,4.731047622819479],[-74.119362344325083,4.731024899188502],[-74.119381286992834,4.731003701490838]],[[-74.119381286992834,4.731003701490838],[-74.119480222413344,4.730921192258465]]]}},
{"type":"Feature","properties":{"fid":216,"OBJECTID":216,"CODIGO_ID":"20010429","NOMBRE":"Alameda Río Bogotá","LONGITUD":43.9,"TIPO_CAPACIDAD":null,"OBSERVACION":null,"PLAZO":"Existente","ACTO_ADMINISTRATIVO":null,"NUMERO_ACTO_ADMINISTRATIVO":null,"FECHA_ACTO_ADMINISTRATIVO":"2025-10-15T00:00:00Z","NORMATIVA":"En el marco del Decreto 555 del 29 de diciembre de 2021 - Por el cual se adopta la revisión general del Plan de Ordenamiento Territorial de Bogotá","ESCALA_CAPTURA":null,"FECHA_CAPTURA":"2025-10-15T00:00:00Z","RESPONSABLE":"38","SHAPE_Leng":43.8616438476,"SHAPE_Length":43.861643847698971},"geometry":{"type":"LineString","coordinates":[[-74.13970679481298,4.725075325229949],[-74.139639199733068,4.725116421576685],[-74.139575114880259,4.725162836773201],[-74.139514956517999,4.725214268906578],[-74.139459113880491,4.725270386233479],[-74.139407947370714,4.725330825372189]]}},
{"type":"Feature","properties":{"fid":217,"OBJECTID":217,"CODIGO_ID":"516918","NOMBRE":"Alameda Canal Torca","LONGITUD":9.1,"TIPO_CAPACIDAD":null,"OBSERVACION":null,"PLAZO":"Existente","ACTO_ADMINISTRATIVO":null,"NUMERO_ACTO_ADMINISTRATIVO":null,"FECHA_ACTO_ADMINISTRATIVO":"2025-10-15T00:00:00Z","NORMATIVA":"En el marco del Decreto 555 del 29 de diciembre de 2021 - Por el cual se adopta la revisión general del Plan de Ordenamiento Territorial de Bogotá","ESCALA_CAPTURA":null,"FECHA_CAPTURA":"2025-10-15T00:00:00Z","RESPONSABLE":"38","SHAPE_Leng":9.1097664327099999,"SHAPE_Length":9.1097664327091241},"geometry":{"type":"LineString","coordinates":[[-74.038530282068493,4.770683161592181],[-74.038551541392422,4.770603624222002]]}},
{"type":"Feature","properties":{"fid":218,"OBJECTID":218,"CODIGO_ID":"91036254","NOMBRE":"Alameda CL 41 Sur","LONGITUD":14.3,"TIPO_CAPACIDAD":null,"OBSERVACION":null,"PLAZO":"Existente","ACTO_ADMINISTRATIVO":null,"NUMERO_ACTO_ADMINISTRATIVO":null,"FECHA_ACTO_ADMINISTRATIVO":"2025-10-15T00:00:00Z","NORMATIVA":"En el marco del Decreto 555 del 29 de diciembre de 2021 - Por el cual se adopta la revisión general del Plan de Ordenamiento Territorial de Bogotá","ESCALA_CAPTURA":null,"FECHA_CAPTURA":"2025-10-15T00:00:00Z","RESPONSABLE":"38","SHAPE_Leng":14.3031709068,"SHAPE_Length":14.303170906822722},"geometry":{"type":"LineString","coordinates":[[-74.173090518363267,4.642648649299671],[-74.173017790753832,4.642541918310132]]}},
{"type":"Feature","properties":{"fid":219,"OBJECTID":219,"CODIGO_ID":"92080247","NOMBRE":"Alameda Humedal Jaboque","LONGITUD":1.5,"TIPO_CAPACIDAD":null,"OBSERVACION":null,"PLAZO":"Existente","ACTO_ADMINISTRATIVO":null,"NUMERO_ACTO_ADMINISTRATIVO":null,"FECHA_ACTO_ADMINISTRATIVO":"2025-10-15T00:00:00Z","NORMATIVA":"En el marco del Decreto 555 del 29 de diciembre de 2021 - Por el cual se adopta la revisión general del Plan de Ordenamiento Territorial de Bogotá","ESCALA_CAPTURA":null,"FECHA_CAPTURA":"2025-10-15T00:00:00Z","RESPONSABLE":"38","SHAPE_Leng":1.53951814617,"SHAPE_Length":1.539518146075973},"geometry":{"type":"MultiLineString","coordinates":[[[-74.128291280015489,4.708361537069853],[-74.12829038086096,4.708360775019012],[-74.128289474498374,4.708360022007448],[-74.128288560927786,4.708359277131218]],[[-74.128288560927786,4.708359277131218],[-74.128286236475418,4.708356723420223],[-74.128283987706851,4.708354102819158],[-74.12828181642395,4.708351418039892]]]}},
{"type":"Feature","properties":{"fid":220,"OBJECTID":220,"CODIGO_ID":"34010077","NOMBRE":"Alameda Av El Salitre","LONGITUD":91.5,"TIPO_CAPACIDAD":null,"OBSERVACION":null,"PLAZO":"Existente","ACTO_ADMINISTRATIVO":null,"NUMERO_ACTO_ADMINISTRATIVO":null,"FECHA_ACTO_ADMINISTRATIVO":"2025-10-15T00:00:00Z","NORMATIVA":"En el marco del Decreto 555 del 29 de diciembre de 2021 - Por el cual se adopta la revisión general del Plan de Ordenamiento Territorial de Bogotá","ESCALA_CAPTURA":null,"FECHA_CAPTURA":"2025-10-15T00:00:00Z","RESPONSABLE":"38","SHAPE_Leng":91.473583531200006,"SHAPE_Length":91.473583531227405},"geometry":{"type":"LineString","coordinates":[[-74.111097533984022,4.690676592142631],[-74.110859798409521,4.690535907759359],[-74.1105344230334,4.690336183793613],[-74.110391835445128,4.69024955839074]]}},
{"type":"Feature","properties":{"fid":221,"OBJECTID":221,"CODIGO_ID":"20013226","NOMBRE":"Alameda Río Bogotá","LONGITUD":20.5,"TIPO_CAPACIDAD":null,"OBSERVACION":null,"PLAZO":"Existente","ACTO_ADMINISTRATIVO":null,"NUMERO_ACTO_ADMINISTRATIVO":null,"FECHA_ACTO_ADMINISTRATIVO":"2025-10-15T00:00:00Z","NORMATIVA":"En el marco del Decreto 555 del 29 de diciembre de 2021 - Por el cual se adopta la revisión general del Plan de Ordenamiento Territorial de Bogotá","ESCALA_CAPTURA":null,"FECHA_CAPTURA":"2025-10-15T00:00:00Z","RESPONSABLE":"38","SHAPE_Leng":20.464939326500001,"SHAPE_Length":20.464939327420431},"geometry":{"type":"LineString","coordinates":[[-74.128933103847103,4.723816806746908],[-74.128869512084066,4.723830348954265],[-74.128803222720833,4.723844465996509],[-74.128753375655265,4.723857897360203]]}},
{"type":"Feature","properties":{"fid":222,"OBJECTID":222,"CODIGO_ID":"34010005","NOMBRE":"Alameda Humedal Jaboque","LONGITUD":63.6,"TIPO_CAPACIDAD":null,"OBSERVACION":null,"PLAZO":"Existente","ACTO_ADMINISTRATIVO":null,"NUMERO_ACTO_ADMINISTRATIVO":null,"FECHA_ACTO_ADMINISTRATIVO":"2025-10-15T00:00:00Z","NORMATIVA":"En el marco del Decreto 555 del 29 de diciembre de 2021 - Por el cual se adopta la revisión general del Plan de Ordenamiento Territorial de Bogotá","ESCALA_CAPTURA":null,"FECHA_CAPTURA":"2025-10-15T00:00:00Z","RESPONSABLE":"38","SHAPE_Leng":63.5771396349,"SHAPE_Length":63.577139634437074},"geometry":{"type":"MultiLineString","coordinates":[[[-74.122622657626039,4.699605807277356],[-74.122634396703276,4.699594011172108]],[[-74.122634396703276,4.699594011172108],[-74.122646954726349,4.6995831244655],[-74.122658528930941,4.699571189146327],[-74.122669031920324,4.699558296510272],[-74.122678386208307,4.699544541469168],[-74.122686521516087,4.699530027974565],[-74.122693377475443,4.699514862690177],[-74.122698901826539,4.699499160415532],[-74.12270305402204,4.699483038662367]],[[-74.12270305402204,4.699483038662367],[-74.12270496598957,4.699347190854453]],[[-74.12270496598957,4.699347190854453],[-74.122709508417302,4.699327674793403],[-74.122715829331966,4.699308663195684],[-74.122723874670029,4.699290319673821],[-74.122733575952694,4.699272801512167],[-74.122744849385128,4.699256256955135],[-74.122757599460115,4.699240829726941],[-74.1227717162555,4.699226650896098]],[[-74.1227717162555,4.699226650896098],[-74.12287990481812,4.699125059071807]]]}},
{"type":"Feature","properties":{"fid":223,"OBJECTID":223,"CODIGO_ID":"92080194","NOMBRE":"Alameda Humedal Jaboque","LONGITUD":27.4,"TIPO_CAPACIDAD":null,"OBSERVACION":null,"PLAZO":"Existente","ACTO_ADMINISTRATIVO":null,"NUMERO_ACTO_ADMINISTRATIVO":null,"FECHA_ACTO_ADMINISTRATIVO":"2025-10-15T00:00:00Z","NORMATIVA":"En el marco del Decreto 555 del 29 de diciembre de 2021 - Por el cual se adopta la revisión general del Plan de Ordenamiento Territorial de Bogotá","ESCALA_CAPTURA":null,"FECHA_CAPTURA":"2025-10-15T00:00:00Z","RESPONSABLE":"38","SHAPE_Leng":27.380431438799999,"SHAPE_Length":27.380431439372664},"geometry":{"type":"LineString","coordinates":[[-74.133804224594442,4.712572725392033],[-74.133850002928,4.712504189893385],[-74.133902300667614,4.712440524071821],[-74.133960608746776,4.712382349831985]]}},
{"type":"Feature","properties":{"fid":224,"OBJECTID":224,"CODIGO_ID":"34011973","NOMBRE":"Alameda Humedal el Burro","LONGITUD":231.9,"TIPO_CAPACIDAD":null,"OBSERVACION":null,"PLAZO":"Existente","ACTO_ADMINISTRATIVO":null,"NUMERO_ACTO_ADMINISTRATIVO":null,"FECHA_ACTO_ADMINISTRATIVO":"2025-10-15T00:00:00Z","NORMATIVA":"En el marco del Decreto 555 del 29 de diciembre de 2021 - Por el cual se adopta la revisión general del Plan de Ordenamiento Territorial de Bogotá","ESCALA_CAPTURA":null,"FECHA_CAPTURA":"2025-10-15T00:00:00Z","RESPONSABLE":"38","SHAPE_Leng":231.90736327600001,"SHAPE_Length":231.9073632758664},"geometry":{"type":"MultiLineString","coordinates":[[[-74.145254141981312,4.63304427943204],[-74.144966983340183,4.633190178882414],[-74.144911915100778,4.633239382495943]],[[-74.144911915100778,4.633239382495943],[-74.14489817303226,4.633254595017859],[-74.14488583273058,4.633270973636852],[-74.144874992392104,4.633288387280671],[-74.144865737600895,4.633306699453324],[-74.144858141328697,4.63332576461926],[-74.144852264835919,4.63334543091531],[-74.144848153167075,4.633365544670337]],[[-74.144848153167075,4.633365544670337],[-74.144845145059833,4.633392623353673],[-74.144844536898447,4.633419862041854],[-74.144846331386347,4.633447049210869],[-74.144850516812866,4.633473968816901],[-74.144857059846203,4.633500412951603],[-74.144865908236028,4.63352617189864],[-74.144876992615195,4.633551044077219]],[[-74.144876992615195,4.633551044077219],[-74.14499438410563,4.633777059577121],[-74.145099857040378,4.633987529823505]],[[-74.145099857040378,4.633987529823505],[-74.145109605429539,4.634011451041152],[-74.145117232241645,4.634036136090947],[-74.145122679820446,4.634061395143605],[-74.145125905824713,4.634087035658003],[-74.145126885930779,4.634112860573275],[-74.145125612931793,4.634138672828564],[-74.145122095836697,4.63416427536305],[-74.145116361672123,4.634189470211971],[-74.145108454581475,4.634214066642172],[-74.145098435824877,4.634237874824453],[-74.145086380175769,4.634260713065182],[-74.145072382226942,4.634282406902352],[-74.145056547381841,4.63430278910553],[-74.145038997259803,4.634321705099632],[-74.145019866993408,4.63433900934909],[-74.144999302525861,4.63435456987757],[-74.14497746061096,4.634368266460118]],[[-74.14497746061096,4.634368266460118],[-74.144941280254699,4.63438292029041],[-74.144903944073079,4.634394288262234],[-74.144865749357862,4.634402279981261],[-74.144826997004301,4.634406832171668]],[[-74.144826997004301,4.634406832171668],[-74.144815795430219,4.634409478905669],[-74.144804865019125,4.63441309015353],[-74.144794287751338,4.63441763789308],[-74.14478414200363,4.634423088678408],[-74.144774506152828,4.634429400024157],[-74.14476545046783,4.634436525829128],[-74.14475704521756,4.634444412760537],[-74.144749351662171,4.634453000254037],[-74.144742429260035,4.634462224129393],[-74.144736329361621,4.634472015686693],[-74.144731097011274,4.634482299898318],[-74.144726773649779,4.634493000832689],[-74.144723389907398,4.634504037134503],[-74.144720971909948,4.634515326544522],[-74.144719537675357,4.63452678409161],[-74.14471909891536,4.634538322092769],[-74.144719657431992,4.634549855576834],[-74.144721210522889,4.634561296860737],[-74.144723744675076,4.634572560973263],[-74.144727242772106,4.634583561135287],[-74.144731677787703,4.634594215991317],[-74.14473701548863,4.634604445993755]],[[-74.14473701548863,4.634604445993755],[-74.14475163135242,4.634624061720603]]]}},
{"type":"Feature","properties":{"fid":225,"OBJECTID":225,"CODIGO_ID":"156300","NOMBRE":"Alameda CL 41 Sur","LONGITUD":5.5,"TIPO_CAPACIDAD":null,"OBSERVACION":null,"PLAZO":"Existente","ACTO_ADMINISTRATIVO":null,"NUMERO_ACTO_ADMINISTRATIVO":null,"FECHA_ACTO_ADMINISTRATIVO":"2025-10-15T00:00:00Z","NORMATIVA":"En el marco del Decreto 555 del 29 de diciembre de 2021 - Por el cual se adopta la revisión general del Plan de Ordenamiento Territorial de Bogotá","ESCALA_CAPTURA":null,"FECHA_CAPTURA":"2025-10-15T00:00:00Z","RESPONSABLE":"38","SHAPE_Leng":5.5224857485200003,"SHAPE_Length":5.5224857485157433},"geometry":{"type":"LineString","coordinates":[[-74.176811843843922,4.648431982244466],[-74.176784834887854,4.64839005827978]]}},
{"type":"Feature","properties":{"fid":226,"OBJECTID":226,"CODIGO_ID":"91036253","NOMBRE":"Alameda CL 41 Sur","LONGITUD":13.7,"TIPO_CAPACIDAD":null,"OBSERVACION":null,"PLAZO":"Existente","ACTO_ADMINISTRATIVO":null,"NUMERO_ACTO_ADMINISTRATIVO":null,"FECHA_ACTO_ADMINISTRATIVO":"2025-10-15T00:00:00Z","NORMATIVA":"En el marco del Decreto 555 del 29 de diciembre de 2021 - Por el cual se adopta la revisión general del Plan de Ordenamiento Territorial de Bogotá","ESCALA_CAPTURA":null,"FECHA_CAPTURA":"2025-10-15T00:00:00Z","RESPONSABLE":"38","SHAPE_Leng":13.74512485,"SHAPE_Length":13.745124849961183},"geometry":{"type":"LineString","coordinates":[[-74.173205228552277,4.642829228577733],[-74.173200118387413,4.642821170973749],[-74.173138593717965,4.642724503233197]]}},
{"type":"Feature","properties":{"fid":227,"OBJECTID":227,"CODIGO_ID":"34011180","NOMBRE":"Alameda CL 41 Sur","LONGITUD":19.2,"TIPO_CAPACIDAD":null,"OBSERVACION":null,"PLAZO":"Existente","ACTO_ADMINISTRATIVO":null,"NUMERO_ACTO_ADMINISTRATIVO":null,"FECHA_ACTO_ADMINISTRATIVO":"2025-10-15T00:00:00Z","NORMATIVA":"En el marco del Decreto 555 del 29 de diciembre de 2021 - Por el cual se adopta la revisión general del Plan de Ordenamiento Territorial de Bogotá","ESCALA_CAPTURA":null,"FECHA_CAPTURA":"2025-10-15T00:00:00Z","RESPONSABLE":"38","SHAPE_Leng":19.152334077,"SHAPE_Length":19.152334076482799},"geometry":{"type":"LineString","coordinates":[[-74.177771361913955,4.649957997676268],[-74.177679130198314,4.649811680551458]]}},
{"type":"Feature","properties":{"fid":228,"OBJECTID":228,"CODIGO_ID":"2503909","NOMBRE":"Alameda Humedal Jaboque","LONGITUD":130.8,"TIPO_CAPACIDAD":null,"OBSERVACION":null,"PLAZO":"Existente","ACTO_ADMINISTRATIVO":null,"NUMERO_ACTO_ADMINISTRATIVO":null,"FECHA_ACTO_ADMINISTRATIVO":"2025-10-15T00:00:00Z","NORMATIVA":"En el marco del Decreto 555 del 29 de diciembre de 2021 - Por el cual se adopta la revisión general del Plan de Ordenamiento Territorial de Bogotá","ESCALA_CAPTURA":null,"FECHA_CAPTURA":"2025-10-15T00:00:00Z","RESPONSABLE":"38","SHAPE_Leng":130.79045541100001,"SHAPE_Length":130.79045541106848},"geometry":{"type":"MultiLineString","coordinates":[[[-74.128701357354103,4.702937539916907],[-74.128701832508767,4.702924067503218],[-74.1287024157796,4.702910599612062],[-74.128703108067569,4.702897137147355]],[[-74.128703108067569,4.702897137147355],[-74.128700043399661,4.702880290208651],[-74.128695484015012,4.702863786731366],[-74.128689468651956,4.702847760500632],[-74.12868204415777,4.702832339878093],[-74.128673270894211,4.702817649609941],[-74.128663220034937,4.702803808115004],[-74.128651971763333,4.702790927484746],[-74.128639617074739,4.702779109867445],[-74.128626255974211,4.702768452891899]],[[-74.128626255974211,4.702768452891899],[-74.128382156807547,4.702613464841664],[-74.128273456796123,4.702540753919118]],[[-74.128273456796123,4.702540753919118],[-74.128254851978241,4.702533480272092],[-74.128235716449481,4.702527755975723],[-74.1282161790473,4.70252361990311],[-74.128196370411302,4.702521100983959],[-74.12817642208239,4.702520214588827],[-74.128156469205592,4.702520967048899],[-74.128136643322378,4.702523352943969],[-74.128117078677391,4.70252735691053]],[[-74.128117078677391,4.70252735691053],[-74.127741385436053,4.702628754330316]],[[-74.127741385436053,4.702628754330316],[-74.127736285004062,4.702630478019163],[-74.127731171058628,4.702632159222119],[-74.127726042698839,4.702633797035182]]]}},
{"type":"Feature","properties":{"fid":229,"OBJECTID":229,"CODIGO_ID":"34010002","NOMBRE":"Alameda Humedal Jaboque","LONGITUD":38.6,"TIPO_CAPACIDAD":null,"OBSERVACION":null,"PLAZO":"Existente","ACTO_ADMINISTRATIVO":null,"NUMERO_ACTO_ADMINISTRATIVO":null,"FECHA_ACTO_ADMINISTRATIVO":"2025-10-15T00:00:00Z","NORMATIVA":"En el marco del Decreto 555 del 29 de diciembre de 2021 - Por el cual se adopta la revisión general del Plan de Ordenamiento Territorial de Bogotá","ESCALA_CAPTURA":null,"FECHA_CAPTURA":"2025-10-15T00:00:00Z","RESPONSABLE":"38","SHAPE_Leng":38.562514467200003,"SHAPE_Length":38.562514467212466},"geometry":{"type":"LineString","coordinates":[[-74.123257247486436,4.701487112495772],[-74.123250309288409,4.701482516596852],[-74.123166402355579,4.701396412829694],[-74.123020042993659,4.7012328296452]]}},
{"type":"Feature","properties":{"fid":230,"OBJECTID":230,"CODIGO_ID":"702020","NOMBRE":"Alameda Av Las Quintas","LONGITUD":177.0,"TIPO_CAPACIDAD":null,"OBSERVACION":null,"PLAZO":"Existente","ACTO_ADMINISTRATIVO":null,"NUMERO_ACTO_ADMINISTRATIVO":null,"FECHA_ACTO_ADMINISTRATIVO":"2025-10-15T00:00:00Z","NORMATIVA":"En el marco del Decreto 555 del 29 de diciembre de 2021 - Por el cual se adopta la revisión general del Plan de Ordenamiento Territorial de Bogotá","ESCALA_CAPTURA":null,"FECHA_CAPTURA":"2025-10-15T00:00:00Z","RESPONSABLE":"38","SHAPE_Leng":176.99515541900001,"SHAPE_Length":176.99515541898754},"geometry":{"type":"MultiLineString","coordinates":[[[-74.123574625396159,4.727948247626172],[-74.123576721936303,4.727950993884698],[-74.123578654490245,4.727953859458684],[-74.123580415850299,4.727956833500535]],[[-74.123580415850299,4.727956833500535],[-74.123641917710017,4.728027150811794],[-74.12374489911231,4.728149130921818],[-74.123837867328987,4.72825532507321],[-74.124008071957277,4.728451928115136],[-74.12415396224965,4.728619830032689],[-74.124296990935846,4.728790601856413],[-74.124747132894896,4.72895998138215],[-74.124752940686534,4.72896232188221]]]}},
{"type":"Feature","properties":{"fid":231,"OBJECTID":231,"CODIGO_ID":"34013862","NOMBRE":"Alameda Humedal Juan Amarillo","LONGITUD":198.7,"TIPO_CAPACIDAD":null,"OBSERVACION":null,"PLAZO":"Existente","ACTO_ADMINISTRATIVO":null,"NUMERO_ACTO_ADMINISTRATIVO":null,"FECHA_ACTO_ADMINISTRATIVO":"2025-10-15T00:00:00Z","NORMATIVA":"En el marco del Decreto 555 del 29 de diciembre de 2021 - Por el cual se adopta la revisión general del Plan de Ordenamiento Territorial de Bogotá","ESCALA_CAPTURA":null,"FECHA_CAPTURA":"2025-10-15T00:00:00Z","RESPONSABLE":"38","SHAPE_Leng":198.69644628500001,"SHAPE_Length":198.69644628482595},"geometry":{"type":"MultiLineString","coordinates":[[[-74.10678788783467,4.72373154382269],[-74.106804153323068,4.723940416005153],[-74.1068315470241,4.724307542696127],[-74.106854176095268,4.724630422748288],[-74.106864208771256,4.724755775357498],[-74.106875615395936,4.724898293984016],[-74.106917305984126,4.725380223556654]],[[-74.106917305984126,4.725380223556654],[-74.106922359613677,4.725397288542811],[-74.106928829640466,4.725413864575076],[-74.106936669219266,4.725429835041628],[-74.106945822494751,4.725445086042015],[-74.106956225502373,4.725459507291105],[-74.106967803465068,4.725472997542576],[-74.106980473496435,4.725485460973349]],[[-74.106980473496435,4.725485460973349],[-74.106995656610565,4.725494435314976]]]}},
{"type":"Feature","properties":{"fid":232,"OBJECTID":232,"CODIGO_ID":"34013847","NOMBRE":"Alameda Canal Salitre","LONGITUD":496.6,"TIPO_CAPACIDAD":null,"OBSERVACION":null,"PLAZO":"Existente","ACTO_ADMINISTRATIVO":null,"NUMERO_ACTO_ADMINISTRATIVO":null,"FECHA_ACTO_ADMINISTRATIVO":"2025-10-15T00:00:00Z","NORMATIVA":"En el marco del Decreto 555 del 29 de diciembre de 2021 - Por el cual se adopta la revisión general del Plan de Ordenamiento Territorial de Bogotá","ESCALA_CAPTURA":null,"FECHA_CAPTURA":"2025-10-15T00:00:00Z","RESPONSABLE":"38","SHAPE_Leng":496.62190754099998,"SHAPE_Length":496.62190753998209},"geometry":{"type":"MultiLineString","coordinates":[[[-74.081967321472206,4.693069901340629],[-74.082185429128771,4.693162002033289],[-74.082466705223439,4.693278025087205],[-74.082901999520502,4.693458463784955],[-74.082960130671381,4.693482560171502],[-74.083396347211419,4.693659585344542],[-74.083722914230037,4.693792353993122],[-74.083729940495033,4.693795708268413]],[[-74.083729940495033,4.693795708268413],[-74.083819128513369,4.693840935327637],[-74.083906230477297,4.693890082605136],[-74.083991077016293,4.693943055172082]],[[-74.083991077016293,4.693943055172082],[-74.084063428138577,4.693996596095707],[-74.084133392359377,4.69405324185526],[-74.084200835445898,4.6941128848698]],[[-74.084200835445898,4.6941128848698],[-74.084490441493301,4.694383171791641],[-74.084548839643233,4.694435794821423],[-74.084776473182146,4.694648675495363],[-74.084834702583109,4.694704861844426],[-74.085024366210348,4.694887867252881]],[[-74.085024366210348,4.694887867252881],[-74.085069012208095,4.694940499873134],[-74.085112714839383,4.69499392426474],[-74.085155460591338,4.695048122347726]],[[-74.085155460591338,4.695048122347726],[-74.085186085173461,4.695088303667516],[-74.085214322067273,4.695130208602301],[-74.085240073981467,4.695173694320206]],[[-74.085240073981467,4.695173694320206],[-74.085261248840993,4.695208991685456],[-74.085279126036056,4.695246079478676],[-74.085293557836025,4.695284648537376],[-74.085304423539895,4.695324377046131]],[[-74.085304423539895,4.695324377046131],[-74.085310464915878,4.695350255763318],[-74.085314477297757,4.695376527519064],[-74.085316438175141,4.695403034120716],[-74.08531633314665,4.695429612856636]],[[-74.08531633314665,4.695429612856636],[-74.085313281349499,4.695463429235001],[-74.085312880162832,4.695497380534201],[-74.085315132307983,4.695531259750706]],[[-74.085315132307983,4.695531259750706],[-74.085324413709174,4.695575810675442],[-74.085337554007538,4.695619373021165],[-74.0853544532266,4.695661610510721]],[[-74.0853544532266,4.695661610510721],[-74.085357626107907,4.695665033131465]]]}},
{"type":"Feature","properties":{"fid":233,"OBJECTID":233,"CODIGO_ID":"34011131","NOMBRE":"Alameda CL 41 Sur","LONGITUD":11.7,"TIPO_CAPACIDAD":null,"OBSERVACION":null,"PLAZO":"Existente","ACTO_ADMINISTRATIVO":null,"NUMERO_ACTO_ADMINISTRATIVO":null,"FECHA_ACTO_ADMINISTRATIVO":"2025-10-15T00:00:00Z","NORMATIVA":"En el marco del Decreto 555 del 29 de diciembre de 2021 - Por el cual se adopta la revisión general del Plan de Ordenamiento Territorial de Bogotá","ESCALA_CAPTURA":null,"FECHA_CAPTURA":"2025-10-15T00:00:00Z","RESPONSABLE":"38","SHAPE_Leng":11.6885763037,"SHAPE_Length":11.688576303709558},"geometry":{"type":"LineString","coordinates":[[-74.173126845192172,4.642941880685856],[-74.17307258554851,4.642851328781985]]}},
{"type":"Feature","properties":{"fid":234,"OBJECTID":234,"CODIGO_ID":"91014112","NOMBRE":"Alameda CL 40B Sur","LONGITUD":12.1,"TIPO_CAPACIDAD":null,"OBSERVACION":null,"PLAZO":"Existente","ACTO_ADMINISTRATIVO":null,"NUMERO_ACTO_ADMINISTRATIVO":null,"FECHA_ACTO_ADMINISTRATIVO":"2025-10-15T00:00:00Z","NORMATIVA":"En el marco del Decreto 555 del 29 de diciembre de 2021 - Por el cual se adopta la revisión general del Plan de Ordenamiento Territorial de Bogotá","ESCALA_CAPTURA":null,"FECHA_CAPTURA":"2025-10-15T00:00:00Z","RESPONSABLE":"38","SHAPE_Leng":12.093426256300001,"SHAPE_Length":12.093426256291957},"geometry":{"type":"LineString","coordinates":[[-74.17064626177752,4.638700111522063],[-74.170544747545307,4.638660422589965]]}},
{"type":"Feature","properties":{"fid":235,"OBJECTID":235,"CODIGO_ID":"34010021","NOMBRE":"Alameda Humedal Jaboque","LONGITUD":98.0,"TIPO_CAPACIDAD":null,"OBSERVACION":null,"PLAZO":"Existente","ACTO_ADMINISTRATIVO":null,"NUMERO_ACTO_ADMINISTRATIVO":null,"FECHA_ACTO_ADMINISTRATIVO":"2025-10-15T00:00:00Z","NORMATIVA":"En el marco del Decreto 555 del 29 de diciembre de 2021 - Por el cual se adopta la revisión general del Plan de Ordenamiento Territorial de Bogotá","ESCALA_CAPTURA":null,"FECHA_CAPTURA":"2025-10-15T00:00:00Z","RESPONSABLE":"38","SHAPE_Leng":97.945840695000001,"SHAPE_Length":97.945840695019484},"geometry":{"type":"MultiLineString","coordinates":[[[-74.129714799369694,4.705367063679098],[-74.12971960838334,4.705345336527301],[-74.129722548787697,4.705323277581654],[-74.12972359985676,4.70530104593634],[-74.129722752577024,4.705278806109492]],[[-74.129722752577024,4.705278806109492],[-74.129703147840104,4.705036919378274],[-74.129690341628873,4.704878913662431],[-74.129625505365595,4.704714363911764]],[[-74.129625505365595,4.704714363911764],[-74.129613994071207,4.704696975307728],[-74.129601717839492,4.704680120917495],[-74.12958870189685,4.704663835091595]],[[-74.12958870189685,4.704663835091595],[-74.12956256180324,4.704635113346446],[-74.129534130485496,4.70460867401022],[-74.129503605251927,4.704584699684752],[-74.129471196925692,4.704563357605153]]]}},
{"type":"Feature","properties":{"fid":236,"OBJECTID":236,"CODIGO_ID":"34011171","NOMBRE":"Alameda CL 40B Sur","LONGITUD":25.6,"TIPO_CAPACIDAD":null,"OBSERVACION":null,"PLAZO":"Existente","ACTO_ADMINISTRATIVO":null,"NUMERO_ACTO_ADMINISTRATIVO":null,"FECHA_ACTO_ADMINISTRATIVO":"2025-10-15T00:00:00Z","NORMATIVA":"En el marco del Decreto 555 del 29 de diciembre de 2021 - Por el cual se adopta la revisión general del Plan de Ordenamiento Territorial de Bogotá","ESCALA_CAPTURA":null,"FECHA_CAPTURA":"2025-10-15T00:00:00Z","RESPONSABLE":"38","SHAPE_Leng":25.604185750900001,"SHAPE_Length":25.604185750410039},"geometry":{"type":"LineString","coordinates":[[-74.16787799606027,4.635271637021953],[-74.167748810929979,4.635079892589585]]}},
{"type":"Feature","properties":{"fid":237,"OBJECTID":237,"CODIGO_ID":"2503963","NOMBRE":"Alameda Canal Cedro","LONGITUD":25.8,"TIPO_CAPACIDAD":null,"OBSERVACION":null,"PLAZO":"Existente","ACTO_ADMINISTRATIVO":null,"NUMERO_ACTO_ADMINISTRATIVO":null,"FECHA_ACTO_ADMINISTRATIVO":"2025-10-15T00:00:00Z","NORMATIVA":"En el marco del Decreto 555 del 29 de diciembre de 2021 - Por el cual se adopta la revisión general del Plan de Ordenamiento Territorial de Bogotá","ESCALA_CAPTURA":null,"FECHA_CAPTURA":"2025-10-15T00:00:00Z","RESPONSABLE":"38","SHAPE_Leng":25.840938455700002,"SHAPE_Length":25.840938455678888},"geometry":{"type":"LineString","coordinates":[[-74.036544590561789,4.741924935944923],[-74.036474343454699,4.742147638561665]]}},
{"type":"Feature","properties":{"fid":238,"OBJECTID":238,"CODIGO_ID":"92080038","NOMBRE":"Alameda Tv 127","LONGITUD":2.5,"TIPO_CAPACIDAD":null,"OBSERVACION":null,"PLAZO":"Existente","ACTO_ADMINISTRATIVO":null,"NUMERO_ACTO_ADMINISTRATIVO":null,"FECHA_ACTO_ADMINISTRATIVO":"2025-10-15T00:00:00Z","NORMATIVA":"En el marco del Decreto 555 del 29 de diciembre de 2021 - Por el cual se adopta la revisión general del Plan de Ordenamiento Territorial de Bogotá","ESCALA_CAPTURA":null,"FECHA_CAPTURA":"2025-10-15T00:00:00Z","RESPONSABLE":"38","SHAPE_Leng":2.4717343025999998,"SHAPE_Length":2.4717343025969054},"geometry":{"type":"LineString","coordinates":[[-74.109709780127005,4.744406024178526],[-74.109714277313785,4.744402595752438],[-74.10972756252572,4.744392572607238]]}},
{"type":"Feature","properties":{"fid":239,"OBJECTID":239,"CODIGO_ID":"34012091","NOMBRE":"Alameda Florida Sur","LONGITUD":26.4,"TIPO_CAPACIDAD":null,"OBSERVACION":null,"PLAZO":"Existente","ACTO_ADMINISTRATIVO":null,"NUMERO_ACTO_ADMINISTRATIVO":null,"FECHA_ACTO_ADMINISTRATIVO":"2025-10-15T00:00:00Z","NORMATIVA":"En el marco del Decreto 555 del 29 de diciembre de 2021 - Por el cual se adopta la revisión general del Plan de Ordenamiento Territorial de Bogotá","ESCALA_CAPTURA":null,"FECHA_CAPTURA":"2025-10-15T00:00:00Z","RESPONSABLE":"38","SHAPE_Leng":26.372178619500001,"SHAPE_Length":26.372178619526917},"geometry":{"type":"LineString","coordinates":[[-74.138689478262137,4.550117162774578],[-74.138709724856966,4.55013134869829],[-74.138885267763769,4.550252166350726]]}},
{"type":"Feature","properties":{"fid":240,"OBJECTID":240,"CODIGO_ID":"23001168","NOMBRE":"Alameda Canal El Carmelo","LONGITUD":41.2,"TIPO_CAPACIDAD":null,"OBSERVACION":null,"PLAZO":"Existente","ACTO_ADMINISTRATIVO":null,"NUMERO_ACTO_ADMINISTRATIVO":null,"FECHA_ACTO_ADMINISTRATIVO":"2025-10-15T00:00:00Z","NORMATIVA":"En el marco del Decreto 555 del 29 de diciembre de 2021 - Por el cual se adopta la revisión general del Plan de Ordenamiento Territorial de Bogotá","ESCALA_CAPTURA":null,"FECHA_CAPTURA":"2025-10-15T00:00:00Z","RESPONSABLE":"38","SHAPE_Leng":41.241148862800003,"SHAPE_Length":41.241148862770139},"geometry":{"type":"LineString","coordinates":[[-74.122434659075012,4.702340072330086],[-74.122124914193961,4.702545987869007]]}},
{"type":"Feature","properties":{"fid":241,"OBJECTID":241,"CODIGO_ID":"92085593","NOMBRE":"Alameda Humedal Jaboque","LONGITUD":3.9,"TIPO_CAPACIDAD":null,"OBSERVACION":null,"PLAZO":"Existente","ACTO_ADMINISTRATIVO":null,"NUMERO_ACTO_ADMINISTRATIVO":null,"FECHA_ACTO_ADMINISTRATIVO":"2025-10-15T00:00:00Z","NORMATIVA":"En el marco del Decreto 555 del 29 de diciembre de 2021 - Por el cual se adopta la revisión general del Plan de Ordenamiento Territorial de Bogotá","ESCALA_CAPTURA":null,"FECHA_CAPTURA":"2025-10-15T00:00:00Z","RESPONSABLE":"38","SHAPE_Leng":3.89928449146,"SHAPE_Length":3.8992844914590243},"geometry":{"type":"LineString","coordinates":[[-74.123629828492312,4.701698176610303],[-74.123595091505834,4.701703442763689]]}},
{"type":"Feature","properties":{"fid":242,"OBJECTID":242,"CODIGO_ID":"92080334","NOMBRE":"Alameda Av El Salitre","LONGITUD":7.6,"TIPO_CAPACIDAD":null,"OBSERVACION":null,"PLAZO":"Existente","ACTO_ADMINISTRATIVO":null,"NUMERO_ACTO_ADMINISTRATIVO":null,"FECHA_ACTO_ADMINISTRATIVO":"2025-10-15T00:00:00Z","NORMATIVA":"En el marco del Decreto 555 del 29 de diciembre de 2021 - Por el cual se adopta la revisión general del Plan de Ordenamiento Territorial de Bogotá","ESCALA_CAPTURA":null,"FECHA_CAPTURA":"2025-10-15T00:00:00Z","RESPONSABLE":"38","SHAPE_Leng":7.6049455118899996,"SHAPE_Length":7.6049455118938196},"geometry":{"type":"LineString","coordinates":[[-74.119058618073765,4.695448439317393],[-74.118999803004854,4.695413174016491]]}},
{"type":"Feature","properties":{"fid":243,"OBJECTID":243,"CODIGO_ID":"34010718","NOMBRE":"Alameda Canal Virrey","LONGITUD":71.5,"TIPO_CAPACIDAD":null,"OBSERVACION":null,"PLAZO":"Existente","ACTO_ADMINISTRATIVO":null,"NUMERO_ACTO_ADMINISTRATIVO":null,"FECHA_ACTO_ADMINISTRATIVO":"2025-10-15T00:00:00Z","NORMATIVA":"En el marco del Decreto 555 del 29 de diciembre de 2021 - Por el cual se adopta la revisión general del Plan de Ordenamiento Territorial de Bogotá","ESCALA_CAPTURA":null,"FECHA_CAPTURA":"2025-10-15T00:00:00Z","RESPONSABLE":"38","SHAPE_Leng":71.442163388300003,"SHAPE_Length":71.44216338826034},"geometry":{"type":"MultiLineString","coordinates":[[[-74.054021860237299,4.672912130175927],[-74.054055417110817,4.672919461094218],[-74.054089496025597,4.67292372408494],[-74.054123819499239,4.672924885665354],[-74.054158107343639,4.672922934047193]],[[-74.054158107343639,4.672922934047193],[-74.054371528234881,4.672891405381104]],[[-74.054371528234881,4.672891405381104],[-74.054434353523277,4.672878773757914],[-74.054497747767599,4.672869433473532],[-74.054561539788665,4.672863410719791]],[[-74.054561539788665,4.672863410719791],[-74.054594289316825,4.672864721221689],[-74.054626843015043,4.672868550995678],[-74.054659006285661,4.672874878321548]]]}},
{"type":"Feature","properties":{"fid":244,"OBJECTID":244,"CODIGO_ID":"6061","NOMBRE":"Alameda Canal Cedro","LONGITUD":9.0,"TIPO_CAPACIDAD":null,"OBSERVACION":null,"PLAZO":"Existente","ACTO_ADMINISTRATIVO":null,"NUMERO_ACTO_ADMINISTRATIVO":null,"FECHA_ACTO_ADMINISTRATIVO":"2025-10-15T00:00:00Z","NORMATIVA":"En el marco del Decreto 555 del 29 de diciembre de 2021 - Por el cual se adopta la revisión general del Plan de Ordenamiento Territorial de Bogotá","ESCALA_CAPTURA":null,"FECHA_CAPTURA":"2025-10-15T00:00:00Z","RESPONSABLE":"38","SHAPE_Leng":8.9830758214399999,"SHAPE_Length":8.9830758214437036},"geometry":{"type":"LineString","coordinates":[[-74.036569010491689,4.741847517903778],[-74.036544590561789,4.741924935944923]]}},
{"type":"Feature","properties":{"fid":245,"OBJECTID":245,"CODIGO_ID":"34011167","NOMBRE":"Alameda CL 40B Sur","LONGITUD":32.3,"TIPO_CAPACIDAD":null,"OBSERVACION":null,"PLAZO":"Existente","ACTO_ADMINISTRATIVO":null,"NUMERO_ACTO_ADMINISTRATIVO":null,"FECHA_ACTO_ADMINISTRATIVO":"2025-10-15T00:00:00Z","NORMATIVA":"En el marco del Decreto 555 del 29 de diciembre de 2021 - Por el cual se adopta la revisión general del Plan de Ordenamiento Territorial de Bogotá","ESCALA_CAPTURA":null,"FECHA_CAPTURA":"2025-10-15T00:00:00Z","RESPONSABLE":"38","SHAPE_Leng":32.310200602599998,"SHAPE_Length":32.310200603071323},"geometry":{"type":"LineString","coordinates":[[-74.168329378335912,4.63595656238157],[-74.168168533436912,4.635713136641567]]}},
{"type":"Feature","properties":{"fid":246,"OBJECTID":246,"CODIGO_ID":"34013812","NOMBRE":"Alameda Canal Torca","LONGITUD":350.1,"TIPO_CAPACIDAD":null,"OBSERVACION":null,"PLAZO":"Existente","ACTO_ADMINISTRATIVO":null,"NUMERO_ACTO_ADMINISTRATIVO":null,"FECHA_ACTO_ADMINISTRATIVO":"2025-10-15T00:00:00Z","NORMATIVA":"En el marco del Decreto 555 del 29 de diciembre de 2021 - Por el cual se adopta la revisión general del Plan de Ordenamiento Territorial de Bogotá","ESCALA_CAPTURA":null,"FECHA_CAPTURA":"2025-10-15T00:00:00Z","RESPONSABLE":"38","SHAPE_Leng":350.04494445799997,"SHAPE_Length":350.04494445767801},"geometry":{"type":"MultiLineString","coordinates":[[[-74.040705164614977,4.763855190125354],[-74.040726855560209,4.76379597338741],[-74.040743487373604,4.763735131482726],[-74.040754940150819,4.763673098286332],[-74.040761131830251,4.763610316718364],[-74.040762019094501,4.763547235128551]],[[-74.040762019094501,4.763547235128551],[-74.040769634730168,4.763193658634447],[-74.040755355858522,4.763028629721552]],[[-74.040755355858522,4.763028629721552],[-74.040739172674591,4.762995915308144],[-74.040726189320026,4.762961794850107],[-74.040716525585367,4.762926582938523]],[[-74.040716525585367,4.762926582938523],[-74.040710270624047,4.762890604103151],[-74.040707481150619,4.76285419010019],[-74.040708184144762,4.762817675393094]],[[-74.040708184144762,4.762817675393094],[-74.04072681327446,4.762599555683792],[-74.040751590992897,4.761987356223695],[-74.040751630790027,4.761986367315122],[-74.04075265825729,4.761960978399187],[-74.040762719155992,4.761649582098297],[-74.04079284692547,4.761062665850538],[-74.040797701307355,4.76078241232223],[-74.040805971305915,4.760710128808192]]]}},
{"type":"Feature","properties":{"fid":247,"OBJECTID":247,"CODIGO_ID":"34010509","NOMBRE":"Alameda Canal Salitre","LONGITUD":40.5,"TIPO_CAPACIDAD":null,"OBSERVACION":null,"PLAZO":"Existente","ACTO_ADMINISTRATIVO":null,"NUMERO_ACTO_ADMINISTRATIVO":null,"FECHA_ACTO_ADMINISTRATIVO":"2025-10-15T00:00:00Z","NORMATIVA":"En el marco del Decreto 555 del 29 de diciembre de 2021 - Por el cual se adopta la revisión general del Plan de Ordenamiento Territorial de Bogotá","ESCALA_CAPTURA":null,"FECHA_CAPTURA":"2025-10-15T00:00:00Z","RESPONSABLE":"38","SHAPE_Leng":40.494746281899999,"SHAPE_Length":40.494746281771071},"geometry":{"type":"LineString","coordinates":[[-74.075462739891037,4.674652534464001],[-74.075462463543303,4.674650168806464],[-74.075425306363044,4.674364596402537],[-74.07542383963947,4.67432893463752],[-74.075422195864746,4.674288987241397]]}},
{"type":"Feature","properties":{"fid":248,"OBJECTID":248,"CODIGO_ID":"34014439","NOMBRE":"Alameda Canal Salitre","LONGITUD":46.5,"TIPO_CAPACIDAD":null,"OBSERVACION":null,"PLAZO":"Existente","ACTO_ADMINISTRATIVO":null,"NUMERO_ACTO_ADMINISTRATIVO":null,"FECHA_ACTO_ADMINISTRATIVO":"2025-10-15T00:00:00Z","NORMATIVA":"En el marco del Decreto 555 del 29 de diciembre de 2021 - Por el cual se adopta la revisión general del Plan de Ordenamiento Territorial de Bogotá","ESCALA_CAPTURA":null,"FECHA_CAPTURA":"2025-10-15T00:00:00Z","RESPONSABLE":"38","SHAPE_Leng":46.493366923000004,"SHAPE_Length":46.493366922994582},"geometry":{"type":"LineString","coordinates":[[-74.076276275320225,4.671139059056916],[-74.07628234408331,4.671065574183794],[-74.076274580159009,4.670719122993174]]}},
{"type":"Feature","properties":{"fid":249,"OBJECTID":249,"CODIGO_ID":"34014085","NOMBRE":"Alameda Río Bogotá","LONGITUD":104.0,"TIPO_CAPACIDAD":null,"OBSERVACION":null,"PLAZO":"Existente","ACTO_ADMINISTRATIVO":null,"NUMERO_ACTO_ADMINISTRATIVO":null,"FECHA_ACTO_ADMINISTRATIVO":"2025-10-15T00:00:00Z","NORMATIVA":"En el marco del Decreto 555 del 29 de diciembre de 2021 - Por el cual se adopta la revisión general del Plan de Ordenamiento Territorial de Bogotá","ESCALA_CAPTURA":null,"FECHA_CAPTURA":"2025-10-15T00:00:00Z","RESPONSABLE":"38","SHAPE_Leng":103.95161470799999,"SHAPE_Length":103.95161470819889},"geometry":{"type":"MultiLineString","coordinates":[[[-74.136095215197642,4.725282039625479],[-74.136030443393921,4.725278165231275],[-74.135914586734131,4.725278163456598],[-74.135732933442512,4.725299685407557]],[[-74.135732933442512,4.725299685407557],[-74.135596497765334,4.725313244261446],[-74.135459495487282,4.725318510274813],[-74.135322425766589,4.725315464472559]],[[-74.135322425766589,4.725315464472559],[-74.135160798364822,4.725316896389319]]]}},
{"type":"Feature","properties":{"fid":250,"OBJECTID":250,"CODIGO_ID":"91014129","NOMBRE":"Alameda CL 41 Sur","LONGITUD":8.7,"TIPO_CAPACIDAD":null,"OBSERVACION":null,"PLAZO":"Existente","ACTO_ADMINISTRATIVO":null,"NUMERO_ACTO_ADMINISTRATIVO":null,"FECHA_ACTO_ADMINISTRATIVO":"2025-10-15T00:00:00Z","NORMATIVA":"En el marco del Decreto 555 del 29 de diciembre de 2021 - Por el cual se adopta la revisión general del Plan de Ordenamiento Territorial de Bogotá","ESCALA_CAPTURA":null,"FECHA_CAPTURA":"2025-10-15T00:00:00Z","RESPONSABLE":"38","SHAPE_Leng":8.6906226024399995,"SHAPE_Length":8.6906226029557754},"geometry":{"type":"LineString","coordinates":[[-74.17511086160107,4.64570269678816],[-74.17510769565169,4.645697720680326],[-74.175067598836648,4.645637221939014]]}},
{"type":"Feature","properties":{"fid":251,"OBJECTID":251,"CODIGO_ID":"91038558","NOMBRE":"Alameda Canal Molinos","LONGITUD":11.1,"TIPO_CAPACIDAD":null,"OBSERVACION":null,"PLAZO":"Existente","ACTO_ADMINISTRATIVO":null,"NUMERO_ACTO_ADMINISTRATIVO":null,"FECHA_ACTO_ADMINISTRATIVO":"2025-10-15T00:00:00Z","NORMATIVA":"En el marco del Decreto 555 del 29 de diciembre de 2021 - Por el cual se adopta la revisión general del Plan de Ordenamiento Territorial de Bogotá","ESCALA_CAPTURA":null,"FECHA_CAPTURA":"2025-10-15T00:00:00Z","RESPONSABLE":"38","SHAPE_Leng":11.052986347,"SHAPE_Length":11.052986346985245},"geometry":{"type":"LineString","coordinates":[[-74.043759121205625,4.694513100993509],[-74.0436810220707,4.694498474483472],[-74.043661069870268,4.694495761510963]]}},
{"type":"Feature","properties":{"fid":252,"OBJECTID":252,"CODIGO_ID":"34010028","NOMBRE":"Alameda Humedal Jaboque","LONGITUD":46.1,"TIPO_CAPACIDAD":null,"OBSERVACION":null,"PLAZO":"Existente","ACTO_ADMINISTRATIVO":null,"NUMERO_ACTO_ADMINISTRATIVO":null,"FECHA_ACTO_ADMINISTRATIVO":"2025-10-15T00:00:00Z","NORMATIVA":"En el marco del Decreto 555 del 29 de diciembre de 2021 - Por el cual se adopta la revisión general del Plan de Ordenamiento Territorial de Bogotá","ESCALA_CAPTURA":null,"FECHA_CAPTURA":"2025-10-15T00:00:00Z","RESPONSABLE":"38","SHAPE_Leng":46.085639316399998,"SHAPE_Length":46.085639316317838},"geometry":{"type":"MultiLineString","coordinates":[[[-74.129734694575987,4.706081540189841],[-74.129729992806929,4.706064441016219],[-74.129724733331557,4.706047507251315],[-74.129718919753401,4.706030756070223]],[[-74.129718919753401,4.706030756070223],[-74.12962239219118,4.705806475455071]],[[-74.12962239219118,4.705806475455071],[-74.129613183770545,4.705788910638003],[-74.12960546918093,4.705770635354977],[-74.129599301576562,4.705751777967804],[-74.129594725101839,4.705732469549916],[-74.129591771287423,4.705712844790195],[-74.129590460852157,4.705693041993046]]]}},
{"type":"Feature","properties":{"fid":253,"OBJECTID":253,"CODIGO_ID":"34011537","NOMBRE":"Alameda Canal Salitre","LONGITUD":23.9,"TIPO_CAPACIDAD":null,"OBSERVACION":null,"PLAZO":"Existente","ACTO_ADMINISTRATIVO":null,"NUMERO_ACTO_ADMINISTRATIVO":null,"FECHA_ACTO_ADMINISTRATIVO":"2025-10-15T00:00:00Z","NORMATIVA":"En el marco del Decreto 555 del 29 de diciembre de 2021 - Por el cual se adopta la revisión general del Plan de Ordenamiento Territorial de Bogotá","ESCALA_CAPTURA":null,"FECHA_CAPTURA":"2025-10-15T00:00:00Z","RESPONSABLE":"38","SHAPE_Leng":23.9493561532,"SHAPE_Length":23.949356153559698},"geometry":{"type":"LineString","coordinates":[[-74.077689969759874,4.68123100279808],[-74.077765563205546,4.681028234147175]]}},
{"type":"Feature","properties":{"fid":254,"OBJECTID":254,"CODIGO_ID":"34011192","NOMBRE":"Alameda Canal Salitre","LONGITUD":96.8,"TIPO_CAPACIDAD":null,"OBSERVACION":null,"PLAZO":"Existente","ACTO_ADMINISTRATIVO":null,"NUMERO_ACTO_ADMINISTRATIVO":null,"FECHA_ACTO_ADMINISTRATIVO":"2025-10-15T00:00:00Z","NORMATIVA":"En el marco del Decreto 555 del 29 de diciembre de 2021 - Por el cual se adopta la revisión general del Plan de Ordenamiento Territorial de Bogotá","ESCALA_CAPTURA":null,"FECHA_CAPTURA":"2025-10-15T00:00:00Z","RESPONSABLE":"38","SHAPE_Leng":96.841417008500002,"SHAPE_Length":96.841417008454414},"geometry":{"type":"MultiLineString","coordinates":[[[-74.080883006914263,4.689776432876417],[-74.081052228496205,4.690063452782097],[-74.081272633498955,4.690445730826394]],[[-74.081272633498955,4.690445730826394],[-74.081292405113089,4.690472636843111],[-74.081311107227037,4.690500302978521],[-74.081328709212329,4.690528685840393]]]}},
{"type":"Feature","properties":{"fid":255,"OBJECTID":255,"CODIGO_ID":"91036232","NOMBRE":"Alameda CL 41 Sur","LONGITUD":5.8,"TIPO_CAPACIDAD":null,"OBSERVACION":null,"PLAZO":"Existente","ACTO_ADMINISTRATIVO":null,"NUMERO_ACTO_ADMINISTRATIVO":null,"FECHA_ACTO_ADMINISTRATIVO":"2025-10-15T00:00:00Z","NORMATIVA":"En el marco del Decreto 555 del 29 de diciembre de 2021 - Por el cual se adopta la revisión general del Plan de Ordenamiento Territorial de Bogotá","ESCALA_CAPTURA":null,"FECHA_CAPTURA":"2025-10-15T00:00:00Z","RESPONSABLE":"38","SHAPE_Leng":5.75908199672,"SHAPE_Length":5.7590819967219211},"geometry":{"type":"LineString","coordinates":[[-74.175752018107389,4.646741728481389],[-74.175724737110841,4.646697446987189]]}},
{"type":"Feature","properties":{"fid":256,"OBJECTID":256,"CODIGO_ID":"92010034","NOMBRE":"Alameda Canal Molinos","LONGITUD":7.0,"TIPO_CAPACIDAD":null,"OBSERVACION":null,"PLAZO":"Existente","ACTO_ADMINISTRATIVO":null,"NUMERO_ACTO_ADMINISTRATIVO":null,"FECHA_ACTO_ADMINISTRATIVO":"2025-10-15T00:00:00Z","NORMATIVA":"En el marco del Decreto 555 del 29 de diciembre de 2021 - Por el cual se adopta la revisión general del Plan de Ordenamiento Territorial de Bogotá","ESCALA_CAPTURA":null,"FECHA_CAPTURA":"2025-10-15T00:00:00Z","RESPONSABLE":"38","SHAPE_Leng":6.9518845128700004,"SHAPE_Length":6.9518845129350346},"geometry":{"type":"LineString","coordinates":[[-74.039454228993122,4.690636803139419],[-74.039461734616935,4.69064408195835],[-74.039468606779266,4.690651966323701],[-74.0394747959363,4.690660400183262],[-74.039480260653306,4.690669323870272],[-74.039484962198813,4.69067867500652],[-74.039488866346574,4.690688388502704]]}},
{"type":"Feature","properties":{"fid":257,"OBJECTID":257,"CODIGO_ID":"34010048","NOMBRE":"Alameda Humedal Jaboque","LONGITUD":27.0,"TIPO_CAPACIDAD":null,"OBSERVACION":null,"PLAZO":"Existente","ACTO_ADMINISTRATIVO":null,"NUMERO_ACTO_ADMINISTRATIVO":null,"FECHA_ACTO_ADMINISTRATIVO":"2025-10-15T00:00:00Z","NORMATIVA":"En el marco del Decreto 555 del 29 de diciembre de 2021 - Por el cual se adopta la revisión general del Plan de Ordenamiento Territorial de Bogotá","ESCALA_CAPTURA":null,"FECHA_CAPTURA":"2025-10-15T00:00:00Z","RESPONSABLE":"38","SHAPE_Leng":26.9891117104,"SHAPE_Length":26.989111710449158},"geometry":{"type":"LineString","coordinates":[[-74.124090971566304,4.701928446841175],[-74.123927302772501,4.701811637121921],[-74.123892790187838,4.701787082086255]]}},
{"type":"Feature","properties":{"fid":258,"OBJECTID":258,"CODIGO_ID":"20013024","NOMBRE":"Alameda Canal Torca","LONGITUD":19.4,"TIPO_CAPACIDAD":null,"OBSERVACION":null,"PLAZO":"Existente","ACTO_ADMINISTRATIVO":null,"NUMERO_ACTO_ADMINISTRATIVO":null,"FECHA_ACTO_ADMINISTRATIVO":"2025-10-15T00:00:00Z","NORMATIVA":"En el marco del Decreto 555 del 29 de diciembre de 2021 - Por el cual se adopta la revisión general del Plan de Ordenamiento Territorial de Bogotá","ESCALA_CAPTURA":null,"FECHA_CAPTURA":"2025-10-15T00:00:00Z","RESPONSABLE":"38","SHAPE_Leng":19.355742058600001,"SHAPE_Length":19.355742058582269},"geometry":{"type":"LineString","coordinates":[[-74.04122741574524,4.759740287747595],[-74.041227417370109,4.759729604937281],[-74.04123038875781,4.759565349721527]]}},
{"type":"Feature","properties":{"fid":259,"OBJECTID":259,"CODIGO_ID":"20048378","NOMBRE":"Alameda Canal Salitre","LONGITUD":65.3,"TIPO_CAPACIDAD":null,"OBSERVACION":null,"PLAZO":"Existente","ACTO_ADMINISTRATIVO":null,"NUMERO_ACTO_ADMINISTRATIVO":null,"FECHA_ACTO_ADMINISTRATIVO":"2025-10-15T00:00:00Z","NORMATIVA":"En el marco del Decreto 555 del 29 de diciembre de 2021 - Por el cual se adopta la revisión general del Plan de Ordenamiento Territorial de Bogotá","ESCALA_CAPTURA":null,"FECHA_CAPTURA":"2025-10-15T00:00:00Z","RESPONSABLE":"38","SHAPE_Leng":65.317712137599997,"SHAPE_Length":65.317712137588515},"geometry":{"type":"LineString","coordinates":[[-74.075989932772728,4.675295709964636],[-74.075955239932838,4.674950841622757],[-74.075927938007126,4.6747085683991]]}},
{"type":"Feature","properties":{"fid":260,"OBJECTID":260,"CODIGO_ID":"34010260","NOMBRE":"Alameda Tv 127","LONGITUD":29.8,"TIPO_CAPACIDAD":null,"OBSERVACION":null,"PLAZO":"Existente","ACTO_ADMINISTRATIVO":null,"NUMERO_ACTO_ADMINISTRATIVO":null,"FECHA_ACTO_ADMINISTRATIVO":"2025-10-15T00:00:00Z","NORMATIVA":"En el marco del Decreto 555 del 29 de diciembre de 2021 - Por el cual se adopta la revisión general del Plan de Ordenamiento Territorial de Bogotá","ESCALA_CAPTURA":null,"FECHA_CAPTURA":"2025-10-15T00:00:00Z","RESPONSABLE":"38","SHAPE_Leng":29.802644005299999,"SHAPE_Length":29.802644006004911},"geometry":{"type":"LineString","coordinates":[[-74.112654544827478,4.742200531114306],[-74.112664775384573,4.742192820958715],[-74.112870937017561,4.742041014250515]]}},
{"type":"Feature","properties":{"fid":261,"OBJECTID":261,"CODIGO_ID":"34011271","NOMBRE":"Alameda Canal Salitre","LONGITUD":219.3,"TIPO_CAPACIDAD":null,"OBSERVACION":null,"PLAZO":"Existente","ACTO_ADMINISTRATIVO":null,"NUMERO_ACTO_ADMINISTRATIVO":null,"FECHA_ACTO_ADMINISTRATIVO":"2025-10-15T00:00:00Z","NORMATIVA":"En el marco del Decreto 555 del 29 de diciembre de 2021 - Por el cual se adopta la revisión general del Plan de Ordenamiento Territorial de Bogotá","ESCALA_CAPTURA":null,"FECHA_CAPTURA":"2025-10-15T00:00:00Z","RESPONSABLE":"38","SHAPE_Leng":219.302602165,"SHAPE_Length":219.30260216488381},"geometry":{"type":"LineString","coordinates":[[-74.089353422460391,4.696872867225002],[-74.089222295699884,4.697092892452792],[-74.089153874180724,4.697211557851182],[-74.089024411902059,4.697436084829855],[-74.088850131014439,4.69773920895033],[-74.088592985220359,4.698179337335167],[-74.08845632307478,4.698424526012063],[-74.088374468204478,4.698594194493384]]}},
{"type":"Feature","properties":{"fid":262,"OBJECTID":262,"CODIGO_ID":"34011132","NOMBRE":"Alameda CL 41 Sur","LONGITUD":31.3,"TIPO_CAPACIDAD":null,"OBSERVACION":null,"PLAZO":"Existente","ACTO_ADMINISTRATIVO":null,"NUMERO_ACTO_ADMINISTRATIVO":null,"FECHA_ACTO_ADMINISTRATIVO":"2025-10-15T00:00:00Z","NORMATIVA":"En el marco del Decreto 555 del 29 de diciembre de 2021 - Por el cual se adopta la revisión general del Plan de Ordenamiento Territorial de Bogotá","ESCALA_CAPTURA":null,"FECHA_CAPTURA":"2025-10-15T00:00:00Z","RESPONSABLE":"38","SHAPE_Leng":31.267978106899999,"SHAPE_Length":31.267978106384135},"geometry":{"type":"LineString","coordinates":[[-74.173576096106075,4.643416382352648],[-74.173573878872858,4.643412838959506],[-74.173453273491461,4.64322009734336],[-74.173426031564503,4.643177183426683]]}},
{"type":"Feature","properties":{"fid":263,"OBJECTID":263,"CODIGO_ID":"34010151","NOMBRE":"Alameda Canal Salitre","LONGITUD":144.9,"TIPO_CAPACIDAD":null,"OBSERVACION":null,"PLAZO":"Existente","ACTO_ADMINISTRATIVO":null,"NUMERO_ACTO_ADMINISTRATIVO":null,"FECHA_ACTO_ADMINISTRATIVO":"2025-10-15T00:00:00Z","NORMATIVA":"En el marco del Decreto 555 del 29 de diciembre de 2021 - Por el cual se adopta la revisión general del Plan de Ordenamiento Territorial de Bogotá","ESCALA_CAPTURA":null,"FECHA_CAPTURA":"2025-10-15T00:00:00Z","RESPONSABLE":"38","SHAPE_Leng":144.87372076400001,"SHAPE_Length":144.87372076421914},"geometry":{"type":"MultiLineString","coordinates":[[[-74.078031124395466,4.686866627112371],[-74.078011329632034,4.686839209367653],[-74.077964852294386,4.686775825479251],[-74.077887393431212,4.686635903174852],[-74.077865944381614,4.686591654677812],[-74.077772988837594,4.686474452443625],[-74.077627597064506,4.686295060716495],[-74.07746728956613,4.686094441909348]],[[-74.07746728956613,4.686094441909348],[-74.077434144406496,4.686059936788908],[-74.077398421375349,4.686028126981132],[-74.07736033758195,4.685999205047811],[-74.077320123651205,4.685973347281021]],[[-74.077320123651205,4.685973347281021],[-74.077280343013356,4.685939008725926],[-74.077243646645897,4.685901371972658],[-74.077210303904621,4.685860714560113]]]}},
{"type":"Feature","properties":{"fid":264,"OBJECTID":264,"CODIGO_ID":"92084177","NOMBRE":"Alameda Humedal Juan Amarillo","LONGITUD":10.6,"TIPO_CAPACIDAD":null,"OBSERVACION":null,"PLAZO":"Existente","ACTO_ADMINISTRATIVO":null,"NUMERO_ACTO_ADMINISTRATIVO":null,"FECHA_ACTO_ADMINISTRATIVO":"2025-10-15T00:00:00Z","NORMATIVA":"En el marco del Decreto 555 del 29 de diciembre de 2021 - Por el cual se adopta la revisión general del Plan de Ordenamiento Territorial de Bogotá","ESCALA_CAPTURA":null,"FECHA_CAPTURA":"2025-10-15T00:00:00Z","RESPONSABLE":"38","SHAPE_Leng":10.6134682925,"SHAPE_Length":10.613468292486843},"geometry":{"type":"LineString","coordinates":[[-74.09597488092362,4.71614864450236],[-74.096038487165927,4.716220283266072]]}},
{"type":"Feature","properties":{"fid":265,"OBJECTID":265,"CODIGO_ID":"34010500","NOMBRE":"Alameda Canal Salitre","LONGITUD":58.2,"TIPO_CAPACIDAD":null,"OBSERVACION":null,"PLAZO":"Existente","ACTO_ADMINISTRATIVO":null,"NUMERO_ACTO_ADMINISTRATIVO":null,"FECHA_ACTO_ADMINISTRATIVO":"2025-10-15T00:00:00Z","NORMATIVA":"En el marco del Decreto 555 del 29 de diciembre de 2021 - Por el cual se adopta la revisión general del Plan de Ordenamiento Territorial de Bogotá","ESCALA_CAPTURA":null,"FECHA_CAPTURA":"2025-10-15T00:00:00Z","RESPONSABLE":"38","SHAPE_Leng":58.227303743599997,"SHAPE_Length":58.227303743819085},"geometry":{"type":"MultiLineString","coordinates":[[[-74.07587196936008,4.674178449314275],[-74.075872494113298,4.674066502751782]],[[-74.075872494113298,4.674066502751782],[-74.075880631986948,4.673961067184097],[-74.075896887155977,4.673856580675363],[-74.075921162253223,4.67375367236232]],[[-74.075921162253223,4.67375367236232],[-74.07594280129571,4.673658987893051]]]}},
{"type":"Feature","properties":{"fid":266,"OBJECTID":266,"CODIGO_ID":"20013441","NOMBRE":"Alameda Canal Salitre","LONGITUD":15.9,"TIPO_CAPACIDAD":null,"OBSERVACION":null,"PLAZO":"Existente","ACTO_ADMINISTRATIVO":null,"NUMERO_ACTO_ADMINISTRATIVO":null,"FECHA_ACTO_ADMINISTRATIVO":"2025-10-15T00:00:00Z","NORMATIVA":"En el marco del Decreto 555 del 29 de diciembre de 2021 - Por el cual se adopta la revisión general del Plan de Ordenamiento Territorial de Bogotá","ESCALA_CAPTURA":null,"FECHA_CAPTURA":"2025-10-15T00:00:00Z","RESPONSABLE":"38","SHAPE_Leng":15.9279353087,"SHAPE_Length":15.927935308706953},"geometry":{"type":"LineString","coordinates":[[-74.089425017595303,4.696748085961569],[-74.089353422460391,4.696872867225002]]}},
{"type":"Feature","properties":{"fid":267,"OBJECTID":267,"CODIGO_ID":"91036337","NOMBRE":"Alameda CL 40B Sur","LONGITUD":10.9,"TIPO_CAPACIDAD":null,"OBSERVACION":null,"PLAZO":"Existente","ACTO_ADMINISTRATIVO":null,"NUMERO_ACTO_ADMINISTRATIVO":null,"FECHA_ACTO_ADMINISTRATIVO":"2025-10-15T00:00:00Z","NORMATIVA":"En el marco del Decreto 555 del 29 de diciembre de 2021 - Por el cual se adopta la revisión general del Plan de Ordenamiento Territorial de Bogotá","ESCALA_CAPTURA":null,"FECHA_CAPTURA":"2025-10-15T00:00:00Z","RESPONSABLE":"38","SHAPE_Leng":10.9295068183,"SHAPE_Length":10.92950681828734},"geometry":{"type":"LineString","coordinates":[[-74.166324740454769,4.632744084120134],[-74.166279154410731,4.632656513544935]]}},
{"type":"Feature","properties":{"fid":268,"OBJECTID":268,"CODIGO_ID":"34010503","NOMBRE":"Alameda Canal Salitre","LONGITUD":86.8,"TIPO_CAPACIDAD":null,"OBSERVACION":null,"PLAZO":"Existente","ACTO_ADMINISTRATIVO":null,"NUMERO_ACTO_ADMINISTRATIVO":null,"FECHA_ACTO_ADMINISTRATIVO":"2025-10-15T00:00:00Z","NORMATIVA":"En el marco del Decreto 555 del 29 de diciembre de 2021 - Por el cual se adopta la revisión general del Plan de Ordenamiento Territorial de Bogotá","ESCALA_CAPTURA":null,"FECHA_CAPTURA":"2025-10-15T00:00:00Z","RESPONSABLE":"38","SHAPE_Leng":86.771675660599996,"SHAPE_Length":86.77167566057399},"geometry":{"type":"LineString","coordinates":[[-74.075553668228821,4.675431580631576],[-74.075462739891037,4.674652534464001]]}},
{"type":"Feature","properties":{"fid":269,"OBJECTID":269,"CODIGO_ID":"23001167","NOMBRE":"Alameda Canal El Carmelo","LONGITUD":42.4,"TIPO_CAPACIDAD":null,"OBSERVACION":null,"PLAZO":"Existente","ACTO_ADMINISTRATIVO":null,"NUMERO_ACTO_ADMINISTRATIVO":null,"FECHA_ACTO_ADMINISTRATIVO":"2025-10-15T00:00:00Z","NORMATIVA":"En el marco del Decreto 555 del 29 de diciembre de 2021 - Por el cual se adopta la revisión general del Plan de Ordenamiento Territorial de Bogotá","ESCALA_CAPTURA":null,"FECHA_CAPTURA":"2025-10-15T00:00:00Z","RESPONSABLE":"38","SHAPE_Leng":42.380472210999997,"SHAPE_Length":42.380472211768151},"geometry":{"type":"LineString","coordinates":[[-74.122124914193961,4.702545987869007],[-74.12208939176945,4.702569602234647],[-74.122043031334826,4.702600422481726],[-74.121814725242118,4.702769234627107]]}},
{"type":"Feature","properties":{"fid":270,"OBJECTID":270,"CODIGO_ID":"92081958","NOMBRE":"Alameda Canal Salitre","LONGITUD":9.1,"TIPO_CAPACIDAD":null,"OBSERVACION":null,"PLAZO":"Existente","ACTO_ADMINISTRATIVO":null,"NUMERO_ACTO_ADMINISTRATIVO":null,"FECHA_ACTO_ADMINISTRATIVO":"2025-10-15T00:00:00Z","NORMATIVA":"En el marco del Decreto 555 del 29 de diciembre de 2021 - Por el cual se adopta la revisión general del Plan de Ordenamiento Territorial de Bogotá","ESCALA_CAPTURA":null,"FECHA_CAPTURA":"2025-10-15T00:00:00Z","RESPONSABLE":"38","SHAPE_Leng":9.1330313676500001,"SHAPE_Length":9.1330313676502612},"geometry":{"type":"LineString","coordinates":[[-74.075563109861108,4.67551359308883],[-74.075553668228821,4.675431580631576]]}},
{"type":"Feature","properties":{"fid":271,"OBJECTID":271,"CODIGO_ID":"34010030","NOMBRE":"Alameda Av El Salitre","LONGITUD":82.0,"TIPO_CAPACIDAD":null,"OBSERVACION":null,"PLAZO":"Existente","ACTO_ADMINISTRATIVO":null,"NUMERO_ACTO_ADMINISTRATIVO":null,"FECHA_ACTO_ADMINISTRATIVO":"2025-10-15T00:00:00Z","NORMATIVA":"En el marco del Decreto 555 del 29 de diciembre de 2021 - Por el cual se adopta la revisión general del Plan de Ordenamiento Territorial de Bogotá","ESCALA_CAPTURA":null,"FECHA_CAPTURA":"2025-10-15T00:00:00Z","RESPONSABLE":"38","SHAPE_Leng":81.978547088300004,"SHAPE_Length":81.978547089091947},"geometry":{"type":"LineString","coordinates":[[-74.117294564152999,4.694410917298933],[-74.117254120234762,4.694386839871715],[-74.116979991787332,4.694219409147678],[-74.116665339147005,4.694034039556207],[-74.116660389409461,4.694031099707837]]}},
{"type":"Feature","properties":{"fid":272,"OBJECTID":272,"CODIGO_ID":"34012085","NOMBRE":"Alameda Florida Sur","LONGITUD":103.8,"TIPO_CAPACIDAD":null,"OBSERVACION":null,"PLAZO":"Existente","ACTO_ADMINISTRATIVO":null,"NUMERO_ACTO_ADMINISTRATIVO":null,"FECHA_ACTO_ADMINISTRATIVO":"2025-10-15T00:00:00Z","NORMATIVA":"En el marco del Decreto 555 del 29 de diciembre de 2021 - Por el cual se adopta la revisión general del Plan de Ordenamiento Territorial de Bogotá","ESCALA_CAPTURA":null,"FECHA_CAPTURA":"2025-10-15T00:00:00Z","RESPONSABLE":"38","SHAPE_Leng":103.80785803400001,"SHAPE_Length":103.80785803395169},"geometry":{"type":"MultiLineString","coordinates":[[[-74.138053659676885,4.549524332747685],[-74.138058286044213,4.549525691440788],[-74.138062773687338,4.549527458718035],[-74.138067085674592,4.549529621019732],[-74.138071188677486,4.549532160266465],[-74.138075049367586,4.549535057474889],[-74.138078638019579,4.549538288237958],[-74.138081924007381,4.549541827244695]],[[-74.138081924007381,4.549541827244695],[-74.138227003685131,4.549710083138946]],[[-74.138227003685131,4.549710083138946],[-74.13823157055694,4.549715416502452],[-74.138235760000242,4.549721053589065],[-74.138239551297517,4.549726967279994]],[[-74.138239551297517,4.549726967279994],[-74.13824363532764,4.549734562323041],[-74.138247062688549,4.549742477357054],[-74.138249810861524,4.549750655432906]],[[-74.138249810861524,4.549750655432906],[-74.138309793190956,4.549937613062815]],[[-74.138309793190956,4.549937613062815],[-74.138314614983557,4.549943023264527],[-74.138319883566169,4.549947996863052],[-74.138325560205828,4.54995249498804],[-74.138331602566467,4.5499564860007],[-74.138337964708796,4.549959939166206],[-74.138344599792759,4.549962829173337],[-74.138351458275906,4.549965133422791],[-74.13835848971496,4.549966836546791],[-74.138365641865022,4.549967924081514],[-74.138372859778826,4.549968389698697]],[[-74.138372859778826,4.549968389698697],[-74.138548192803057,4.549999567138785]],[[-74.138548192803057,4.549999567138785],[-74.138557270798259,4.550001998868144],[-74.138566085757688,4.550005263133248],[-74.13857456201643,4.550009332814752],[-74.138582625711265,4.550014172657734]],[[-74.138582625711265,4.550014172657734],[-74.138602318267857,4.550033432454825],[-74.138620356082285,4.550054260587897],[-74.138636613948222,4.550076516039313]],[[-74.138636613948222,4.550076516039313],[-74.138689478262137,4.550117162774578]]]}},
{"type":"Feature","properties":{"fid":273,"OBJECTID":273,"CODIGO_ID":"34010007","NOMBRE":"Alameda Humedal Jaboque","LONGITUD":74.8,"TIPO_CAPACIDAD":null,"OBSERVACION":null,"PLAZO":"Existente","ACTO_ADMINISTRATIVO":null,"NUMERO_ACTO_ADMINISTRATIVO":null,"FECHA_ACTO_ADMINISTRATIVO":"2025-10-15T00:00:00Z","NORMATIVA":"En el marco del Decreto 555 del 29 de diciembre de 2021 - Por el cual se adopta la revisión general del Plan de Ordenamiento Territorial de Bogotá","ESCALA_CAPTURA":null,"FECHA_CAPTURA":"2025-10-15T00:00:00Z","RESPONSABLE":"38","SHAPE_Leng":74.768668162699996,"SHAPE_Length":74.76866816271729},"geometry":{"type":"LineString","coordinates":[[-74.129240334253595,4.704071298309956],[-74.129078544982178,4.703751833075578],[-74.128935180680315,4.703468750326403]]}},
{"type":"Feature","properties":{"fid":274,"OBJECTID":274,"CODIGO_ID":"92080312","NOMBRE":"Alameda Humedal Jaboque","LONGITUD":33.8,"TIPO_CAPACIDAD":null,"OBSERVACION":null,"PLAZO":"Existente","ACTO_ADMINISTRATIVO":null,"NUMERO_ACTO_ADMINISTRATIVO":null,"FECHA_ACTO_ADMINISTRATIVO":"2025-10-15T00:00:00Z","NORMATIVA":"En el marco del Decreto 555 del 29 de diciembre de 2021 - Por el cual se adopta la revisión general del Plan de Ordenamiento Territorial de Bogotá","ESCALA_CAPTURA":null,"FECHA_CAPTURA":"2025-10-15T00:00:00Z","RESPONSABLE":"38","SHAPE_Leng":33.784972502000002,"SHAPE_Length":33.784972501962926},"geometry":{"type":"LineString","coordinates":[[-74.123089627494352,4.701149165373355],[-74.123141563127575,4.701086720656427],[-74.123001319060521,4.700912341833584]]}},
{"type":"Feature","properties":{"fid":275,"OBJECTID":275,"CODIGO_ID":"92056454","NOMBRE":"Alameda Canal Virrey","LONGITUD":2.3,"TIPO_CAPACIDAD":null,"OBSERVACION":null,"PLAZO":"Existente","ACTO_ADMINISTRATIVO":null,"NUMERO_ACTO_ADMINISTRATIVO":null,"FECHA_ACTO_ADMINISTRATIVO":"2025-10-15T00:00:00Z","NORMATIVA":"En el marco del Decreto 555 del 29 de diciembre de 2021 - Por el cual se adopta la revisión general del Plan de Ordenamiento Territorial de Bogotá","ESCALA_CAPTURA":null,"FECHA_CAPTURA":"2025-10-15T00:00:00Z","RESPONSABLE":"38","SHAPE_Leng":2.2683571697299998,"SHAPE_Length":2.2683571697257499},"geometry":{"type":"LineString","coordinates":[[-74.0495567612288,4.670841269034813],[-74.049571739927387,4.670855218098927]]}},
{"type":"Feature","properties":{"fid":276,"OBJECTID":276,"CODIGO_ID":"34011191","NOMBRE":"Alameda CL 41 Sur","LONGITUD":32.1,"TIPO_CAPACIDAD":null,"OBSERVACION":null,"PLAZO":"Existente","ACTO_ADMINISTRATIVO":null,"NUMERO_ACTO_ADMINISTRATIVO":null,"FECHA_ACTO_ADMINISTRATIVO":"2025-10-15T00:00:00Z","NORMATIVA":"En el marco del Decreto 555 del 29 de diciembre de 2021 - Por el cual se adopta la revisión general del Plan de Ordenamiento Territorial de Bogotá","ESCALA_CAPTURA":null,"FECHA_CAPTURA":"2025-10-15T00:00:00Z","RESPONSABLE":"38","SHAPE_Leng":32.110206932099999,"SHAPE_Length":32.110206932612819},"geometry":{"type":"LineString","coordinates":[[-74.171760189715627,4.640545178167966],[-74.17160454789537,4.640300511946371]]}},
{"type":"Feature","properties":{"fid":277,"OBJECTID":277,"CODIGO_ID":"34014087","NOMBRE":"Alameda Canal El Carmelo","LONGITUD":415.6,"TIPO_CAPACIDAD":null,"OBSERVACION":null,"PLAZO":"Existente","ACTO_ADMINISTRATIVO":null,"NUMERO_ACTO_ADMINISTRATIVO":null,"FECHA_ACTO_ADMINISTRATIVO":"2025-10-15T00:00:00Z","NORMATIVA":"En el marco del Decreto 555 del 29 de diciembre de 2021 - Por el cual se adopta la revisión general del Plan de Ordenamiento Territorial de Bogotá","ESCALA_CAPTURA":null,"FECHA_CAPTURA":"2025-10-15T00:00:00Z","RESPONSABLE":"38","SHAPE_Leng":415.627399604,"SHAPE_Length":415.6273996038953},"geometry":{"type":"MultiLineString","coordinates":[[[-74.122519449914833,4.701926496023344],[-74.122518901766597,4.701936972749857],[-74.122517406704048,4.701947356337119],[-74.122514975541748,4.701957560006559],[-74.122511629004833,4.701967498787894],[-74.122507395927002,4.701977092230815],[-74.122502309646862,4.701986258981234],[-74.122496414314426,4.701994923109107],[-74.1224897567825,4.702003013204231],[-74.122482393814337,4.702010462376478]],[[-74.122482393814337,4.702010462376478],[-74.122313137547835,4.702151566236413]],[[-74.122313137547835,4.702151566236413],[-74.122281966793068,4.70217616245033],[-74.122250578011517,4.702200477527727],[-74.122218973906143,4.702224509660719]],[[-74.122218973906143,4.702224509660719],[-74.12217502363572,4.702254040972982],[-74.122131318412329,4.702283936581646],[-74.122087860938962,4.702314193775035]],[[-74.122087860938962,4.702314193775035],[-74.121860201669421,4.702462470996966],[-74.121708825567055,4.702559329850042]],[[-74.121708825567055,4.702559329850042],[-74.121671477630983,4.702586712683938],[-74.12163679013517,4.702617416712212],[-74.121605055002647,4.702651183416902],[-74.121576541633317,4.702687728064781],[-74.121551487894209,4.702726742418879]],[[-74.121551487894209,4.702726742418879],[-74.12143109572267,4.702982649980445],[-74.121272558958267,4.703317481547832]],[[-74.121272558958267,4.703317481547832],[-74.121265489607936,4.703326913073075],[-74.12125779500262,4.703335837461289],[-74.121249510281658,4.703344213132147]],[[-74.121249510281658,4.703344213132147],[-74.121238643342522,4.703353645422858],[-74.121227033136876,4.703362138485478],[-74.121214758051295,4.703369632662316],[-74.121201904580786,4.70337607643153],[-74.121188561022038,4.70338142550287],[-74.121174820176392,4.703385641913973]],[[-74.121174820176392,4.703385641913973],[-74.120934054281179,4.703377261633126],[-74.120665874403073,4.703373664840203],[-74.120226059936243,4.703365276876548],[-74.119477602199993,4.703352260230686]]]}},
{"type":"Feature","properties":{"fid":278,"OBJECTID":278,"CODIGO_ID":"34011166","NOMBRE":"Alameda CL 40B Sur","LONGITUD":32.1,"TIPO_CAPACIDAD":null,"OBSERVACION":null,"PLAZO":"Existente","ACTO_ADMINISTRATIVO":null,"NUMERO_ACTO_ADMINISTRATIVO":null,"FECHA_ACTO_ADMINISTRATIVO":"2025-10-15T00:00:00Z","NORMATIVA":"En el marco del Decreto 555 del 29 de diciembre de 2021 - Por el cual se adopta la revisión general del Plan de Ordenamiento Territorial de Bogotá","ESCALA_CAPTURA":null,"FECHA_CAPTURA":"2025-10-15T00:00:00Z","RESPONSABLE":"38","SHAPE_Leng":32.133380378399998,"SHAPE_Length":32.133380378374689},"geometry":{"type":"LineString","coordinates":[[-74.168492018709642,4.636196808839594],[-74.168431627772733,4.636103555747374],[-74.168329378335912,4.63595656238157]]}},
{"type":"Feature","properties":{"fid":279,"OBJECTID":279,"CODIGO_ID":"34010116","NOMBRE":"Alameda Canal Salitre","LONGITUD":104.6,"TIPO_CAPACIDAD":null,"OBSERVACION":null,"PLAZO":"Existente","ACTO_ADMINISTRATIVO":null,"NUMERO_ACTO_ADMINISTRATIVO":null,"FECHA_ACTO_ADMINISTRATIVO":"2025-10-15T00:00:00Z","NORMATIVA":"En el marco del Decreto 555 del 29 de diciembre de 2021 - Por el cual se adopta la revisión general del Plan de Ordenamiento Territorial de Bogotá","ESCALA_CAPTURA":null,"FECHA_CAPTURA":"2025-10-15T00:00:00Z","RESPONSABLE":"38","SHAPE_Leng":104.601011474,"SHAPE_Length":104.60101147358834},"geometry":{"type":"MultiLineString","coordinates":[[[-74.079095215244237,4.688342640793095],[-74.079093853243535,4.688340182830209],[-74.079092457906043,4.688337742039074],[-74.0790910310334,4.688335321131736]],[[-74.0790910310334,4.688335321131736],[-74.079079540013055,4.688319701628928],[-74.078959941006687,4.688157127887965],[-74.078762114202988,4.687884454857475],[-74.078565479392068,4.687612977808723],[-74.078540412926316,4.687578389459768]]]}},
{"type":"Feature","properties":{"fid":280,"OBJECTID":280,"CODIGO_ID":"34011162","NOMBRE":"Alameda CL 40B Sur","LONGITUD":20.6,"TIPO_CAPACIDAD":null,"OBSERVACION":null,"PLAZO":"Existente","ACTO_ADMINISTRATIVO":null,"NUMERO_ACTO_ADMINISTRATIVO":null,"FECHA_ACTO_ADMINISTRATIVO":"2025-10-15T00:00:00Z","NORMATIVA":"En el marco del Decreto 555 del 29 de diciembre de 2021 - Por el cual se adopta la revisión general del Plan de Ordenamiento Territorial de Bogotá","ESCALA_CAPTURA":null,"FECHA_CAPTURA":"2025-10-15T00:00:00Z","RESPONSABLE":"38","SHAPE_Leng":20.629838843000002,"SHAPE_Length":20.629838843598403},"geometry":{"type":"LineString","coordinates":[[-74.170425588128182,4.638608288674606],[-74.170329372653157,4.638560006596981],[-74.170277568774253,4.638501127836069]]}},
{"type":"Feature","properties":{"fid":281,"OBJECTID":281,"CODIGO_ID":"34011497","NOMBRE":"Alameda Humedal Jaboque","LONGITUD":80.5,"TIPO_CAPACIDAD":null,"OBSERVACION":null,"PLAZO":"Existente","ACTO_ADMINISTRATIVO":null,"NUMERO_ACTO_ADMINISTRATIVO":null,"FECHA_ACTO_ADMINISTRATIVO":"2025-10-15T00:00:00Z","NORMATIVA":"En el marco del Decreto 555 del 29 de diciembre de 2021 - Por el cual se adopta la revisión general del Plan de Ordenamiento Territorial de Bogotá","ESCALA_CAPTURA":null,"FECHA_CAPTURA":"2025-10-15T00:00:00Z","RESPONSABLE":"38","SHAPE_Leng":80.465367435600001,"SHAPE_Length":80.46536743548414},"geometry":{"type":"MultiLineString","coordinates":[[[-74.130466448466862,4.711739317404908],[-74.130391999361166,4.711668592687014]],[[-74.130391999361166,4.711668592687014],[-74.130370681046145,4.711638846013663],[-74.130351980121489,4.711607377382185],[-74.130336035332675,4.711574416398518],[-74.130322962900252,4.711540206227227],[-74.130312859222883,4.711504999071894]],[[-74.130312859222883,4.711504999071894],[-74.130308602585529,4.71144498684997],[-74.130310198719968,4.711384843692706],[-74.13031763139368,4.711325143605873]],[[-74.13031763139368,4.711325143605873],[-74.13033631428938,4.711240248977385],[-74.130351320298104,4.711154622969353],[-74.130362620586027,4.711068426483878]]]}},
{"type":"Feature","properties":{"fid":282,"OBJECTID":282,"CODIGO_ID":"92079980","NOMBRE":"Alameda Humedal el Burro","LONGITUD":63.6,"TIPO_CAPACIDAD":null,"OBSERVACION":null,"PLAZO":"Existente","ACTO_ADMINISTRATIVO":null,"NUMERO_ACTO_ADMINISTRATIVO":null,"FECHA_ACTO_ADMINISTRATIVO":"2025-10-15T00:00:00Z","NORMATIVA":"En el marco del Decreto 555 del 29 de diciembre de 2021 - Por el cual se adopta la revisión general del Plan de Ordenamiento Territorial de Bogotá","ESCALA_CAPTURA":null,"FECHA_CAPTURA":"2025-10-15T00:00:00Z","RESPONSABLE":"38","SHAPE_Leng":63.630676833300001,"SHAPE_Length":63.630676833319683},"geometry":{"type":"LineString","coordinates":[[-74.154451810101278,4.645163123279143],[-74.154537521092976,4.645304128341969],[-74.154626709808142,4.645704269173741]]}},
{"type":"Feature","properties":{"fid":283,"OBJECTID":283,"CODIGO_ID":"91036240","NOMBRE":"Alameda CL 41 Sur","LONGITUD":5.0,"TIPO_CAPACIDAD":null,"OBSERVACION":null,"PLAZO":"Existente","ACTO_ADMINISTRATIVO":null,"NUMERO_ACTO_ADMINISTRATIVO":null,"FECHA_ACTO_ADMINISTRATIVO":"2025-10-15T00:00:00Z","NORMATIVA":"En el marco del Decreto 555 del 29 de diciembre de 2021 - Por el cual se adopta la revisión general del Plan de Ordenamiento Territorial de Bogotá","ESCALA_CAPTURA":null,"FECHA_CAPTURA":"2025-10-15T00:00:00Z","RESPONSABLE":"38","SHAPE_Leng":4.9635026034900003,"SHAPE_Length":4.9635026029884433},"geometry":{"type":"LineString","coordinates":[[-74.175134919754896,4.645740517015231],[-74.17511086160107,4.64570269678816]]}},
{"type":"Feature","properties":{"fid":284,"OBJECTID":284,"CODIGO_ID":"92080136","NOMBRE":"Alameda Canal Salitre","LONGITUD":21.5,"TIPO_CAPACIDAD":null,"OBSERVACION":null,"PLAZO":"Existente","ACTO_ADMINISTRATIVO":null,"NUMERO_ACTO_ADMINISTRATIVO":null,"FECHA_ACTO_ADMINISTRATIVO":"2025-10-15T00:00:00Z","NORMATIVA":"En el marco del Decreto 555 del 29 de diciembre de 2021 - Por el cual se adopta la revisión general del Plan de Ordenamiento Territorial de Bogotá","ESCALA_CAPTURA":null,"FECHA_CAPTURA":"2025-10-15T00:00:00Z","RESPONSABLE":"38","SHAPE_Leng":21.5270223206,"SHAPE_Length":21.527022320553296},"geometry":{"type":"LineString","coordinates":[[-74.085357626107907,4.695665033131465],[-74.085489721419449,4.695807515754545]]}},
{"type":"Feature","properties":{"fid":285,"OBJECTID":285,"CODIGO_ID":"34013978","NOMBRE":"Alameda Canal Salitre","LONGITUD":313.4,"TIPO_CAPACIDAD":null,"OBSERVACION":null,"PLAZO":"Existente","ACTO_ADMINISTRATIVO":null,"NUMERO_ACTO_ADMINISTRATIVO":null,"FECHA_ACTO_ADMINISTRATIVO":"2025-10-15T00:00:00Z","NORMATIVA":"En el marco del Decreto 555 del 29 de diciembre de 2021 - Por el cual se adopta la revisión general del Plan de Ordenamiento Territorial de Bogotá","ESCALA_CAPTURA":null,"FECHA_CAPTURA":"2025-10-15T00:00:00Z","RESPONSABLE":"38","SHAPE_Leng":313.427015197,"SHAPE_Length":313.42701519700825},"geometry":{"type":"MultiLineString","coordinates":[[[-74.088461317059966,4.700273947962947],[-74.088464802105932,4.700294354848952],[-74.088504114262207,4.700540702567276]],[[-74.088504114262207,4.700540702567276],[-74.088514358377992,4.700669680333983],[-74.088515143218842,4.700799064087801],[-74.088506466134248,4.70092815778954]],[[-74.088506466134248,4.70092815778954],[-74.088496306372377,4.701031666062004],[-74.088480600314426,4.701134473312794],[-74.088459392130019,4.701236282146791]],[[-74.088459392130019,4.701236282146791],[-74.088438260794305,4.701345666962706],[-74.088423491093721,4.70145609817493],[-74.088415134417332,4.701567202458216]],[[-74.088415134417332,4.701567202458216],[-74.088430612194131,4.701772890471642],[-74.088445594559388,4.701944624400361],[-74.088446197496864,4.701953198384117],[-74.088461071162584,4.702164661659142],[-74.088475354108652,4.702405028575353],[-74.088481307266079,4.702475583910513],[-74.088499167754236,4.702696817285567],[-74.088515224846532,4.702935776900754],[-74.08851070255686,4.70309197758639]]]}},
{"type":"Feature","properties":{"fid":286,"OBJECTID":286,"CODIGO_ID":"34011123","NOMBRE":"Alameda CL 41 Sur","LONGITUD":22.1,"TIPO_CAPACIDAD":null,"OBSERVACION":null,"PLAZO":"Existente","ACTO_ADMINISTRATIVO":null,"NUMERO_ACTO_ADMINISTRATIVO":null,"FECHA_ACTO_ADMINISTRATIVO":"2025-10-15T00:00:00Z","NORMATIVA":"En el marco del Decreto 555 del 29 de diciembre de 2021 - Por el cual se adopta la revisión general del Plan de Ordenamiento Territorial de Bogotá","ESCALA_CAPTURA":null,"FECHA_CAPTURA":"2025-10-15T00:00:00Z","RESPONSABLE":"38","SHAPE_Leng":22.071817530699999,"SHAPE_Length":22.07181753024657},"geometry":{"type":"LineString","coordinates":[[-74.172192351146919,4.641223512724903],[-74.172085016617672,4.641055559357803]]}},
{"type":"Feature","properties":{"fid":287,"OBJECTID":287,"CODIGO_ID":"34011201","NOMBRE":"Alameda Av Tunjuelito","LONGITUD":35.5,"TIPO_CAPACIDAD":null,"OBSERVACION":null,"PLAZO":"Existente","ACTO_ADMINISTRATIVO":null,"NUMERO_ACTO_ADMINISTRATIVO":null,"FECHA_ACTO_ADMINISTRATIVO":"2025-10-15T00:00:00Z","NORMATIVA":"En el marco del Decreto 555 del 29 de diciembre de 2021 - Por el cual se adopta la revisión general del Plan de Ordenamiento Territorial de Bogotá","ESCALA_CAPTURA":null,"FECHA_CAPTURA":"2025-10-15T00:00:00Z","RESPONSABLE":"38","SHAPE_Leng":35.4854461153,"SHAPE_Length":35.485446115825361},"geometry":{"type":"LineString","coordinates":[[-74.137996822031596,4.562539500147397],[-74.137830177971708,4.562265769234346]]}},
{"type":"Feature","properties":{"fid":288,"OBJECTID":288,"CODIGO_ID":"34011127","NOMBRE":"Alameda CL 41 Sur","LONGITUD":32.0,"TIPO_CAPACIDAD":null,"OBSERVACION":null,"PLAZO":"Existente","ACTO_ADMINISTRATIVO":null,"NUMERO_ACTO_ADMINISTRATIVO":null,"FECHA_ACTO_ADMINISTRATIVO":"2025-10-15T00:00:00Z","NORMATIVA":"En el marco del Decreto 555 del 29 de diciembre de 2021 - Por el cual se adopta la revisión general del Plan de Ordenamiento Territorial de Bogotá","ESCALA_CAPTURA":null,"FECHA_CAPTURA":"2025-10-15T00:00:00Z","RESPONSABLE":"38","SHAPE_Leng":32.029371349199998,"SHAPE_Length":32.029371349206912},"geometry":{"type":"LineString","coordinates":[[-74.171298088681183,4.639806701967314],[-74.171262389897237,4.639750077165528],[-74.171199200793239,4.639649846841407],[-74.171143997607473,4.63956191355]]}},
{"type":"Feature","properties":{"fid":289,"OBJECTID":289,"CODIGO_ID":"34010029","NOMBRE":"Alameda Humedal Jaboque","LONGITUD":106.4,"TIPO_CAPACIDAD":null,"OBSERVACION":null,"PLAZO":"Existente","ACTO_ADMINISTRATIVO":null,"NUMERO_ACTO_ADMINISTRATIVO":null,"FECHA_ACTO_ADMINISTRATIVO":"2025-10-15T00:00:00Z","NORMATIVA":"En el marco del Decreto 555 del 29 de diciembre de 2021 - Por el cual se adopta la revisión general del Plan de Ordenamiento Territorial de Bogotá","ESCALA_CAPTURA":null,"FECHA_CAPTURA":"2025-10-15T00:00:00Z","RESPONSABLE":"38","SHAPE_Leng":106.37711679,"SHAPE_Length":106.3771167904895},"geometry":{"type":"LineString","coordinates":[[-74.12846620134593,4.710296411793081],[-74.128187439824742,4.710108083428014],[-74.127817473773803,4.709868903679312],[-74.127664234450052,4.709769935430002]]}},
{"type":"Feature","properties":{"fid":290,"OBJECTID":290,"CODIGO_ID":"34010128","NOMBRE":"Alameda Canal Molinos","LONGITUD":160.5,"TIPO_CAPACIDAD":null,"OBSERVACION":null,"PLAZO":"Existente","ACTO_ADMINISTRATIVO":null,"NUMERO_ACTO_ADMINISTRATIVO":null,"FECHA_ACTO_ADMINISTRATIVO":"2025-10-15T00:00:00Z","NORMATIVA":"En el marco del Decreto 555 del 29 de diciembre de 2021 - Por el cual se adopta la revisión general del Plan de Ordenamiento Territorial de Bogotá","ESCALA_CAPTURA":null,"FECHA_CAPTURA":"2025-10-15T00:00:00Z","RESPONSABLE":"38","SHAPE_Leng":160.51969107400001,"SHAPE_Length":160.51969107395371},"geometry":{"type":"MultiLineString","coordinates":[[[-74.062452231341737,4.697350190207531],[-74.062106925231689,4.697290868570183]],[[-74.062106925231689,4.697290868570183],[-74.06209353815656,4.697295794358913],[-74.062079773721706,4.697299530508468],[-74.06206573734292,4.697302049913186],[-74.062051535336096,4.697303332699134],[-74.062037275817843,4.697303368936025],[-74.062023067804674,4.697302157733115],[-74.062009018509741,4.697299709950782],[-74.061995236046386,4.697296042777104],[-74.061981824021757,4.697291185150961],[-74.061968884240144,4.697285173242565],[-74.06195651670275,4.697278053165365],[-74.06194481420205,4.697269879167412],[-74.061933865925866,4.69726071272789]],[[-74.061933865925866,4.69726071272789],[-74.061676419878765,4.697223371047537],[-74.061583454107776,4.6972018340505]],[[-74.061583454107776,4.6972018340505],[-74.0615278275652,4.697189456763791],[-74.061473316030074,4.697172819310387],[-74.061420242035183,4.697152022067971],[-74.061368921803833,4.697127187108276]],[[-74.061368921803833,4.697127187108276],[-74.061303254937314,4.697100180015619],[-74.061240167308213,4.697067563342496],[-74.061180136396985,4.697029583021464]],[[-74.061180136396985,4.697029583021464],[-74.061147999808853,4.697009135437918],[-74.061116418318264,4.696987835499683],[-74.061085414447433,4.696965698576698]]]}},
{"type":"Feature","properties":{"fid":291,"OBJECTID":291,"CODIGO_ID":"20011934","NOMBRE":"Alameda Humedal Juan Amarillo","LONGITUD":34.1,"TIPO_CAPACIDAD":null,"OBSERVACION":null,"PLAZO":"Existente","ACTO_ADMINISTRATIVO":null,"NUMERO_ACTO_ADMINISTRATIVO":null,"FECHA_ACTO_ADMINISTRATIVO":"2025-10-15T00:00:00Z","NORMATIVA":"En el marco del Decreto 555 del 29 de diciembre de 2021 - Por el cual se adopta la revisión general del Plan de Ordenamiento Territorial de Bogotá","ESCALA_CAPTURA":null,"FECHA_CAPTURA":"2025-10-15T00:00:00Z","RESPONSABLE":"38","SHAPE_Leng":34.107924883300001,"SHAPE_Length":34.107924882568753},"geometry":{"type":"MultiLineString","coordinates":[[[-74.102657406509508,4.721931543787662],[-74.102721862342619,4.721994524899524],[-74.10281244405769,4.722090198871523]],[[-74.10281244405769,4.722090198871523],[-74.102833562141114,4.722109554597519],[-74.102855381249014,4.722128111278592],[-74.10287787165025,4.722145842698308]]]}},
{"type":"Feature","properties":{"fid":292,"OBJECTID":292,"CODIGO_ID":"34010508","NOMBRE":"Alameda Canal Salitre","LONGITUD":111.3,"TIPO_CAPACIDAD":null,"OBSERVACION":null,"PLAZO":"Existente","ACTO_ADMINISTRATIVO":null,"NUMERO_ACTO_ADMINISTRATIVO":null,"FECHA_ACTO_ADMINISTRATIVO":"2025-10-15T00:00:00Z","NORMATIVA":"En el marco del Decreto 555 del 29 de diciembre de 2021 - Por el cual se adopta la revisión general del Plan de Ordenamiento Territorial de Bogotá","ESCALA_CAPTURA":null,"FECHA_CAPTURA":"2025-10-15T00:00:00Z","RESPONSABLE":"38","SHAPE_Leng":111.28965358000001,"SHAPE_Length":111.28965358002439},"geometry":{"type":"LineString","coordinates":[[-74.076219982528514,4.668798791953773],[-74.076214498463557,4.668619306352466],[-74.076206811616188,4.66836773073662],[-74.076203971677174,4.668162044487368],[-74.076194467184663,4.667852080020793],[-74.07619232615076,4.667793200297426]]}},
{"type":"Feature","properties":{"fid":293,"OBJECTID":293,"CODIGO_ID":"34010068","NOMBRE":"Alameda Av El Salitre","LONGITUD":67.1,"TIPO_CAPACIDAD":null,"OBSERVACION":null,"PLAZO":"Existente","ACTO_ADMINISTRATIVO":null,"NUMERO_ACTO_ADMINISTRATIVO":null,"FECHA_ACTO_ADMINISTRATIVO":"2025-10-15T00:00:00Z","NORMATIVA":"En el marco del Decreto 555 del 29 de diciembre de 2021 - Por el cual se adopta la revisión general del Plan de Ordenamiento Territorial de Bogotá","ESCALA_CAPTURA":null,"FECHA_CAPTURA":"2025-10-15T00:00:00Z","RESPONSABLE":"38","SHAPE_Leng":67.0932173514,"SHAPE_Length":67.09321735214975},"geometry":{"type":"LineString","coordinates":[[-74.116495749846152,4.69393332803189],[-74.116350687831712,4.693842690212659],[-74.116040803342102,4.693658515564461],[-74.115978223616366,4.693619998346254]]}},
{"type":"Feature","properties":{"fid":294,"OBJECTID":294,"CODIGO_ID":"34011966","NOMBRE":"Alameda Canal Molinos","LONGITUD":100.8,"TIPO_CAPACIDAD":null,"OBSERVACION":null,"PLAZO":"Existente","ACTO_ADMINISTRATIVO":null,"NUMERO_ACTO_ADMINISTRATIVO":null,"FECHA_ACTO_ADMINISTRATIVO":"2025-10-15T00:00:00Z","NORMATIVA":"En el marco del Decreto 555 del 29 de diciembre de 2021 - Por el cual se adopta la revisión general del Plan de Ordenamiento Territorial de Bogotá","ESCALA_CAPTURA":null,"FECHA_CAPTURA":"2025-10-15T00:00:00Z","RESPONSABLE":"38","SHAPE_Leng":100.822050092,"SHAPE_Length":100.82205009210654},"geometry":{"type":"MultiLineString","coordinates":[[[-74.065381460221857,4.699196654259345],[-74.06537918411523,4.699191221277341],[-74.065275682831683,4.698922287016808],[-74.065206170220506,4.698756390308477],[-74.065140132782787,4.698589400224087]],[[-74.065140132782787,4.698589400224087],[-74.065126095536783,4.698560446089952],[-74.065114715365212,4.698530340638564],[-74.065106085038508,4.698499328850308],[-74.065100274802134,4.698467662934497],[-74.065097332376737,4.698435601425411],[-74.065097281156952,4.698403402854401],[-74.065100121111612,4.698371332077734],[-74.0651058305872,4.698339647621469]]]}},
{"type":"Feature","properties":{"fid":295,"OBJECTID":295,"CODIGO_ID":"34011508","NOMBRE":"Alameda Humedal Jaboque","LONGITUD":29.1,"TIPO_CAPACIDAD":null,"OBSERVACION":null,"PLAZO":"Existente","ACTO_ADMINISTRATIVO":null,"NUMERO_ACTO_ADMINISTRATIVO":null,"FECHA_ACTO_ADMINISTRATIVO":"2025-10-15T00:00:00Z","NORMATIVA":"En el marco del Decreto 555 del 29 de diciembre de 2021 - Por el cual se adopta la revisión general del Plan de Ordenamiento Territorial de Bogotá","ESCALA_CAPTURA":null,"FECHA_CAPTURA":"2025-10-15T00:00:00Z","RESPONSABLE":"38","SHAPE_Leng":29.066223770200001,"SHAPE_Length":29.06622377040609},"geometry":{"type":"MultiLineString","coordinates":[[[-74.131633104383383,4.712570218805579],[-74.131560065066807,4.712627211072428]],[[-74.131560065066807,4.712627211072428],[-74.131539912664635,4.712633713629236],[-74.131519254851398,4.712638353140269],[-74.13149826281456,4.712641092547345],[-74.131477108642429,4.712641906543693],[-74.131455968927696,4.712640790613419],[-74.131435017559866,4.712637753799754],[-74.131414427527105,4.712632820513095],[-74.131394369114275,4.712626031434765]]]}},
{"type":"Feature","properties":{"fid":296,"OBJECTID":296,"CODIGO_ID":"34011113","NOMBRE":"Alameda CL 41 Sur","LONGITUD":25.6,"TIPO_CAPACIDAD":null,"OBSERVACION":null,"PLAZO":"Existente","ACTO_ADMINISTRATIVO":null,"NUMERO_ACTO_ADMINISTRATIVO":null,"FECHA_ACTO_ADMINISTRATIVO":"2025-10-15T00:00:00Z","NORMATIVA":"En el marco del Decreto 555 del 29 de diciembre de 2021 - Por el cual se adopta la revisión general del Plan de Ordenamiento Territorial de Bogotá","ESCALA_CAPTURA":null,"FECHA_CAPTURA":"2025-10-15T00:00:00Z","RESPONSABLE":"38","SHAPE_Leng":25.565118644999998,"SHAPE_Length":25.565118644981268},"geometry":{"type":"LineString","coordinates":[[-74.176088419940911,4.647270827995651],[-74.175964567195308,4.647075990717886]]}},
{"type":"Feature","properties":{"fid":297,"OBJECTID":297,"CODIGO_ID":"507820","NOMBRE":"Alameda Canal Cedro","LONGITUD":8.4,"TIPO_CAPACIDAD":null,"OBSERVACION":null,"PLAZO":"Existente","ACTO_ADMINISTRATIVO":null,"NUMERO_ACTO_ADMINISTRATIVO":null,"FECHA_ACTO_ADMINISTRATIVO":"2025-10-15T00:00:00Z","NORMATIVA":"En el marco del Decreto 555 del 29 de diciembre de 2021 - Por el cual se adopta la revisión general del Plan de Ordenamiento Territorial de Bogotá","ESCALA_CAPTURA":null,"FECHA_CAPTURA":"2025-10-15T00:00:00Z","RESPONSABLE":"38","SHAPE_Leng":8.4213342149399999,"SHAPE_Length":8.4213342148287005},"geometry":{"type":"LineString","coordinates":[[-74.037370743290268,4.749203132019622],[-74.037361486859723,4.749278687633293]]}},
{"type":"Feature","properties":{"fid":298,"OBJECTID":298,"CODIGO_ID":"0","NOMBRE":"Alameda Canal Río Negro","LONGITUD":14.0,"TIPO_CAPACIDAD":null,"OBSERVACION":null,"PLAZO":"Existente","ACTO_ADMINISTRATIVO":null,"NUMERO_ACTO_ADMINISTRATIVO":null,"FECHA_ACTO_ADMINISTRATIVO":"2025-10-15T00:00:00Z","NORMATIVA":"En el marco del Decreto 555 del 29 de diciembre de 2021 - Por el cual se adopta la revisión general del Plan de Ordenamiento Territorial de Bogotá","ESCALA_CAPTURA":null,"FECHA_CAPTURA":"2025-10-15T00:00:00Z","RESPONSABLE":"38","SHAPE_Leng":13.9689826613,"SHAPE_Length":13.968982662554009},"geometry":{"type":"LineString","coordinates":[[-74.071018357409486,4.683125671684695],[-74.071026940742271,4.683108452426271],[-74.070936712001128,4.683051377417461]]}},
{"type":"Feature","properties":{"fid":299,"OBJECTID":299,"CODIGO_ID":"92080311","NOMBRE":"Alameda Humedal Jaboque","LONGITUD":12.1,"TIPO_CAPACIDAD":null,"OBSERVACION":null,"PLAZO":"Existente","ACTO_ADMINISTRATIVO":null,"NUMERO_ACTO_ADMINISTRATIVO":null,"FECHA_ACTO_ADMINISTRATIVO":"2025-10-15T00:00:00Z","NORMATIVA":"En el marco del Decreto 555 del 29 de diciembre de 2021 - Por el cual se adopta la revisión general del Plan de Ordenamiento Territorial de Bogotá","ESCALA_CAPTURA":null,"FECHA_CAPTURA":"2025-10-15T00:00:00Z","RESPONSABLE":"38","SHAPE_Leng":12.054572223299999,"SHAPE_Length":12.054572223298788},"geometry":{"type":"LineString","coordinates":[[-74.123020042993659,4.7012328296452],[-74.123089627494352,4.701149165373355]]}},
{"type":"Feature","properties":{"fid":300,"OBJECTID":300,"CODIGO_ID":"903405","NOMBRE":"Alameda Humedal Jaboque","LONGITUD":35.5,"TIPO_CAPACIDAD":null,"OBSERVACION":null,"PLAZO":"Existente","ACTO_ADMINISTRATIVO":null,"NUMERO_ACTO_ADMINISTRATIVO":null,"FECHA_ACTO_ADMINISTRATIVO":"2025-10-15T00:00:00Z","NORMATIVA":"En el marco del Decreto 555 del 29 de diciembre de 2021 - Por el cual se adopta la revisión general del Plan de Ordenamiento Territorial de Bogotá","ESCALA_CAPTURA":null,"FECHA_CAPTURA":"2025-10-15T00:00:00Z","RESPONSABLE":"38","SHAPE_Leng":35.539223138300002,"SHAPE_Length":35.539223138297118},"geometry":{"type":"MultiLineString","coordinates":[[[-74.128799905004854,4.703236751604224],[-74.128776377259669,4.703194193179016],[-74.128754082961734,4.703150970383551],[-74.128733041931312,4.703107120280246]],[[-74.128733041931312,4.703107120280246],[-74.128722498411733,4.703086397025259],[-74.128713928940002,4.703064777105375],[-74.128707409192643,4.703042448543563],[-74.128702996826519,4.703019606593917],[-74.128700728776124,4.70299645102972],[-74.128700625758341,4.702973184335643]],[[-74.128700625758341,4.702973184335643],[-74.128700784632201,4.702961301052655],[-74.12870102909811,4.702949419579755],[-74.128701357354103,4.702937539916907]]]}},
{"type":"Feature","properties":{"fid":301,"OBJECTID":301,"CODIGO_ID":"20011265","NOMBRE":"Alameda Canal El Carmelo","LONGITUD":14.7,"TIPO_CAPACIDAD":null,"OBSERVACION":null,"PLAZO":"Existente","ACTO_ADMINISTRATIVO":null,"NUMERO_ACTO_ADMINISTRATIVO":null,"FECHA_ACTO_ADMINISTRATIVO":"2025-10-15T00:00:00Z","NORMATIVA":"En el marco del Decreto 555 del 29 de diciembre de 2021 - Por el cual se adopta la revisión general del Plan de Ordenamiento Territorial de Bogotá","ESCALA_CAPTURA":null,"FECHA_CAPTURA":"2025-10-15T00:00:00Z","RESPONSABLE":"38","SHAPE_Leng":14.6608350616,"SHAPE_Length":14.660835061572024},"geometry":{"type":"MultiLineString","coordinates":[[[-74.122598908574417,4.701859754031373],[-74.122574175813824,4.701841850509248],[-74.122519345598931,4.701920774939327]],[[-74.122519345598931,4.701920774939327],[-74.122519412205122,4.701922681365796],[-74.122519446376444,4.701924588695107],[-74.122519449914833,4.701926496023344]]]}},
{"type":"Feature","properties":{"fid":302,"OBJECTID":302,"CODIGO_ID":"900658","NOMBRE":"Alameda El Porvenir","LONGITUD":72.4,"TIPO_CAPACIDAD":null,"OBSERVACION":null,"PLAZO":"Existente","ACTO_ADMINISTRATIVO":null,"NUMERO_ACTO_ADMINISTRATIVO":null,"FECHA_ACTO_ADMINISTRATIVO":"2025-10-15T00:00:00Z","NORMATIVA":"En el marco del Decreto 555 del 29 de diciembre de 2021 - Por el cual se adopta la revisión general del Plan de Ordenamiento Territorial de Bogotá","ESCALA_CAPTURA":null,"FECHA_CAPTURA":"2025-10-15T00:00:00Z","RESPONSABLE":"38","SHAPE_Leng":72.415595126400007,"SHAPE_Length":72.41559512611812},"geometry":{"type":"LineString","coordinates":[[-74.203461715003442,4.605424355279824],[-74.203496756442519,4.60555368408787],[-74.203600863535556,4.605927255303638],[-74.203642193566893,4.606053280567956]]}},
{"type":"Feature","properties":{"fid":303,"OBJECTID":303,"CODIGO_ID":"34010857","NOMBRE":"Alameda Humedal el Burro","LONGITUD":32.8,"TIPO_CAPACIDAD":null,"OBSERVACION":null,"PLAZO":"Existente","ACTO_ADMINISTRATIVO":null,"NUMERO_ACTO_ADMINISTRATIVO":null,"FECHA_ACTO_ADMINISTRATIVO":"2025-10-15T00:00:00Z","NORMATIVA":"En el marco del Decreto 555 del 29 de diciembre de 2021 - Por el cual se adopta la revisión general del Plan de Ordenamiento Territorial de Bogotá","ESCALA_CAPTURA":null,"FECHA_CAPTURA":"2025-10-15T00:00:00Z","RESPONSABLE":"38","SHAPE_Leng":32.768009399699999,"SHAPE_Length":32.768009399935302},"geometry":{"type":"MultiLineString","coordinates":[[[-74.145316448325772,4.632731771781438],[-74.145316243808409,4.632741603128585],[-74.145316859091835,4.632751417302178],[-74.145318287870055,4.632761146506033],[-74.145320521134408,4.632770721136091],[-74.145323542669203,4.632780076107989],[-74.145327332655228,4.632789144529466],[-74.145331863165353,4.632797864027993],[-74.145337103569787,4.632806174038919],[-74.145343016932543,4.6328140158055]],[[-74.145343016932543,4.6328140158055],[-74.145348709564985,4.632830354690671],[-74.14535299051785,4.632847122045057],[-74.145355830062229,4.632864194027635],[-74.145357206577103,4.632881447701367],[-74.145357110152901,4.632898755609438],[-74.145355541690634,4.632915993006923],[-74.145352512000954,4.632933032437041],[-74.145348044506903,4.632949750058834],[-74.14534217073934,4.632966024743176],[-74.14533493303982,4.632981736264919],[-74.145326386362143,4.632996770726571],[-74.145316591065438,4.633011017846425]]]}},
{"type":"Feature","properties":{"fid":304,"OBJECTID":304,"CODIGO_ID":"34010017","NOMBRE":"Alameda Humedal Jaboque","LONGITUD":116.6,"TIPO_CAPACIDAD":null,"OBSERVACION":null,"PLAZO":"Existente","ACTO_ADMINISTRATIVO":null,"NUMERO_ACTO_ADMINISTRATIVO":null,"FECHA_ACTO_ADMINISTRATIVO":"2025-10-15T00:00:00Z","NORMATIVA":"En el marco del Decreto 555 del 29 de diciembre de 2021 - Por el cual se adopta la revisión general del Plan de Ordenamiento Territorial de Bogotá","ESCALA_CAPTURA":null,"FECHA_CAPTURA":"2025-10-15T00:00:00Z","RESPONSABLE":"38","SHAPE_Leng":116.54891702099999,"SHAPE_Length":116.54891702062432},"geometry":{"type":"MultiLineString","coordinates":[[[-74.126516474109209,4.709413821427933],[-74.126838151959333,4.708744423669584]],[[-74.126838151959333,4.708744423669584],[-74.126845807909532,4.708732025352265],[-74.126854532397331,4.70872036016607],[-74.12686425694595,4.708709518503657],[-74.12687490226692,4.708699588045605],[-74.126886386369193,4.708690645625034],[-74.126898617351131,4.708682763555027],[-74.126911498806479,4.708676004205175]],[[-74.126911498806479,4.708676004205175],[-74.12694860066641,4.708656881354674],[-74.126986052984677,4.708638459070837],[-74.127023843147512,4.7086207436809]],[[-74.127023843147512,4.7086207436809],[-74.127041443418634,4.708599547526494],[-74.127057974253077,4.708577501631589],[-74.127073394204473,4.708554660231885]]]}},
{"type":"Feature","properties":{"fid":305,"OBJECTID":305,"CODIGO_ID":"519343","NOMBRE":"Alameda Canal Virrey","LONGITUD":10.1,"TIPO_CAPACIDAD":null,"OBSERVACION":null,"PLAZO":"Existente","ACTO_ADMINISTRATIVO":null,"NUMERO_ACTO_ADMINISTRATIVO":null,"FECHA_ACTO_ADMINISTRATIVO":"2025-10-15T00:00:00Z","NORMATIVA":"En el marco del Decreto 555 del 29 de diciembre de 2021 - Por el cual se adopta la revisión general del Plan de Ordenamiento Territorial de Bogotá","ESCALA_CAPTURA":null,"FECHA_CAPTURA":"2025-10-15T00:00:00Z","RESPONSABLE":"38","SHAPE_Leng":10.1496712001,"SHAPE_Length":10.14967120098885},"geometry":{"type":"LineString","coordinates":[[-74.053875630752614,4.67288822586733],[-74.053965882162643,4.672902979360853]]}},
{"type":"Feature","properties":{"fid":306,"OBJECTID":306,"CODIGO_ID":"34010074","NOMBRE":"Alameda Av El Salitre","LONGITUD":89.8,"TIPO_CAPACIDAD":null,"OBSERVACION":null,"PLAZO":"Existente","ACTO_ADMINISTRATIVO":null,"NUMERO_ACTO_ADMINISTRATIVO":null,"FECHA_ACTO_ADMINISTRATIVO":"2025-10-15T00:00:00Z","NORMATIVA":"En el marco del Decreto 555 del 29 de diciembre de 2021 - Por el cual se adopta la revisión general del Plan de Ordenamiento Territorial de Bogotá","ESCALA_CAPTURA":null,"FECHA_CAPTURA":"2025-10-15T00:00:00Z","RESPONSABLE":"38","SHAPE_Leng":89.823964743100007,"SHAPE_Length":89.823964743886648},"geometry":{"type":"LineString","coordinates":[[-74.113193122374341,4.691944692049264],[-74.113005136290099,4.691831118340989],[-74.112822781908136,4.691722287865339],[-74.112593946069211,4.691583557931733],[-74.112499542302331,4.691526336184705]]}},
{"type":"Feature","properties":{"fid":307,"OBJECTID":307,"CODIGO_ID":"34010338","NOMBRE":"Alameda Canal Cedro","LONGITUD":75.6,"TIPO_CAPACIDAD":null,"OBSERVACION":null,"PLAZO":"Existente","ACTO_ADMINISTRATIVO":null,"NUMERO_ACTO_ADMINISTRATIVO":null,"FECHA_ACTO_ADMINISTRATIVO":"2025-10-15T00:00:00Z","NORMATIVA":"En el marco del Decreto 555 del 29 de diciembre de 2021 - Por el cual se adopta la revisión general del Plan de Ordenamiento Territorial de Bogotá","ESCALA_CAPTURA":null,"FECHA_CAPTURA":"2025-10-15T00:00:00Z","RESPONSABLE":"38","SHAPE_Leng":75.634761371300002,"SHAPE_Length":75.634761371140272},"geometry":{"type":"LineString","coordinates":[[-74.036474343454699,4.742147638561665],[-74.036457230066134,4.742246521921825],[-74.036391615900357,4.742594502911416],[-74.036373709158994,4.742764309613589],[-74.036370201578833,4.742792172233991],[-74.036366412525055,4.742822275687441]]}},
{"type":"Feature","properties":{"fid":308,"OBJECTID":308,"CODIGO_ID":"92085190","NOMBRE":"Alameda Canal Molinos","LONGITUD":3.7,"TIPO_CAPACIDAD":null,"OBSERVACION":null,"PLAZO":"Existente","ACTO_ADMINISTRATIVO":null,"NUMERO_ACTO_ADMINISTRATIVO":null,"FECHA_ACTO_ADMINISTRATIVO":"2025-10-15T00:00:00Z","NORMATIVA":"En el marco del Decreto 555 del 29 de diciembre de 2021 - Por el cual se adopta la revisión general del Plan de Ordenamiento Territorial de Bogotá","ESCALA_CAPTURA":null,"FECHA_CAPTURA":"2025-10-15T00:00:00Z","RESPONSABLE":"38","SHAPE_Leng":3.7452725633699999,"SHAPE_Length":3.7452725624599941},"geometry":{"type":"LineString","coordinates":[[-74.050468978217637,4.696441680783689],[-74.050435867935406,4.696435153345913]]}},
{"type":"Feature","properties":{"fid":309,"OBJECTID":309,"CODIGO_ID":"34013810","NOMBRE":"Alameda Canal Torca","LONGITUD":480.3,"TIPO_CAPACIDAD":null,"OBSERVACION":null,"PLAZO":"Existente","ACTO_ADMINISTRATIVO":null,"NUMERO_ACTO_ADMINISTRATIVO":null,"FECHA_ACTO_ADMINISTRATIVO":"2025-10-15T00:00:00Z","NORMATIVA":"En el marco del Decreto 555 del 29 de diciembre de 2021 - Por el cual se adopta la revisión general del Plan de Ordenamiento Territorial de Bogotá","ESCALA_CAPTURA":null,"FECHA_CAPTURA":"2025-10-15T00:00:00Z","RESPONSABLE":"38","SHAPE_Leng":480.29085576599999,"SHAPE_Length":480.290855765868},"geometry":{"type":"MultiLineString","coordinates":[[[-74.039622747292711,4.77506358589642],[-74.039619178114648,4.775052432483982],[-74.039544230007266,4.774794309646884],[-74.039536257171449,4.774766852020375],[-74.039457621579061,4.774517147024414],[-74.039358971787024,4.774191383789068],[-74.039282550969716,4.773948478581626],[-74.039238874749898,4.773809651323445],[-74.039130217496989,4.773452316257016],[-74.038968658782977,4.772935686262445],[-74.038899723099405,4.772705778180739],[-74.038835697473729,4.7724922458012],[-74.038678428236025,4.771992836533447],[-74.038595506004555,4.771720171494318],[-74.038473980709782,4.771326958577625]],[[-74.038473980709782,4.771326958577625],[-74.038459322911308,4.771259864667846],[-74.038450252719841,4.771191782723364],[-74.038446834035341,4.771123181901189]],[[-74.038446834035341,4.771123181901189],[-74.038448745199631,4.771048172957777],[-74.038457223187322,4.770973622443837],[-74.03847220212873,4.770900108872635]]]}},
{"type":"Feature","properties":{"fid":310,"OBJECTID":310,"CODIGO_ID":"530742","NOMBRE":"Alameda Canal Salitre","LONGITUD":17.7,"TIPO_CAPACIDAD":null,"OBSERVACION":null,"PLAZO":"Existente","ACTO_ADMINISTRATIVO":null,"NUMERO_ACTO_ADMINISTRATIVO":null,"FECHA_ACTO_ADMINISTRATIVO":"2025-10-15T00:00:00Z","NORMATIVA":"En el marco del Decreto 555 del 29 de diciembre de 2021 - Por el cual se adopta la revisión general del Plan de Ordenamiento Territorial de Bogotá","ESCALA_CAPTURA":null,"FECHA_CAPTURA":"2025-10-15T00:00:00Z","RESPONSABLE":"38","SHAPE_Leng":17.715153789799999,"SHAPE_Length":17.715153789870953},"geometry":{"type":"LineString","coordinates":[[-74.076586760082918,4.670124258439194],[-74.07660461060253,4.669965127546197]]}},
{"type":"Feature","properties":{"fid":311,"OBJECTID":311,"CODIGO_ID":"34011179","NOMBRE":"Alameda CL 40B Sur","LONGITUD":25.8,"TIPO_CAPACIDAD":null,"OBSERVACION":null,"PLAZO":"Existente","ACTO_ADMINISTRATIVO":null,"NUMERO_ACTO_ADMINISTRATIVO":null,"FECHA_ACTO_ADMINISTRATIVO":"2025-10-15T00:00:00Z","NORMATIVA":"En el marco del Decreto 555 del 29 de diciembre de 2021 - Por el cual se adopta la revisión general del Plan de Ordenamiento Territorial de Bogotá","ESCALA_CAPTURA":null,"FECHA_CAPTURA":"2025-10-15T00:00:00Z","RESPONSABLE":"38","SHAPE_Leng":25.826735713000001,"SHAPE_Length":25.826735712537818},"geometry":{"type":"LineString","coordinates":[[-74.166594349143679,4.633276918186625],[-74.166558447037474,4.633205076969461],[-74.166490056473307,4.633068225573911]]}},
{"type":"Feature","properties":{"fid":312,"OBJECTID":312,"CODIGO_ID":"34010053","NOMBRE":"Alameda Humedal Jaboque","LONGITUD":64.1,"TIPO_CAPACIDAD":null,"OBSERVACION":null,"PLAZO":"Existente","ACTO_ADMINISTRATIVO":null,"NUMERO_ACTO_ADMINISTRATIVO":null,"FECHA_ACTO_ADMINISTRATIVO":"2025-10-15T00:00:00Z","NORMATIVA":"En el marco del Decreto 555 del 29 de diciembre de 2021 - Por el cual se adopta la revisión general del Plan de Ordenamiento Territorial de Bogotá","ESCALA_CAPTURA":null,"FECHA_CAPTURA":"2025-10-15T00:00:00Z","RESPONSABLE":"38","SHAPE_Leng":64.082827824999995,"SHAPE_Length":64.082827824968405},"geometry":{"type":"MultiLineString","coordinates":[[[-74.127532250026064,4.707391102626008],[-74.127545132534195,4.707377662192805],[-74.127558857430031,4.707365087763485],[-74.127573365247741,4.707353433573199]],[[-74.127573365247741,4.707353433573199],[-74.127626351538524,4.707322181056409],[-74.127680409032479,4.70729283227675],[-74.127735468353904,4.707265423389967]],[[-74.127735468353904,4.707265423389967],[-74.12775503234549,4.7072572151783],[-74.127773771090602,4.707247255998671],[-74.127791529619216,4.707235628106133],[-74.127808160168783,4.707222428219079],[-74.127823525788116,4.707207765711475],[-74.127837498535541,4.707191761708822]],[[-74.127837498535541,4.707191761708822],[-74.127928088023566,4.707054002640753],[-74.1279530136039,4.70701582511247]]]}},
{"type":"Feature","properties":{"fid":313,"OBJECTID":313,"CODIGO_ID":"34011114","NOMBRE":"Alameda CL 41 Sur","LONGITUD":18.7,"TIPO_CAPACIDAD":null,"OBSERVACION":null,"PLAZO":"Existente","ACTO_ADMINISTRATIVO":null,"NUMERO_ACTO_ADMINISTRATIVO":null,"FECHA_ACTO_ADMINISTRATIVO":"2025-10-15T00:00:00Z","NORMATIVA":"En el marco del Decreto 555 del 29 de diciembre de 2021 - Por el cual se adopta la revisión general del Plan de Ordenamiento Territorial de Bogotá","ESCALA_CAPTURA":null,"FECHA_CAPTURA":"2025-10-15T00:00:00Z","RESPONSABLE":"38","SHAPE_Leng":18.733502713299998,"SHAPE_Length":18.733502713343356},"geometry":{"type":"LineString","coordinates":[[-74.175676643013361,4.646617249770665],[-74.175587240193025,4.646473620578309]]}},
{"type":"Feature","properties":{"fid":314,"OBJECTID":314,"CODIGO_ID":"514053","NOMBRE":"Alameda Canal Salitre","LONGITUD":15.0,"TIPO_CAPACIDAD":null,"OBSERVACION":null,"PLAZO":"Existente","ACTO_ADMINISTRATIVO":null,"NUMERO_ACTO_ADMINISTRATIVO":null,"FECHA_ACTO_ADMINISTRATIVO":"2025-10-15T00:00:00Z","NORMATIVA":"En el marco del Decreto 555 del 29 de diciembre de 2021 - Por el cual se adopta la revisión general del Plan de Ordenamiento Territorial de Bogotá","ESCALA_CAPTURA":null,"FECHA_CAPTURA":"2025-10-15T00:00:00Z","RESPONSABLE":"38","SHAPE_Leng":15.0133978236,"SHAPE_Length":15.013397823555954},"geometry":{"type":"LineString","coordinates":[[-74.076259896745285,4.670105099119207],[-74.076255751579893,4.66996944967457]]}},
{"type":"Feature","properties":{"fid":315,"OBJECTID":315,"CODIGO_ID":"21849512","NOMBRE":"Alameda Canal Salitre","LONGITUD":59.8,"TIPO_CAPACIDAD":null,"OBSERVACION":null,"PLAZO":"Existente","ACTO_ADMINISTRATIVO":null,"NUMERO_ACTO_ADMINISTRATIVO":null,"FECHA_ACTO_ADMINISTRATIVO":"2025-10-15T00:00:00Z","NORMATIVA":"En el marco del Decreto 555 del 29 de diciembre de 2021 - Por el cual se adopta la revisión general del Plan de Ordenamiento Territorial de Bogotá","ESCALA_CAPTURA":null,"FECHA_CAPTURA":"2025-10-15T00:00:00Z","RESPONSABLE":"38","SHAPE_Leng":59.840868154699997,"SHAPE_Length":59.840868154657045},"geometry":{"type":"LineString","coordinates":[[-74.07594181720323,4.666611725079555],[-74.075787925852723,4.666093301226705]]}},
{"type":"Feature","properties":{"fid":316,"OBJECTID":316,"CODIGO_ID":"22149995","NOMBRE":"Alameda Canal Salitre","LONGITUD":28.9,"TIPO_CAPACIDAD":null,"OBSERVACION":null,"PLAZO":"Existente","ACTO_ADMINISTRATIVO":null,"NUMERO_ACTO_ADMINISTRATIVO":null,"FECHA_ACTO_ADMINISTRATIVO":"2025-10-15T00:00:00Z","NORMATIVA":"En el marco del Decreto 555 del 29 de diciembre de 2021 - Por el cual se adopta la revisión general del Plan de Ordenamiento Territorial de Bogotá","ESCALA_CAPTURA":null,"FECHA_CAPTURA":"2025-10-15T00:00:00Z","RESPONSABLE":"38","SHAPE_Leng":28.930851094600001,"SHAPE_Length":28.93085109463545},"geometry":{"type":"LineString","coordinates":[[-74.093513203621569,4.710999948330491],[-74.093675488786545,4.711204599709422]]}},
{"type":"Feature","properties":{"fid":317,"OBJECTID":317,"CODIGO_ID":"34010498","NOMBRE":"Alameda Canal Salitre","LONGITUD":171.1,"TIPO_CAPACIDAD":null,"OBSERVACION":null,"PLAZO":"Existente","ACTO_ADMINISTRATIVO":null,"NUMERO_ACTO_ADMINISTRATIVO":null,"FECHA_ACTO_ADMINISTRATIVO":"2025-10-15T00:00:00Z","NORMATIVA":"En el marco del Decreto 555 del 29 de diciembre de 2021 - Por el cual se adopta la revisión general del Plan de Ordenamiento Territorial de Bogotá","ESCALA_CAPTURA":null,"FECHA_CAPTURA":"2025-10-15T00:00:00Z","RESPONSABLE":"38","SHAPE_Leng":171.05157316,"SHAPE_Length":171.05157316007018},"geometry":{"type":"LineString","coordinates":[[-74.076209689898675,4.672879002393932],[-74.076256404765914,4.672745127993174],[-74.076296344158479,4.672624949516133],[-74.076338072112989,4.672493409503833],[-74.076366685558739,4.672403723639318],[-74.076401259597631,4.672304471897485],[-74.076420336172546,4.67223810419974],[-74.076443584522323,4.672166953230444],[-74.076485312302253,4.672036610032865],[-74.076531807901716,4.671905071386452],[-74.076550883255479,4.671841693037219],[-74.076586054473594,4.671725101829021],[-74.076599168762357,4.671685042007833],[-74.076612287625821,4.671607911313433],[-74.076623023506457,4.671512842453119],[-74.076627798687682,4.671437504356503],[-74.076628648655145,4.671397191109216]]}},
{"type":"Feature","properties":{"fid":318,"OBJECTID":318,"CODIGO_ID":"34010004","NOMBRE":"Alameda Humedal Jaboque","LONGITUD":32.6,"TIPO_CAPACIDAD":null,"OBSERVACION":null,"PLAZO":"Existente","ACTO_ADMINISTRATIVO":null,"NUMERO_ACTO_ADMINISTRATIVO":null,"FECHA_ACTO_ADMINISTRATIVO":"2025-10-15T00:00:00Z","NORMATIVA":"En el marco del Decreto 555 del 29 de diciembre de 2021 - Por el cual se adopta la revisión general del Plan de Ordenamiento Territorial de Bogotá","ESCALA_CAPTURA":null,"FECHA_CAPTURA":"2025-10-15T00:00:00Z","RESPONSABLE":"38","SHAPE_Leng":32.633965625899997,"SHAPE_Length":32.633965626213609},"geometry":{"type":"MultiLineString","coordinates":[[[-74.128249240938899,4.708618313813933],[-74.128252624239565,4.708613233721917],[-74.128271391420981,4.708585052769782],[-74.128324791602651,4.708508519706991]],[[-74.128324791602651,4.708508519706991],[-74.128328706607491,4.708498490519585],[-74.128331754880563,4.708488162103005],[-74.12833391299452,4.70847761038817],[-74.128335164729819,4.70846691311411],[-74.128335502876681,4.70845614711611],[-74.128334923829186,4.708445391037454],[-74.128333432090187,4.708434724425562],[-74.128331037568444,4.708424225020154],[-74.12832775918254,4.708413967849276],[-74.128323620355914,4.708404028845092],[-74.128318650818912,4.70839448122802],[-74.128312887509807,4.708385393699012],[-74.128306371871773,4.708376833151203],[-74.128299151654986,4.70836886105418],[-74.128291280015489,4.708361537069853]]]}},
{"type":"Feature","properties":{"fid":319,"OBJECTID":319,"CODIGO_ID":"9814","NOMBRE":"Alameda Canal Virrey","LONGITUD":15.7,"TIPO_CAPACIDAD":null,"OBSERVACION":null,"PLAZO":"Existente","ACTO_ADMINISTRATIVO":null,"NUMERO_ACTO_ADMINISTRATIVO":null,"FECHA_ACTO_ADMINISTRATIVO":"2025-10-15T00:00:00Z","NORMATIVA":"En el marco del Decreto 555 del 29 de diciembre de 2021 - Por el cual se adopta la revisión general del Plan de Ordenamiento Territorial de Bogotá","ESCALA_CAPTURA":null,"FECHA_CAPTURA":"2025-10-15T00:00:00Z","RESPONSABLE":"38","SHAPE_Leng":15.721506340099999,"SHAPE_Length":15.721506340103433},"geometry":{"type":"LineString","coordinates":[[-74.05571887702375,4.673380325426061],[-74.055846764358222,4.673441411728423]]}},
{"type":"Feature","properties":{"fid":320,"OBJECTID":320,"CODIGO_ID":"20013094","NOMBRE":"Alameda Canal Salitre","LONGITUD":20.0,"TIPO_CAPACIDAD":null,"OBSERVACION":null,"PLAZO":"Existente","ACTO_ADMINISTRATIVO":null,"NUMERO_ACTO_ADMINISTRATIVO":null,"FECHA_ACTO_ADMINISTRATIVO":"2025-10-15T00:00:00Z","NORMATIVA":"En el marco del Decreto 555 del 29 de diciembre de 2021 - Por el cual se adopta la revisión general del Plan de Ordenamiento Territorial de Bogotá","ESCALA_CAPTURA":null,"FECHA_CAPTURA":"2025-10-15T00:00:00Z","RESPONSABLE":"38","SHAPE_Leng":20.031929918199999,"SHAPE_Length":20.031929919040323},"geometry":{"type":"LineString","coordinates":[[-74.091593663987979,4.709615245203993],[-74.091766003285827,4.709669025544536]]}},
{"type":"Feature","properties":{"fid":321,"OBJECTID":321,"CODIGO_ID":"91064012","NOMBRE":"Alameda CL 40B Sur","LONGITUD":13.6,"TIPO_CAPACIDAD":null,"OBSERVACION":null,"PLAZO":"Existente","ACTO_ADMINISTRATIVO":null,"NUMERO_ACTO_ADMINISTRATIVO":null,"FECHA_ACTO_ADMINISTRATIVO":"2025-10-15T00:00:00Z","NORMATIVA":"En el marco del Decreto 555 del 29 de diciembre de 2021 - Por el cual se adopta la revisión general del Plan de Ordenamiento Territorial de Bogotá","ESCALA_CAPTURA":null,"FECHA_CAPTURA":"2025-10-15T00:00:00Z","RESPONSABLE":"38","SHAPE_Leng":13.597080072000001,"SHAPE_Length":13.597080071969051},"geometry":{"type":"LineString","coordinates":[[-74.169854488588285,4.638056046641115],[-74.16985084257206,4.638052129951827],[-74.169841408156159,4.638041994286574],[-74.169800447063352,4.63799961942637],[-74.169785744135268,4.637985522830611],[-74.169768606914829,4.637968431532622]]}},
{"type":"Feature","properties":{"fid":322,"OBJECTID":322,"CODIGO_ID":"34010027","NOMBRE":"Alameda Humedal Jaboque","LONGITUD":34.4,"TIPO_CAPACIDAD":null,"OBSERVACION":null,"PLAZO":"Existente","ACTO_ADMINISTRATIVO":null,"NUMERO_ACTO_ADMINISTRATIVO":null,"FECHA_ACTO_ADMINISTRATIVO":"2025-10-15T00:00:00Z","NORMATIVA":"En el marco del Decreto 555 del 29 de diciembre de 2021 - Por el cual se adopta la revisión general del Plan de Ordenamiento Territorial de Bogotá","ESCALA_CAPTURA":null,"FECHA_CAPTURA":"2025-10-15T00:00:00Z","RESPONSABLE":"38","SHAPE_Leng":34.352716474899999,"SHAPE_Length":34.352716474954434},"geometry":{"type":"LineString","coordinates":[[-74.127906818409357,4.709125425199573],[-74.127979597574424,4.709023203420243],[-74.128078927051632,4.708874053940375],[-74.128081987792186,4.708869457452209]]}},
{"type":"Feature","properties":{"fid":323,"OBJECTID":323,"CODIGO_ID":"34011125","NOMBRE":"Alameda CL 41 Sur","LONGITUD":32.4,"TIPO_CAPACIDAD":null,"OBSERVACION":null,"PLAZO":"Existente","ACTO_ADMINISTRATIVO":null,"NUMERO_ACTO_ADMINISTRATIVO":null,"FECHA_ACTO_ADMINISTRATIVO":"2025-10-15T00:00:00Z","NORMATIVA":"En el marco del Decreto 555 del 29 de diciembre de 2021 - Por el cual se adopta la revisión general del Plan de Ordenamiento Territorial de Bogotá","ESCALA_CAPTURA":null,"FECHA_CAPTURA":"2025-10-15T00:00:00Z","RESPONSABLE":"38","SHAPE_Leng":32.417611393100003,"SHAPE_Length":32.417611393131772},"geometry":{"type":"LineString","coordinates":[[-74.17160454789537,4.640300511946371],[-74.171452690620441,4.640050204011911]]}},
{"type":"Feature","properties":{"fid":324,"OBJECTID":324,"CODIGO_ID":"34014078","NOMBRE":"Alameda Río Bogotá","LONGITUD":234.7,"TIPO_CAPACIDAD":null,"OBSERVACION":null,"PLAZO":"Existente","ACTO_ADMINISTRATIVO":null,"NUMERO_ACTO_ADMINISTRATIVO":null,"FECHA_ACTO_ADMINISTRATIVO":"2025-10-15T00:00:00Z","NORMATIVA":"En el marco del Decreto 555 del 29 de diciembre de 2021 - Por el cual se adopta la revisión general del Plan de Ordenamiento Territorial de Bogotá","ESCALA_CAPTURA":null,"FECHA_CAPTURA":"2025-10-15T00:00:00Z","RESPONSABLE":"38","SHAPE_Leng":234.71241401699999,"SHAPE_Length":234.71241401790331},"geometry":{"type":"MultiLineString","coordinates":[[[-74.139407947370714,4.725330825372189],[-74.139245840614805,4.725505896403896],[-74.1390751507397,4.725692446519422],[-74.138872040677413,4.725910566560369],[-74.138696583351077,4.72610285749078],[-74.138493473028717,4.72632289107238]],[[-74.138493473028717,4.72632289107238],[-74.13848768855641,4.726327621356367],[-74.138481532878004,4.726331852657529],[-74.13847504834078,4.72633555695401],[-74.138468279094056,4.726338707127958],[-74.138461272891078,4.726341283293086],[-74.138454077485036,4.726343267371018],[-74.1384467424311,4.726344643995247],[-74.138439319086359,4.726345405030855]],[[-74.138439319086359,4.726345405030855],[-74.138432700341369,4.726345559527815],[-74.138426087909068,4.726345224989767],[-74.138419518730501,4.726344402321105]],[[-74.138419518730501,4.726344402321105],[-74.138411718795936,4.726342772413704],[-74.138404094564393,4.726340455509038],[-74.138396704600666,4.726337468782738],[-74.138389607469463,4.726333835738163],[-74.138382859933444,4.726329586206187]],[[-74.138382859933444,4.726329586206187],[-74.138051977885155,4.726097109788946],[-74.13785363910344,4.725953604918835]]]}},
{"type":"Feature","properties":{"fid":325,"OBJECTID":325,"CODIGO_ID":"34013435","NOMBRE":"Alameda El Porvenir","LONGITUD":68.0,"TIPO_CAPACIDAD":null,"OBSERVACION":null,"PLAZO":"Existente","ACTO_ADMINISTRATIVO":null,"NUMERO_ACTO_ADMINISTRATIVO":null,"FECHA_ACTO_ADMINISTRATIVO":"2025-10-15T00:00:00Z","NORMATIVA":"En el marco del Decreto 555 del 29 de diciembre de 2021 - Por el cual se adopta la revisión general del Plan de Ordenamiento Territorial de Bogotá","ESCALA_CAPTURA":null,"FECHA_CAPTURA":"2025-10-15T00:00:00Z","RESPONSABLE":"38","SHAPE_Leng":68.0007251328,"SHAPE_Length":68.000725132901408},"geometry":{"type":"LineString","coordinates":[[-74.205526455172119,4.611776340548134],[-74.205532752440121,4.611812833346194],[-74.205550281478295,4.611957767440185],[-74.205561015840587,4.612075437191106],[-74.205590356265148,4.612387548415243]]}},
{"type":"Feature","properties":{"fid":326,"OBJECTID":326,"CODIGO_ID":"34010363","NOMBRE":"Alameda Canal Molinos","LONGITUD":75.2,"TIPO_CAPACIDAD":null,"OBSERVACION":null,"PLAZO":"Existente","ACTO_ADMINISTRATIVO":null,"NUMERO_ACTO_ADMINISTRATIVO":null,"FECHA_ACTO_ADMINISTRATIVO":"2025-10-15T00:00:00Z","NORMATIVA":"En el marco del Decreto 555 del 29 de diciembre de 2021 - Por el cual se adopta la revisión general del Plan de Ordenamiento Territorial de Bogotá","ESCALA_CAPTURA":null,"FECHA_CAPTURA":"2025-10-15T00:00:00Z","RESPONSABLE":"38","SHAPE_Leng":75.147499529000001,"SHAPE_Length":75.147499529048488},"geometry":{"type":"MultiLineString","coordinates":[[[-74.035765226198734,4.687004001793987],[-74.035767147731292,4.687005196211046],[-74.035845084668352,4.687053620285171],[-74.036020630303099,4.687170602392831],[-74.036196175996992,4.687287583553458]],[[-74.036196175996992,4.687287583553458],[-74.036217571987933,4.687302999208492],[-74.036240234116264,4.687316471579427],[-74.03626398581244,4.68732789668449],[-74.036288645999406,4.687337187716201],[-74.036314023687524,4.687344271424714],[-74.036339922478462,4.687349093542212]],[[-74.036339922478462,4.687349093542212],[-74.036343476642415,4.687349573194217]]]}},
{"type":"Feature","properties":{"fid":327,"OBJECTID":327,"CODIGO_ID":"34011136","NOMBRE":"Alameda CL 41 Sur","LONGITUD":32.0,"TIPO_CAPACIDAD":null,"OBSERVACION":null,"PLAZO":"Existente","ACTO_ADMINISTRATIVO":null,"NUMERO_ACTO_ADMINISTRATIVO":null,"FECHA_ACTO_ADMINISTRATIVO":"2025-10-15T00:00:00Z","NORMATIVA":"En el marco del Decreto 555 del 29 de diciembre de 2021 - Por el cual se adopta la revisión general del Plan de Ordenamiento Territorial de Bogotá","ESCALA_CAPTURA":null,"FECHA_CAPTURA":"2025-10-15T00:00:00Z","RESPONSABLE":"38","SHAPE_Leng":31.953630827600001,"SHAPE_Length":31.953630827560715},"geometry":{"type":"LineString","coordinates":[[-74.173730172611485,4.643660367497209],[-74.173726605759583,4.6436547721935],[-74.173653509182927,4.643540099196735],[-74.173576096106075,4.643416382352648]]}},
{"type":"Feature","properties":{"fid":328,"OBJECTID":328,"CODIGO_ID":"92080260","NOMBRE":"Alameda Humedal Jaboque","LONGITUD":45.6,"TIPO_CAPACIDAD":null,"OBSERVACION":null,"PLAZO":"Existente","ACTO_ADMINISTRATIVO":null,"NUMERO_ACTO_ADMINISTRATIVO":null,"FECHA_ACTO_ADMINISTRATIVO":"2025-10-15T00:00:00Z","NORMATIVA":"En el marco del Decreto 555 del 29 de diciembre de 2021 - Por el cual se adopta la revisión general del Plan de Ordenamiento Territorial de Bogotá","ESCALA_CAPTURA":null,"FECHA_CAPTURA":"2025-10-15T00:00:00Z","RESPONSABLE":"38","SHAPE_Leng":45.612434313800001,"SHAPE_Length":45.612434313763067},"geometry":{"type":"LineString","coordinates":[[-74.128515968709266,4.703487728786153],[-74.128914453223103,4.703386929944171]]}},
{"type":"Feature","properties":{"fid":329,"OBJECTID":329,"CODIGO_ID":"20013328","NOMBRE":"Alameda Canal Torca","LONGITUD":45.1,"TIPO_CAPACIDAD":null,"OBSERVACION":null,"PLAZO":"Existente","ACTO_ADMINISTRATIVO":null,"NUMERO_ACTO_ADMINISTRATIVO":null,"FECHA_ACTO_ADMINISTRATIVO":"2025-10-15T00:00:00Z","NORMATIVA":"En el marco del Decreto 555 del 29 de diciembre de 2021 - Por el cual se adopta la revisión general del Plan de Ordenamiento Territorial de Bogotá","ESCALA_CAPTURA":null,"FECHA_CAPTURA":"2025-10-15T00:00:00Z","RESPONSABLE":"38","SHAPE_Leng":45.052761402500003,"SHAPE_Length":45.052761401818934},"geometry":{"type":"MultiLineString","coordinates":[[[-74.040121781903679,4.754075151613567],[-74.040118449970379,4.754068693321758],[-74.040115062168454,4.754062264851443],[-74.040111618497903,4.754055866202653]],[[-74.040111618497903,4.754055866202653],[-74.040079178067074,4.754000481050843],[-74.040042112173367,4.753948098988795],[-74.040000694672187,4.753899106946219],[-74.039955232760619,4.753853867451484],[-74.039906063373607,4.75381271682321],[-74.039853549580798,4.753775958842074]]]}},
{"type":"Feature","properties":{"fid":330,"OBJECTID":330,"CODIGO_ID":"92080032","NOMBRE":"Alameda Tv 127","LONGITUD":19.8,"TIPO_CAPACIDAD":null,"OBSERVACION":null,"PLAZO":"Existente","ACTO_ADMINISTRATIVO":null,"NUMERO_ACTO_ADMINISTRATIVO":null,"FECHA_ACTO_ADMINISTRATIVO":"2025-10-15T00:00:00Z","NORMATIVA":"En el marco del Decreto 555 del 29 de diciembre de 2021 - Por el cual se adopta la revisión general del Plan de Ordenamiento Territorial de Bogotá","ESCALA_CAPTURA":null,"FECHA_CAPTURA":"2025-10-15T00:00:00Z","RESPONSABLE":"38","SHAPE_Leng":19.838843582199999,"SHAPE_Length":19.838843582213826},"geometry":{"type":"LineString","coordinates":[[-74.108587514013806,4.74544138887329],[-74.108590489165948,4.745425455185734],[-74.108550994228466,4.745267219118567]]}},
{"type":"Feature","properties":{"fid":331,"OBJECTID":331,"CODIGO_ID":"92085130","NOMBRE":"Alameda Canal Molinos","LONGITUD":7.8,"TIPO_CAPACIDAD":null,"OBSERVACION":null,"PLAZO":"Existente","ACTO_ADMINISTRATIVO":null,"NUMERO_ACTO_ADMINISTRATIVO":null,"FECHA_ACTO_ADMINISTRATIVO":"2025-10-15T00:00:00Z","NORMATIVA":"En el marco del Decreto 555 del 29 de diciembre de 2021 - Por el cual se adopta la revisión general del Plan de Ordenamiento Territorial de Bogotá","ESCALA_CAPTURA":null,"FECHA_CAPTURA":"2025-10-15T00:00:00Z","RESPONSABLE":"38","SHAPE_Leng":7.7708431621600003,"SHAPE_Length":7.7708431621617882},"geometry":{"type":"LineString","coordinates":[[-74.050219422973683,4.696403553160907],[-74.050149411221952,4.696403309361661]]}},
{"type":"Feature","properties":{"fid":332,"OBJECTID":332,"CODIGO_ID":"34011663","NOMBRE":"Alameda Canal Molinos","LONGITUD":348.7,"TIPO_CAPACIDAD":null,"OBSERVACION":null,"PLAZO":"Existente","ACTO_ADMINISTRATIVO":null,"NUMERO_ACTO_ADMINISTRATIVO":null,"FECHA_ACTO_ADMINISTRATIVO":"2025-10-15T00:00:00Z","NORMATIVA":"En el marco del Decreto 555 del 29 de diciembre de 2021 - Por el cual se adopta la revisión general del Plan de Ordenamiento Territorial de Bogotá","ESCALA_CAPTURA":null,"FECHA_CAPTURA":"2025-10-15T00:00:00Z","RESPONSABLE":"38","SHAPE_Leng":348.690683229,"SHAPE_Length":348.69068322911198},"geometry":{"type":"MultiLineString","coordinates":[[[-74.041127049047986,4.693604589771441],[-74.041069524403937,4.693571310448721],[-74.040855991720377,4.693432445622443],[-74.040681457960119,4.693328939065396]],[[-74.040681457960119,4.693328939065396],[-74.040664089996923,4.693318592578462],[-74.040645823525423,4.693309944468743],[-74.04062682160675,4.693303072500291],[-74.040607256313876,4.693298039071429],[-74.040587303326319,4.693294888502105]],[[-74.040587303326319,4.693294888502105],[-74.040552812328642,4.693287037013617],[-74.040518057159233,4.693280460950725],[-74.040483085567203,4.693275169360095]],[[-74.040483085567203,4.693275169360095],[-74.040236381222257,4.693127677469477],[-74.040113064366665,4.69303517055572],[-74.039945177434021,4.692840839980446],[-74.039906915911487,4.692720629237392]],[[-74.039906915911487,4.692720629237392],[-74.03989794018473,4.692681827802598],[-74.039885425356957,4.692644026494576],[-74.039869480395183,4.692607548038469],[-74.039850240395552,4.692572705219929],[-74.039827870187523,4.692539798173887]],[[-74.039827870187523,4.692539798173887],[-74.039816970621914,4.692514878338479],[-74.039808418181281,4.692489052204386],[-74.039802286709843,4.692462542153605],[-74.039798629328928,4.692435576892632],[-74.039797477536609,4.692408386932435],[-74.039798841207372,4.692381207300469]],[[-74.039798841207372,4.692381207300469],[-74.039789521263643,4.692283536344852],[-74.039728536327786,4.69201852718064],[-74.039714242123551,4.691963037186486]],[[-74.039714242123551,4.691963037186486],[-74.039712056347994,4.691951593802584],[-74.039708872279562,4.691940388003586],[-74.039704716032503,4.691929508380128],[-74.039699620028486,4.691919038100199],[-74.039693622995983,4.691909060332693],[-74.039686772673818,4.691899651920301],[-74.039679121306222,4.69189088609061],[-74.039670730147591,4.691882831552848],[-74.039661663156139,4.691875550689019],[-74.039651991498573,4.691869100458622],[-74.039641790847227,4.691863531494149]],[[-74.039641790847227,4.691863531494149],[-74.039284711014005,4.691706511042525]],[[-74.039284711014005,4.691706511042525],[-74.039270141260147,4.691697559740168],[-74.039256492488718,4.691687249044673],[-74.039243889917657,4.691675674793647],[-74.03923245065458,4.691662943670728],[-74.039222278291476,4.691649171396943]],[[-74.039222278291476,4.691649171396943],[-74.039146966444378,4.691550622493328]],[[-74.039146966444378,4.691550622493328],[-74.03913935439347,4.691544053252075],[-74.039132329860124,4.691536856762824],[-74.039125943290003,4.691529083654315],[-74.039120241523818,4.69152079178631],[-74.039115266896943,4.691512042633629],[-74.039111054537003,4.691502898573965],[-74.039107635967113,4.69149342650419]],[[-74.039107635967113,4.69149342650419],[-74.039107315386616,4.691492387821174],[-74.039107004717025,4.691491346427847],[-74.039106703958325,4.691490302324216]]]}},
{"type":"Feature","properties":{"fid":333,"OBJECTID":333,"CODIGO_ID":"91036336","NOMBRE":"Alameda CL 40B Sur","LONGITUD":6.6,"TIPO_CAPACIDAD":null,"OBSERVACION":null,"PLAZO":"Existente","ACTO_ADMINISTRATIVO":null,"NUMERO_ACTO_ADMINISTRATIVO":null,"FECHA_ACTO_ADMINISTRATIVO":"2025-10-15T00:00:00Z","NORMATIVA":"En el marco del Decreto 555 del 29 de diciembre de 2021 - Por el cual se adopta la revisión general del Plan de Ordenamiento Territorial de Bogotá","ESCALA_CAPTURA":null,"FECHA_CAPTURA":"2025-10-15T00:00:00Z","RESPONSABLE":"38","SHAPE_Leng":6.55122660441,"SHAPE_Length":6.551226604405068},"geometry":{"type":"LineString","coordinates":[[-74.166405723077673,4.632899655055597],[-74.166378398826097,4.632847164419377]]}},
{"type":"Feature","properties":{"fid":334,"OBJECTID":334,"CODIGO_ID":"92080164","NOMBRE":"Alameda Canal Salitre","LONGITUD":27.3,"TIPO_CAPACIDAD":null,"OBSERVACION":null,"PLAZO":"Existente","ACTO_ADMINISTRATIVO":null,"NUMERO_ACTO_ADMINISTRATIVO":null,"FECHA_ACTO_ADMINISTRATIVO":"2025-10-15T00:00:00Z","NORMATIVA":"En el marco del Decreto 555 del 29 de diciembre de 2021 - Por el cual se adopta la revisión general del Plan de Ordenamiento Territorial de Bogotá","ESCALA_CAPTURA":null,"FECHA_CAPTURA":"2025-10-15T00:00:00Z","RESPONSABLE":"38","SHAPE_Leng":27.311697602900001,"SHAPE_Length":27.311697602401214},"geometry":{"type":"LineString","coordinates":[[-74.076670399230423,4.684197372393671],[-74.07652804026749,4.683996002176921]]}},
{"type":"Feature","properties":{"fid":335,"OBJECTID":335,"CODIGO_ID":"34011139","NOMBRE":"Alameda CL 41 Sur","LONGITUD":31.8,"TIPO_CAPACIDAD":null,"OBSERVACION":null,"PLAZO":"Existente","ACTO_ADMINISTRATIVO":null,"NUMERO_ACTO_ADMINISTRATIVO":null,"FECHA_ACTO_ADMINISTRATIVO":"2025-10-15T00:00:00Z","NORMATIVA":"En el marco del Decreto 555 del 29 de diciembre de 2021 - Por el cual se adopta la revisión general del Plan de Ordenamiento Territorial de Bogotá","ESCALA_CAPTURA":null,"FECHA_CAPTURA":"2025-10-15T00:00:00Z","RESPONSABLE":"38","SHAPE_Leng":31.7519087969,"SHAPE_Length":31.751908796888063},"geometry":{"type":"LineString","coordinates":[[-74.172945789091415,4.642429959751399],[-74.172793646471931,4.642186903611198]]}},
{"type":"Feature","properties":{"fid":336,"OBJECTID":336,"CODIGO_ID":"522832","NOMBRE":"Alameda Canal Salitre","LONGITUD":6.0,"TIPO_CAPACIDAD":null,"OBSERVACION":null,"PLAZO":"Existente","ACTO_ADMINISTRATIVO":null,"NUMERO_ACTO_ADMINISTRATIVO":null,"FECHA_ACTO_ADMINISTRATIVO":"2025-10-15T00:00:00Z","NORMATIVA":"En el marco del Decreto 555 del 29 de diciembre de 2021 - Por el cual se adopta la revisión general del Plan de Ordenamiento Territorial de Bogotá","ESCALA_CAPTURA":null,"FECHA_CAPTURA":"2025-10-15T00:00:00Z","RESPONSABLE":"38","SHAPE_Leng":5.9728535916399998,"SHAPE_Length":5.9728535912416572},"geometry":{"type":"LineString","coordinates":[[-74.081315836231568,4.6905595688825],[-74.081308597346904,4.690576035404078],[-74.081301136836672,4.690592402470688],[-74.081293457404087,4.690608666466811]]}},
{"type":"Feature","properties":{"fid":337,"OBJECTID":337,"CODIGO_ID":"34010073","NOMBRE":"Alameda Av El Salitre","LONGITUD":42.7,"TIPO_CAPACIDAD":null,"OBSERVACION":null,"PLAZO":"Existente","ACTO_ADMINISTRATIVO":null,"NUMERO_ACTO_ADMINISTRATIVO":null,"FECHA_ACTO_ADMINISTRATIVO":"2025-10-15T00:00:00Z","NORMATIVA":"En el marco del Decreto 555 del 29 de diciembre de 2021 - Por el cual se adopta la revisión general del Plan de Ordenamiento Territorial de Bogotá","ESCALA_CAPTURA":null,"FECHA_CAPTURA":"2025-10-15T00:00:00Z","RESPONSABLE":"38","SHAPE_Leng":42.673623259899998,"SHAPE_Length":42.673623259150624},"geometry":{"type":"LineString","coordinates":[[-74.113521770605658,4.692144837980235],[-74.113473535665108,4.692116948923759],[-74.113232781285348,4.69196865216098],[-74.113212775247334,4.691956565431199],[-74.113193122374341,4.691944692049264]]}},
{"type":"Feature","properties":{"fid":338,"OBJECTID":338,"CODIGO_ID":"34010060","NOMBRE":"Alameda Humedal Jaboque","LONGITUD":9.3,"TIPO_CAPACIDAD":null,"OBSERVACION":null,"PLAZO":"Existente","ACTO_ADMINISTRATIVO":null,"NUMERO_ACTO_ADMINISTRATIVO":null,"FECHA_ACTO_ADMINISTRATIVO":"2025-10-15T00:00:00Z","NORMATIVA":"En el marco del Decreto 555 del 29 de diciembre de 2021 - Por el cual se adopta la revisión general del Plan de Ordenamiento Territorial de Bogotá","ESCALA_CAPTURA":null,"FECHA_CAPTURA":"2025-10-15T00:00:00Z","RESPONSABLE":"38","SHAPE_Leng":9.3215196420200002,"SHAPE_Length":9.321519642019684},"geometry":{"type":"LineString","coordinates":[[-74.123576747017083,4.702331288477055],[-74.123558967670405,4.702320082562734],[-74.123540209815133,4.702310619425352],[-74.12352064192946,4.702302984041423],[-74.123500439699882,4.702297246020607]]}},
{"type":"Feature","properties":{"fid":339,"OBJECTID":339,"CODIGO_ID":"34010076","NOMBRE":"Alameda Av El Salitre","LONGITUD":90.8,"TIPO_CAPACIDAD":null,"OBSERVACION":null,"PLAZO":"Existente","ACTO_ADMINISTRATIVO":null,"NUMERO_ACTO_ADMINISTRATIVO":null,"FECHA_ACTO_ADMINISTRATIVO":"2025-10-15T00:00:00Z","NORMATIVA":"En el marco del Decreto 555 del 29 de diciembre de 2021 - Por el cual se adopta la revisión general del Plan de Ordenamiento Territorial de Bogotá","ESCALA_CAPTURA":null,"FECHA_CAPTURA":"2025-10-15T00:00:00Z","RESPONSABLE":"38","SHAPE_Leng":90.849944708600006,"SHAPE_Length":90.849944708619489},"geometry":{"type":"LineString","coordinates":[[-74.111798510734758,4.691100543391459],[-74.1115951723135,4.690979604985309],[-74.111388981655168,4.690856421875426],[-74.11113869281921,4.690700949282156],[-74.111097533984022,4.690676592142631]]}},
{"type":"Feature","properties":{"fid":340,"OBJECTID":340,"CODIGO_ID":"91036310","NOMBRE":"Alameda CL 40B Sur","LONGITUD":10.3,"TIPO_CAPACIDAD":null,"OBSERVACION":null,"PLAZO":"Existente","ACTO_ADMINISTRATIVO":null,"NUMERO_ACTO_ADMINISTRATIVO":null,"FECHA_ACTO_ADMINISTRATIVO":"2025-10-15T00:00:00Z","NORMATIVA":"En el marco del Decreto 555 del 29 de diciembre de 2021 - Por el cual se adopta la revisión general del Plan de Ordenamiento Territorial de Bogotá","ESCALA_CAPTURA":null,"FECHA_CAPTURA":"2025-10-15T00:00:00Z","RESPONSABLE":"38","SHAPE_Leng":10.3036224467,"SHAPE_Length":10.303622446736263},"geometry":{"type":"LineString","coordinates":[[-74.168091530479856,4.635596313563446],[-74.16804168673103,4.635517741145661]]}},
{"type":"Feature","properties":{"fid":341,"OBJECTID":341,"CODIGO_ID":"34010387","NOMBRE":"Alameda Canal Torca","LONGITUD":273.7,"TIPO_CAPACIDAD":null,"OBSERVACION":null,"PLAZO":"Existente","ACTO_ADMINISTRATIVO":null,"NUMERO_ACTO_ADMINISTRATIVO":null,"FECHA_ACTO_ADMINISTRATIVO":"2025-10-15T00:00:00Z","NORMATIVA":"En el marco del Decreto 555 del 29 de diciembre de 2021 - Por el cual se adopta la revisión general del Plan de Ordenamiento Territorial de Bogotá","ESCALA_CAPTURA":null,"FECHA_CAPTURA":"2025-10-15T00:00:00Z","RESPONSABLE":"38","SHAPE_Leng":273.73727606900002,"SHAPE_Length":273.73727606873001},"geometry":{"type":"MultiLineString","coordinates":[[[-74.040448179304619,4.776450203562399],[-74.040564426468407,4.776819080235565],[-74.040637341372275,4.777060174156456]],[[-74.040637341372275,4.777060174156456],[-74.040645232228613,4.777087965312411],[-74.040655295660613,4.777115041784506],[-74.040667466818263,4.77714123181339],[-74.040681669136418,4.777166371773307]],[[-74.040681669136418,4.777166371773307],[-74.040824671053969,4.777440481281539],[-74.041019152713801,4.777826530402479],[-74.041167873812597,4.778119295403438],[-74.041287995835077,4.778348916427793],[-74.041462653940258,4.77869754725176]]]}},
{"type":"Feature","properties":{"fid":342,"OBJECTID":342,"CODIGO_ID":"530110","NOMBRE":"Alameda Canal Molinos","LONGITUD":14.2,"TIPO_CAPACIDAD":null,"OBSERVACION":null,"PLAZO":"Existente","ACTO_ADMINISTRATIVO":null,"NUMERO_ACTO_ADMINISTRATIVO":null,"FECHA_ACTO_ADMINISTRATIVO":"2025-10-15T00:00:00Z","NORMATIVA":"En el marco del Decreto 555 del 29 de diciembre de 2021 - Por el cual se adopta la revisión general del Plan de Ordenamiento Territorial de Bogotá","ESCALA_CAPTURA":null,"FECHA_CAPTURA":"2025-10-15T00:00:00Z","RESPONSABLE":"38","SHAPE_Leng":14.204973064600001,"SHAPE_Length":14.204973064504507},"geometry":{"type":"MultiLineString","coordinates":[[[-74.039106920468598,4.691364741581388],[-74.039100014136039,4.691385863922434],[-74.039093946253558,4.691415079418761],[-74.039104069518359,4.69147886519707]],[[-74.039104069518359,4.69147886519707],[-74.039104821226857,4.691482706178262],[-74.039105699973931,4.69148652006065],[-74.039106703958325,4.691490302324216]]]}},
{"type":"Feature","properties":{"fid":343,"OBJECTID":343,"CODIGO_ID":"91035526","NOMBRE":"Alameda Canal Salitre","LONGITUD":3.6,"TIPO_CAPACIDAD":null,"OBSERVACION":null,"PLAZO":"Existente","ACTO_ADMINISTRATIVO":null,"NUMERO_ACTO_ADMINISTRATIVO":null,"FECHA_ACTO_ADMINISTRATIVO":"2025-10-15T00:00:00Z","NORMATIVA":"En el marco del Decreto 555 del 29 de diciembre de 2021 - Por el cual se adopta la revisión general del Plan de Ordenamiento Territorial de Bogotá","ESCALA_CAPTURA":null,"FECHA_CAPTURA":"2025-10-15T00:00:00Z","RESPONSABLE":"38","SHAPE_Leng":3.6445911402300002,"SHAPE_Length":3.6445911404289388},"geometry":{"type":"LineString","coordinates":[[-74.081293457404087,4.690608666466811],[-74.081286433287119,4.690640849026647]]}},
{"type":"Feature","properties":{"fid":344,"OBJECTID":344,"CODIGO_ID":"20012249","NOMBRE":"Alameda Canal Torca","LONGITUD":7.7,"TIPO_CAPACIDAD":null,"OBSERVACION":null,"PLAZO":"Existente","ACTO_ADMINISTRATIVO":null,"NUMERO_ACTO_ADMINISTRATIVO":null,"FECHA_ACTO_ADMINISTRATIVO":"2025-10-15T00:00:00Z","NORMATIVA":"En el marco del Decreto 555 del 29 de diciembre de 2021 - Por el cual se adopta la revisión general del Plan de Ordenamiento Territorial de Bogotá","ESCALA_CAPTURA":null,"FECHA_CAPTURA":"2025-10-15T00:00:00Z","RESPONSABLE":"38","SHAPE_Leng":7.7270925980299996,"SHAPE_Length":7.7270925980342566},"geometry":{"type":"LineString","coordinates":[[-74.040428421180948,4.776383226421314],[-74.040448179304619,4.776450203562399]]}},
{"type":"Feature","properties":{"fid":345,"OBJECTID":345,"CODIGO_ID":"701976","NOMBRE":"Alameda El Porvenir","LONGITUD":200.8,"TIPO_CAPACIDAD":null,"OBSERVACION":null,"PLAZO":"Existente","ACTO_ADMINISTRATIVO":null,"NUMERO_ACTO_ADMINISTRATIVO":null,"FECHA_ACTO_ADMINISTRATIVO":"2025-10-15T00:00:00Z","NORMATIVA":"En el marco del Decreto 555 del 29 de diciembre de 2021 - Por el cual se adopta la revisión general del Plan de Ordenamiento Territorial de Bogotá","ESCALA_CAPTURA":null,"FECHA_CAPTURA":"2025-10-15T00:00:00Z","RESPONSABLE":"38","SHAPE_Leng":200.84002614100001,"SHAPE_Length":200.84002614122707},"geometry":{"type":"LineString","coordinates":[[-74.202600351168272,4.602496524254005],[-74.203105901231297,4.604239700488773]]}},
{"type":"Feature","properties":{"fid":346,"OBJECTID":346,"CODIGO_ID":"92080048","NOMBRE":"Alameda Tv 127","LONGITUD":2.9,"TIPO_CAPACIDAD":null,"OBSERVACION":null,"PLAZO":"Existente","ACTO_ADMINISTRATIVO":null,"NUMERO_ACTO_ADMINISTRATIVO":null,"FECHA_ACTO_ADMINISTRATIVO":"2025-10-15T00:00:00Z","NORMATIVA":"En el marco del Decreto 555 del 29 de diciembre de 2021 - Por el cual se adopta la revisión general del Plan de Ordenamiento Territorial de Bogotá","ESCALA_CAPTURA":null,"FECHA_CAPTURA":"2025-10-15T00:00:00Z","RESPONSABLE":"38","SHAPE_Leng":2.9240279653900001,"SHAPE_Length":2.9240279661289637},"geometry":{"type":"LineString","coordinates":[[-74.11228575444494,4.742478534097914],[-74.112289050503364,4.742475979710651],[-74.1123043386836,4.74246445787205],[-74.112306785044694,4.742462613943959]]}},
{"type":"Feature","properties":{"fid":347,"OBJECTID":347,"CODIGO_ID":"34011549","NOMBRE":"Alameda Canal Salitre","LONGITUD":85.2,"TIPO_CAPACIDAD":null,"OBSERVACION":null,"PLAZO":"Existente","ACTO_ADMINISTRATIVO":null,"NUMERO_ACTO_ADMINISTRATIVO":null,"FECHA_ACTO_ADMINISTRATIVO":"2025-10-15T00:00:00Z","NORMATIVA":"En el marco del Decreto 555 del 29 de diciembre de 2021 - Por el cual se adopta la revisión general del Plan de Ordenamiento Territorial de Bogotá","ESCALA_CAPTURA":null,"FECHA_CAPTURA":"2025-10-15T00:00:00Z","RESPONSABLE":"38","SHAPE_Leng":85.203143118300005,"SHAPE_Length":85.203143118319346},"geometry":{"type":"LineString","coordinates":[[-74.079513424893122,4.687687519412436],[-74.079655538507225,4.687937101002692],[-74.079791390365187,4.688179871629856],[-74.079893583670781,4.688356617455548]]}},
{"type":"Feature","properties":{"fid":348,"OBJECTID":348,"CODIGO_ID":"34011170","NOMBRE":"Alameda CL 40B Sur","LONGITUD":25.4,"TIPO_CAPACIDAD":null,"OBSERVACION":null,"PLAZO":"Existente","ACTO_ADMINISTRATIVO":null,"NUMERO_ACTO_ADMINISTRATIVO":null,"FECHA_ACTO_ADMINISTRATIVO":"2025-10-15T00:00:00Z","NORMATIVA":"En el marco del Decreto 555 del 29 de diciembre de 2021 - Por el cual se adopta la revisión general del Plan de Ordenamiento Territorial de Bogotá","ESCALA_CAPTURA":null,"FECHA_CAPTURA":"2025-10-15T00:00:00Z","RESPONSABLE":"38","SHAPE_Leng":25.3752695204,"SHAPE_Length":25.375269519908908},"geometry":{"type":"LineString","coordinates":[[-74.16681798804764,4.633682198153062],[-74.166801593137222,4.633658377764456],[-74.166729767442163,4.633554017122656],[-74.166698505893905,4.633487433147041]]}},
{"type":"Feature","properties":{"fid":349,"OBJECTID":349,"CODIGO_ID":"34011505","NOMBRE":"Alameda Humedal Jaboque","LONGITUD":156.6,"TIPO_CAPACIDAD":null,"OBSERVACION":null,"PLAZO":"Existente","ACTO_ADMINISTRATIVO":null,"NUMERO_ACTO_ADMINISTRATIVO":null,"FECHA_ACTO_ADMINISTRATIVO":"2025-10-15T00:00:00Z","NORMATIVA":"En el marco del Decreto 555 del 29 de diciembre de 2021 - Por el cual se adopta la revisión general del Plan de Ordenamiento Territorial de Bogotá","ESCALA_CAPTURA":null,"FECHA_CAPTURA":"2025-10-15T00:00:00Z","RESPONSABLE":"38","SHAPE_Leng":156.62820166,"SHAPE_Length":156.62820166044324},"geometry":{"type":"MultiLineString","coordinates":[[[-74.134130047502623,4.712171207196582],[-74.134165148090489,4.712111613326201],[-74.134208535245207,4.712037949670077],[-74.134281007389006,4.711888709344672]],[[-74.134281007389006,4.711888709344672],[-74.134285141202554,4.711882290491791],[-74.134288681275706,4.711875522704925],[-74.134291597875119,4.711868462932205],[-74.134293867574328,4.711861167217918],[-74.134295473253616,4.711853696126195],[-74.134296399595257,4.71184611112517],[-74.134296640291382,4.711838471875198],[-74.134296193538901,4.7118308425565],[-74.134295062039698,4.711823284637463],[-74.134293256604508,4.711815860490633],[-74.134290789845977,4.711808629776714],[-74.13428768338666,4.711801651252593]],[[-74.13428768338666,4.711801651252593],[-74.134279254874158,4.71179236576207],[-74.134271594008951,4.711782432155178],[-74.134264752145796,4.711771915517062],[-74.134258770728636,4.711760881836587],[-74.134253690300284,4.711749403430228],[-74.1342495432947,4.711737553518283]],[[-74.1342495432947,4.711737553518283],[-74.134243770148629,4.711718358105869],[-74.134239706171002,4.711698726117471],[-74.134237381992307,4.711678812128568],[-74.134236816530262,4.711658769810459],[-74.134238013385882,4.711638755546007],[-74.134240963546489,4.71161892481388]],[[-74.134240963546489,4.71161892481388],[-74.134274338840541,4.711501254133176],[-74.134343952009758,4.711254431787894],[-74.134392585314629,4.711087970840387],[-74.134460289427764,4.710933408873375],[-74.134460290927336,4.710846888509055]]]}},
{"type":"Feature","properties":{"fid":350,"OBJECTID":350,"CODIGO_ID":"527989","NOMBRE":"Alameda Canal Salitre","LONGITUD":15.7,"TIPO_CAPACIDAD":null,"OBSERVACION":null,"PLAZO":"Existente","ACTO_ADMINISTRATIVO":null,"NUMERO_ACTO_ADMINISTRATIVO":null,"FECHA_ACTO_ADMINISTRATIVO":"2025-10-15T00:00:00Z","NORMATIVA":"En el marco del Decreto 555 del 29 de diciembre de 2021 - Por el cual se adopta la revisión general del Plan de Ordenamiento Territorial de Bogotá","ESCALA_CAPTURA":null,"FECHA_CAPTURA":"2025-10-15T00:00:00Z","RESPONSABLE":"38","SHAPE_Leng":15.7327578618,"SHAPE_Length":15.732757861121399},"geometry":{"type":"MultiLineString","coordinates":[[[-74.077210303904621,4.685860714560113],[-74.077206905983644,4.685856142963804]],[[-74.077206905983644,4.685856142963804],[-74.077199595033903,4.685844629571492],[-74.077191332618625,4.685833784101333],[-74.077182178192658,4.685823684298621],[-74.077172199319648,4.685814405197628],[-74.07716146806878,4.685806012793583],[-74.077150061915347,4.685798569466487],[-74.077138065542968,4.685792129461546],[-74.077125565437953,4.685786738888575],[-74.077112652591936,4.685782437530272],[-74.077099420700236,4.685779257034063]]]}},
{"type":"Feature","properties":{"fid":351,"OBJECTID":351,"CODIGO_ID":"20011529","NOMBRE":"Alameda Av Las Quintas","LONGITUD":23.8,"TIPO_CAPACIDAD":null,"OBSERVACION":null,"PLAZO":"Existente","ACTO_ADMINISTRATIVO":null,"NUMERO_ACTO_ADMINISTRATIVO":null,"FECHA_ACTO_ADMINISTRATIVO":"2025-10-15T00:00:00Z","NORMATIVA":"En el marco del Decreto 555 del 29 de diciembre de 2021 - Por el cual se adopta la revisión general del Plan de Ordenamiento Territorial de Bogotá","ESCALA_CAPTURA":null,"FECHA_CAPTURA":"2025-10-15T00:00:00Z","RESPONSABLE":"38","SHAPE_Leng":23.7957351397,"SHAPE_Length":23.795735139671827},"geometry":{"type":"LineString","coordinates":[[-74.118834264180876,4.732492104896528],[-74.118906894325193,4.732289722395486]]}},
{"type":"Feature","properties":{"fid":352,"OBJECTID":352,"CODIGO_ID":"91033876","NOMBRE":"Alameda Canal Molinos","LONGITUD":6.7,"TIPO_CAPACIDAD":null,"OBSERVACION":null,"PLAZO":"Existente","ACTO_ADMINISTRATIVO":null,"NUMERO_ACTO_ADMINISTRATIVO":null,"FECHA_ACTO_ADMINISTRATIVO":"2025-10-15T00:00:00Z","NORMATIVA":"En el marco del Decreto 555 del 29 de diciembre de 2021 - Por el cual se adopta la revisión general del Plan de Ordenamiento Territorial de Bogotá","ESCALA_CAPTURA":null,"FECHA_CAPTURA":"2025-10-15T00:00:00Z","RESPONSABLE":"38","SHAPE_Leng":6.6616658641499997,"SHAPE_Length":6.6616658650716341},"geometry":{"type":"LineString","coordinates":[[-74.050435867935406,4.696435153345913],[-74.050376583360674,4.696425762211429]]}},
{"type":"Feature","properties":{"fid":353,"OBJECTID":353,"CODIGO_ID":"34010055","NOMBRE":"Alameda Humedal Jaboque","LONGITUD":30.4,"TIPO_CAPACIDAD":null,"OBSERVACION":null,"PLAZO":"Existente","ACTO_ADMINISTRATIVO":null,"NUMERO_ACTO_ADMINISTRATIVO":null,"FECHA_ACTO_ADMINISTRATIVO":"2025-10-15T00:00:00Z","NORMATIVA":"En el marco del Decreto 555 del 29 de diciembre de 2021 - Por el cual se adopta la revisión general del Plan de Ordenamiento Territorial de Bogotá","ESCALA_CAPTURA":null,"FECHA_CAPTURA":"2025-10-15T00:00:00Z","RESPONSABLE":"38","SHAPE_Leng":30.388052569900001,"SHAPE_Length":30.388052570682696},"geometry":{"type":"LineString","coordinates":[[-74.124314070537352,4.702087672521313],[-74.124090971566304,4.701928446841175]]}},
{"type":"Feature","properties":{"fid":354,"OBJECTID":354,"CODIGO_ID":"92080063","NOMBRE":"Alameda Av Las Quintas","LONGITUD":3.6,"TIPO_CAPACIDAD":null,"OBSERVACION":null,"PLAZO":"Existente","ACTO_ADMINISTRATIVO":null,"NUMERO_ACTO_ADMINISTRATIVO":null,"FECHA_ACTO_ADMINISTRATIVO":"2025-10-15T00:00:00Z","NORMATIVA":"En el marco del Decreto 555 del 29 de diciembre de 2021 - Por el cual se adopta la revisión general del Plan de Ordenamiento Territorial de Bogotá","ESCALA_CAPTURA":null,"FECHA_CAPTURA":"2025-10-15T00:00:00Z","RESPONSABLE":"38","SHAPE_Leng":3.6101008646500001,"SHAPE_Length":3.6101008646467201},"geometry":{"type":"LineString","coordinates":[[-74.124828588085009,4.728988227747803],[-74.124859726453849,4.728997661404908]]}},
{"type":"Feature","properties":{"fid":355,"OBJECTID":355,"CODIGO_ID":"34010064","NOMBRE":"Alameda Av El Salitre","LONGITUD":65.4,"TIPO_CAPACIDAD":null,"OBSERVACION":null,"PLAZO":"Existente","ACTO_ADMINISTRATIVO":null,"NUMERO_ACTO_ADMINISTRATIVO":null,"FECHA_ACTO_ADMINISTRATIVO":"2025-10-15T00:00:00Z","NORMATIVA":"En el marco del Decreto 555 del 29 de diciembre de 2021 - Por el cual se adopta la revisión general del Plan de Ordenamiento Territorial de Bogotá","ESCALA_CAPTURA":null,"FECHA_CAPTURA":"2025-10-15T00:00:00Z","RESPONSABLE":"38","SHAPE_Leng":65.387726856300006,"SHAPE_Length":65.38772685626364},"geometry":{"type":"LineString","coordinates":[[-74.11960959626245,4.695780486950089],[-74.119497216692309,4.695713126782757],[-74.119223086194836,4.695548089688021],[-74.11910460197673,4.695476102816537]]}},
{"type":"Feature","properties":{"fid":356,"OBJECTID":356,"CODIGO_ID":"20013441","NOMBRE":"Alameda Canal Salitre","LONGITUD":22.4,"TIPO_CAPACIDAD":null,"OBSERVACION":null,"PLAZO":"Existente","ACTO_ADMINISTRATIVO":null,"NUMERO_ACTO_ADMINISTRATIVO":null,"FECHA_ACTO_ADMINISTRATIVO":"2025-10-15T00:00:00Z","NORMATIVA":"En el marco del Decreto 555 del 29 de diciembre de 2021 - Por el cual se adopta la revisión general del Plan de Ordenamiento Territorial de Bogotá","ESCALA_CAPTURA":null,"FECHA_CAPTURA":"2025-10-15T00:00:00Z","RESPONSABLE":"38","SHAPE_Leng":22.370548336,"SHAPE_Length":22.370548335973446},"geometry":{"type":"MultiLineString","coordinates":[[[-74.088196221477077,4.698638977375082],[-74.088202834219288,4.698642940831164],[-74.088209371270338,4.698647028121568],[-74.088215829927421,4.698651238342067]],[[-74.088215829927421,4.698651238342067],[-74.088364811901883,4.698721805647209]],[[-74.088364811901883,4.698721805647209],[-74.088368420929442,4.69872460908728],[-74.088371906512364,4.698727565284003],[-74.088375262344229,4.698730669717133]]]}},
{"type":"Feature","properties":{"fid":357,"OBJECTID":357,"CODIGO_ID":"34010041","NOMBRE":"Alameda Humedal Jaboque","LONGITUD":38.8,"TIPO_CAPACIDAD":null,"OBSERVACION":null,"PLAZO":"Existente","ACTO_ADMINISTRATIVO":null,"NUMERO_ACTO_ADMINISTRATIVO":null,"FECHA_ACTO_ADMINISTRATIVO":"2025-10-15T00:00:00Z","NORMATIVA":"En el marco del Decreto 555 del 29 de diciembre de 2021 - Por el cual se adopta la revisión general del Plan de Ordenamiento Territorial de Bogotá","ESCALA_CAPTURA":null,"FECHA_CAPTURA":"2025-10-15T00:00:00Z","RESPONSABLE":"38","SHAPE_Leng":38.841486851900001,"SHAPE_Length":38.841486851904413},"geometry":{"type":"MultiLineString","coordinates":[[[-74.132106455544829,4.71223976939963],[-74.132105497781808,4.71224072485139],[-74.131900482090458,4.712458842901159]],[[-74.131900482090458,4.712458842901159],[-74.131894182313957,4.712464200460383],[-74.131887613150894,4.712469221745675],[-74.131880792621189,4.71247389319818]],[[-74.131880792621189,4.71247389319818],[-74.131873672972262,4.712478241031356],[-74.131866334392726,4.712482207394284],[-74.131858798506386,4.712485780536124]]]}},
{"type":"Feature","properties":{"fid":358,"OBJECTID":358,"CODIGO_ID":"92080319","NOMBRE":"Alameda Humedal Jaboque","LONGITUD":20.8,"TIPO_CAPACIDAD":null,"OBSERVACION":null,"PLAZO":"Existente","ACTO_ADMINISTRATIVO":null,"NUMERO_ACTO_ADMINISTRATIVO":null,"FECHA_ACTO_ADMINISTRATIVO":"2025-10-15T00:00:00Z","NORMATIVA":"En el marco del Decreto 555 del 29 de diciembre de 2021 - Por el cual se adopta la revisión general del Plan de Ordenamiento Territorial de Bogotá","ESCALA_CAPTURA":null,"FECHA_CAPTURA":"2025-10-15T00:00:00Z","RESPONSABLE":"38","SHAPE_Leng":20.800251688199999,"SHAPE_Length":20.800251687561879},"geometry":{"type":"LineString","coordinates":[[-74.122718026739818,4.699733654875834],[-74.122714487877275,4.699729862696793],[-74.122601975524759,4.699618883967598],[-74.122622657626039,4.699605807277356]]}},
{"type":"Feature","properties":{"fid":359,"OBJECTID":359,"CODIGO_ID":"92081958","NOMBRE":"Alameda Canal Salitre","LONGITUD":12.8,"TIPO_CAPACIDAD":null,"OBSERVACION":null,"PLAZO":"Existente","ACTO_ADMINISTRATIVO":null,"NUMERO_ACTO_ADMINISTRATIVO":null,"FECHA_ACTO_ADMINISTRATIVO":"2025-10-15T00:00:00Z","NORMATIVA":"En el marco del Decreto 555 del 29 de diciembre de 2021 - Por el cual se adopta la revisión general del Plan de Ordenamiento Territorial de Bogotá","ESCALA_CAPTURA":null,"FECHA_CAPTURA":"2025-10-15T00:00:00Z","RESPONSABLE":"38","SHAPE_Leng":12.836930687600001,"SHAPE_Length":12.836930687575064},"geometry":{"type":"LineString","coordinates":[[-74.076013458899681,4.675835326241436],[-74.076041195514506,4.675722673730344]]}},
{"type":"Feature","properties":{"fid":360,"OBJECTID":360,"CODIGO_ID":"34011182","NOMBRE":"Alameda CL 41 Sur","LONGITUD":17.7,"TIPO_CAPACIDAD":null,"OBSERVACION":null,"PLAZO":"Existente","ACTO_ADMINISTRATIVO":null,"NUMERO_ACTO_ADMINISTRATIVO":null,"FECHA_ACTO_ADMINISTRATIVO":"2025-10-15T00:00:00Z","NORMATIVA":"En el marco del Decreto 555 del 29 de diciembre de 2021 - Por el cual se adopta la revisión general del Plan de Ordenamiento Territorial de Bogotá","ESCALA_CAPTURA":null,"FECHA_CAPTURA":"2025-10-15T00:00:00Z","RESPONSABLE":"38","SHAPE_Leng":17.672358914899998,"SHAPE_Length":17.672358914928616},"geometry":{"type":"LineString","coordinates":[[-74.176336914482889,4.647673853764954],[-74.176252538750077,4.647538383488456]]}},
{"type":"Feature","properties":{"fid":361,"OBJECTID":361,"CODIGO_ID":"20048274","NOMBRE":"Alameda Canal Salitre","LONGITUD":95.4,"TIPO_CAPACIDAD":null,"OBSERVACION":null,"PLAZO":"Existente","ACTO_ADMINISTRATIVO":null,"NUMERO_ACTO_ADMINISTRATIVO":null,"FECHA_ACTO_ADMINISTRATIVO":"2025-10-15T00:00:00Z","NORMATIVA":"En el marco del Decreto 555 del 29 de diciembre de 2021 - Por el cual se adopta la revisión general del Plan de Ordenamiento Territorial de Bogotá","ESCALA_CAPTURA":null,"FECHA_CAPTURA":"2025-10-15T00:00:00Z","RESPONSABLE":"38","SHAPE_Leng":95.435607488599999,"SHAPE_Length":95.435607488597014},"geometry":{"type":"LineString","coordinates":[[-74.077334383477535,4.679986565394471],[-74.07724792685147,4.679865311331332],[-74.077182977850057,4.679776812101188],[-74.077091812493506,4.67965123939716],[-74.076963926506394,4.679463858367199],[-74.076913301490094,4.67938558417702],[-74.076848773671884,4.679275250118668]]}},
{"type":"Feature","properties":{"fid":362,"OBJECTID":362,"CODIGO_ID":"20010941","NOMBRE":"Alameda Canal Torca","LONGITUD":22.2,"TIPO_CAPACIDAD":null,"OBSERVACION":null,"PLAZO":"Existente","ACTO_ADMINISTRATIVO":null,"NUMERO_ACTO_ADMINISTRATIVO":null,"FECHA_ACTO_ADMINISTRATIVO":"2025-10-15T00:00:00Z","NORMATIVA":"En el marco del Decreto 555 del 29 de diciembre de 2021 - Por el cual se adopta la revisión general del Plan de Ordenamiento Territorial de Bogotá","ESCALA_CAPTURA":null,"FECHA_CAPTURA":"2025-10-15T00:00:00Z","RESPONSABLE":"38","SHAPE_Leng":22.232534079800001,"SHAPE_Length":22.232534079991719},"geometry":{"type":"LineString","coordinates":[[-74.040861832732901,4.764141463436651],[-74.040811254267211,4.764335922013799]]}},
{"type":"Feature","properties":{"fid":363,"OBJECTID":363,"CODIGO_ID":"34011161","NOMBRE":"Alameda CL 40B Sur","LONGITUD":31.7,"TIPO_CAPACIDAD":null,"OBSERVACION":null,"PLAZO":"Existente","ACTO_ADMINISTRATIVO":null,"NUMERO_ACTO_ADMINISTRATIVO":null,"FECHA_ACTO_ADMINISTRATIVO":"2025-10-15T00:00:00Z","NORMATIVA":"En el marco del Decreto 555 del 29 de diciembre de 2021 - Por el cual se adopta la revisión general del Plan de Ordenamiento Territorial de Bogotá","ESCALA_CAPTURA":null,"FECHA_CAPTURA":"2025-10-15T00:00:00Z","RESPONSABLE":"38","SHAPE_Leng":31.725394791500001,"SHAPE_Length":31.725394790960223},"geometry":{"type":"LineString","coordinates":[[-74.168646073804098,4.636438360828003],[-74.168541649891978,4.636273588700021],[-74.168492018709642,4.636196808839594]]}},
{"type":"Feature","properties":{"fid":364,"OBJECTID":364,"CODIGO_ID":"24119414","NOMBRE":"Alameda Canal El Carmelo","LONGITUD":67.2,"TIPO_CAPACIDAD":null,"OBSERVACION":null,"PLAZO":"Existente","ACTO_ADMINISTRATIVO":null,"NUMERO_ACTO_ADMINISTRATIVO":null,"FECHA_ACTO_ADMINISTRATIVO":"2025-10-15T00:00:00Z","NORMATIVA":"En el marco del Decreto 555 del 29 de diciembre de 2021 - Por el cual se adopta la revisión general del Plan de Ordenamiento Territorial de Bogotá","ESCALA_CAPTURA":null,"FECHA_CAPTURA":"2025-10-15T00:00:00Z","RESPONSABLE":"38","SHAPE_Leng":67.170213402200005,"SHAPE_Length":67.170213402382586},"geometry":{"type":"MultiLineString","coordinates":[[[-74.12295842009641,4.702098606286449],[-74.122921546683571,4.702083275901763],[-74.122886119431811,4.702064827851212],[-74.122852399617628,4.702043400447805],[-74.122767178175692,4.701983195573888],[-74.122682677557478,4.7019219773897],[-74.122598908574417,4.701859754031373]],[[-74.12295842009641,4.702098606286449],[-74.122941269336962,4.702149857689954],[-74.122873654268687,4.702126000230529]],[[-74.123003307649839,4.702113175817254],[-74.122997294662696,4.702110931113294],[-74.122984218133794,4.702107203696907],[-74.122971256941852,4.702103093914608],[-74.12295842009641,4.702098606286449]]]}},
{"type":"Feature","properties":{"fid":365,"OBJECTID":365,"CODIGO_ID":"92080751","NOMBRE":"Alameda Humedal el Burro","LONGITUD":28.5,"TIPO_CAPACIDAD":null,"OBSERVACION":null,"PLAZO":"Existente","ACTO_ADMINISTRATIVO":null,"NUMERO_ACTO_ADMINISTRATIVO":null,"FECHA_ACTO_ADMINISTRATIVO":"2025-10-15T00:00:00Z","NORMATIVA":"En el marco del Decreto 555 del 29 de diciembre de 2021 - Por el cual se adopta la revisión general del Plan de Ordenamiento Territorial de Bogotá","ESCALA_CAPTURA":null,"FECHA_CAPTURA":"2025-10-15T00:00:00Z","RESPONSABLE":"38","SHAPE_Leng":28.485824541100001,"SHAPE_Length":28.485824541542549},"geometry":{"type":"LineString","coordinates":[[-74.158446052036126,4.652077291983064],[-74.158573219381182,4.652300951954617]]}},
{"type":"Feature","properties":{"fid":366,"OBJECTID":366,"CODIGO_ID":"92010082","NOMBRE":"Alameda Humedal el Burro","LONGITUD":11.2,"TIPO_CAPACIDAD":null,"OBSERVACION":null,"PLAZO":"Existente","ACTO_ADMINISTRATIVO":null,"NUMERO_ACTO_ADMINISTRATIVO":null,"FECHA_ACTO_ADMINISTRATIVO":"2025-10-15T00:00:00Z","NORMATIVA":"En el marco del Decreto 555 del 29 de diciembre de 2021 - Por el cual se adopta la revisión general del Plan de Ordenamiento Territorial de Bogotá","ESCALA_CAPTURA":null,"FECHA_CAPTURA":"2025-10-15T00:00:00Z","RESPONSABLE":"38","SHAPE_Leng":11.166224202,"SHAPE_Length":11.16622420171243},"geometry":{"type":"LineString","coordinates":[[-74.154647402613463,4.64579392345306],[-74.154673282876388,4.64589146281475]]}},
{"type":"Feature","properties":{"fid":367,"OBJECTID":367,"CODIGO_ID":"91043475","NOMBRE":"Alameda Canal Tintal III (CL 59B S","LONGITUD":2.4,"TIPO_CAPACIDAD":null,"OBSERVACION":null,"PLAZO":"Existente","ACTO_ADMINISTRATIVO":null,"NUMERO_ACTO_ADMINISTRATIVO":null,"FECHA_ACTO_ADMINISTRATIVO":"2025-10-15T00:00:00Z","NORMATIVA":"En el marco del Decreto 555 del 29 de diciembre de 2021 - Por el cual se adopta la revisión general del Plan de Ordenamiento Territorial de Bogotá","ESCALA_CAPTURA":null,"FECHA_CAPTURA":"2025-10-15T00:00:00Z","RESPONSABLE":"38","SHAPE_Leng":2.35420321393,"SHAPE_Length":2.3542032135224207},"geometry":{"type":"LineString","coordinates":[[-74.192429785561444,4.629733642231357],[-74.19242038909961,4.629714564100495]]}},
{"type":"Feature","properties":{"fid":368,"OBJECTID":368,"CODIGO_ID":"34014082","NOMBRE":"Alameda Río Bogotá","LONGITUD":224.7,"TIPO_CAPACIDAD":null,"OBSERVACION":null,"PLAZO":"Existente","ACTO_ADMINISTRATIVO":null,"NUMERO_ACTO_ADMINISTRATIVO":null,"FECHA_ACTO_ADMINISTRATIVO":"2025-10-15T00:00:00Z","NORMATIVA":"En el marco del Decreto 555 del 29 de diciembre de 2021 - Por el cual se adopta la revisión general del Plan de Ordenamiento Territorial de Bogotá","ESCALA_CAPTURA":null,"FECHA_CAPTURA":"2025-10-15T00:00:00Z","RESPONSABLE":"38","SHAPE_Leng":224.705958802,"SHAPE_Length":224.70595880159453},"geometry":{"type":"MultiLineString","coordinates":[[[-74.134940525717582,4.72532837284195],[-74.13480607403703,4.725340807968135],[-74.134677342692129,4.725358982322454],[-74.134599151156465,4.725370461093862],[-74.134498073292562,4.725385765862772]],[[-74.134498073292562,4.725385765862772],[-74.134459357268369,4.725392916306458],[-74.13442133856222,4.725403159160964],[-74.134384261345332,4.725416429346533],[-74.134348364383357,4.725432640992612]],[[-74.134348364383357,4.725432640992612],[-74.134108871909632,4.725526872232201],[-74.133932609206411,4.725596225228879],[-74.133596954032484,4.725733024076624],[-74.133228877915826,4.725878432226234],[-74.133031966794192,4.725950179148378],[-74.133025451624889,4.725952486796076]]]}},
{"type":"Feature","properties":{"fid":369,"OBJECTID":369,"CODIGO_ID":"34010044","NOMBRE":"Alameda Humedal Jaboque","LONGITUD":51.5,"TIPO_CAPACIDAD":null,"OBSERVACION":null,"PLAZO":"Existente","ACTO_ADMINISTRATIVO":null,"NUMERO_ACTO_ADMINISTRATIVO":null,"FECHA_ACTO_ADMINISTRATIVO":"2025-10-15T00:00:00Z","NORMATIVA":"En el marco del Decreto 555 del 29 de diciembre de 2021 - Por el cual se adopta la revisión general del Plan de Ordenamiento Territorial de Bogotá","ESCALA_CAPTURA":null,"FECHA_CAPTURA":"2025-10-15T00:00:00Z","RESPONSABLE":"38","SHAPE_Leng":51.527360252800001,"SHAPE_Length":51.527360252955965},"geometry":{"type":"MultiLineString","coordinates":[[[-74.133747700073556,4.711128594347431],[-74.133733412930638,4.711145104671575],[-74.133670277211749,4.711218065566566],[-74.133561572110565,4.711317558249312]],[[-74.133561572110565,4.711317558249312],[-74.133555641763465,4.711322671765136],[-74.133549570866535,4.711327615336277],[-74.133543363023747,4.711332385347005]],[[-74.133543363023747,4.711332385347005],[-74.133524431385126,4.711345330413417],[-74.133504500588813,4.711356664627335],[-74.133483705783362,4.711366311155722],[-74.133462188424062,4.711374203109128],[-74.13344009537181,4.711380288061349],[-74.133417577992219,4.711384524433656]],[[-74.133417577992219,4.711384524433656],[-74.133404973248645,4.711386064520026],[-74.13339231085321,4.711387024271245],[-74.133379618736384,4.711387401879934]]]}},
{"type":"Feature","properties":{"fid":370,"OBJECTID":370,"CODIGO_ID":"20012486","NOMBRE":"Alameda Humedal el Burro","LONGITUD":8.2,"TIPO_CAPACIDAD":null,"OBSERVACION":null,"PLAZO":"Existente","ACTO_ADMINISTRATIVO":null,"NUMERO_ACTO_ADMINISTRATIVO":null,"FECHA_ACTO_ADMINISTRATIVO":"2025-10-15T00:00:00Z","NORMATIVA":"En el marco del Decreto 555 del 29 de diciembre de 2021 - Por el cual se adopta la revisión general del Plan de Ordenamiento Territorial de Bogotá","ESCALA_CAPTURA":null,"FECHA_CAPTURA":"2025-10-15T00:00:00Z","RESPONSABLE":"38","SHAPE_Leng":8.2280805166000004,"SHAPE_Length":8.2280805166048978},"geometry":{"type":"LineString","coordinates":[[-74.152910969554441,4.642843782182816],[-74.152918003783867,4.642850395407505],[-74.152955060695291,4.642804522396101],[-74.152959179611287,4.642808383123291]]}},
{"type":"Feature","properties":{"fid":371,"OBJECTID":371,"CODIGO_ID":"900661","NOMBRE":"Alameda Canal Salitre","LONGITUD":294.6,"TIPO_CAPACIDAD":null,"OBSERVACION":null,"PLAZO":"Existente","ACTO_ADMINISTRATIVO":null,"NUMERO_ACTO_ADMINISTRATIVO":null,"FECHA_ACTO_ADMINISTRATIVO":"2025-10-15T00:00:00Z","NORMATIVA":"En el marco del Decreto 555 del 29 de diciembre de 2021 - Por el cual se adopta la revisión general del Plan de Ordenamiento Territorial de Bogotá","ESCALA_CAPTURA":null,"FECHA_CAPTURA":"2025-10-15T00:00:00Z","RESPONSABLE":"38","SHAPE_Leng":294.51836873399998,"SHAPE_Length":294.51836873383451},"geometry":{"type":"MultiLineString","coordinates":[[[-74.079920270516283,4.690420661327949],[-74.079901879401717,4.690372805535154],[-74.079886801201951,4.690323797526187],[-74.079875107069725,4.690273867814447]],[[-74.079875107069725,4.690273867814447],[-74.079871437805735,4.69021357783154],[-74.079873435540861,4.690153207938641],[-74.079881083104581,4.690093295078418]],[[-74.079881083104581,4.690093295078418],[-74.079892807173451,4.690046069500016],[-74.07990874667675,4.690000104425614],[-74.079928771840954,4.689955776788294]],[[-74.079928771840954,4.689955776788294],[-74.079948287324314,4.689908699295638],[-74.079963040534679,4.689859908368954],[-74.079972885472856,4.689809887606107]],[[-74.079972885472856,4.689809887606107],[-74.079976106933216,4.68975646375573],[-74.079975315562024,4.689702948223919],[-74.079970516737234,4.689649643833333]],[[-74.079970516737234,4.689649643833333],[-74.079960102131338,4.689597917198003],[-74.079945643962091,4.689547179094426],[-74.07992723229539,4.689497746816279],[-74.079904982424338,4.689449930428009]],[[-74.079904982424338,4.689449930428009],[-74.079863681365865,4.689389143295007],[-74.079817494108468,4.689332005829545],[-74.079766739552056,4.689278911278022]],[[-74.079766739552056,4.689278911278022],[-74.079710818354101,4.689241541286251],[-74.079652314634203,4.689208390666098],[-74.0795915419056,4.689179639332388]],[[-74.0795915419056,4.689179639332388],[-74.079541373147549,4.689162746081171],[-74.079490012041873,4.689149957534111],[-74.079437791931738,4.689141356886108]],[[-74.079437791931738,4.689141356886108],[-74.079401479835681,4.68914303925507],[-74.079365163547294,4.689141452046273],[-74.07932913497379,4.689136610654935],[-74.079293683317402,4.689128552170772],[-74.079259092371984,4.689117341705412],[-74.079225640523191,4.689103069680516]],[[-74.079225640523191,4.689103069680516],[-74.079194589442835,4.689082189130834],[-74.079165496386977,4.689058638510053],[-74.07913859108055,4.689032602245698],[-74.079114082524711,4.689004283746251],[-74.07909216169972,4.688973904497359]],[[-74.07909216169972,4.688973904497359],[-74.079072115480315,4.68893700706884],[-74.079055038037581,4.688898635589567],[-74.079041036561151,4.688859030519954],[-74.079030198419105,4.688818438646113]],[[-74.079030198419105,4.688818438646113],[-74.07902618572426,4.68877009699261],[-74.07902684897924,4.6887215921769],[-74.079032182733727,4.688673378883665],[-74.079042135589233,4.688625908177235]],[[-74.079042135589233,4.688625908177235],[-74.079053544249746,4.68859854952317],[-74.079067082660558,4.688572186320131],[-74.079082667017062,4.688546985790048]],[[-74.079082667017062,4.688546985790048],[-74.079092316639318,4.688532976451309],[-74.079100640142173,4.688518134449317],[-74.079107566338294,4.688502588137721],[-74.07911303755445,4.688486467679295],[-74.079117006027246,4.688469909565455],[-74.079119439308897,4.688453056616654],[-74.079120315763149,4.688436049846558],[-74.079119628168627,4.688419033885922]],[[-74.079119628168627,4.688419033885922],[-74.079116280343854,4.68839914492548],[-74.07911106120639,4.688379666176127],[-74.079104018489744,4.688360774815981],[-74.079095215244237,4.688342640793095]]]}},
{"type":"Feature","properties":{"fid":372,"OBJECTID":372,"CODIGO_ID":"0","NOMBRE":"Alameda Canal Fucha","LONGITUD":33.5,"TIPO_CAPACIDAD":null,"OBSERVACION":null,"PLAZO":"Existente","ACTO_ADMINISTRATIVO":null,"NUMERO_ACTO_ADMINISTRATIVO":null,"FECHA_ACTO_ADMINISTRATIVO":"2025-10-15T00:00:00Z","NORMATIVA":"En el marco del Decreto 555 del 29 de diciembre de 2021 - Por el cual se adopta la revisión general del Plan de Ordenamiento Territorial de Bogotá","ESCALA_CAPTURA":null,"FECHA_CAPTURA":"2025-10-15T00:00:00Z","RESPONSABLE":"38","SHAPE_Leng":33.505270762800002,"SHAPE_Length":33.505270762818867},"geometry":{"type":"LineString","coordinates":[[-74.108540794148624,4.596920734271443],[-74.1082678247502,4.596791497340682]]}},
{"type":"Feature","properties":{"fid":373,"OBJECTID":373,"CODIGO_ID":"0","NOMBRE":"Alameda CL 41 Sur","LONGITUD":73.5,"TIPO_CAPACIDAD":null,"OBSERVACION":null,"PLAZO":"Existente","ACTO_ADMINISTRATIVO":null,"NUMERO_ACTO_ADMINISTRATIVO":null,"FECHA_ACTO_ADMINISTRATIVO":"2025-10-15T00:00:00Z","NORMATIVA":"En el marco del Decreto 555 del 29 de diciembre de 2021 - Por el cual se adopta la revisión general del Plan de Ordenamiento Territorial de Bogotá","ESCALA_CAPTURA":null,"FECHA_CAPTURA":"2025-10-15T00:00:00Z","RESPONSABLE":"38","SHAPE_Leng":73.546836703400004,"SHAPE_Length":73.546836703377679},"geometry":{"type":"LineString","coordinates":[[-74.174765546881304,4.644991978528304],[-74.174778185278683,4.644327274015255]]}},
{"type":"Feature","properties":{"fid":374,"OBJECTID":374,"CODIGO_ID":"92085349","NOMBRE":"Alameda Canal Torca","LONGITUD":4.7,"TIPO_CAPACIDAD":null,"OBSERVACION":null,"PLAZO":"Existente","ACTO_ADMINISTRATIVO":null,"NUMERO_ACTO_ADMINISTRATIVO":null,"FECHA_ACTO_ADMINISTRATIVO":"2025-10-15T00:00:00Z","NORMATIVA":"En el marco del Decreto 555 del 29 de diciembre de 2021 - Por el cual se adopta la revisión general del Plan de Ordenamiento Territorial de Bogotá","ESCALA_CAPTURA":null,"FECHA_CAPTURA":"2025-10-15T00:00:00Z","RESPONSABLE":"38","SHAPE_Leng":4.7474851629300003,"SHAPE_Length":4.7474851629757868},"geometry":{"type":"LineString","coordinates":[[-74.041205828538565,4.760421724452268],[-74.041203710874655,4.760464586441254]]}},
{"type":"Feature","properties":{"fid":375,"OBJECTID":375,"CODIGO_ID":"601340","NOMBRE":"Alameda Canal Virrey","LONGITUD":7.8,"TIPO_CAPACIDAD":null,"OBSERVACION":null,"PLAZO":"Existente","ACTO_ADMINISTRATIVO":null,"NUMERO_ACTO_ADMINISTRATIVO":null,"FECHA_ACTO_ADMINISTRATIVO":"2025-10-15T00:00:00Z","NORMATIVA":"En el marco del Decreto 555 del 29 de diciembre de 2021 - Por el cual se adopta la revisión general del Plan de Ordenamiento Territorial de Bogotá","ESCALA_CAPTURA":null,"FECHA_CAPTURA":"2025-10-15T00:00:00Z","RESPONSABLE":"38","SHAPE_Leng":7.7524274305600001,"SHAPE_Length":7.7524274305631149},"geometry":{"type":"MultiLineString","coordinates":[[[-74.049448948440158,4.670773945342772],[-74.049433550146787,4.670797581412327]],[[-74.049433550146787,4.670797581412327],[-74.04944552699618,4.670804670012678]],[[-74.049433550146787,4.670797581412327],[-74.049419938297248,4.670821896592913]]]}},
{"type":"Feature","properties":{"fid":376,"OBJECTID":376,"CODIGO_ID":"34011097","NOMBRE":"Alameda CL 41 Sur","LONGITUD":26.0,"TIPO_CAPACIDAD":null,"OBSERVACION":null,"PLAZO":"Existente","ACTO_ADMINISTRATIVO":null,"NUMERO_ACTO_ADMINISTRATIVO":null,"FECHA_ACTO_ADMINISTRATIVO":"2025-10-15T00:00:00Z","NORMATIVA":"En el marco del Decreto 555 del 29 de diciembre de 2021 - Por el cual se adopta la revisión general del Plan de Ordenamiento Territorial de Bogotá","ESCALA_CAPTURA":null,"FECHA_CAPTURA":"2025-10-15T00:00:00Z","RESPONSABLE":"38","SHAPE_Leng":25.996352638800001,"SHAPE_Length":25.996352638797461},"geometry":{"type":"LineString","coordinates":[[-74.175468851477987,4.646274180981356],[-74.175464063805563,4.646266663038844],[-74.175432813298684,4.646217587152905],[-74.175345586261088,4.646074380886502]]}},
{"type":"Feature","properties":{"fid":377,"OBJECTID":377,"CODIGO_ID":"92080248","NOMBRE":"Alameda Humedal Jaboque","LONGITUD":14.5,"TIPO_CAPACIDAD":null,"OBSERVACION":null,"PLAZO":"Existente","ACTO_ADMINISTRATIVO":null,"NUMERO_ACTO_ADMINISTRATIVO":null,"FECHA_ACTO_ADMINISTRATIVO":"2025-10-15T00:00:00Z","NORMATIVA":"En el marco del Decreto 555 del 29 de diciembre de 2021 - Por el cual se adopta la revisión general del Plan de Ordenamiento Territorial de Bogotá","ESCALA_CAPTURA":null,"FECHA_CAPTURA":"2025-10-15T00:00:00Z","RESPONSABLE":"38","SHAPE_Leng":14.4626423623,"SHAPE_Length":14.462642362370891},"geometry":{"type":"MultiLineString","coordinates":[[[-74.12828181642395,4.708351418039892],[-74.128275437745316,4.708342464278491],[-74.128269917711904,4.708332952804462],[-74.128265304974221,4.708322967686122],[-74.128261638271965,4.708312594799497],[-74.128258951839854,4.708301924540153],[-74.128257266397881,4.708291049111249]],[[-74.128257266397881,4.708291049111249],[-74.128256599957169,4.708280286702545],[-74.128256915581062,4.708269508048686],[-74.12825820966323,4.70825880354424],[-74.128260472290577,4.708248261775736],[-74.128263683639275,4.7082379704255],[-74.128267817578674,4.708228017175664]]]}},
{"type":"Feature","properties":{"fid":378,"OBJECTID":378,"CODIGO_ID":"0","NOMBRE":"Alameda Canal Salitre","LONGITUD":185.1,"TIPO_CAPACIDAD":null,"OBSERVACION":null,"PLAZO":"Existente","ACTO_ADMINISTRATIVO":null,"NUMERO_ACTO_ADMINISTRATIVO":null,"FECHA_ACTO_ADMINISTRATIVO":"2025-10-15T00:00:00Z","NORMATIVA":"En el marco del Decreto 555 del 29 de diciembre de 2021 - Por el cual se adopta la revisión general del Plan de Ordenamiento Territorial de Bogotá","ESCALA_CAPTURA":null,"FECHA_CAPTURA":"2025-10-15T00:00:00Z","RESPONSABLE":"38","SHAPE_Leng":185.07503710399999,"SHAPE_Length":185.07503710491022},"geometry":{"type":"LineString","coordinates":[[-74.077248234876478,4.681248407144264],[-74.077186632071303,4.681002159564013],[-74.076962588264919,4.680716329171601],[-74.076883941620764,4.680542923527734],[-74.076805303661999,4.680282220103078],[-74.076779091124507,4.68019731246368],[-74.076726656937424,4.680119576833088],[-74.076652771658331,4.68001194372172],[-74.076554978699903,4.679826529902797],[-74.076586347432581,4.679764741034859]]}},
{"type":"Feature","properties":{"fid":379,"OBJECTID":379,"CODIGO_ID":"92056975","NOMBRE":"Alameda Humedal el Burro","LONGITUD":3.3,"TIPO_CAPACIDAD":null,"OBSERVACION":null,"PLAZO":"Existente","ACTO_ADMINISTRATIVO":null,"NUMERO_ACTO_ADMINISTRATIVO":null,"FECHA_ACTO_ADMINISTRATIVO":"2025-10-15T00:00:00Z","NORMATIVA":"En el marco del Decreto 555 del 29 de diciembre de 2021 - Por el cual se adopta la revisión general del Plan de Ordenamiento Territorial de Bogotá","ESCALA_CAPTURA":null,"FECHA_CAPTURA":"2025-10-15T00:00:00Z","RESPONSABLE":"38","SHAPE_Leng":3.3355036221300001,"SHAPE_Length":3.3355036221300876},"geometry":{"type":"LineString","coordinates":[[-74.14475163135242,4.634624061720603],[-74.144768766971765,4.634648829961722]]}},
{"type":"Feature","properties":{"fid":380,"OBJECTID":380,"CODIGO_ID":"91036267","NOMBRE":"Alameda CL 41 Sur","LONGITUD":17.9,"TIPO_CAPACIDAD":null,"OBSERVACION":null,"PLAZO":"Existente","ACTO_ADMINISTRATIVO":null,"NUMERO_ACTO_ADMINISTRATIVO":null,"FECHA_ACTO_ADMINISTRATIVO":"2025-10-15T00:00:00Z","NORMATIVA":"En el marco del Decreto 555 del 29 de diciembre de 2021 - Por el cual se adopta la revisión general del Plan de Ordenamiento Territorial de Bogotá","ESCALA_CAPTURA":null,"FECHA_CAPTURA":"2025-10-15T00:00:00Z","RESPONSABLE":"38","SHAPE_Leng":17.919056916399999,"SHAPE_Length":17.919056916826179},"geometry":{"type":"LineString","coordinates":[[-74.172085016617672,4.641055559357803],[-74.172013802337361,4.640910193443095]]}},
{"type":"Feature","properties":{"fid":381,"OBJECTID":381,"CODIGO_ID":"20011933","NOMBRE":"Alameda Humedal Juan Amarillo","LONGITUD":7.8,"TIPO_CAPACIDAD":null,"OBSERVACION":null,"PLAZO":"Existente","ACTO_ADMINISTRATIVO":null,"NUMERO_ACTO_ADMINISTRATIVO":null,"FECHA_ACTO_ADMINISTRATIVO":"2025-10-15T00:00:00Z","NORMATIVA":"En el marco del Decreto 555 del 29 de diciembre de 2021 - Por el cual se adopta la revisión general del Plan de Ordenamiento Territorial de Bogotá","ESCALA_CAPTURA":null,"FECHA_CAPTURA":"2025-10-15T00:00:00Z","RESPONSABLE":"38","SHAPE_Leng":7.8337849192000002,"SHAPE_Length":7.8337849192043914},"geometry":{"type":"LineString","coordinates":[[-74.116710966476845,4.734880640755755],[-74.116765730909776,4.734835966487817]]}},
{"type":"Feature","properties":{"fid":382,"OBJECTID":382,"CODIGO_ID":"91036233","NOMBRE":"Alameda CL 41 Sur","LONGITUD":5.1,"TIPO_CAPACIDAD":null,"OBSERVACION":null,"PLAZO":"Existente","ACTO_ADMINISTRATIVO":null,"NUMERO_ACTO_ADMINISTRATIVO":null,"FECHA_ACTO_ADMINISTRATIVO":"2025-10-15T00:00:00Z","NORMATIVA":"En el marco del Decreto 555 del 29 de diciembre de 2021 - Por el cual se adopta la revisión general del Plan de Ordenamiento Territorial de Bogotá","ESCALA_CAPTURA":null,"FECHA_CAPTURA":"2025-10-15T00:00:00Z","RESPONSABLE":"38","SHAPE_Leng":5.1192396790599997,"SHAPE_Length":5.1192396790608869},"geometry":{"type":"LineString","coordinates":[[-74.175699425656717,4.64665748447581],[-74.175676643013361,4.646617249770665]]}},
{"type":"Feature","properties":{"fid":383,"OBJECTID":383,"CODIGO_ID":"92080275","NOMBRE":"Alameda Humedal Jaboque","LONGITUD":10.6,"TIPO_CAPACIDAD":null,"OBSERVACION":null,"PLAZO":"Existente","ACTO_ADMINISTRATIVO":null,"NUMERO_ACTO_ADMINISTRATIVO":null,"FECHA_ACTO_ADMINISTRATIVO":"2025-10-15T00:00:00Z","NORMATIVA":"En el marco del Decreto 555 del 29 de diciembre de 2021 - Por el cual se adopta la revisión general del Plan de Ordenamiento Territorial de Bogotá","ESCALA_CAPTURA":null,"FECHA_CAPTURA":"2025-10-15T00:00:00Z","RESPONSABLE":"38","SHAPE_Leng":10.6275877447,"SHAPE_Length":10.627587745379715},"geometry":{"type":"LineString","coordinates":[[-74.128874150592111,4.703297415570722],[-74.128799905004854,4.703236751604224]]}},
{"type":"Feature","properties":{"fid":384,"OBJECTID":384,"CODIGO_ID":"21849497","NOMBRE":"Alameda Canal Salitre","LONGITUD":99.6,"TIPO_CAPACIDAD":null,"OBSERVACION":null,"PLAZO":"Existente","ACTO_ADMINISTRATIVO":null,"NUMERO_ACTO_ADMINISTRATIVO":null,"FECHA_ACTO_ADMINISTRATIVO":"2025-10-15T00:00:00Z","NORMATIVA":"En el marco del Decreto 555 del 29 de diciembre de 2021 - Por el cual se adopta la revisión general del Plan de Ordenamiento Territorial de Bogotá","ESCALA_CAPTURA":null,"FECHA_CAPTURA":"2025-10-15T00:00:00Z","RESPONSABLE":"38","SHAPE_Leng":99.646651185799996,"SHAPE_Length":99.646651185678721},"geometry":{"type":"LineString","coordinates":[[-74.07619232615076,4.667793200297426],[-74.076189947025838,4.667727763316641],[-74.076185909339841,4.667616735589153],[-74.076148432314938,4.66740395800902],[-74.076091559942,4.667167086475143],[-74.076021625133521,4.666912117501758]]}},
{"type":"Feature","properties":{"fid":385,"OBJECTID":385,"CODIGO_ID":"34013863","NOMBRE":"Alameda Humedal Juan Amarillo","LONGITUD":282.0,"TIPO_CAPACIDAD":null,"OBSERVACION":null,"PLAZO":"Existente","ACTO_ADMINISTRATIVO":null,"NUMERO_ACTO_ADMINISTRATIVO":null,"FECHA_ACTO_ADMINISTRATIVO":"2025-10-15T00:00:00Z","NORMATIVA":"En el marco del Decreto 555 del 29 de diciembre de 2021 - Por el cual se adopta la revisión general del Plan de Ordenamiento Territorial de Bogotá","ESCALA_CAPTURA":null,"FECHA_CAPTURA":"2025-10-15T00:00:00Z","RESPONSABLE":"38","SHAPE_Leng":281.99846771199998,"SHAPE_Length":281.99846771237134},"geometry":{"type":"MultiLineString","coordinates":[[[-74.100839961703954,4.720433127230546],[-74.100922626022282,4.720734295036266],[-74.100926017449765,4.720746650397243],[-74.100934028965554,4.720775840253828]],[[-74.100934028965554,4.720775840253828],[-74.100962239752846,4.720861315654034],[-74.100997682992571,4.720944036299948],[-74.101040095637202,4.721023387489796]],[[-74.101040095637202,4.721023387489796],[-74.10104249198919,4.721027803424662],[-74.101044922580172,4.721032200378912],[-74.101047388311116,4.721036578352566]],[[-74.101047388311116,4.721036578352566],[-74.101049815308912,4.721040810788334]],[[-74.101049815308912,4.721040810788334],[-74.10108510003397,4.721095250555995],[-74.101125699971803,4.721145823587963],[-74.101171197997019,4.721192010990864]],[[-74.101171197997019,4.721192010990864],[-74.101194827744081,4.72121492305563],[-74.10121924141113,4.721236992692913],[-74.101244410168235,4.721258190974497]],[[-74.101244410168235,4.721258190974497],[-74.101287738561126,4.721291364113457],[-74.101332911457533,4.721321960219233],[-74.101379777497087,4.721349876231703]],[[-74.101379777497087,4.721349876231703],[-74.101425419430427,4.721372543849286],[-74.1014721580285,4.721392838676224],[-74.101519870759276,4.721410707371525]],[[-74.101519870759276,4.721410707371525],[-74.101536681122397,4.721416348184157],[-74.101553589713376,4.721421688892584],[-74.101570589324496,4.72142672588057]],[[-74.101570589324496,4.72142672588057],[-74.101623579450049,4.721440343651873],[-74.101677234699736,4.721451020021024],[-74.101731393797294,4.721458721531413]],[[-74.101731393797294,4.721458721531413],[-74.101816874486929,4.721474716958829],[-74.101902709401131,4.721488676711521],[-74.101988849886055,4.721500592650755]],[[-74.101988849886055,4.721500592650755],[-74.102087243057341,4.721525424045843],[-74.102182877713389,4.721559412226234],[-74.102274909645814,4.721602257932949]],[[-74.102274909645814,4.721602257932949],[-74.102288548379775,4.7216101656221],[-74.102302060060381,4.721618287538132],[-74.102315443786765,4.721626622777063]],[[-74.102315443786765,4.721626622777063],[-74.102361793407781,4.721657848037882],[-74.102406333677195,4.721691619597046],[-74.102448924947836,4.721727833492195]],[[-74.102448924947836,4.721727833492195],[-74.102518725107117,4.721796036156653],[-74.102657406509508,4.721931543787662]]]}},
{"type":"Feature","properties":{"fid":386,"OBJECTID":386,"CODIGO_ID":"92056907","NOMBRE":"Alameda Humedal el Burro","LONGITUD":3.4,"TIPO_CAPACIDAD":null,"OBSERVACION":null,"PLAZO":"Existente","ACTO_ADMINISTRATIVO":null,"NUMERO_ACTO_ADMINISTRATIVO":null,"FECHA_ACTO_ADMINISTRATIVO":"2025-10-15T00:00:00Z","NORMATIVA":"En el marco del Decreto 555 del 29 de diciembre de 2021 - Por el cual se adopta la revisión general del Plan de Ordenamiento Territorial de Bogotá","ESCALA_CAPTURA":null,"FECHA_CAPTURA":"2025-10-15T00:00:00Z","RESPONSABLE":"38","SHAPE_Leng":3.3767739032300002,"SHAPE_Length":3.3767739037322175},"geometry":{"type":"LineString","coordinates":[[-74.155947500047134,4.647996371494377],[-74.155964060715888,4.648021976517581]]}},
{"type":"Feature","properties":{"fid":387,"OBJECTID":387,"CODIGO_ID":"702055","NOMBRE":"Alameda Av Las Quintas","LONGITUD":270.0,"TIPO_CAPACIDAD":null,"OBSERVACION":null,"PLAZO":"Existente","ACTO_ADMINISTRATIVO":null,"NUMERO_ACTO_ADMINISTRATIVO":null,"FECHA_ACTO_ADMINISTRATIVO":"2025-10-15T00:00:00Z","NORMATIVA":"En el marco del Decreto 555 del 29 de diciembre de 2021 - Por el cual se adopta la revisión general del Plan de Ordenamiento Territorial de Bogotá","ESCALA_CAPTURA":null,"FECHA_CAPTURA":"2025-10-15T00:00:00Z","RESPONSABLE":"38","SHAPE_Leng":270.02880704099999,"SHAPE_Length":270.02880704156581},"geometry":{"type":"MultiLineString","coordinates":[[[-74.117201393671692,4.734476193798193],[-74.117224890109952,4.734457221871304],[-74.117365547145099,4.734319705083581],[-74.117593222860066,4.734070978525425],[-74.117715999917209,4.733938244597332],[-74.117890034951316,4.733749308116852],[-74.118116517259025,4.733502972268161],[-74.118426440823384,4.733169343857243],[-74.118658884205288,4.732913441605178]],[[-74.118658884205288,4.732913441605178],[-74.118681336670164,4.732884803689167],[-74.118701280799598,4.732854355067189],[-74.118718570621709,4.73282231448854],[-74.118733082689403,4.732788914262626],[-74.118744711575332,4.732754397546891]],[[-74.118744711575332,4.732754397546891],[-74.118780474359227,4.732641989665104]]]}},
{"type":"Feature","properties":{"fid":388,"OBJECTID":388,"CODIGO_ID":"34010383","NOMBRE":"Alameda Canal Torca","LONGITUD":322.8,"TIPO_CAPACIDAD":null,"OBSERVACION":null,"PLAZO":"Existente","ACTO_ADMINISTRATIVO":null,"NUMERO_ACTO_ADMINISTRATIVO":null,"FECHA_ACTO_ADMINISTRATIVO":"2025-10-15T00:00:00Z","NORMATIVA":"En el marco del Decreto 555 del 29 de diciembre de 2021 - Por el cual se adopta la revisión general del Plan de Ordenamiento Territorial de Bogotá","ESCALA_CAPTURA":null,"FECHA_CAPTURA":"2025-10-15T00:00:00Z","RESPONSABLE":"38","SHAPE_Leng":322.75687916700002,"SHAPE_Length":322.75687916723882},"geometry":{"type":"LineString","coordinates":[[-74.039574519968824,4.767219053830265],[-74.039574617339113,4.76721868684425],[-74.039655822041027,4.766966950234591],[-74.039730608128934,4.766735111129203],[-74.039940976204619,4.766110913649721],[-74.040046878504086,4.765776571191698],[-74.040139898361716,4.765501063518451],[-74.040305903438011,4.76500026905109],[-74.040431837551068,4.764624314747066],[-74.040493264213339,4.764451035473674]]}},
{"type":"Feature","properties":{"fid":389,"OBJECTID":389,"CODIGO_ID":"92020538","NOMBRE":"Alameda Humedal Juan Amarillo","LONGITUD":13.1,"TIPO_CAPACIDAD":null,"OBSERVACION":null,"PLAZO":"Existente","ACTO_ADMINISTRATIVO":null,"NUMERO_ACTO_ADMINISTRATIVO":null,"FECHA_ACTO_ADMINISTRATIVO":"2025-10-15T00:00:00Z","NORMATIVA":"En el marco del Decreto 555 del 29 de diciembre de 2021 - Por el cual se adopta la revisión general del Plan de Ordenamiento Territorial de Bogotá","ESCALA_CAPTURA":null,"FECHA_CAPTURA":"2025-10-15T00:00:00Z","RESPONSABLE":"38","SHAPE_Leng":13.0807299507,"SHAPE_Length":13.080729951283585},"geometry":{"type":"LineString","coordinates":[[-74.096475926346542,4.716716605007315],[-74.096494438997354,4.716740720919175],[-74.096546782355261,4.716808910268471],[-74.096547910296735,4.716810226495605]]}},
{"type":"Feature","properties":{"fid":390,"OBJECTID":390,"CODIGO_ID":"20011518","NOMBRE":"Alameda Av Las Quintas","LONGITUD":1.8,"TIPO_CAPACIDAD":null,"OBSERVACION":null,"PLAZO":"Existente","ACTO_ADMINISTRATIVO":null,"NUMERO_ACTO_ADMINISTRATIVO":null,"FECHA_ACTO_ADMINISTRATIVO":"2025-10-15T00:00:00Z","NORMATIVA":"En el marco del Decreto 555 del 29 de diciembre de 2021 - Por el cual se adopta la revisión general del Plan de Ordenamiento Territorial de Bogotá","ESCALA_CAPTURA":null,"FECHA_CAPTURA":"2025-10-15T00:00:00Z","RESPONSABLE":"38","SHAPE_Leng":1.7952772581900001,"SHAPE_Length":1.7952772582450294},"geometry":{"type":"LineString","coordinates":[[-74.123562828946362,4.727937210049765],[-74.123567091475593,4.727940523154656],[-74.123571034136887,4.727944212290543],[-74.123574625396159,4.727948247626172]]}},
{"type":"Feature","properties":{"fid":391,"OBJECTID":391,"CODIGO_ID":"165003","NOMBRE":"Alameda Humedal Jaboque","LONGITUD":5.0,"TIPO_CAPACIDAD":null,"OBSERVACION":null,"PLAZO":"Existente","ACTO_ADMINISTRATIVO":null,"NUMERO_ACTO_ADMINISTRATIVO":null,"FECHA_ACTO_ADMINISTRATIVO":"2025-10-15T00:00:00Z","NORMATIVA":"En el marco del Decreto 555 del 29 de diciembre de 2021 - Por el cual se adopta la revisión general del Plan de Ordenamiento Territorial de Bogotá","ESCALA_CAPTURA":null,"FECHA_CAPTURA":"2025-10-15T00:00:00Z","RESPONSABLE":"38","SHAPE_Leng":5.0349094935899998,"SHAPE_Length":5.0349094937732097},"geometry":{"type":"LineString","coordinates":[[-74.123196047748351,4.698209403014992],[-74.123204929130111,4.698164770925992]]}},
{"type":"Feature","properties":{"fid":392,"OBJECTID":392,"CODIGO_ID":"20011933","NOMBRE":"Alameda Humedal Juan Amarillo","LONGITUD":36.2,"TIPO_CAPACIDAD":null,"OBSERVACION":null,"PLAZO":"Existente","ACTO_ADMINISTRATIVO":null,"NUMERO_ACTO_ADMINISTRATIVO":null,"FECHA_ACTO_ADMINISTRATIVO":"2025-10-15T00:00:00Z","NORMATIVA":"En el marco del Decreto 555 del 29 de diciembre de 2021 - Por el cual se adopta la revisión general del Plan de Ordenamiento Territorial de Bogotá","ESCALA_CAPTURA":null,"FECHA_CAPTURA":"2025-10-15T00:00:00Z","RESPONSABLE":"38","SHAPE_Leng":36.187607109299996,"SHAPE_Length":36.187607109296223},"geometry":{"type":"MultiLineString","coordinates":[[[-74.109414761715101,4.727129219538943],[-74.109436282895146,4.727148325596383],[-74.109457206678087,4.727168087886088],[-74.109477514143947,4.727188487424224]],[[-74.109477514143947,4.727188487424224],[-74.109578460638602,4.727286641495091],[-74.109593127271793,4.727300902933742]],[[-74.109593127271793,4.727300902933742],[-74.109612705084032,4.72731849025228],[-74.109631638644856,4.727336773574494],[-74.109649903628451,4.727355730300458]]]}},
{"type":"Feature","properties":{"fid":393,"OBJECTID":393,"CODIGO_ID":"91010835","NOMBRE":"Alameda Canal Molinos","LONGITUD":96.9,"TIPO_CAPACIDAD":null,"OBSERVACION":null,"PLAZO":"Existente","ACTO_ADMINISTRATIVO":null,"NUMERO_ACTO_ADMINISTRATIVO":null,"FECHA_ACTO_ADMINISTRATIVO":"2025-10-15T00:00:00Z","NORMATIVA":"En el marco del Decreto 555 del 29 de diciembre de 2021 - Por el cual se adopta la revisión general del Plan de Ordenamiento Territorial de Bogotá","ESCALA_CAPTURA":null,"FECHA_CAPTURA":"2025-10-15T00:00:00Z","RESPONSABLE":"38","SHAPE_Leng":96.925506224499998,"SHAPE_Length":96.925506224470254},"geometry":{"type":"LineString","coordinates":[[-74.046549473549405,4.69503571527322],[-74.046545029259462,4.695034762780931],[-74.046105835269444,4.694943188703832],[-74.045694241232184,4.694858621212807]]}},
{"type":"Feature","properties":{"fid":394,"OBJECTID":394,"CODIGO_ID":"34013270","NOMBRE":"Alameda Río Bogotá","LONGITUD":26.6,"TIPO_CAPACIDAD":null,"OBSERVACION":null,"PLAZO":"Existente","ACTO_ADMINISTRATIVO":null,"NUMERO_ACTO_ADMINISTRATIVO":null,"FECHA_ACTO_ADMINISTRATIVO":"2025-10-15T00:00:00Z","NORMATIVA":"En el marco del Decreto 555 del 29 de diciembre de 2021 - Por el cual se adopta la revisión general del Plan de Ordenamiento Territorial de Bogotá","ESCALA_CAPTURA":null,"FECHA_CAPTURA":"2025-10-15T00:00:00Z","RESPONSABLE":"38","SHAPE_Leng":26.558759019299998,"SHAPE_Length":26.558759019994184},"geometry":{"type":"LineString","coordinates":[[-74.125578737448578,4.727838312788532],[-74.125402072264492,4.728000244871754]]}},
{"type":"Feature","properties":{"fid":395,"OBJECTID":395,"CODIGO_ID":"91037547","NOMBRE":"Alameda Río Bogotá","LONGITUD":12.9,"TIPO_CAPACIDAD":null,"OBSERVACION":null,"PLAZO":"Existente","ACTO_ADMINISTRATIVO":null,"NUMERO_ACTO_ADMINISTRATIVO":null,"FECHA_ACTO_ADMINISTRATIVO":"2025-10-15T00:00:00Z","NORMATIVA":"En el marco del Decreto 555 del 29 de diciembre de 2021 - Por el cual se adopta la revisión general del Plan de Ordenamiento Territorial de Bogotá","ESCALA_CAPTURA":null,"FECHA_CAPTURA":"2025-10-15T00:00:00Z","RESPONSABLE":"38","SHAPE_Leng":12.9124635239,"SHAPE_Length":12.912463523907574},"geometry":{"type":"LineString","coordinates":[[-74.125402072264492,4.728000244871754],[-74.125351505748284,4.728105365048423]]}},
{"type":"Feature","properties":{"fid":396,"OBJECTID":396,"CODIGO_ID":"91018124","NOMBRE":"Alameda Canal Salitre","LONGITUD":7.2,"TIPO_CAPACIDAD":null,"OBSERVACION":null,"PLAZO":"Existente","ACTO_ADMINISTRATIVO":null,"NUMERO_ACTO_ADMINISTRATIVO":null,"FECHA_ACTO_ADMINISTRATIVO":"2025-10-15T00:00:00Z","NORMATIVA":"En el marco del Decreto 555 del 29 de diciembre de 2021 - Por el cual se adopta la revisión general del Plan de Ordenamiento Territorial de Bogotá","ESCALA_CAPTURA":null,"FECHA_CAPTURA":"2025-10-15T00:00:00Z","RESPONSABLE":"38","SHAPE_Leng":7.1671356172599996,"SHAPE_Length":7.1671356172494134},"geometry":{"type":"LineString","coordinates":[[-74.081293186293138,4.690714540302255],[-74.081294920430466,4.690736066148649],[-74.081296549155681,4.690757599216769],[-74.081298069765765,4.690779141314215]]}},
{"type":"Feature","properties":{"fid":397,"OBJECTID":397,"CODIGO_ID":"34010552","NOMBRE":"Alameda El Porvenir","LONGITUD":28.4,"TIPO_CAPACIDAD":null,"OBSERVACION":null,"PLAZO":"Existente","ACTO_ADMINISTRATIVO":null,"NUMERO_ACTO_ADMINISTRATIVO":null,"FECHA_ACTO_ADMINISTRATIVO":"2025-10-15T00:00:00Z","NORMATIVA":"En el marco del Decreto 555 del 29 de diciembre de 2021 - Por el cual se adopta la revisión general del Plan de Ordenamiento Territorial de Bogotá","ESCALA_CAPTURA":null,"FECHA_CAPTURA":"2025-10-15T00:00:00Z","RESPONSABLE":"38","SHAPE_Leng":28.4206796683,"SHAPE_Length":28.420679669164866},"geometry":{"type":"LineString","coordinates":[[-74.202839854502045,4.600640292698999],[-74.202589470210953,4.60058666395683]]}},
{"type":"Feature","properties":{"fid":398,"OBJECTID":398,"CODIGO_ID":"91036212","NOMBRE":"Alameda CL 41 Sur","LONGITUD":4.9,"TIPO_CAPACIDAD":null,"OBSERVACION":null,"PLAZO":"Existente","ACTO_ADMINISTRATIVO":null,"NUMERO_ACTO_ADMINISTRATIVO":null,"FECHA_ACTO_ADMINISTRATIVO":"2025-10-15T00:00:00Z","NORMATIVA":"En el marco del Decreto 555 del 29 de diciembre de 2021 - Por el cual se adopta la revisión general del Plan de Ordenamiento Territorial de Bogotá","ESCALA_CAPTURA":null,"FECHA_CAPTURA":"2025-10-15T00:00:00Z","RESPONSABLE":"38","SHAPE_Leng":4.8880043222999996,"SHAPE_Length":4.8880043223047807},"geometry":{"type":"LineString","coordinates":[[-74.177648199123084,4.649760823074567],[-74.17762589113741,4.649722727158]]}},
{"type":"Feature","properties":{"fid":399,"OBJECTID":399,"CODIGO_ID":"91036281","NOMBRE":"Alameda CL 40B Sur","LONGITUD":14.4,"TIPO_CAPACIDAD":null,"OBSERVACION":null,"PLAZO":"Existente","ACTO_ADMINISTRATIVO":null,"NUMERO_ACTO_ADMINISTRATIVO":null,"FECHA_ACTO_ADMINISTRATIVO":"2025-10-15T00:00:00Z","NORMATIVA":"En el marco del Decreto 555 del 29 de diciembre de 2021 - Por el cual se adopta la revisión general del Plan de Ordenamiento Territorial de Bogotá","ESCALA_CAPTURA":null,"FECHA_CAPTURA":"2025-10-15T00:00:00Z","RESPONSABLE":"38","SHAPE_Leng":14.4300566862,"SHAPE_Length":14.430056685368383},"geometry":{"type":"LineString","coordinates":[[-74.170544747545307,4.638660422589965],[-74.170428239484124,4.638609619197448],[-74.170425588128182,4.638608288674606]]}},
{"type":"Feature","properties":{"fid":400,"OBJECTID":400,"CODIGO_ID":"34010059","NOMBRE":"Alameda Humedal Jaboque","LONGITUD":18.0,"TIPO_CAPACIDAD":null,"OBSERVACION":null,"PLAZO":"Existente","ACTO_ADMINISTRATIVO":null,"NUMERO_ACTO_ADMINISTRATIVO":null,"FECHA_ACTO_ADMINISTRATIVO":"2025-10-15T00:00:00Z","NORMATIVA":"En el marco del Decreto 555 del 29 de diciembre de 2021 - Por el cual se adopta la revisión general del Plan de Ordenamiento Territorial de Bogotá","ESCALA_CAPTURA":null,"FECHA_CAPTURA":"2025-10-15T00:00:00Z","RESPONSABLE":"38","SHAPE_Leng":17.945470007499999,"SHAPE_Length":17.945470007213796},"geometry":{"type":"LineString","coordinates":[[-74.123001319060521,4.700912341833584],[-74.122986951717735,4.700874436137222],[-74.12297556570914,4.700835523544602],[-74.122967231301786,4.700795840892366],[-74.122961997139271,4.700755627728242]]}},
{"type":"Feature","properties":{"fid":401,"OBJECTID":401,"CODIGO_ID":"34011177","NOMBRE":"Alameda CL 40B Sur","LONGITUD":26.1,"TIPO_CAPACIDAD":null,"OBSERVACION":null,"PLAZO":"Existente","ACTO_ADMINISTRATIVO":null,"NUMERO_ACTO_ADMINISTRATIVO":null,"FECHA_ACTO_ADMINISTRATIVO":"2025-10-15T00:00:00Z","NORMATIVA":"En el marco del Decreto 555 del 29 de diciembre de 2021 - Por el cual se adopta la revisión general del Plan de Ordenamiento Territorial de Bogotá","ESCALA_CAPTURA":null,"FECHA_CAPTURA":"2025-10-15T00:00:00Z","RESPONSABLE":"38","SHAPE_Leng":26.134390279800002,"SHAPE_Length":26.134390279260039},"geometry":{"type":"LineString","coordinates":[[-74.167219348819785,4.634280711808161],[-74.167087610832368,4.634084914016295]]}},
{"type":"Feature","properties":{"fid":402,"OBJECTID":402,"CODIGO_ID":"34011130","NOMBRE":"Alameda CL 41 Sur","LONGITUD":32.3,"TIPO_CAPACIDAD":null,"OBSERVACION":null,"PLAZO":"Existente","ACTO_ADMINISTRATIVO":null,"NUMERO_ACTO_ADMINISTRATIVO":null,"FECHA_ACTO_ADMINISTRATIVO":"2025-10-15T00:00:00Z","NORMATIVA":"En el marco del Decreto 555 del 29 de diciembre de 2021 - Por el cual se adopta la revisión general del Plan de Ordenamiento Territorial de Bogotá","ESCALA_CAPTURA":null,"FECHA_CAPTURA":"2025-10-15T00:00:00Z","RESPONSABLE":"38","SHAPE_Leng":32.310005133099999,"SHAPE_Length":32.310005133071897},"geometry":{"type":"LineString","coordinates":[[-74.170988649832069,4.639315112950701],[-74.1709795152303,4.639300645569206],[-74.170860233888448,4.639111725328677],[-74.170833331887039,4.639068104405728]]}},
{"type":"Feature","properties":{"fid":403,"OBJECTID":403,"CODIGO_ID":"6929","NOMBRE":"Alameda Canal Torca","LONGITUD":3.5,"TIPO_CAPACIDAD":null,"OBSERVACION":null,"PLAZO":"Existente","ACTO_ADMINISTRATIVO":null,"NUMERO_ACTO_ADMINISTRATIVO":null,"FECHA_ACTO_ADMINISTRATIVO":"2025-10-15T00:00:00Z","NORMATIVA":"En el marco del Decreto 555 del 29 de diciembre de 2021 - Por el cual se adopta la revisión general del Plan de Ordenamiento Territorial de Bogotá","ESCALA_CAPTURA":null,"FECHA_CAPTURA":"2025-10-15T00:00:00Z","RESPONSABLE":"38","SHAPE_Leng":3.4873193423600002,"SHAPE_Length":3.487319342357559},"geometry":{"type":"LineString","coordinates":[[-74.040552531676227,4.764297084892558],[-74.040556001188094,4.764288073106949],[-74.040550651313538,4.764266879317357]]}},
{"type":"Feature","properties":{"fid":404,"OBJECTID":404,"CODIGO_ID":"34010399","NOMBRE":"Alameda Canal Molinos","LONGITUD":171.7,"TIPO_CAPACIDAD":null,"OBSERVACION":null,"PLAZO":"Existente","ACTO_ADMINISTRATIVO":null,"NUMERO_ACTO_ADMINISTRATIVO":null,"FECHA_ACTO_ADMINISTRATIVO":"2025-10-15T00:00:00Z","NORMATIVA":"En el marco del Decreto 555 del 29 de diciembre de 2021 - Por el cual se adopta la revisión general del Plan de Ordenamiento Territorial de Bogotá","ESCALA_CAPTURA":null,"FECHA_CAPTURA":"2025-10-15T00:00:00Z","RESPONSABLE":"38","SHAPE_Leng":171.65482891,"SHAPE_Length":171.65482891021244},"geometry":{"type":"MultiLineString","coordinates":[[[-74.052830317551127,4.696589994447679],[-74.052605104565416,4.696556229774569]],[[-74.052605104565416,4.696556229774569],[-74.052586971228848,4.696554087690591],[-74.052568717839193,4.696553629641331],[-74.05255050116287,4.696554859263693],[-74.052532473463216,4.696557767538769],[-74.052514789708866,4.696562327369076]],[[-74.052514789708866,4.696562327369076],[-74.052499802801805,4.696571565483224],[-74.052484077285456,4.696579472888899],[-74.05246773119363,4.696585989941542],[-74.052450885261493,4.696591068748273],[-74.052433665628769,4.69659467045639],[-74.052416201136381,4.696596768868858],[-74.052398620623791,4.696597348635978],[-74.052381056532965,4.696596404351943],[-74.052363638601179,4.696593944169804],[-74.052346496564383,4.69658998618603]],[[-74.052346496564383,4.69658998618603],[-74.052115950991436,4.696548270429973],[-74.051987228133029,4.696528162782339],[-74.051641164698225,4.696442945063108]],[[-74.051641164698225,4.696442945063108],[-74.051618047624302,4.696438094053461],[-74.0515945906063,4.696435331111935],[-74.051570981941822,4.696434677054881],[-74.05154740902934,4.69643613913941],[-74.05152406017109,4.696439703831985],[-74.051501120968268,4.696445344039542],[-74.05147877522262,4.696453014589898]],[[-74.05147877522262,4.696453014589898],[-74.051462277224985,4.696463507152489],[-74.051444898297419,4.69647245475085],[-74.051426781702659,4.696479783280916],[-74.051408077008517,4.6964854312947],[-74.051388939186339,4.696489353616023],[-74.051369525007829,4.696491516820247],[-74.051349994846348,4.696491903754307],[-74.051330510875289,4.696490510824534]],[[-74.051330510875289,4.696490510824534],[-74.051327460196987,4.696490716507522],[-74.051324408619294,4.696490910439096],[-74.051321356142125,4.696491093523169]]]}},
{"type":"Feature","properties":{"fid":405,"OBJECTID":405,"CODIGO_ID":"34011558","NOMBRE":"Alameda Canal Salitre","LONGITUD":243.4,"TIPO_CAPACIDAD":null,"OBSERVACION":null,"PLAZO":"Existente","ACTO_ADMINISTRATIVO":null,"NUMERO_ACTO_ADMINISTRATIVO":null,"FECHA_ACTO_ADMINISTRATIVO":"2025-10-15T00:00:00Z","NORMATIVA":"En el marco del Decreto 555 del 29 de diciembre de 2021 - Por el cual se adopta la revisión general del Plan de Ordenamiento Territorial de Bogotá","ESCALA_CAPTURA":null,"FECHA_CAPTURA":"2025-10-15T00:00:00Z","RESPONSABLE":"38","SHAPE_Leng":243.431496442,"SHAPE_Length":243.43149644218443},"geometry":{"type":"MultiLineString","coordinates":[[[-74.081204705818053,4.69096274495529],[-74.081252352561819,4.691274865957576],[-74.081295233051193,4.691570244511082],[-74.081334589022973,4.691836700050842],[-74.081341687687527,4.691884757234537],[-74.081396483765531,4.692214816807511]],[[-74.081396483765531,4.692214816807511],[-74.081403660913111,4.69228130456727],[-74.081415193337364,4.692347172626039],[-74.081431030612549,4.692412134427817]],[[-74.081431030612549,4.692412134427817],[-74.08145182700963,4.692474289937381],[-74.081475678653803,4.692535331164963],[-74.081502526997738,4.692595106241777]],[[-74.081502526997738,4.692595106241777],[-74.081527138581009,4.692641827214477],[-74.081554582922095,4.692686930385614],[-74.081584755526308,4.692730244899214]],[[-74.081584755526308,4.692730244899214],[-74.081607475270602,4.69276551359192],[-74.08163282778186,4.692798925822355],[-74.08166066532165,4.692830285420055],[-74.081690821230424,4.692859406156193]],[[-74.081690821230424,4.692859406156193],[-74.081738719808172,4.692906532446528],[-74.081789227821915,4.692950831430523],[-74.081842179508911,4.692992159364776]],[[-74.081842179508911,4.692992159364776],[-74.08184889304971,4.692996329893718]]]}},
{"type":"Feature","properties":{"fid":406,"OBJECTID":406,"CODIGO_ID":"34011175","NOMBRE":"Alameda CL 40B Sur","LONGITUD":26.3,"TIPO_CAPACIDAD":null,"OBSERVACION":null,"PLAZO":"Existente","ACTO_ADMINISTRATIVO":null,"NUMERO_ACTO_ADMINISTRATIVO":null,"FECHA_ACTO_ADMINISTRATIVO":"2025-10-15T00:00:00Z","NORMATIVA":"En el marco del Decreto 555 del 29 de diciembre de 2021 - Por el cual se adopta la revisión general del Plan de Ordenamiento Territorial de Bogotá","ESCALA_CAPTURA":null,"FECHA_CAPTURA":"2025-10-15T00:00:00Z","RESPONSABLE":"38","SHAPE_Leng":26.3499859414,"SHAPE_Length":26.349985941920561},"geometry":{"type":"LineString","coordinates":[[-74.167748810929979,4.635079892589585],[-74.167617273471834,4.634881613556961]]}},
{"type":"Feature","properties":{"fid":407,"OBJECTID":407,"CODIGO_ID":"91027304","NOMBRE":"Alameda El Porvenir","LONGITUD":9.1,"TIPO_CAPACIDAD":null,"OBSERVACION":null,"PLAZO":"Existente","ACTO_ADMINISTRATIVO":null,"NUMERO_ACTO_ADMINISTRATIVO":null,"FECHA_ACTO_ADMINISTRATIVO":"2025-10-15T00:00:00Z","NORMATIVA":"En el marco del Decreto 555 del 29 de diciembre de 2021 - Por el cual se adopta la revisión general del Plan de Ordenamiento Territorial de Bogotá","ESCALA_CAPTURA":null,"FECHA_CAPTURA":"2025-10-15T00:00:00Z","RESPONSABLE":"38","SHAPE_Leng":9.0526648136900008,"SHAPE_Length":9.0526648136894554},"geometry":{"type":"LineString","coordinates":[[-74.204983411491199,4.610567849095236],[-74.204932689770729,4.610631926971013]]}},
{"type":"Feature","properties":{"fid":408,"OBJECTID":408,"CODIGO_ID":"34010770","NOMBRE":"Alameda Canal Tintal III (CL 59B S)","LONGITUD":149.8,"TIPO_CAPACIDAD":null,"OBSERVACION":null,"PLAZO":"Existente","ACTO_ADMINISTRATIVO":null,"NUMERO_ACTO_ADMINISTRATIVO":null,"FECHA_ACTO_ADMINISTRATIVO":"2025-10-15T00:00:00Z","NORMATIVA":"En el marco del Decreto 555 del 29 de diciembre de 2021 - Por el cual se adopta la revisión general del Plan de Ordenamiento Territorial de Bogotá","ESCALA_CAPTURA":null,"FECHA_CAPTURA":"2025-10-15T00:00:00Z","RESPONSABLE":"38","SHAPE_Leng":149.81117476099999,"SHAPE_Length":149.81117476034964},"geometry":{"type":"LineString","coordinates":[[-74.193844084086194,4.632177591094759],[-74.194107019041326,4.632621879545474],[-74.194328013199609,4.633002653876505],[-74.19439378433843,4.633118823087194],[-74.194523376943877,4.633347719384696]]}},
{"type":"Feature","properties":{"fid":409,"OBJECTID":409,"CODIGO_ID":"34014115","NOMBRE":"Alameda Canal Cedro","LONGITUD":681.1,"TIPO_CAPACIDAD":null,"OBSERVACION":null,"PLAZO":"Existente","ACTO_ADMINISTRATIVO":null,"NUMERO_ACTO_ADMINISTRATIVO":null,"FECHA_ACTO_ADMINISTRATIVO":"2025-10-15T00:00:00Z","NORMATIVA":"En el marco del Decreto 555 del 29 de diciembre de 2021 - Por el cual se adopta la revisión general del Plan de Ordenamiento Territorial de Bogotá","ESCALA_CAPTURA":null,"FECHA_CAPTURA":"2025-10-15T00:00:00Z","RESPONSABLE":"38","SHAPE_Leng":681.10090422899998,"SHAPE_Length":681.10090422902272},"geometry":{"type":"MultiLineString","coordinates":[[[-74.036366412525055,4.742822275687441],[-74.036357000334831,4.742897045748541],[-74.036352200424304,4.743102730282412],[-74.036348601330076,4.74324742678739],[-74.036350367976226,4.743283115695073],[-74.036353259096956,4.7433415209029],[-74.036365235832378,4.743583462606458],[-74.036369864087533,4.743642086845552],[-74.036376023706538,4.743720100934379],[-74.036383079842125,4.743809480457851]],[[-74.036383079842125,4.743809480457851],[-74.036381882567994,4.743831061033133],[-74.036381129493634,4.743852662470008],[-74.036380821521689,4.743874274825252]],[[-74.036380821521689,4.743874274825252],[-74.036381862206611,4.743925377674682],[-74.036385387023742,4.743976367927448],[-74.036391388784551,4.7440271253578]],[[-74.036391388784551,4.7440271253578],[-74.036397968409986,4.744064565068885],[-74.036427116275618,4.744230424515655],[-74.03644468848951,4.744312546138513],[-74.036455183920921,4.744361594926131],[-74.036492626071706,4.744536571066515],[-74.036510094037084,4.744628457076923],[-74.036520362534191,4.744682473001017],[-74.036567563789802,4.744930769613134],[-74.036572422559487,4.74495632579622],[-74.036620064659189,4.745191914825249],[-74.03669392145197,4.745482517552592],[-74.03679517937114,4.745864008090466],[-74.036834490825669,4.7460134950856],[-74.036892855946462,4.746278981945833],[-74.03696075532676,4.746552840838445],[-74.037026267964507,4.746849420887119],[-74.0370643757729,4.747073050086953],[-74.037075114432213,4.747140066601483],[-74.037075593305815,4.747143057828974],[-74.037097718731289,4.747281132494788],[-74.037144163064085,4.747554988864658],[-74.037202516552767,4.747895814018262],[-74.037370596630637,4.748875338327135]]]}},
{"type":"Feature","properties":{"fid":410,"OBJECTID":410,"CODIGO_ID":"34010127","NOMBRE":"Alameda Canal Molinos","LONGITUD":67.4,"TIPO_CAPACIDAD":null,"OBSERVACION":null,"PLAZO":"Existente","ACTO_ADMINISTRATIVO":null,"NUMERO_ACTO_ADMINISTRATIVO":null,"FECHA_ACTO_ADMINISTRATIVO":"2025-10-15T00:00:00Z","NORMATIVA":"En el marco del Decreto 555 del 29 de diciembre de 2021 - Por el cual se adopta la revisión general del Plan de Ordenamiento Territorial de Bogotá","ESCALA_CAPTURA":null,"FECHA_CAPTURA":"2025-10-15T00:00:00Z","RESPONSABLE":"38","SHAPE_Leng":67.359951357900002,"SHAPE_Length":67.359951358715193},"geometry":{"type":"MultiLineString","coordinates":[[[-74.060319207568924,4.696225867090805],[-74.060146156913376,4.696128264674656],[-74.060021730982783,4.696060803106572]],[[-74.060021730982783,4.696060803106572],[-74.059951239638195,4.696026434456017],[-74.059878673716256,4.695996726287059],[-74.05980433952638,4.695971805189587]],[[-74.05980433952638,4.695971805189587],[-74.059793994097092,4.695969469913312],[-74.059783635146019,4.695967195199574],[-74.059773262673019,4.695964981952358]]]}},
{"type":"Feature","properties":{"fid":411,"OBJECTID":411,"CODIGO_ID":"10223","NOMBRE":"Alameda Canal Salitre","LONGITUD":22.4,"TIPO_CAPACIDAD":null,"OBSERVACION":null,"PLAZO":"Existente","ACTO_ADMINISTRATIVO":null,"NUMERO_ACTO_ADMINISTRATIVO":null,"FECHA_ACTO_ADMINISTRATIVO":"2025-10-15T00:00:00Z","NORMATIVA":"En el marco del Decreto 555 del 29 de diciembre de 2021 - Por el cual se adopta la revisión general del Plan de Ordenamiento Territorial de Bogotá","ESCALA_CAPTURA":null,"FECHA_CAPTURA":"2025-10-15T00:00:00Z","RESPONSABLE":"38","SHAPE_Leng":22.403057175299999,"SHAPE_Length":22.40305717531054},"geometry":{"type":"LineString","coordinates":[[-74.093393421781798,4.710836949498701],[-74.093513203621569,4.710999948330491]]}},
{"type":"Feature","properties":{"fid":412,"OBJECTID":412,"CODIGO_ID":"34011115","NOMBRE":"Alameda CL 41 Sur","LONGITUD":17.8,"TIPO_CAPACIDAD":null,"OBSERVACION":null,"PLAZO":"Existente","ACTO_ADMINISTRATIVO":null,"NUMERO_ACTO_ADMINISTRATIVO":null,"FECHA_ACTO_ADMINISTRATIVO":"2025-10-15T00:00:00Z","NORMATIVA":"En el marco del Decreto 555 del 29 de diciembre de 2021 - Por el cual se adopta la revisión general del Plan de Ordenamiento Territorial de Bogotá","ESCALA_CAPTURA":null,"FECHA_CAPTURA":"2025-10-15T00:00:00Z","RESPONSABLE":"38","SHAPE_Leng":17.769474542000001,"SHAPE_Length":17.769474541958765},"geometry":{"type":"LineString","coordinates":[[-74.175221049101765,4.645875914144052],[-74.175134919754896,4.645740517015231]]}},
{"type":"Feature","properties":{"fid":413,"OBJECTID":413,"CODIGO_ID":"24119362","NOMBRE":"Alameda Canal Salitre","LONGITUD":52.3,"TIPO_CAPACIDAD":null,"OBSERVACION":null,"PLAZO":"Existente","ACTO_ADMINISTRATIVO":null,"NUMERO_ACTO_ADMINISTRATIVO":null,"FECHA_ACTO_ADMINISTRATIVO":"2025-10-15T00:00:00Z","NORMATIVA":"En el marco del Decreto 555 del 29 de diciembre de 2021 - Por el cual se adopta la revisión general del Plan de Ordenamiento Territorial de Bogotá","ESCALA_CAPTURA":null,"FECHA_CAPTURA":"2025-10-15T00:00:00Z","RESPONSABLE":"38","SHAPE_Leng":52.2882501144,"SHAPE_Length":52.288250114950216},"geometry":{"type":"MultiLineString","coordinates":[[[-74.075787925852723,4.666093301226705],[-74.075788055698894,4.666074184562411]],[[-74.075788055698894,4.666074184562411],[-74.075889436785246,4.665962344861889],[-74.075986757744261,4.665846929625962],[-74.076079892432389,4.665728089802809]]]}},
{"type":"Feature","properties":{"fid":414,"OBJECTID":414,"CODIGO_ID":"92080030","NOMBRE":"Alameda Av Tunjuelito","LONGITUD":10.4,"TIPO_CAPACIDAD":null,"OBSERVACION":null,"PLAZO":"Existente","ACTO_ADMINISTRATIVO":null,"NUMERO_ACTO_ADMINISTRATIVO":null,"FECHA_ACTO_ADMINISTRATIVO":"2025-10-15T00:00:00Z","NORMATIVA":"En el marco del Decreto 555 del 29 de diciembre de 2021 - Por el cual se adopta la revisión general del Plan de Ordenamiento Territorial de Bogotá","ESCALA_CAPTURA":null,"FECHA_CAPTURA":"2025-10-15T00:00:00Z","RESPONSABLE":"38","SHAPE_Leng":10.4447614122,"SHAPE_Length":10.444761411505919},"geometry":{"type":"LineString","coordinates":[[-74.13618274660115,4.55882793885989],[-74.136177740100976,4.558822746494562],[-74.136114498503872,4.558762959180249]]}},
{"type":"Feature","properties":{"fid":415,"OBJECTID":415,"CODIGO_ID":"34010721","NOMBRE":"Alameda Canal Virrey","LONGITUD":79.5,"TIPO_CAPACIDAD":null,"OBSERVACION":null,"PLAZO":"Existente","ACTO_ADMINISTRATIVO":null,"NUMERO_ACTO_ADMINISTRATIVO":null,"FECHA_ACTO_ADMINISTRATIVO":"2025-10-15T00:00:00Z","NORMATIVA":"En el marco del Decreto 555 del 29 de diciembre de 2021 - Por el cual se adopta la revisión general del Plan de Ordenamiento Territorial de Bogotá","ESCALA_CAPTURA":null,"FECHA_CAPTURA":"2025-10-15T00:00:00Z","RESPONSABLE":"38","SHAPE_Leng":79.494500674400001,"SHAPE_Length":79.494500674447508},"geometry":{"type":"LineString","coordinates":[[-74.049571739927387,4.670855218098927],[-74.050042258286595,4.671097730550183],[-74.050209758067808,4.671181646163078]]}},
{"type":"Feature","properties":{"fid":416,"OBJECTID":416,"CODIGO_ID":"20012630","NOMBRE":"Alameda Canal Torca","LONGITUD":24.9,"TIPO_CAPACIDAD":null,"OBSERVACION":null,"PLAZO":"Existente","ACTO_ADMINISTRATIVO":null,"NUMERO_ACTO_ADMINISTRATIVO":null,"FECHA_ACTO_ADMINISTRATIVO":"2025-10-15T00:00:00Z","NORMATIVA":"En el marco del Decreto 555 del 29 de diciembre de 2021 - Por el cual se adopta la revisión general del Plan de Ordenamiento Territorial de Bogotá","ESCALA_CAPTURA":null,"FECHA_CAPTURA":"2025-10-15T00:00:00Z","RESPONSABLE":"38","SHAPE_Leng":24.850670133800001,"SHAPE_Length":24.850670133832338},"geometry":{"type":"MultiLineString","coordinates":[[[-74.03847220212873,4.770900108872635],[-74.038473728556951,4.770894096079742],[-74.03847529823399,4.770888095044918],[-74.038476911159989,4.770882104864238]],[[-74.038476911159989,4.770882104864238],[-74.038530282068493,4.770683161592181]]]}},
{"type":"Feature","properties":{"fid":417,"OBJECTID":417,"CODIGO_ID":"156305","NOMBRE":"Alameda CL 41 Sur","LONGITUD":2.9,"TIPO_CAPACIDAD":null,"OBSERVACION":null,"PLAZO":"Existente","ACTO_ADMINISTRATIVO":null,"NUMERO_ACTO_ADMINISTRATIVO":null,"FECHA_ACTO_ADMINISTRATIVO":"2025-10-15T00:00:00Z","NORMATIVA":"En el marco del Decreto 555 del 29 de diciembre de 2021 - Por el cual se adopta la revisión general del Plan de Ordenamiento Territorial de Bogotá","ESCALA_CAPTURA":null,"FECHA_CAPTURA":"2025-10-15T00:00:00Z","RESPONSABLE":"38","SHAPE_Leng":2.9371152251899999,"SHAPE_Length":2.9371152247022621},"geometry":{"type":"LineString","coordinates":[[-74.177661983006459,4.649783486257643],[-74.177648199123084,4.649760823074567]]}},
{"type":"Feature","properties":{"fid":418,"OBJECTID":418,"CODIGO_ID":"34010361","NOMBRE":"Alameda Canal Molinos","LONGITUD":153.8,"TIPO_CAPACIDAD":null,"OBSERVACION":null,"PLAZO":"Existente","ACTO_ADMINISTRATIVO":null,"NUMERO_ACTO_ADMINISTRATIVO":null,"FECHA_ACTO_ADMINISTRATIVO":"2025-10-15T00:00:00Z","NORMATIVA":"En el marco del Decreto 555 del 29 de diciembre de 2021 - Por el cual se adopta la revisión general del Plan de Ordenamiento Territorial de Bogotá","ESCALA_CAPTURA":null,"FECHA_CAPTURA":"2025-10-15T00:00:00Z","RESPONSABLE":"38","SHAPE_Leng":153.822834943,"SHAPE_Length":153.8228349424148},"geometry":{"type":"MultiLineString","coordinates":[[[-74.037580864882926,4.687597274004817],[-74.037655400416867,4.687649041045551],[-74.037725042813207,4.687707265104982],[-74.037789237159984,4.687771483277913],[-74.037847474500467,4.687841183853279],[-74.037899290931151,4.68791581354554]],[[-74.037899290931151,4.68791581354554],[-74.038064116489991,4.688133692816712]],[[-74.038064116489991,4.688133692816712],[-74.038074836271605,4.688149319184917],[-74.038084172962982,4.688165814934017],[-74.038092056309011,4.688183057116531],[-74.038098429569757,4.688200916459459],[-74.038103243213172,4.688219261883003],[-74.038106462123551,4.68823795417408],[-74.038108062897351,4.688256855929311],[-74.038108032942858,4.688275826131211],[-74.038106373182799,4.688294722860416]],[[-74.038106373182799,4.688294722860416],[-74.038094672847308,4.688392126626873],[-74.038082645199083,4.688508763596594],[-74.03807676762051,4.688565760985591]],[[-74.03807676762051,4.688565760985591],[-74.038076491723785,4.688572936464425],[-74.038076821265463,4.688580109325449],[-74.038077753550695,4.688587228043367],[-74.038079283181474,4.688594242900277],[-74.038081398453414,4.688601102369477],[-74.038084084057758,4.688607758539461],[-74.038087320181205,4.688614162594051],[-74.038091085207924,4.688620269332603],[-74.038095351215347,4.688626034457438]],[[-74.038095351215347,4.688626034457438],[-74.038136475465649,4.688740217331584]],[[-74.038136475465649,4.688740217331584],[-74.038137760130596,4.688746638257956],[-74.038138456461354,4.68875315039151],[-74.038138558159801,4.688759698590577],[-74.038138066135033,4.688766229522509],[-74.0381369821975,4.688772688046893]]]}},
{"type":"Feature","properties":{"fid":419,"OBJECTID":419,"CODIGO_ID":"91038546","NOMBRE":"Alameda Canal Molinos","LONGITUD":3.9,"TIPO_CAPACIDAD":null,"OBSERVACION":null,"PLAZO":"Existente","ACTO_ADMINISTRATIVO":null,"NUMERO_ACTO_ADMINISTRATIVO":null,"FECHA_ACTO_ADMINISTRATIVO":"2025-10-15T00:00:00Z","NORMATIVA":"En el marco del Decreto 555 del 29 de diciembre de 2021 - Por el cual se adopta la revisión general del Plan de Ordenamiento Territorial de Bogotá","ESCALA_CAPTURA":null,"FECHA_CAPTURA":"2025-10-15T00:00:00Z","RESPONSABLE":"38","SHAPE_Leng":3.9433693535500001,"SHAPE_Length":3.9433693526272},"geometry":{"type":"LineString","coordinates":[[-74.050318624070869,4.696416580066392],[-74.05030789927801,4.696414880975484],[-74.050283567616631,4.696410792684505]]}},
{"type":"Feature","properties":{"fid":420,"OBJECTID":420,"CODIGO_ID":"34011293","NOMBRE":"Alameda Humedal Juan Amarillo","LONGITUD":80.6,"TIPO_CAPACIDAD":null,"OBSERVACION":null,"PLAZO":"Existente","ACTO_ADMINISTRATIVO":null,"NUMERO_ACTO_ADMINISTRATIVO":null,"FECHA_ACTO_ADMINISTRATIVO":"2025-10-15T00:00:00Z","NORMATIVA":"En el marco del Decreto 555 del 29 de diciembre de 2021 - Por el cual se adopta la revisión general del Plan de Ordenamiento Territorial de Bogotá","ESCALA_CAPTURA":null,"FECHA_CAPTURA":"2025-10-15T00:00:00Z","RESPONSABLE":"38","SHAPE_Leng":80.562092782099995,"SHAPE_Length":80.562092782027634},"geometry":{"type":"MultiLineString","coordinates":[[[-74.096908072734195,4.717201822017262],[-74.096928546153663,4.717210552891393],[-74.09694969544249,4.717217478632418],[-74.096971361129462,4.717222546800016],[-74.096993381039411,4.717225718512861],[-74.097015592995945,4.717226972064632],[-74.097037829415996,4.717226296595959]],[[-74.097037829415996,4.717226296595959],[-74.097284562537595,4.717195222021015]],[[-74.097284562537595,4.717195222021015],[-74.097299691093923,4.717194152822584],[-74.097314835848437,4.717193361136493],[-74.097329993197192,4.71719284696249]],[[-74.097329993197192,4.71719284696249],[-74.097384202880448,4.717193285604102],[-74.097438268156026,4.717197276740348],[-74.097491958373155,4.717204803179942]],[[-74.097491958373155,4.717204803179942],[-74.097575886239298,4.717217950680774],[-74.097625908517628,4.717225786904748]]]}},
{"type":"Feature","properties":{"fid":421,"OBJECTID":421,"CODIGO_ID":"34011200","NOMBRE":"Alameda Av Tunjuelito","LONGITUD":33.4,"TIPO_CAPACIDAD":null,"OBSERVACION":null,"PLAZO":"Existente","ACTO_ADMINISTRATIVO":null,"NUMERO_ACTO_ADMINISTRATIVO":null,"FECHA_ACTO_ADMINISTRATIVO":"2025-10-15T00:00:00Z","NORMATIVA":"En el marco del Decreto 555 del 29 de diciembre de 2021 - Por el cual se adopta la revisión general del Plan de Ordenamiento Territorial de Bogotá","ESCALA_CAPTURA":null,"FECHA_CAPTURA":"2025-10-15T00:00:00Z","RESPONSABLE":"38","SHAPE_Leng":33.410007261399997,"SHAPE_Length":33.410007260717329},"geometry":{"type":"LineString","coordinates":[[-74.136052961968261,4.560010995971737],[-74.136278011549308,4.559810480383296]]}},
{"type":"Feature","properties":{"fid":422,"OBJECTID":422,"CODIGO_ID":"34013813","NOMBRE":"Alameda Canal Torca","LONGITUD":341.7,"TIPO_CAPACIDAD":null,"OBSERVACION":null,"PLAZO":"Existente","ACTO_ADMINISTRATIVO":null,"NUMERO_ACTO_ADMINISTRATIVO":null,"FECHA_ACTO_ADMINISTRATIVO":"2025-10-15T00:00:00Z","NORMATIVA":"En el marco del Decreto 555 del 29 de diciembre de 2021 - Por el cual se adopta la revisión general del Plan de Ordenamiento Territorial de Bogotá","ESCALA_CAPTURA":null,"FECHA_CAPTURA":"2025-10-15T00:00:00Z","RESPONSABLE":"38","SHAPE_Leng":341.68321437999998,"SHAPE_Length":341.68321438042943},"geometry":{"type":"MultiLineString","coordinates":[[[-74.041188884503811,4.760764695389303],[-74.041188298800066,4.760776706907519],[-74.041187203318657,4.760799162516659],[-74.041171400910031,4.761242578976533],[-74.041151308140712,4.761683125654201],[-74.041138361870466,4.762003073735957],[-74.041135514664404,4.762073447145448],[-74.04112115352855,4.7624479832778],[-74.041101063736804,4.762868439783352]],[[-74.041101063736804,4.762868439783352],[-74.041100188073244,4.762891089772538],[-74.041097954548206,4.762913646447196],[-74.041094371283691,4.762936026645752]],[[-74.041094371283691,4.762936026645752],[-74.041090022516201,4.76295587387593],[-74.041084612357125,4.762975456087672],[-74.041078157033738,4.762994717238912]],[[-74.041078157033738,4.762994717238912],[-74.041020914594512,4.76316547521666]],[[-74.041020914594512,4.76316547521666],[-74.041015761186017,4.763179436743677],[-74.041011874585749,4.763193805239865],[-74.041009285446975,4.763208465005156],[-74.041008014511903,4.763223297626092],[-74.041008071710067,4.763238185591478],[-74.041009457960897,4.763253008676913]],[[-74.041009457960897,4.763253008676913],[-74.040990793455592,4.763709340208697],[-74.040958636045943,4.76383305355454]]]}},
{"type":"Feature","properties":{"fid":423,"OBJECTID":423,"CODIGO_ID":"34013866","NOMBRE":"Alameda Humedal Juan Amarillo","LONGITUD":67.7,"TIPO_CAPACIDAD":null,"OBSERVACION":null,"PLAZO":"Existente","ACTO_ADMINISTRATIVO":null,"NUMERO_ACTO_ADMINISTRATIVO":null,"FECHA_ACTO_ADMINISTRATIVO":"2025-10-15T00:00:00Z","NORMATIVA":"En el marco del Decreto 555 del 29 de diciembre de 2021 - Por el cual se adopta la revisión general del Plan de Ordenamiento Territorial de Bogotá","ESCALA_CAPTURA":null,"FECHA_CAPTURA":"2025-10-15T00:00:00Z","RESPONSABLE":"38","SHAPE_Leng":67.656848286699997,"SHAPE_Length":67.656848286720276},"geometry":{"type":"LineString","coordinates":[[-74.095581056100997,4.715681904581439],[-74.095649333220095,4.715762477425542],[-74.095809038465816,4.715946650107687],[-74.095861891916329,4.7160112481673],[-74.095967551999266,4.716140389130286],[-74.09597488092362,4.71614864450236]]}},
{"type":"Feature","properties":{"fid":424,"OBJECTID":424,"CODIGO_ID":"34013814","NOMBRE":"Alameda Canal Salitre","LONGITUD":342.4,"TIPO_CAPACIDAD":null,"OBSERVACION":null,"PLAZO":"Existente","ACTO_ADMINISTRATIVO":null,"NUMERO_ACTO_ADMINISTRATIVO":null,"FECHA_ACTO_ADMINISTRATIVO":"2025-10-15T00:00:00Z","NORMATIVA":"En el marco del Decreto 555 del 29 de diciembre de 2021 - Por el cual se adopta la revisión general del Plan de Ordenamiento Territorial de Bogotá","ESCALA_CAPTURA":null,"FECHA_CAPTURA":"2025-10-15T00:00:00Z","RESPONSABLE":"38","SHAPE_Leng":342.44136033000001,"SHAPE_Length":342.44136032963615},"geometry":{"type":"MultiLineString","coordinates":[[[-74.076919133853224,4.681684451101799],[-74.076883669917706,4.68171350675075],[-74.076850558073446,4.681745232891503],[-74.076819996546334,4.681779439715256],[-74.076792170049998,4.681815920236951]],[[-74.076792170049998,4.681815920236951],[-74.07670395983051,4.681933104531533],[-74.076539458818544,4.682157907808493],[-74.076427406907129,4.682310965522099],[-74.076354105093941,4.682403727523361],[-74.07634992599516,4.68240901700091],[-74.076299862751057,4.682450866520827],[-74.076229536052708,4.682514239686188],[-74.076143710798505,4.682609898458023],[-74.076067421641511,4.682709146849305],[-74.076019738898424,4.682784480588194],[-74.075980400498068,4.68285263963569],[-74.075933906083634,4.682963848427255],[-74.07589098725802,4.683077450323935],[-74.07586833225831,4.683165940815141],[-74.075857600099624,4.683220948511821],[-74.075856491125435,4.683229047763484],[-74.075840901468112,4.683342923603292],[-74.075833739441777,4.683445765815818],[-74.075843258207115,4.683613185870299],[-74.075853975834818,4.6837028756563],[-74.075878991390411,4.683838008295446],[-74.075918312390229,4.683952814422746],[-74.075969550857707,4.684070012690675],[-74.076025559241245,4.68417525312341],[-74.076069650594476,4.684247008351297],[-74.076145213761464,4.684345801085602]]]}},
{"type":"Feature","properties":{"fid":425,"OBJECTID":425,"CODIGO_ID":"91014130","NOMBRE":"Alameda CL 41 Sur","LONGITUD":6.0,"TIPO_CAPACIDAD":null,"OBSERVACION":null,"PLAZO":"Existente","ACTO_ADMINISTRATIVO":null,"NUMERO_ACTO_ADMINISTRATIVO":null,"FECHA_ACTO_ADMINISTRATIVO":"2025-10-15T00:00:00Z","NORMATIVA":"En el marco del Decreto 555 del 29 de diciembre de 2021 - Por el cual se adopta la revisión general del Plan de Ordenamiento Territorial de Bogotá","ESCALA_CAPTURA":null,"FECHA_CAPTURA":"2025-10-15T00:00:00Z","RESPONSABLE":"38","SHAPE_Leng":6.0370809941700001,"SHAPE_Length":6.0370809941652137},"geometry":{"type":"LineString","coordinates":[[-74.176226676864744,4.647500281346187],[-74.176197311061188,4.647454347541697]]}},
{"type":"Feature","properties":{"fid":426,"OBJECTID":426,"CODIGO_ID":"34010078","NOMBRE":"Alameda Av El Salitre","LONGITUD":23.9,"TIPO_CAPACIDAD":null,"OBSERVACION":null,"PLAZO":"Existente","ACTO_ADMINISTRATIVO":null,"NUMERO_ACTO_ADMINISTRATIVO":null,"FECHA_ACTO_ADMINISTRATIVO":"2025-10-15T00:00:00Z","NORMATIVA":"En el marco del Decreto 555 del 29 de diciembre de 2021 - Por el cual se adopta la revisión general del Plan de Ordenamiento Territorial de Bogotá","ESCALA_CAPTURA":null,"FECHA_CAPTURA":"2025-10-15T00:00:00Z","RESPONSABLE":"38","SHAPE_Leng":23.9434868964,"SHAPE_Length":23.943486896395253},"geometry":{"type":"LineString","coordinates":[[-74.109703843831596,4.689829272828274],[-74.109517301048726,4.689720576861806]]}},
{"type":"Feature","properties":{"fid":427,"OBJECTID":427,"CODIGO_ID":"34011102","NOMBRE":"Alameda CL 41 Sur","LONGITUD":24.5,"TIPO_CAPACIDAD":null,"OBSERVACION":null,"PLAZO":"Existente","ACTO_ADMINISTRATIVO":null,"NUMERO_ACTO_ADMINISTRATIVO":null,"FECHA_ACTO_ADMINISTRATIVO":"2025-10-15T00:00:00Z","NORMATIVA":"En el marco del Decreto 555 del 29 de diciembre de 2021 - Por el cual se adopta la revisión general del Plan de Ordenamiento Territorial de Bogotá","ESCALA_CAPTURA":null,"FECHA_CAPTURA":"2025-10-15T00:00:00Z","RESPONSABLE":"38","SHAPE_Leng":24.501868465000001,"SHAPE_Length":24.50186846503264},"geometry":{"type":"LineString","coordinates":[[-74.174960469158705,4.645466685545443],[-74.174956821197782,4.645460850705312],[-74.174939309364476,4.645432841664515],[-74.174842628116394,4.645279403919542]]}},
{"type":"Feature","properties":{"fid":428,"OBJECTID":428,"CODIGO_ID":"34010012","NOMBRE":"Alameda Humedal Jaboque","LONGITUD":80.8,"TIPO_CAPACIDAD":null,"OBSERVACION":null,"PLAZO":"Existente","ACTO_ADMINISTRATIVO":null,"NUMERO_ACTO_ADMINISTRATIVO":null,"FECHA_ACTO_ADMINISTRATIVO":"2025-10-15T00:00:00Z","NORMATIVA":"En el marco del Decreto 555 del 29 de diciembre de 2021 - Por el cual se adopta la revisión general del Plan de Ordenamiento Territorial de Bogotá","ESCALA_CAPTURA":null,"FECHA_CAPTURA":"2025-10-15T00:00:00Z","RESPONSABLE":"38","SHAPE_Leng":80.788777576300006,"SHAPE_Length":80.788777576836068},"geometry":{"type":"MultiLineString","coordinates":[[[-74.128719443231446,4.705736142058748],[-74.128721461519405,4.705731892656118]],[[-74.128721461519405,4.705731892656118],[-74.128725913476018,4.705722129239779],[-74.128729452756303,4.705711996085705],[-74.128732049625953,4.705701579972039],[-74.128733681558458,4.705690968581069],[-74.128734335937935,4.705680252307183],[-74.128734006455332,4.705669520640966],[-74.128732695811308,4.705658863977142],[-74.128730415716234,4.705648373614692],[-74.128727185088309,4.705638138140856]],[[-74.128727185088309,4.705638138140856],[-74.12866806908184,4.705515681644206]],[[-74.12866806908184,4.705515681644206],[-74.128666507203462,4.70549971790139],[-74.128666344537692,4.705483678263064],[-74.12866758198227,4.705467685666011],[-74.128670211425231,4.70545186304682],[-74.128674210338986,4.705436332437705],[-74.128679550790281,4.705421213158938],[-74.128686189529404,4.705406620914552]],[[-74.128686189529404,4.705406620914552],[-74.128765336025111,4.705243031151119],[-74.128849161649953,4.705062945369466]]]}},
{"type":"Feature","properties":{"fid":429,"OBJECTID":429,"CODIGO_ID":"34010506","NOMBRE":"Alameda Canal Salitre","LONGITUD":58.9,"TIPO_CAPACIDAD":null,"OBSERVACION":null,"PLAZO":"Existente","ACTO_ADMINISTRATIVO":null,"NUMERO_ACTO_ADMINISTRATIVO":null,"FECHA_ACTO_ADMINISTRATIVO":"2025-10-15T00:00:00Z","NORMATIVA":"En el marco del Decreto 555 del 29 de diciembre de 2021 - Por el cual se adopta la revisión general del Plan de Ordenamiento Territorial de Bogotá","ESCALA_CAPTURA":null,"FECHA_CAPTURA":"2025-10-15T00:00:00Z","RESPONSABLE":"38","SHAPE_Leng":58.855956133799999,"SHAPE_Length":58.855956133761737},"geometry":{"type":"LineString","coordinates":[[-74.076274580159009,4.670719122993174],[-74.076273235643683,4.670659134211272],[-74.076263359430229,4.670218432750453],[-74.076262406654067,4.670187237437102]]}},
{"type":"Feature","properties":{"fid":430,"OBJECTID":430,"CODIGO_ID":"34013867","NOMBRE":"Alameda Humedal Juan Amarillo","LONGITUD":62.2,"TIPO_CAPACIDAD":null,"OBSERVACION":null,"PLAZO":"Existente","ACTO_ADMINISTRATIVO":null,"NUMERO_ACTO_ADMINISTRATIVO":null,"FECHA_ACTO_ADMINISTRATIVO":"2025-10-15T00:00:00Z","NORMATIVA":"En el marco del Decreto 555 del 29 de diciembre de 2021 - Por el cual se adopta la revisión general del Plan de Ordenamiento Territorial de Bogotá","ESCALA_CAPTURA":null,"FECHA_CAPTURA":"2025-10-15T00:00:00Z","RESPONSABLE":"38","SHAPE_Leng":62.195824365699998,"SHAPE_Length":62.195824365683833},"geometry":{"type":"MultiLineString","coordinates":[[[-74.096038487165927,4.716220283266072],[-74.096084351741368,4.716271940808188]],[[-74.096084351741368,4.716271940808188],[-74.096107990544922,4.716302069250217],[-74.096132212322601,4.716331727681688],[-74.096157007164308,4.716360906158424]],[[-74.096157007164308,4.716360906158424],[-74.096184580508861,4.716392045495515],[-74.096212807114,4.716422589178261],[-74.096241673465769,4.716452525454327]],[[-74.096241673465769,4.716452525454327],[-74.096313511753536,4.716528670962002],[-74.096410915411852,4.716631915005117],[-74.096414591094089,4.716636703474397]]]}},
{"type":"Feature","properties":{"fid":431,"OBJECTID":431,"CODIGO_ID":"92085290","NOMBRE":"Alameda Canal Salitre","LONGITUD":11.3,"TIPO_CAPACIDAD":null,"OBSERVACION":null,"PLAZO":"Existente","ACTO_ADMINISTRATIVO":null,"NUMERO_ACTO_ADMINISTRATIVO":null,"FECHA_ACTO_ADMINISTRATIVO":"2025-10-15T00:00:00Z","NORMATIVA":"En el marco del Decreto 555 del 29 de diciembre de 2021 - Por el cual se adopta la revisión general del Plan de Ordenamiento Territorial de Bogotá","ESCALA_CAPTURA":null,"FECHA_CAPTURA":"2025-10-15T00:00:00Z","RESPONSABLE":"38","SHAPE_Leng":11.2882796726,"SHAPE_Length":11.288279672731974},"geometry":{"type":"LineString","coordinates":[[-74.077503940029771,4.681550755682557],[-74.077511762894403,4.681550853177296],[-74.077519564203001,4.681550271805666],[-74.07752728629481,4.681549016985667],[-74.077534872409728,4.681547095943294],[-74.07754226398491,4.681544525847718],[-74.077549406061209,4.68154132386855],[-74.077556246381604,4.681537514407202],[-74.077562732688691,4.681533126384814],[-74.077568817229334,4.681528192338783],[-74.077574453150987,4.681522749326329],[-74.077579599907352,4.68151683711711],[-74.077584218753444,4.68151050180863],[-74.077588273647109,4.681503789498631]]}},
{"type":"Feature","properties":{"fid":432,"OBJECTID":432,"CODIGO_ID":"34010069","NOMBRE":"Alameda Av El Salitre","LONGITUD":90.5,"TIPO_CAPACIDAD":null,"OBSERVACION":null,"PLAZO":"Existente","ACTO_ADMINISTRATIVO":null,"NUMERO_ACTO_ADMINISTRATIVO":null,"FECHA_ACTO_ADMINISTRATIVO":"2025-10-15T00:00:00Z","NORMATIVA":"En el marco del Decreto 555 del 29 de diciembre de 2021 - Por el cual se adopta la revisión general del Plan de Ordenamiento Territorial de Bogotá","ESCALA_CAPTURA":null,"FECHA_CAPTURA":"2025-10-15T00:00:00Z","RESPONSABLE":"38","SHAPE_Leng":90.525407258200005,"SHAPE_Length":90.525407258224348},"geometry":{"type":"LineString","coordinates":[[-74.115978223616366,4.693619998346254],[-74.115809581555979,4.693516199717324],[-74.115693971017194,4.693448030666291],[-74.115459174214848,4.693309302311053],[-74.115289215055327,4.693206671397439],[-74.115278248903707,4.693200049492675]]}},
{"type":"Feature","properties":{"fid":433,"OBJECTID":433,"CODIGO_ID":"91036337","NOMBRE":"Alameda CL 40B Sur","LONGITUD":7.7,"TIPO_CAPACIDAD":null,"OBSERVACION":null,"PLAZO":"Existente","ACTO_ADMINISTRATIVO":null,"NUMERO_ACTO_ADMINISTRATIVO":null,"FECHA_ACTO_ADMINISTRATIVO":"2025-10-15T00:00:00Z","NORMATIVA":"En el marco del Decreto 555 del 29 de diciembre de 2021 - Por el cual se adopta la revisión general del Plan de Ordenamiento Territorial de Bogotá","ESCALA_CAPTURA":null,"FECHA_CAPTURA":"2025-10-15T00:00:00Z","RESPONSABLE":"38","SHAPE_Leng":7.6892046048399996,"SHAPE_Length":7.6892046048403602},"geometry":{"type":"LineString","coordinates":[[-74.166356810787249,4.632805692757274],[-74.166324740454769,4.632744084120134]]}},
{"type":"Feature","properties":{"fid":434,"OBJECTID":434,"CODIGO_ID":"92081914","NOMBRE":"Alameda Río Bogotá","LONGITUD":6.6,"TIPO_CAPACIDAD":null,"OBSERVACION":null,"PLAZO":"Existente","ACTO_ADMINISTRATIVO":null,"NUMERO_ACTO_ADMINISTRATIVO":null,"FECHA_ACTO_ADMINISTRATIVO":"2025-10-15T00:00:00Z","NORMATIVA":"En el marco del Decreto 555 del 29 de diciembre de 2021 - Por el cual se adopta la revisión general del Plan de Ordenamiento Territorial de Bogotá","ESCALA_CAPTURA":null,"FECHA_CAPTURA":"2025-10-15T00:00:00Z","RESPONSABLE":"38","SHAPE_Leng":6.5907116754499997,"SHAPE_Length":6.5907116754460526},"geometry":{"type":"LineString","coordinates":[[-74.124915467819733,4.728971414359055],[-74.124860741981479,4.728994541014175]]}},
{"type":"Feature","properties":{"fid":435,"OBJECTID":435,"CODIGO_ID":"92080750","NOMBRE":"Alameda Humedal el Burro","LONGITUD":3.9,"TIPO_CAPACIDAD":null,"OBSERVACION":null,"PLAZO":"Existente","ACTO_ADMINISTRATIVO":null,"NUMERO_ACTO_ADMINISTRATIVO":null,"FECHA_ACTO_ADMINISTRATIVO":"2025-10-15T00:00:00Z","NORMATIVA":"En el marco del Decreto 555 del 29 de diciembre de 2021 - Por el cual se adopta la revisión general del Plan de Ordenamiento Territorial de Bogotá","ESCALA_CAPTURA":null,"FECHA_CAPTURA":"2025-10-15T00:00:00Z","RESPONSABLE":"38","SHAPE_Leng":3.8537850123899999,"SHAPE_Length":3.8537850123926463},"geometry":{"type":"LineString","coordinates":[[-74.158402178505384,4.652000127171934],[-74.158419382679838,4.652030385649261]]}},
{"type":"Feature","properties":{"fid":436,"OBJECTID":436,"CODIGO_ID":"0","NOMBRE":"Alameda Humedal Jaboque","LONGITUD":25.3,"TIPO_CAPACIDAD":null,"OBSERVACION":null,"PLAZO":"Existente","ACTO_ADMINISTRATIVO":null,"NUMERO_ACTO_ADMINISTRATIVO":null,"FECHA_ACTO_ADMINISTRATIVO":"2025-10-15T00:00:00Z","NORMATIVA":"En el marco del Decreto 555 del 29 de diciembre de 2021 - Por el cual se adopta la revisión general del Plan de Ordenamiento Territorial de Bogotá","ESCALA_CAPTURA":null,"FECHA_CAPTURA":"2025-10-15T00:00:00Z","RESPONSABLE":"38","SHAPE_Leng":25.274118475400002,"SHAPE_Length":25.274118475430789},"geometry":{"type":"LineString","coordinates":[[-74.130362620586027,4.711068426483878],[-74.130395074609666,4.710842294104713]]}},
{"type":"Feature","properties":{"fid":437,"OBJECTID":437,"CODIGO_ID":"34010020","NOMBRE":"Alameda Humedal Jaboque","LONGITUD":37.5,"TIPO_CAPACIDAD":null,"OBSERVACION":null,"PLAZO":"Existente","ACTO_ADMINISTRATIVO":null,"NUMERO_ACTO_ADMINISTRATIVO":null,"FECHA_ACTO_ADMINISTRATIVO":"2025-10-15T00:00:00Z","NORMATIVA":"En el marco del Decreto 555 del 29 de diciembre de 2021 - Por el cual se adopta la revisión general del Plan de Ordenamiento Territorial de Bogotá","ESCALA_CAPTURA":null,"FECHA_CAPTURA":"2025-10-15T00:00:00Z","RESPONSABLE":"38","SHAPE_Leng":37.506388715699998,"SHAPE_Length":37.506388714888033},"geometry":{"type":"LineString","coordinates":[[-74.129771213173456,4.710343853879505],[-74.129464981141027,4.710200502137514]]}},
{"type":"Feature","properties":{"fid":438,"OBJECTID":438,"CODIGO_ID":"34010009","NOMBRE":"Alameda Humedal Jaboque","LONGITUD":44.0,"TIPO_CAPACIDAD":null,"OBSERVACION":null,"PLAZO":"Existente","ACTO_ADMINISTRATIVO":null,"NUMERO_ACTO_ADMINISTRATIVO":null,"FECHA_ACTO_ADMINISTRATIVO":"2025-10-15T00:00:00Z","NORMATIVA":"En el marco del Decreto 555 del 29 de diciembre de 2021 - Por el cual se adopta la revisión general del Plan de Ordenamiento Territorial de Bogotá","ESCALA_CAPTURA":null,"FECHA_CAPTURA":"2025-10-15T00:00:00Z","RESPONSABLE":"38","SHAPE_Leng":43.963239821099997,"SHAPE_Length":43.963239821228996},"geometry":{"type":"MultiLineString","coordinates":[[[-74.130145249913028,4.710466140613247],[-74.13010923918722,4.710444544471664],[-74.130071398494422,4.710426369723385],[-74.130032049480093,4.710411770950651],[-74.129991526403998,4.710400872001928]],[[-74.129991526403998,4.710400872001928],[-74.129916313851552,4.710389278892686],[-74.1298426304419,4.710370209268179],[-74.129771213173456,4.710343853879505]]]}},
{"type":"Feature","properties":{"fid":439,"OBJECTID":439,"CODIGO_ID":"34011154","NOMBRE":"Alameda CL 40B Sur","LONGITUD":16.4,"TIPO_CAPACIDAD":null,"OBSERVACION":null,"PLAZO":"Existente","ACTO_ADMINISTRATIVO":null,"NUMERO_ACTO_ADMINISTRATIVO":null,"FECHA_ACTO_ADMINISTRATIVO":"2025-10-15T00:00:00Z","NORMATIVA":"En el marco del Decreto 555 del 29 de diciembre de 2021 - Por el cual se adopta la revisión general del Plan de Ordenamiento Territorial de Bogotá","ESCALA_CAPTURA":null,"FECHA_CAPTURA":"2025-10-15T00:00:00Z","RESPONSABLE":"38","SHAPE_Leng":16.3780901897,"SHAPE_Length":16.378090189708747},"geometry":{"type":"LineString","coordinates":[[-74.168998396349352,4.636927845173979],[-74.168907041142219,4.636811586709132]]}},
{"type":"Feature","properties":{"fid":440,"OBJECTID":440,"CODIGO_ID":"179724","NOMBRE":"Alameda Canal Salitre","LONGITUD":10.9,"TIPO_CAPACIDAD":null,"OBSERVACION":null,"PLAZO":"Existente","ACTO_ADMINISTRATIVO":null,"NUMERO_ACTO_ADMINISTRATIVO":null,"FECHA_ACTO_ADMINISTRATIVO":"2025-10-15T00:00:00Z","NORMATIVA":"En el marco del Decreto 555 del 29 de diciembre de 2021 - Por el cual se adopta la revisión general del Plan de Ordenamiento Territorial de Bogotá","ESCALA_CAPTURA":null,"FECHA_CAPTURA":"2025-10-15T00:00:00Z","RESPONSABLE":"38","SHAPE_Leng":10.9030161375,"SHAPE_Length":10.903016137530763},"geometry":{"type":"LineString","coordinates":[[-74.076033025632526,4.675931908626914],[-74.076013458899681,4.675835326241436]]}},
{"type":"Feature","properties":{"fid":441,"OBJECTID":441,"CODIGO_ID":"34010003","NOMBRE":"Alameda Humedal Jaboque","LONGITUD":36.3,"TIPO_CAPACIDAD":null,"OBSERVACION":null,"PLAZO":"Existente","ACTO_ADMINISTRATIVO":null,"NUMERO_ACTO_ADMINISTRATIVO":null,"FECHA_ACTO_ADMINISTRATIVO":"2025-10-15T00:00:00Z","NORMATIVA":"En el marco del Decreto 555 del 29 de diciembre de 2021 - Por el cual se adopta la revisión general del Plan de Ordenamiento Territorial de Bogotá","ESCALA_CAPTURA":null,"FECHA_CAPTURA":"2025-10-15T00:00:00Z","RESPONSABLE":"38","SHAPE_Leng":36.281151950400002,"SHAPE_Length":36.281151950276687},"geometry":{"type":"MultiLineString","coordinates":[[[-74.128460624280905,4.704518594785054],[-74.128328432801439,4.704347479597213]],[[-74.128328432801439,4.704347479597213],[-74.128319298275329,4.704331319497972],[-74.128311584600226,4.704314430854677],[-74.12830535033595,4.704296937509649],[-74.128300641428481,4.704278970536408],[-74.128297492111145,4.704260663720055],[-74.128295926706514,4.704242152653278]]]}},
{"type":"Feature","properties":{"fid":442,"OBJECTID":442,"CODIGO_ID":"92050287","NOMBRE":"Alameda Av El Salitre","LONGITUD":4.0,"TIPO_CAPACIDAD":null,"OBSERVACION":null,"PLAZO":"Existente","ACTO_ADMINISTRATIVO":null,"NUMERO_ACTO_ADMINISTRATIVO":null,"FECHA_ACTO_ADMINISTRATIVO":"2025-10-15T00:00:00Z","NORMATIVA":"En el marco del Decreto 555 del 29 de diciembre de 2021 - Por el cual se adopta la revisión general del Plan de Ordenamiento Territorial de Bogotá","ESCALA_CAPTURA":null,"FECHA_CAPTURA":"2025-10-15T00:00:00Z","RESPONSABLE":"38","SHAPE_Leng":3.9572713451100001,"SHAPE_Length":3.9572713451065442},"geometry":{"type":"LineString","coordinates":[[-74.117881003572137,4.694759060755621],[-74.117849622969004,4.694742080624708]]}},
{"type":"Feature","properties":{"fid":443,"OBJECTID":443,"CODIGO_ID":"24124683","NOMBRE":"Alameda Canal Molinos","LONGITUD":229.5,"TIPO_CAPACIDAD":null,"OBSERVACION":null,"PLAZO":"Existente","ACTO_ADMINISTRATIVO":null,"NUMERO_ACTO_ADMINISTRATIVO":null,"FECHA_ACTO_ADMINISTRATIVO":"2025-10-15T00:00:00Z","NORMATIVA":"En el marco del Decreto 555 del 29 de diciembre de 2021 - Por el cual se adopta la revisión general del Plan de Ordenamiento Territorial de Bogotá","ESCALA_CAPTURA":null,"FECHA_CAPTURA":"2025-10-15T00:00:00Z","RESPONSABLE":"38","SHAPE_Leng":229.52557987399999,"SHAPE_Length":229.52557987444143},"geometry":{"type":"LineString","coordinates":[[-74.039258941233797,4.690289176169537],[-74.038931891489113,4.690481920286624],[-74.038915651674671,4.69045941224509],[-74.039261805406582,4.690265260012247],[-74.039042551737623,4.68991699563338],[-74.039204691419329,4.689633843291251],[-74.0392990683942,4.689765879982599],[-74.039271413778309,4.68978309590129],[-74.039205637611815,4.689679764787106],[-74.039104537721826,4.689866301048576]]}},
{"type":"Feature","properties":{"fid":444,"OBJECTID":444,"CODIGO_ID":"34011104","NOMBRE":"Alameda CL 41 Sur","LONGITUD":20.2,"TIPO_CAPACIDAD":null,"OBSERVACION":null,"PLAZO":"Existente","ACTO_ADMINISTRATIVO":null,"NUMERO_ACTO_ADMINISTRATIVO":null,"FECHA_ACTO_ADMINISTRATIVO":"2025-10-15T00:00:00Z","NORMATIVA":"En el marco del Decreto 555 del 29 de diciembre de 2021 - Por el cual se adopta la revisión general del Plan de Ordenamiento Territorial de Bogotá","ESCALA_CAPTURA":null,"FECHA_CAPTURA":"2025-10-15T00:00:00Z","RESPONSABLE":"38","SHAPE_Leng":20.169420899799999,"SHAPE_Length":20.169420900311781},"geometry":{"type":"LineString","coordinates":[[-74.17762589113741,4.649722727158],[-74.177527370892406,4.649569531242586]]}},
{"type":"Feature","properties":{"fid":445,"OBJECTID":445,"CODIGO_ID":"517115","NOMBRE":"Alameda Canal Salitre","LONGITUD":3.6,"TIPO_CAPACIDAD":null,"OBSERVACION":null,"PLAZO":"Existente","ACTO_ADMINISTRATIVO":null,"NUMERO_ACTO_ADMINISTRATIVO":null,"FECHA_ACTO_ADMINISTRATIVO":"2025-10-15T00:00:00Z","NORMATIVA":"En el marco del Decreto 555 del 29 de diciembre de 2021 - Por el cual se adopta la revisión general del Plan de Ordenamiento Territorial de Bogotá","ESCALA_CAPTURA":null,"FECHA_CAPTURA":"2025-10-15T00:00:00Z","RESPONSABLE":"38","SHAPE_Leng":3.6300924352099999,"SHAPE_Length":3.630092435206183},"geometry":{"type":"LineString","coordinates":[[-74.089441334513509,4.696719647326388],[-74.089425017595303,4.696748085961569]]}},
{"type":"Feature","properties":{"fid":446,"OBJECTID":446,"CODIGO_ID":"34010523","NOMBRE":"Alameda Canal Salitre","LONGITUD":96.9,"TIPO_CAPACIDAD":null,"OBSERVACION":null,"PLAZO":"Existente","ACTO_ADMINISTRATIVO":null,"NUMERO_ACTO_ADMINISTRATIVO":null,"FECHA_ACTO_ADMINISTRATIVO":"2025-10-15T00:00:00Z","NORMATIVA":"En el marco del Decreto 555 del 29 de diciembre de 2021 - Por el cual se adopta la revisión general del Plan de Ordenamiento Territorial de Bogotá","ESCALA_CAPTURA":null,"FECHA_CAPTURA":"2025-10-15T00:00:00Z","RESPONSABLE":"38","SHAPE_Leng":96.915126783900007,"SHAPE_Length":96.915126783968887},"geometry":{"type":"LineString","coordinates":[[-74.07660461060253,4.669965127546197],[-74.076598685710223,4.669678307215785],[-74.076588120284043,4.669390154001749],[-74.076580724940712,4.669195712407184],[-74.076577153387916,4.669089524465551]]}},
{"type":"Feature","properties":{"fid":447,"OBJECTID":447,"CODIGO_ID":"34011159","NOMBRE":"Alameda CL 40B Sur","LONGITUD":19.1,"TIPO_CAPACIDAD":null,"OBSERVACION":null,"PLAZO":"Existente","ACTO_ADMINISTRATIVO":null,"NUMERO_ACTO_ADMINISTRATIVO":null,"FECHA_ACTO_ADMINISTRATIVO":"2025-10-15T00:00:00Z","NORMATIVA":"En el marco del Decreto 555 del 29 de diciembre de 2021 - Por el cual se adopta la revisión general del Plan de Ordenamiento Territorial de Bogotá","ESCALA_CAPTURA":null,"FECHA_CAPTURA":"2025-10-15T00:00:00Z","RESPONSABLE":"38","SHAPE_Leng":19.0966174972,"SHAPE_Length":19.096617497220681},"geometry":{"type":"LineString","coordinates":[[-74.169768606914829,4.637968431532622],[-74.169683682098594,4.637883732520366],[-74.1696659553198,4.637854822110755],[-74.169655658590614,4.63783943633746]]}},
{"type":"Feature","properties":{"fid":448,"OBJECTID":448,"CODIGO_ID":"34014080","NOMBRE":"Alameda Río Bogotá","LONGITUD":378.8,"TIPO_CAPACIDAD":null,"OBSERVACION":null,"PLAZO":"Existente","ACTO_ADMINISTRATIVO":null,"NUMERO_ACTO_ADMINISTRATIVO":null,"FECHA_ACTO_ADMINISTRATIVO":"2025-10-15T00:00:00Z","NORMATIVA":"En el marco del Decreto 555 del 29 de diciembre de 2021 - Por el cual se adopta la revisión general del Plan de Ordenamiento Territorial de Bogotá","ESCALA_CAPTURA":null,"FECHA_CAPTURA":"2025-10-15T00:00:00Z","RESPONSABLE":"38","SHAPE_Leng":378.80672562299998,"SHAPE_Length":378.80672562314351},"geometry":{"type":"MultiLineString","coordinates":[[[-74.132527291976757,4.726128909126159],[-74.132165889508912,4.726256139385711]],[[-74.132165889508912,4.726256139385711],[-74.132136344718646,4.726261748661493],[-74.132106502637768,4.726265446083175],[-74.132076484901802,4.726267214478294]],[[-74.132076484901802,4.726267214478294],[-74.132046415849075,4.726267047521793],[-74.132016419817717,4.726264947024182],[-74.131986620244774,4.726260919315706]],[[-74.131986620244774,4.726260919315706],[-74.13196037254059,4.726250766540165],[-74.131935004255595,4.726238569959411],[-74.131910672162249,4.726224406412328],[-74.131887528527741,4.726208362681108],[-74.131865716608999,4.726190539106927]],[[-74.131865716608999,4.726190539106927],[-74.131843901155236,4.726169504714393],[-74.131823948106188,4.726146685970657],[-74.131806000717262,4.726122247397169],[-74.131790190530481,4.726096366170402]],[[-74.131790190530481,4.726096366170402],[-74.131783938844691,4.726079961217632],[-74.13172821245314,4.725933729519594],[-74.131645257657382,4.725714648189022],[-74.131561349780753,4.725489827670866],[-74.131532744565234,4.725420945429338],[-74.131507953012331,4.7253645015722],[-74.131412600043305,4.725213344282734],[-74.13131152590455,4.725097583587588]],[[-74.13131152590455,4.725097583587588],[-74.131259978268147,4.725044729606133],[-74.131204006635599,4.724996616721608],[-74.131144044378374,4.724953616464604],[-74.131080551898407,4.724916059688789],[-74.13101402023203,4.724884237474989]],[[-74.13101402023203,4.724884237474989],[-74.13093201508984,4.724841185179017]],[[-74.13093201508984,4.724841185179017],[-74.130922572736367,4.724836646250666],[-74.130913569187371,4.724831283836917],[-74.130905075620731,4.724825140424871],[-74.1308971596102,4.724818263925241],[-74.130889883323363,4.72481071038414],[-74.130883305323763,4.724802537655484],[-74.130877476065777,4.724793811728501],[-74.130872442399721,4.72478460040029],[-74.130868243066828,4.724774976891383],[-74.130864913204263,4.724765018038045]],[[-74.130864913204263,4.724765018038045],[-74.130862632992645,4.724755559090885],[-74.130861139355474,4.724745942874883],[-74.130860443103188,4.724736236282326],[-74.130860547838253,4.724726505301374],[-74.130861454460131,4.724716815920149]],[[-74.130861454460131,4.724716815920149],[-74.130857808494653,4.724700344125554],[-74.130852659656355,4.724684281784564],[-74.130846052091144,4.724668766297977],[-74.130838041657924,4.724653929643245],[-74.130828698631674,4.724639900182253],[-74.130818101396457,4.724626799045598],[-74.130806341851581,4.724614736516768]],[[-74.130806341851581,4.724614736516768],[-74.130647726589984,4.724460603692783],[-74.130533630464853,4.724349730221343],[-74.130498349006601,4.724320072728599],[-74.130484110790007,4.724309733962564],[-74.130412053869918,4.724257408249205],[-74.13033147963273,4.724213877727525],[-74.130223728763127,4.724165083779293]]]}},
{"type":"Feature","properties":{"fid":449,"OBJECTID":449,"CODIGO_ID":"34011160","NOMBRE":"Alameda CL 40B Sur","LONGITUD":31.5,"TIPO_CAPACIDAD":null,"OBSERVACION":null,"PLAZO":"Existente","ACTO_ADMINISTRATIVO":null,"NUMERO_ACTO_ADMINISTRATIVO":null,"FECHA_ACTO_ADMINISTRATIVO":"2025-10-15T00:00:00Z","NORMATIVA":"En el marco del Decreto 555 del 29 de diciembre de 2021 - Por el cual se adopta la revisión general del Plan de Ordenamiento Territorial de Bogotá","ESCALA_CAPTURA":null,"FECHA_CAPTURA":"2025-10-15T00:00:00Z","RESPONSABLE":"38","SHAPE_Leng":31.541238854700001,"SHAPE_Length":31.541238854746563},"geometry":{"type":"LineString","coordinates":[[-74.169330678371821,4.637392187553043],[-74.169265584661844,4.637300876369371],[-74.169211196765005,4.637227596804278],[-74.169177591316682,4.637179863063346],[-74.169164343198091,4.637161045083841]]}},
{"type":"Feature","properties":{"fid":450,"OBJECTID":450,"CODIGO_ID":"514051","NOMBRE":"Alameda Canal Salitre","LONGITUD":18.0,"TIPO_CAPACIDAD":null,"OBSERVACION":null,"PLAZO":"Existente","ACTO_ADMINISTRATIVO":null,"NUMERO_ACTO_ADMINISTRATIVO":null,"FECHA_ACTO_ADMINISTRATIVO":"2025-10-15T00:00:00Z","NORMATIVA":"En el marco del Decreto 555 del 29 de diciembre de 2021 - Por el cual se adopta la revisión general del Plan de Ordenamiento Territorial de Bogotá","ESCALA_CAPTURA":null,"FECHA_CAPTURA":"2025-10-15T00:00:00Z","RESPONSABLE":"38","SHAPE_Leng":17.993565564899999,"SHAPE_Length":17.99356556490044},"geometry":{"type":"LineString","coordinates":[[-74.076584409656064,4.670286893673692],[-74.076586760082918,4.670124258439194]]}},
{"type":"Feature","properties":{"fid":451,"OBJECTID":451,"CODIGO_ID":"522831","NOMBRE":"Alameda Canal Salitre","LONGITUD":3.7,"TIPO_CAPACIDAD":null,"OBSERVACION":null,"PLAZO":"Existente","ACTO_ADMINISTRATIVO":null,"NUMERO_ACTO_ADMINISTRATIVO":null,"FECHA_ACTO_ADMINISTRATIVO":"2025-10-15T00:00:00Z","NORMATIVA":"En el marco del Decreto 555 del 29 de diciembre de 2021 - Por el cual se adopta la revisión general del Plan de Ordenamiento Territorial de Bogotá","ESCALA_CAPTURA":null,"FECHA_CAPTURA":"2025-10-15T00:00:00Z","RESPONSABLE":"38","SHAPE_Leng":3.7032969961300002,"SHAPE_Length":3.7032969961340463},"geometry":{"type":"LineString","coordinates":[[-74.081328709212329,4.690528685840393],[-74.081324504406737,4.690539015751099],[-74.081320213112804,4.690549310399745],[-74.081315836231568,4.6905595688825]]}},
{"type":"Feature","properties":{"fid":452,"OBJECTID":452,"CODIGO_ID":"34010150","NOMBRE":"Alameda Canal Salitre","LONGITUD":96.9,"TIPO_CAPACIDAD":null,"OBSERVACION":null,"PLAZO":"Existente","ACTO_ADMINISTRATIVO":null,"NUMERO_ACTO_ADMINISTRATIVO":null,"FECHA_ACTO_ADMINISTRATIVO":"2025-10-15T00:00:00Z","NORMATIVA":"En el marco del Decreto 555 del 29 de diciembre de 2021 - Por el cual se adopta la revisión general del Plan de Ordenamiento Territorial de Bogotá","ESCALA_CAPTURA":null,"FECHA_CAPTURA":"2025-10-15T00:00:00Z","RESPONSABLE":"38","SHAPE_Leng":96.931491461299998,"SHAPE_Length":96.9314914612942},"geometry":{"type":"LineString","coordinates":[[-74.078540412926316,4.687578389459768],[-74.078422472832528,4.68741564946234],[-74.078240139679082,4.687156132029321],[-74.078031124395466,4.686866627112371]]}},
{"type":"Feature","properties":{"fid":453,"OBJECTID":453,"CODIGO_ID":"20010867","NOMBRE":"Alameda Humedal Jaboque","LONGITUD":14.1,"TIPO_CAPACIDAD":null,"OBSERVACION":null,"PLAZO":"Existente","ACTO_ADMINISTRATIVO":null,"NUMERO_ACTO_ADMINISTRATIVO":null,"FECHA_ACTO_ADMINISTRATIVO":"2025-10-15T00:00:00Z","NORMATIVA":"En el marco del Decreto 555 del 29 de diciembre de 2021 - Por el cual se adopta la revisión general del Plan de Ordenamiento Territorial de Bogotá","ESCALA_CAPTURA":null,"FECHA_CAPTURA":"2025-10-15T00:00:00Z","RESPONSABLE":"38","SHAPE_Leng":14.103499363,"SHAPE_Length":14.103499362401603},"geometry":{"type":"LineString","coordinates":[[-74.123500439699882,4.702297246020607],[-74.123444915534321,4.702275257475653],[-74.123402651038717,4.702222613814048]]}},
{"type":"Feature","properties":{"fid":454,"OBJECTID":454,"CODIGO_ID":"34011112","NOMBRE":"Alameda CL 41 Sur","LONGITUD":17.8,"TIPO_CAPACIDAD":null,"OBSERVACION":null,"PLAZO":"Existente","ACTO_ADMINISTRATIVO":null,"NUMERO_ACTO_ADMINISTRATIVO":null,"FECHA_ACTO_ADMINISTRATIVO":"2025-10-15T00:00:00Z","NORMATIVA":"En el marco del Decreto 555 del 29 de diciembre de 2021 - Por el cual se adopta la revisión general del Plan de Ordenamiento Territorial de Bogotá","ESCALA_CAPTURA":null,"FECHA_CAPTURA":"2025-10-15T00:00:00Z","RESPONSABLE":"38","SHAPE_Leng":17.796824431800001,"SHAPE_Length":17.796824431762634},"geometry":{"type":"LineString","coordinates":[[-74.175838087347756,4.646877457281023],[-74.175752018107389,4.646741728481389]]}},
{"type":"Feature","properties":{"fid":455,"OBJECTID":455,"CODIGO_ID":"20013765","NOMBRE":"Alameda Humedal Jaboque","LONGITUD":54.1,"TIPO_CAPACIDAD":null,"OBSERVACION":null,"PLAZO":"Existente","ACTO_ADMINISTRATIVO":null,"NUMERO_ACTO_ADMINISTRATIVO":null,"FECHA_ACTO_ADMINISTRATIVO":"2025-10-15T00:00:00Z","NORMATIVA":"En el marco del Decreto 555 del 29 de diciembre de 2021 - Por el cual se adopta la revisión general del Plan de Ordenamiento Territorial de Bogotá","ESCALA_CAPTURA":null,"FECHA_CAPTURA":"2025-10-15T00:00:00Z","RESPONSABLE":"38","SHAPE_Leng":54.144460149300002,"SHAPE_Length":54.144460150208985},"geometry":{"type":"LineString","coordinates":[[-74.129120016238105,4.710198622386741],[-74.128711878650208,4.710395100216479],[-74.128679160827389,4.710382232595867]]}},
{"type":"Feature","properties":{"fid":456,"OBJECTID":456,"CODIGO_ID":"34013269","NOMBRE":"Alameda Río Bogotá","LONGITUD":113.3,"TIPO_CAPACIDAD":null,"OBSERVACION":null,"PLAZO":"Existente","ACTO_ADMINISTRATIVO":null,"NUMERO_ACTO_ADMINISTRATIVO":null,"FECHA_ACTO_ADMINISTRATIVO":"2025-10-15T00:00:00Z","NORMATIVA":"En el marco del Decreto 555 del 29 de diciembre de 2021 - Por el cual se adopta la revisión general del Plan de Ordenamiento Territorial de Bogotá","ESCALA_CAPTURA":null,"FECHA_CAPTURA":"2025-10-15T00:00:00Z","RESPONSABLE":"38","SHAPE_Leng":113.253801908,"SHAPE_Length":113.25380190837711},"geometry":{"type":"MultiLineString","coordinates":[[[-74.126295979224636,4.728380618797908],[-74.126250719604613,4.728335212247234]],[[-74.126250719604613,4.728335212247234],[-74.126211570318475,4.728298980928422],[-74.126169374642359,4.728266373438387],[-74.126124464137263,4.728237645603151],[-74.12607719379092,4.728213023419288],[-74.126027933908844,4.728192701245765],[-74.125977072817378,4.728176838188295],[-74.125925010556841,4.728165559906972],[-74.125872157079471,4.728158955000544]],[[-74.125872157079471,4.728158955000544],[-74.125754724945139,4.728160639146497],[-74.125637443141642,4.728166849336297],[-74.125520486461326,4.728177577439798]],[[-74.125520486461326,4.728177577439798],[-74.125461313929847,4.728181885653673],[-74.125402557541136,4.728190124233777],[-74.125344474981901,4.728202256126322]]]}},
{"type":"Feature","properties":{"fid":457,"OBJECTID":457,"CODIGO_ID":"92080155","NOMBRE":"Alameda Canal Salitre","LONGITUD":7.9,"TIPO_CAPACIDAD":null,"OBSERVACION":null,"PLAZO":"Existente","ACTO_ADMINISTRATIVO":null,"NUMERO_ACTO_ADMINISTRATIVO":null,"FECHA_ACTO_ADMINISTRATIVO":"2025-10-15T00:00:00Z","NORMATIVA":"En el marco del Decreto 555 del 29 de diciembre de 2021 - Por el cual se adopta la revisión general del Plan de Ordenamiento Territorial de Bogotá","ESCALA_CAPTURA":null,"FECHA_CAPTURA":"2025-10-15T00:00:00Z","RESPONSABLE":"38","SHAPE_Leng":7.9441797362399997,"SHAPE_Length":7.9441797362360891},"geometry":{"type":"LineString","coordinates":[[-74.080737510155359,4.689692204779618],[-74.080693540138341,4.689720630662666],[-74.080681553490692,4.68970549746259]]}},
{"type":"Feature","properties":{"fid":458,"OBJECTID":458,"CODIGO_ID":"166908","NOMBRE":"Alameda Canal Molinos","LONGITUD":7.7,"TIPO_CAPACIDAD":null,"OBSERVACION":null,"PLAZO":"Existente","ACTO_ADMINISTRATIVO":null,"NUMERO_ACTO_ADMINISTRATIVO":null,"FECHA_ACTO_ADMINISTRATIVO":"2025-10-15T00:00:00Z","NORMATIVA":"En el marco del Decreto 555 del 29 de diciembre de 2021 - Por el cual se adopta la revisión general del Plan de Ordenamiento Territorial de Bogotá","ESCALA_CAPTURA":null,"FECHA_CAPTURA":"2025-10-15T00:00:00Z","RESPONSABLE":"38","SHAPE_Leng":7.7156778861299999,"SHAPE_Length":7.7156778861254631},"geometry":{"type":"LineString","coordinates":[[-74.062753451953952,4.69739204032722],[-74.06268455925256,4.697382726818727]]}},
{"type":"Feature","properties":{"fid":459,"OBJECTID":459,"CODIGO_ID":"0","NOMBRE":"Alameda Canal Fucha","LONGITUD":44.3,"TIPO_CAPACIDAD":null,"OBSERVACION":null,"PLAZO":"Existente","ACTO_ADMINISTRATIVO":null,"NUMERO_ACTO_ADMINISTRATIVO":null,"FECHA_ACTO_ADMINISTRATIVO":"2025-10-15T00:00:00Z","NORMATIVA":"En el marco del Decreto 555 del 29 de diciembre de 2021 - Por el cual se adopta la revisión general del Plan de Ordenamiento Territorial de Bogotá","ESCALA_CAPTURA":null,"FECHA_CAPTURA":"2025-10-15T00:00:00Z","RESPONSABLE":"38","SHAPE_Leng":44.321420151799998,"SHAPE_Length":44.321420151160382},"geometry":{"type":"LineString","coordinates":[[-74.123630673607238,4.613387909140315],[-74.123370880386943,4.613083675663956]]}},
{"type":"Feature","properties":{"fid":460,"OBJECTID":460,"CODIGO_ID":"34013987","NOMBRE":"Alameda Canal Salitre","LONGITUD":173.0,"TIPO_CAPACIDAD":null,"OBSERVACION":null,"PLAZO":"Existente","ACTO_ADMINISTRATIVO":null,"NUMERO_ACTO_ADMINISTRATIVO":null,"FECHA_ACTO_ADMINISTRATIVO":"2025-10-15T00:00:00Z","NORMATIVA":"En el marco del Decreto 555 del 29 de diciembre de 2021 - Por el cual se adopta la revisión general del Plan de Ordenamiento Territorial de Bogotá","ESCALA_CAPTURA":null,"FECHA_CAPTURA":"2025-10-15T00:00:00Z","RESPONSABLE":"38","SHAPE_Leng":172.977447619,"SHAPE_Length":172.97744761848008},"geometry":{"type":"LineString","coordinates":[[-74.079893583670781,4.688356617455548],[-74.079903408722927,4.688373609881396],[-74.080073820511771,4.68867139252936],[-74.080147518843603,4.688798801803597],[-74.080166273575202,4.688831225446691],[-74.080215631316889,4.688916554579652],[-74.080445627790098,4.689319577568173],[-74.080681553490692,4.68970549746259]]}},
{"type":"Feature","properties":{"fid":461,"OBJECTID":461,"CODIGO_ID":"139150","NOMBRE":"Alameda Canal Molinos","LONGITUD":76.7,"TIPO_CAPACIDAD":null,"OBSERVACION":null,"PLAZO":"Existente","ACTO_ADMINISTRATIVO":null,"NUMERO_ACTO_ADMINISTRATIVO":null,"FECHA_ACTO_ADMINISTRATIVO":"2025-10-15T00:00:00Z","NORMATIVA":"En el marco del Decreto 555 del 29 de diciembre de 2021 - Por el cual se adopta la revisión general del Plan de Ordenamiento Territorial de Bogotá","ESCALA_CAPTURA":null,"FECHA_CAPTURA":"2025-10-15T00:00:00Z","RESPONSABLE":"38","SHAPE_Leng":76.741728708099998,"SHAPE_Length":76.741728708925024},"geometry":{"type":"MultiLineString","coordinates":[[[-74.043537906334919,4.694440392018478],[-74.043517170278648,4.694431712883866],[-74.043115639729393,4.694340646000013]],[[-74.043115639729393,4.694340646000013],[-74.043032426808267,4.694319831150751],[-74.042949421232805,4.69429820005942],[-74.042866630210781,4.6942757536311]]]}},
{"type":"Feature","properties":{"fid":462,"OBJECTID":462,"CODIGO_ID":"20011577","NOMBRE":"Alameda Humedal Jaboque","LONGITUD":9.6,"TIPO_CAPACIDAD":null,"OBSERVACION":null,"PLAZO":"Existente","ACTO_ADMINISTRATIVO":null,"NUMERO_ACTO_ADMINISTRATIVO":null,"FECHA_ACTO_ADMINISTRATIVO":"2025-10-15T00:00:00Z","NORMATIVA":"En el marco del Decreto 555 del 29 de diciembre de 2021 - Por el cual se adopta la revisión general del Plan de Ordenamiento Territorial de Bogotá","ESCALA_CAPTURA":null,"FECHA_CAPTURA":"2025-10-15T00:00:00Z","RESPONSABLE":"38","SHAPE_Leng":9.5719598253200004,"SHAPE_Length":9.5719598253198424},"geometry":{"type":"LineString","coordinates":[[-74.133841788062,4.710856550578154],[-74.133810169414687,4.710937050980057]]}},
{"type":"Feature","properties":{"fid":463,"OBJECTID":463,"CODIGO_ID":"34011137","NOMBRE":"Alameda CL 41 Sur","LONGITUD":13.6,"TIPO_CAPACIDAD":null,"OBSERVACION":null,"PLAZO":"Existente","ACTO_ADMINISTRATIVO":null,"NUMERO_ACTO_ADMINISTRATIVO":null,"FECHA_ACTO_ADMINISTRATIVO":"2025-10-15T00:00:00Z","NORMATIVA":"En el marco del Decreto 555 del 29 de diciembre de 2021 - Por el cual se adopta la revisión general del Plan de Ordenamiento Territorial de Bogotá","ESCALA_CAPTURA":null,"FECHA_CAPTURA":"2025-10-15T00:00:00Z","RESPONSABLE":"38","SHAPE_Leng":13.6443838482,"SHAPE_Length":13.644383848207452},"geometry":{"type":"LineString","coordinates":[[-74.173271226449856,4.642933281401969],[-74.173205228552277,4.642829228577733]]}},
{"type":"Feature","properties":{"fid":464,"OBJECTID":464,"CODIGO_ID":"92064916","NOMBRE":"Alameda Canal Salitre","LONGITUD":23.6,"TIPO_CAPACIDAD":null,"OBSERVACION":null,"PLAZO":"Existente","ACTO_ADMINISTRATIVO":null,"NUMERO_ACTO_ADMINISTRATIVO":null,"FECHA_ACTO_ADMINISTRATIVO":"2025-10-15T00:00:00Z","NORMATIVA":"En el marco del Decreto 555 del 29 de diciembre de 2021 - Por el cual se adopta la revisión general del Plan de Ordenamiento Territorial de Bogotá","ESCALA_CAPTURA":null,"FECHA_CAPTURA":"2025-10-15T00:00:00Z","RESPONSABLE":"38","SHAPE_Leng":23.6438921393,"SHAPE_Length":23.643892139250124},"geometry":{"type":"LineString","coordinates":[[-74.080125614748013,4.690964122835782],[-74.080111032305311,4.690998096285605],[-74.080155119459789,4.691132672839681],[-74.080166246699406,4.691165927386716]]}},
{"type":"Feature","properties":{"fid":465,"OBJECTID":465,"CODIGO_ID":"34010771","NOMBRE":"Alameda Canal Tintal III (CL 59B S)","LONGITUD":192.9,"TIPO_CAPACIDAD":null,"OBSERVACION":null,"PLAZO":"Existente","ACTO_ADMINISTRATIVO":null,"NUMERO_ACTO_ADMINISTRATIVO":null,"FECHA_ACTO_ADMINISTRATIVO":"2025-10-15T00:00:00Z","NORMATIVA":"En el marco del Decreto 555 del 29 de diciembre de 2021 - Por el cual se adopta la revisión general del Plan de Ordenamiento Territorial de Bogotá","ESCALA_CAPTURA":null,"FECHA_CAPTURA":"2025-10-15T00:00:00Z","RESPONSABLE":"38","SHAPE_Leng":192.85545023099999,"SHAPE_Length":192.85545023081414},"geometry":{"type":"LineString","coordinates":[[-74.196264935147724,4.636349283793292],[-74.196391938493463,4.636572259034819],[-74.196543315217994,4.636831747523217],[-74.196724491157852,4.637149831411297],[-74.196940232391654,4.637518137964109],[-74.197110905764873,4.637818029627207],[-74.197134079448077,4.637858749034527]]}},
{"type":"Feature","properties":{"fid":466,"OBJECTID":466,"CODIGO_ID":"34014074","NOMBRE":"Alameda Humedal el Burro","LONGITUD":652.0,"TIPO_CAPACIDAD":null,"OBSERVACION":null,"PLAZO":"Existente","ACTO_ADMINISTRATIVO":null,"NUMERO_ACTO_ADMINISTRATIVO":null,"FECHA_ACTO_ADMINISTRATIVO":"2025-10-15T00:00:00Z","NORMATIVA":"En el marco del Decreto 555 del 29 de diciembre de 2021 - Por el cual se adopta la revisión general del Plan de Ordenamiento Territorial de Bogotá","ESCALA_CAPTURA":null,"FECHA_CAPTURA":"2025-10-15T00:00:00Z","RESPONSABLE":"38","SHAPE_Leng":651.97919416599996,"SHAPE_Length":651.97919416575508},"geometry":{"type":"MultiLineString","coordinates":[[[-74.144859364854824,4.634752562832257],[-74.144979526957812,4.634887883345061]],[[-74.144979526957812,4.634887883345061],[-74.145010759583869,4.634921658557783],[-74.145043444438954,4.634954020900327],[-74.145077518461406,4.634984907095956]],[[-74.145077518461406,4.634984907095956],[-74.145799481583509,4.635649881010258],[-74.146102197208521,4.635930667655273],[-74.14635541129671,4.636160393704727]],[[-74.14635541129671,4.636160393704727],[-74.146367934485255,4.636172393628402],[-74.146381427026071,4.636183284407043],[-74.146395790722778,4.636192988300956],[-74.146410922874509,4.636201434802064],[-74.146426714474259,4.636208563345747],[-74.146443051109628,4.636214323310777]],[[-74.146443051109628,4.636214323310777],[-74.146655395861515,4.636276767198845]],[[-74.146655395861515,4.636276767198845],[-74.146701808528235,4.636290192639863],[-74.146747316709323,4.636306438398108],[-74.146791750138078,4.636325444813189]],[[-74.146791750138078,4.636325444813189],[-74.146953693206569,4.636469520618758],[-74.147237341490836,4.636736195236752],[-74.147312587086319,4.636811411833894],[-74.147426241066924,4.636911985044291],[-74.1475514237125,4.63701470600271],[-74.147657255354034,4.637104156096908],[-74.147803445900479,4.63725519394105],[-74.147908070468048,4.637369216037048],[-74.148028101136291,4.637491374528352],[-74.148200912121183,4.637640257220165],[-74.14831490330846,4.637747883796124],[-74.148372531338779,4.637802295037537]],[[-74.148372531338779,4.637802295037537],[-74.148381008695935,4.637808871242941],[-74.148390022078715,4.637814684514153],[-74.148399504821384,4.637819691461823],[-74.148409383952057,4.637823855024193],[-74.148419586498804,4.637827141755333],[-74.148430034084413,4.637829529056745],[-74.148440648331672,4.637830997945673],[-74.148451349962556,4.637831536671013],[-74.148462058798074,4.637831142521091],[-74.148472691956655,4.637829817304045],[-74.148483171061187,4.637827572771431],[-74.148493415932762,4.637824423386633],[-74.148503350896988,4.637820394460443],[-74.148512899378531,4.637815516727312],[-74.14852199020747,4.637809825441485],[-74.148530555817416,4.63780336489663],[-74.148538529542904,4.637796183002248],[-74.148545852826459,4.637788333995423],[-74.148552469813282,4.637779877536953],[-74.148558330053945,4.637770876903405],[-74.148563391207006,4.637761399891073],[-74.148567613633645,4.637751517912024],[-74.148570965803103,4.6377413059941]],[[-74.148570965803103,4.6377413059941],[-74.148570936042788,4.637730145843461],[-74.14857186122201,4.637719024559937],[-74.148573735935628,4.637708023498919],[-74.148576545769657,4.637697225823736],[-74.14858027000389,4.637686709274003],[-74.148584880711056,4.637676553397274],[-74.148590344558514,4.637666832317448],[-74.148596620105693,4.637657618350476],[-74.14860366230846,4.637648980196587],[-74.148611418014696,4.637640980228384],[-74.148619829567878,4.637633679010574]],[[-74.148619829567878,4.637633679010574],[-74.149070459092556,4.637366681857571]],[[-74.149070459092556,4.637366681857571],[-74.14909170374645,4.637356690437543],[-74.149113751095854,4.637348637984011],[-74.149136425468427,4.637342587773931],[-74.149159547588241,4.637338588621119],[-74.149182931873142,4.63733667216444],[-74.149206393641805,4.63733685286771],[-74.149229746411066,4.637339129827688],[-74.149252803697749,4.637343484966092],[-74.149275383522934,4.637349883933617],[-74.149297304808613,4.637358275205892],[-74.1493183936837,4.637368592795418],[-74.149338483484158,4.637380754443577]],[[-74.149338483484158,4.637380754443577],[-74.14934268432782,4.637384134291472],[-74.149346821208923,4.637387592783126],[-74.149350892325714,4.637391129918552]]]}},
{"type":"Feature","properties":{"fid":467,"OBJECTID":467,"CODIGO_ID":"34010025","NOMBRE":"Alameda Humedal Jaboque","LONGITUD":35.2,"TIPO_CAPACIDAD":null,"OBSERVACION":null,"PLAZO":"Existente","ACTO_ADMINISTRATIVO":null,"NUMERO_ACTO_ADMINISTRATIVO":null,"FECHA_ACTO_ADMINISTRATIVO":"2025-10-15T00:00:00Z","NORMATIVA":"En el marco del Decreto 555 del 29 de diciembre de 2021 - Por el cual se adopta la revisión general del Plan de Ordenamiento Territorial de Bogotá","ESCALA_CAPTURA":null,"FECHA_CAPTURA":"2025-10-15T00:00:00Z","RESPONSABLE":"38","SHAPE_Leng":35.218254594500003,"SHAPE_Length":35.21825459471733},"geometry":{"type":"MultiLineString","coordinates":[[[-74.122961997139271,4.700755627728242],[-74.122961398234807,4.700748553418626],[-74.122960886724357,4.700741471880413],[-74.122960463508846,4.700734384017555]],[[-74.122960463508846,4.700734384017555],[-74.122995378678056,4.700439402883358]]]}},
{"type":"Feature","properties":{"fid":468,"OBJECTID":468,"CODIGO_ID":"23001169","NOMBRE":"Alameda Canal El Carmelo","LONGITUD":32.9,"TIPO_CAPACIDAD":null,"OBSERVACION":null,"PLAZO":"Existente","ACTO_ADMINISTRATIVO":null,"NUMERO_ACTO_ADMINISTRATIVO":null,"FECHA_ACTO_ADMINISTRATIVO":"2025-10-15T00:00:00Z","NORMATIVA":"En el marco del Decreto 555 del 29 de diciembre de 2021 - Por el cual se adopta la revisión general del Plan de Ordenamiento Territorial de Bogotá","ESCALA_CAPTURA":null,"FECHA_CAPTURA":"2025-10-15T00:00:00Z","RESPONSABLE":"38","SHAPE_Leng":32.882992458399997,"SHAPE_Length":32.88299245838143},"geometry":{"type":"LineString","coordinates":[[-74.121649360003175,4.703060653084822],[-74.121518173810799,4.703327168993416]]}},
{"type":"Feature","properties":{"fid":469,"OBJECTID":469,"CODIGO_ID":"34010689","NOMBRE":"Alameda Canal Virrey","LONGITUD":102.8,"TIPO_CAPACIDAD":null,"OBSERVACION":null,"PLAZO":"Existente","ACTO_ADMINISTRATIVO":null,"NUMERO_ACTO_ADMINISTRATIVO":null,"FECHA_ACTO_ADMINISTRATIVO":"2025-10-15T00:00:00Z","NORMATIVA":"En el marco del Decreto 555 del 29 de diciembre de 2021 - Por el cual se adopta la revisión general del Plan de Ordenamiento Territorial de Bogotá","ESCALA_CAPTURA":null,"FECHA_CAPTURA":"2025-10-15T00:00:00Z","RESPONSABLE":"38","SHAPE_Leng":102.765978238,"SHAPE_Length":102.76597823772516},"geometry":{"type":"LineString","coordinates":[[-74.050926491581237,4.671529518781568],[-74.051266451554596,4.671688168840848],[-74.0516077764334,4.67185467693036],[-74.051763905009636,4.671925600924348]]}},
{"type":"Feature","properties":{"fid":470,"OBJECTID":470,"CODIGO_ID":"34010109","NOMBRE":"Alameda Canal Molinos","LONGITUD":82.9,"TIPO_CAPACIDAD":null,"OBSERVACION":null,"PLAZO":"Existente","ACTO_ADMINISTRATIVO":null,"NUMERO_ACTO_ADMINISTRATIVO":null,"FECHA_ACTO_ADMINISTRATIVO":"2025-10-15T00:00:00Z","NORMATIVA":"En el marco del Decreto 555 del 29 de diciembre de 2021 - Por el cual se adopta la revisión general del Plan de Ordenamiento Territorial de Bogotá","ESCALA_CAPTURA":null,"FECHA_CAPTURA":"2025-10-15T00:00:00Z","RESPONSABLE":"38","SHAPE_Leng":82.85517264000001,"SHAPE_Length":82.855172639063412},"geometry":{"type":"MultiLineString","coordinates":[[[-74.058656933642766,4.696099232694849],[-74.058643219939128,4.696100805640052],[-74.058629496336309,4.696102287285179],[-74.058615763735276,4.696103677630327]],[[-74.058615763735276,4.696103677630327],[-74.058514951917189,4.696109585755218],[-74.058413987427656,4.69611156710418],[-74.058313022530697,4.696109620792456]],[[-74.058313022530697,4.696109620792456],[-74.058189551597835,4.696101034841604],[-74.058066741933246,4.696085616024029],[-74.057944969234555,4.696063412297031]],[[-74.057944969234555,4.696063412297031],[-74.057914891557289,4.696056618030544]]]}},
{"type":"Feature","properties":{"fid":471,"OBJECTID":471,"CODIGO_ID":"519344","NOMBRE":"Alameda Canal Virrey","LONGITUD":8.0,"TIPO_CAPACIDAD":null,"OBSERVACION":null,"PLAZO":"Existente","ACTO_ADMINISTRATIVO":null,"NUMERO_ACTO_ADMINISTRATIVO":null,"FECHA_ACTO_ADMINISTRATIVO":"2025-10-15T00:00:00Z","NORMATIVA":"En el marco del Decreto 555 del 29 de diciembre de 2021 - Por el cual se adopta la revisión general del Plan de Ordenamiento Territorial de Bogotá","ESCALA_CAPTURA":null,"FECHA_CAPTURA":"2025-10-15T00:00:00Z","RESPONSABLE":"38","SHAPE_Leng":7.9890198746300003,"SHAPE_Length":7.9890198746279033},"geometry":{"type":"LineString","coordinates":[[-74.053805094206069,4.672874895072362],[-74.053839061373623,4.672879371391795],[-74.053857864798502,4.672885320944548],[-74.053875630752614,4.67288822586733]]}},
{"type":"Feature","properties":{"fid":472,"OBJECTID":472,"CODIGO_ID":"20048267","NOMBRE":"Alameda Canal Salitre","LONGITUD":82.2,"TIPO_CAPACIDAD":null,"OBSERVACION":null,"PLAZO":"Existente","ACTO_ADMINISTRATIVO":null,"NUMERO_ACTO_ADMINISTRATIVO":null,"FECHA_ACTO_ADMINISTRATIVO":"2025-10-15T00:00:00Z","NORMATIVA":"En el marco del Decreto 555 del 29 de diciembre de 2021 - Por el cual se adopta la revisión general del Plan de Ordenamiento Territorial de Bogotá","ESCALA_CAPTURA":null,"FECHA_CAPTURA":"2025-10-15T00:00:00Z","RESPONSABLE":"38","SHAPE_Leng":82.187931847399994,"SHAPE_Length":82.187931847447601},"geometry":{"type":"LineString","coordinates":[[-74.077771086786314,4.680586460447122],[-74.077713885270157,4.68050274481132],[-74.077598289397955,4.680344881686707],[-74.077521423125106,4.680242629567809],[-74.077411786231337,4.680093137549442],[-74.07734385915299,4.67999985435247],[-74.077334383477535,4.679986565394471]]}},
{"type":"Feature","properties":{"fid":473,"OBJECTID":473,"CODIGO_ID":"34010499","NOMBRE":"Alameda Canal Salitre","LONGITUD":59.0,"TIPO_CAPACIDAD":null,"OBSERVACION":null,"PLAZO":"Existente","ACTO_ADMINISTRATIVO":null,"NUMERO_ACTO_ADMINISTRATIVO":null,"FECHA_ACTO_ADMINISTRATIVO":"2025-10-15T00:00:00Z","NORMATIVA":"En el marco del Decreto 555 del 29 de diciembre de 2021 - Por el cual se adopta la revisión general del Plan de Ordenamiento Territorial de Bogotá","ESCALA_CAPTURA":null,"FECHA_CAPTURA":"2025-10-15T00:00:00Z","RESPONSABLE":"38","SHAPE_Leng":59.003854836199999,"SHAPE_Length":59.003854836198641},"geometry":{"type":"LineString","coordinates":[[-74.075927938007126,4.6747085683991],[-74.075911774332411,4.674583113377706],[-74.075890336908145,4.67441868143321],[-74.075878430642561,4.674297301833206],[-74.075871885590658,4.674196251639769],[-74.07587196936008,4.674178449314275]]}},
{"type":"Feature","properties":{"fid":474,"OBJECTID":474,"CODIGO_ID":"92080274","NOMBRE":"Alameda Humedal Jaboque","LONGITUD":14.0,"TIPO_CAPACIDAD":null,"OBSERVACION":null,"PLAZO":"Existente","ACTO_ADMINISTRATIVO":null,"NUMERO_ACTO_ADMINISTRATIVO":null,"FECHA_ACTO_ADMINISTRATIVO":"2025-10-15T00:00:00Z","NORMATIVA":"En el marco del Decreto 555 del 29 de diciembre de 2021 - Por el cual se adopta la revisión general del Plan de Ordenamiento Territorial de Bogotá","ESCALA_CAPTURA":null,"FECHA_CAPTURA":"2025-10-15T00:00:00Z","RESPONSABLE":"38","SHAPE_Leng":13.976663113400001,"SHAPE_Length":13.976663113399223},"geometry":{"type":"LineString","coordinates":[[-74.128472997121449,4.703585239140933],[-74.128479409474252,4.703509786854235],[-74.128495500548595,4.703484674721744],[-74.128515968709266,4.703487728786153]]}},
{"type":"Feature","properties":{"fid":475,"OBJECTID":475,"CODIGO_ID":"34010720","NOMBRE":"Alameda Canal Virrey","LONGITUD":64.8,"TIPO_CAPACIDAD":null,"OBSERVACION":null,"PLAZO":"Existente","ACTO_ADMINISTRATIVO":null,"NUMERO_ACTO_ADMINISTRATIVO":null,"FECHA_ACTO_ADMINISTRATIVO":"2025-10-15T00:00:00Z","NORMATIVA":"En el marco del Decreto 555 del 29 de diciembre de 2021 - Por el cual se adopta la revisión general del Plan de Ordenamiento Territorial de Bogotá","ESCALA_CAPTURA":null,"FECHA_CAPTURA":"2025-10-15T00:00:00Z","RESPONSABLE":"38","SHAPE_Leng":64.819214847799998,"SHAPE_Length":64.819214847006549},"geometry":{"type":"LineString","coordinates":[[-74.056240049070354,4.673633800695498],[-74.056266251042828,4.673646302039591],[-74.056464586086378,4.673740931920252],[-74.056767379582482,4.673885540794516]]}},
{"type":"Feature","properties":{"fid":476,"OBJECTID":476,"CODIGO_ID":"91024861","NOMBRE":"Alameda Canal Torca","LONGITUD":16.2,"TIPO_CAPACIDAD":null,"OBSERVACION":null,"PLAZO":"Existente","ACTO_ADMINISTRATIVO":null,"NUMERO_ACTO_ADMINISTRATIVO":null,"FECHA_ACTO_ADMINISTRATIVO":"2025-10-15T00:00:00Z","NORMATIVA":"En el marco del Decreto 555 del 29 de diciembre de 2021 - Por el cual se adopta la revisión general del Plan de Ordenamiento Territorial de Bogotá","ESCALA_CAPTURA":null,"FECHA_CAPTURA":"2025-10-15T00:00:00Z","RESPONSABLE":"38","SHAPE_Leng":16.170984203300002,"SHAPE_Length":16.170984203348247},"geometry":{"type":"LineString","coordinates":[[-74.040912805881462,4.763982058051769],[-74.040849051176181,4.764101513478228],[-74.040852511456521,4.764111609255867]]}},
{"type":"Feature","properties":{"fid":477,"OBJECTID":477,"CODIGO_ID":"34010061","NOMBRE":"Alameda Humedal Jaboque","LONGITUD":34.7,"TIPO_CAPACIDAD":null,"OBSERVACION":null,"PLAZO":"Existente","ACTO_ADMINISTRATIVO":null,"NUMERO_ACTO_ADMINISTRATIVO":null,"FECHA_ACTO_ADMINISTRATIVO":"2025-10-15T00:00:00Z","NORMATIVA":"En el marco del Decreto 555 del 29 de diciembre de 2021 - Por el cual se adopta la revisión general del Plan de Ordenamiento Territorial de Bogotá","ESCALA_CAPTURA":null,"FECHA_CAPTURA":"2025-10-15T00:00:00Z","RESPONSABLE":"38","SHAPE_Leng":34.720897153599999,"SHAPE_Length":34.720897153632819},"geometry":{"type":"LineString","coordinates":[[-74.123817930726815,4.702531147327869],[-74.123699629568648,4.702431191321793],[-74.123576747017083,4.702331288477055]]}},
{"type":"Feature","properties":{"fid":478,"OBJECTID":478,"CODIGO_ID":"34011188","NOMBRE":"Alameda CL 40B Sur","LONGITUD":13.8,"TIPO_CAPACIDAD":null,"OBSERVACION":null,"PLAZO":"Existente","ACTO_ADMINISTRATIVO":null,"NUMERO_ACTO_ADMINISTRATIVO":null,"FECHA_ACTO_ADMINISTRATIVO":"2025-10-15T00:00:00Z","NORMATIVA":"En el marco del Decreto 555 del 29 de diciembre de 2021 - Por el cual se adopta la revisión general del Plan de Ordenamiento Territorial de Bogotá","ESCALA_CAPTURA":null,"FECHA_CAPTURA":"2025-10-15T00:00:00Z","RESPONSABLE":"38","SHAPE_Leng":13.831815965100001,"SHAPE_Length":13.831815965149286},"geometry":{"type":"LineString","coordinates":[[-74.169071296480851,4.637029247817952],[-74.168998396349352,4.636927845173979]]}},
{"type":"Feature","properties":{"fid":479,"OBJECTID":479,"CODIGO_ID":"15000310","NOMBRE":"Alameda Tv 127","LONGITUD":63.9,"TIPO_CAPACIDAD":null,"OBSERVACION":null,"PLAZO":"Existente","ACTO_ADMINISTRATIVO":null,"NUMERO_ACTO_ADMINISTRATIVO":null,"FECHA_ACTO_ADMINISTRATIVO":"2025-10-15T00:00:00Z","NORMATIVA":"En el marco del Decreto 555 del 29 de diciembre de 2021 - Por el cual se adopta la revisión general del Plan de Ordenamiento Territorial de Bogotá","ESCALA_CAPTURA":null,"FECHA_CAPTURA":"2025-10-15T00:00:00Z","RESPONSABLE":"38","SHAPE_Leng":63.9061920734,"SHAPE_Length":63.90619207338159},"geometry":{"type":"LineString","coordinates":[[-74.113640896666368,4.741176826718736],[-74.113797688611612,4.740960674501147],[-74.11398269466541,4.740711947175563]]}},
{"type":"Feature","properties":{"fid":480,"OBJECTID":480,"CODIGO_ID":"516912","NOMBRE":"Alameda Canal Torca","LONGITUD":8.8,"TIPO_CAPACIDAD":null,"OBSERVACION":null,"PLAZO":"Existente","ACTO_ADMINISTRATIVO":null,"NUMERO_ACTO_ADMINISTRATIVO":null,"FECHA_ACTO_ADMINISTRATIVO":"2025-10-15T00:00:00Z","NORMATIVA":"En el marco del Decreto 555 del 29 de diciembre de 2021 - Por el cual se adopta la revisión general del Plan de Ordenamiento Territorial de Bogotá","ESCALA_CAPTURA":null,"FECHA_CAPTURA":"2025-10-15T00:00:00Z","RESPONSABLE":"38","SHAPE_Leng":8.8013806395399996,"SHAPE_Length":8.8013806395957292},"geometry":{"type":"LineString","coordinates":[[-74.038947846105373,4.770616530592594],[-74.038938968747345,4.770692755155762],[-74.03893847363598,4.770695527473411]]}},
{"type":"Feature","properties":{"fid":481,"OBJECTID":481,"CODIGO_ID":"20010941","NOMBRE":"Alameda Canal Torca","LONGITUD":74.6,"TIPO_CAPACIDAD":null,"OBSERVACION":null,"PLAZO":"Existente","ACTO_ADMINISTRATIVO":null,"NUMERO_ACTO_ADMINISTRATIVO":null,"FECHA_ACTO_ADMINISTRATIVO":"2025-10-15T00:00:00Z","NORMATIVA":"En el marco del Decreto 555 del 29 de diciembre de 2021 - Por el cual se adopta la revisión general del Plan de Ordenamiento Territorial de Bogotá","ESCALA_CAPTURA":null,"FECHA_CAPTURA":"2025-10-15T00:00:00Z","RESPONSABLE":"38","SHAPE_Leng":74.604992145599994,"SHAPE_Length":74.604992145553581},"geometry":{"type":"LineString","coordinates":[[-74.039915084862514,4.767043668464304],[-74.039702408266578,4.767683415193924]]}},
{"type":"Feature","properties":{"fid":482,"OBJECTID":482,"CODIGO_ID":"91034074","NOMBRE":"Alameda Canal Salitre","LONGITUD":9.9,"TIPO_CAPACIDAD":null,"OBSERVACION":null,"PLAZO":"Existente","ACTO_ADMINISTRATIVO":null,"NUMERO_ACTO_ADMINISTRATIVO":null,"FECHA_ACTO_ADMINISTRATIVO":"2025-10-15T00:00:00Z","NORMATIVA":"En el marco del Decreto 555 del 29 de diciembre de 2021 - Por el cual se adopta la revisión general del Plan de Ordenamiento Territorial de Bogotá","ESCALA_CAPTURA":null,"FECHA_CAPTURA":"2025-10-15T00:00:00Z","RESPONSABLE":"38","SHAPE_Leng":9.8906637204300001,"SHAPE_Length":9.8906637204264367},"geometry":{"type":"LineString","coordinates":[[-74.076286656159041,4.666519811994622],[-74.076267015725236,4.666432604423778]]}},
{"type":"Feature","properties":{"fid":483,"OBJECTID":483,"CODIGO_ID":"34014084","NOMBRE":"Alameda Río Bogotá","LONGITUD":171.4,"TIPO_CAPACIDAD":null,"OBSERVACION":null,"PLAZO":"Existente","ACTO_ADMINISTRATIVO":null,"NUMERO_ACTO_ADMINISTRATIVO":null,"FECHA_ACTO_ADMINISTRATIVO":"2025-10-15T00:00:00Z","NORMATIVA":"En el marco del Decreto 555 del 29 de diciembre de 2021 - Por el cual se adopta la revisión general del Plan de Ordenamiento Territorial de Bogotá","ESCALA_CAPTURA":null,"FECHA_CAPTURA":"2025-10-15T00:00:00Z","RESPONSABLE":"38","SHAPE_Leng":171.38834734400001,"SHAPE_Length":171.38834734393964},"geometry":{"type":"MultiLineString","coordinates":[[[-74.137550886437921,4.725733086921812],[-74.137384969038123,4.725616848074709]],[[-74.137384969038123,4.725616848074709],[-74.137345918247476,4.725594669229319],[-74.137305314998656,4.725575498694634],[-74.137263390846442,4.725559445851025]],[[-74.137263390846442,4.725559445851025],[-74.136904378054552,4.725428854113642]],[[-74.136904378054552,4.725428854113642],[-74.136826319571028,4.725399095101868],[-74.136746028325106,4.725376078586034],[-74.136664081852302,4.725359969995849]],[[-74.136664081852302,4.725359969995849],[-74.136439519412548,4.725319786324618],[-74.136365142193156,4.72530687054871],[-74.136246424191995,4.725291083170669],[-74.136095215197642,4.725282039625479]]]}},
{"type":"Feature","properties":{"fid":484,"OBJECTID":484,"CODIGO_ID":"91063970","NOMBRE":"Alameda Humedal el Burro","LONGITUD":9.5,"TIPO_CAPACIDAD":null,"OBSERVACION":null,"PLAZO":"Existente","ACTO_ADMINISTRATIVO":null,"NUMERO_ACTO_ADMINISTRATIVO":null,"FECHA_ACTO_ADMINISTRATIVO":"2025-10-15T00:00:00Z","NORMATIVA":"En el marco del Decreto 555 del 29 de diciembre de 2021 - Por el cual se adopta la revisión general del Plan de Ordenamiento Territorial de Bogotá","ESCALA_CAPTURA":null,"FECHA_CAPTURA":"2025-10-15T00:00:00Z","RESPONSABLE":"38","SHAPE_Leng":9.4865701960299997,"SHAPE_Length":9.4865701965222318},"geometry":{"type":"LineString","coordinates":[[-74.156600539007158,4.649053375619728],[-74.156645524711124,4.649126288361252]]}},
{"type":"Feature","properties":{"fid":485,"OBJECTID":485,"CODIGO_ID":"91032992","NOMBRE":"Alameda Humedal Jaboque","LONGITUD":6.9,"TIPO_CAPACIDAD":null,"OBSERVACION":null,"PLAZO":"Existente","ACTO_ADMINISTRATIVO":null,"NUMERO_ACTO_ADMINISTRATIVO":null,"FECHA_ACTO_ADMINISTRATIVO":"2025-10-15T00:00:00Z","NORMATIVA":"En el marco del Decreto 555 del 29 de diciembre de 2021 - Por el cual se adopta la revisión general del Plan de Ordenamiento Territorial de Bogotá","ESCALA_CAPTURA":null,"FECHA_CAPTURA":"2025-10-15T00:00:00Z","RESPONSABLE":"38","SHAPE_Leng":6.8705885310300001,"SHAPE_Length":6.8705885301550573},"geometry":{"type":"LineString","coordinates":[[-74.123371967049309,4.702186522708999],[-74.123313653460215,4.702165684785091]]}},
{"type":"Feature","properties":{"fid":486,"OBJECTID":486,"CODIGO_ID":"35004171","NOMBRE":"Alameda Humedal Juan Amarillo","LONGITUD":69.4,"TIPO_CAPACIDAD":null,"OBSERVACION":null,"PLAZO":"Existente","ACTO_ADMINISTRATIVO":null,"NUMERO_ACTO_ADMINISTRATIVO":null,"FECHA_ACTO_ADMINISTRATIVO":"2025-10-15T00:00:00Z","NORMATIVA":"En el marco del Decreto 555 del 29 de diciembre de 2021 - Por el cual se adopta la revisión general del Plan de Ordenamiento Territorial de Bogotá","ESCALA_CAPTURA":null,"FECHA_CAPTURA":"2025-10-15T00:00:00Z","RESPONSABLE":"38","SHAPE_Leng":69.444137337200004,"SHAPE_Length":69.44413733802692},"geometry":{"type":"MultiLineString","coordinates":[[[-74.099010326600379,4.71740714788899],[-74.099089540636356,4.717419069133072],[-74.099168286872981,4.717433782626469],[-74.099246468005802,4.717451269379805]],[[-74.099246468005802,4.717451269379805],[-74.099249152890167,4.717452146390825]],[[-74.099249152890167,4.717452146390825],[-74.099315170354245,4.717474610339599],[-74.099380637213073,4.717498642591599],[-74.099445515626414,4.717524230489163]],[[-74.099445515626414,4.717524230489163],[-74.099498530901954,4.7175473534185],[-74.099550992891039,4.717571714712805],[-74.099602870961178,4.717597301714905]]]}},
{"type":"Feature","properties":{"fid":487,"OBJECTID":487,"CODIGO_ID":"44788","NOMBRE":"Alameda Canal Molinos","LONGITUD":2.5,"TIPO_CAPACIDAD":null,"OBSERVACION":null,"PLAZO":"Existente","ACTO_ADMINISTRATIVO":null,"NUMERO_ACTO_ADMINISTRATIVO":null,"FECHA_ACTO_ADMINISTRATIVO":"2025-10-15T00:00:00Z","NORMATIVA":"En el marco del Decreto 555 del 29 de diciembre de 2021 - Por el cual se adopta la revisión general del Plan de Ordenamiento Territorial de Bogotá","ESCALA_CAPTURA":null,"FECHA_CAPTURA":"2025-10-15T00:00:00Z","RESPONSABLE":"38","SHAPE_Leng":2.5181040823799998,"SHAPE_Length":2.5181040823787542},"geometry":{"type":"LineString","coordinates":[[-74.06268455925256,4.697382726818727],[-74.062662075223798,4.697379687757636]]}},
{"type":"Feature","properties":{"fid":488,"OBJECTID":488,"CODIGO_ID":"20011932","NOMBRE":"Alameda Humedal Juan Amarillo","LONGITUD":26.5,"TIPO_CAPACIDAD":null,"OBSERVACION":null,"PLAZO":"Existente","ACTO_ADMINISTRATIVO":null,"NUMERO_ACTO_ADMINISTRATIVO":null,"FECHA_ACTO_ADMINISTRATIVO":"2025-10-15T00:00:00Z","NORMATIVA":"En el marco del Decreto 555 del 29 de diciembre de 2021 - Por el cual se adopta la revisión general del Plan de Ordenamiento Territorial de Bogotá","ESCALA_CAPTURA":null,"FECHA_CAPTURA":"2025-10-15T00:00:00Z","RESPONSABLE":"38","SHAPE_Leng":26.5062215172,"SHAPE_Length":26.506221517245329},"geometry":{"type":"LineString","coordinates":[[-74.116765730909776,4.734835966487817],[-74.116781464003196,4.734823132035498],[-74.116875259931135,4.734742480577391],[-74.116931656234996,4.734693987193893],[-74.11694781190495,4.734680942136364]]}},
{"type":"Feature","properties":{"fid":489,"OBJECTID":489,"CODIGO_ID":"92084182","NOMBRE":"Alameda Humedal Juan Amarillo","LONGITUD":33.9,"TIPO_CAPACIDAD":null,"OBSERVACION":null,"PLAZO":"Existente","ACTO_ADMINISTRATIVO":null,"NUMERO_ACTO_ADMINISTRATIVO":null,"FECHA_ACTO_ADMINISTRATIVO":"2025-10-15T00:00:00Z","NORMATIVA":"En el marco del Decreto 555 del 29 de diciembre de 2021 - Por el cual se adopta la revisión general del Plan de Ordenamiento Territorial de Bogotá","ESCALA_CAPTURA":null,"FECHA_CAPTURA":"2025-10-15T00:00:00Z","RESPONSABLE":"38","SHAPE_Leng":33.926030783500003,"SHAPE_Length":33.926030784688152},"geometry":{"type":"LineString","coordinates":[[-74.095469718581313,4.715374313285317],[-74.095489186312378,4.715396978460547],[-74.09541914526497,4.715474456873772],[-74.095522298028044,4.71561203063545]]}},
{"type":"Feature","properties":{"fid":490,"OBJECTID":490,"CODIGO_ID":"139158","NOMBRE":"Alameda Canal Molinos","LONGITUD":173.3,"TIPO_CAPACIDAD":null,"OBSERVACION":null,"PLAZO":"Existente","ACTO_ADMINISTRATIVO":null,"NUMERO_ACTO_ADMINISTRATIVO":null,"FECHA_ACTO_ADMINISTRATIVO":"2025-10-15T00:00:00Z","NORMATIVA":"En el marco del Decreto 555 del 29 de diciembre de 2021 - Por el cual se adopta la revisión general del Plan de Ordenamiento Territorial de Bogotá","ESCALA_CAPTURA":null,"FECHA_CAPTURA":"2025-10-15T00:00:00Z","RESPONSABLE":"38","SHAPE_Leng":173.31479465800001,"SHAPE_Length":173.31479465659848},"geometry":{"type":"LineString","coordinates":[[-74.048030558885628,4.695500711557969],[-74.04771576813944,4.695355796124359],[-74.047470100019922,4.695242233794768],[-74.047431366768322,4.695224191858238],[-74.047390823747392,4.695210732667897],[-74.047350002637899,4.695201484015579],[-74.047022633844151,4.695133197592225],[-74.046562099189075,4.695038419881685],[-74.046549473549405,4.69503571527322]]}},
{"type":"Feature","properties":{"fid":491,"OBJECTID":491,"CODIGO_ID":"20011571","NOMBRE":"Alameda Canal Torca","LONGITUD":168.3,"TIPO_CAPACIDAD":null,"OBSERVACION":null,"PLAZO":"Existente","ACTO_ADMINISTRATIVO":null,"NUMERO_ACTO_ADMINISTRATIVO":null,"FECHA_ACTO_ADMINISTRATIVO":"2025-10-15T00:00:00Z","NORMATIVA":"En el marco del Decreto 555 del 29 de diciembre de 2021 - Por el cual se adopta la revisión general del Plan de Ordenamiento Territorial de Bogotá","ESCALA_CAPTURA":null,"FECHA_CAPTURA":"2025-10-15T00:00:00Z","RESPONSABLE":"38","SHAPE_Leng":168.33010558000001,"SHAPE_Length":168.33010558015019},"geometry":{"type":"LineString","coordinates":[[-74.037423470779743,4.749321838182626],[-74.037581112138923,4.749630125259151],[-74.037765734303733,4.750494153304576],[-74.037746497672117,4.750784979841794]]}},
{"type":"Feature","properties":{"fid":492,"OBJECTID":492,"CODIGO_ID":"702652","NOMBRE":"Alameda El Porvenir","LONGITUD":113.5,"TIPO_CAPACIDAD":null,"OBSERVACION":null,"PLAZO":"Existente","ACTO_ADMINISTRATIVO":null,"NUMERO_ACTO_ADMINISTRATIVO":null,"FECHA_ACTO_ADMINISTRATIVO":"2025-10-15T00:00:00Z","NORMATIVA":"En el marco del Decreto 555 del 29 de diciembre de 2021 - Por el cual se adopta la revisión general del Plan de Ordenamiento Territorial de Bogotá","ESCALA_CAPTURA":null,"FECHA_CAPTURA":"2025-10-15T00:00:00Z","RESPONSABLE":"38","SHAPE_Leng":113.48438399299999,"SHAPE_Length":113.48438399243861},"geometry":{"type":"MultiLineString","coordinates":[[[-74.203461715003442,4.605424355279824],[-74.203491415283139,4.605485060316675],[-74.203526077207783,4.605543055819478],[-74.203565457517627,4.60559793593388]],[[-74.203565457517627,4.60559793593388],[-74.203597647070808,4.605638796372242],[-74.203633467683034,4.605676489984162],[-74.203672613041178,4.60571069408388],[-74.203714747106332,4.605741114010473],[-74.203759505915727,4.605767488551367],[-74.203806506591505,4.605789591749653]],[[-74.203806506591505,4.605789591749653],[-74.203838812786358,4.605801782518495],[-74.203872079947544,4.605811011871284],[-74.203906038716013,4.605817206609736],[-74.203940414329409,4.605820316134773],[-74.203974929324843,4.605820315158166],[-74.204009305340605,4.605817203702347],[-74.204043263116162,4.605811007100498]],[[-74.204043263116162,4.605811007100498],[-74.204283449712037,4.605693772578619]]]}},
{"type":"Feature","properties":{"fid":493,"OBJECTID":493,"CODIGO_ID":"92081633","NOMBRE":"Alameda Canal Salitre","LONGITUD":12.8,"TIPO_CAPACIDAD":null,"OBSERVACION":null,"PLAZO":"Existente","ACTO_ADMINISTRATIVO":null,"NUMERO_ACTO_ADMINISTRATIVO":null,"FECHA_ACTO_ADMINISTRATIVO":"2025-10-15T00:00:00Z","NORMATIVA":"En el marco del Decreto 555 del 29 de diciembre de 2021 - Por el cual se adopta la revisión general del Plan de Ordenamiento Territorial de Bogotá","ESCALA_CAPTURA":null,"FECHA_CAPTURA":"2025-10-15T00:00:00Z","RESPONSABLE":"38","SHAPE_Leng":12.843726612199999,"SHAPE_Length":12.843726611730348},"geometry":{"type":"LineString","coordinates":[[-74.086067444716008,4.697051989764337],[-74.086130244139355,4.6971495057481]]}},
{"type":"Feature","properties":{"fid":494,"OBJECTID":494,"CODIGO_ID":"34010769","NOMBRE":"Alameda Canal Tintal III (CL 59B S)","LONGITUD":134.6,"TIPO_CAPACIDAD":null,"OBSERVACION":null,"PLAZO":"Existente","ACTO_ADMINISTRATIVO":null,"NUMERO_ACTO_ADMINISTRATIVO":null,"FECHA_ACTO_ADMINISTRATIVO":"2025-10-15T00:00:00Z","NORMATIVA":"En el marco del Decreto 555 del 29 de diciembre de 2021 - Por el cual se adopta la revisión general del Plan de Ordenamiento Territorial de Bogotá","ESCALA_CAPTURA":null,"FECHA_CAPTURA":"2025-10-15T00:00:00Z","RESPONSABLE":"38","SHAPE_Leng":134.58512256200001,"SHAPE_Length":134.58512256199285},"geometry":{"type":"LineString","coordinates":[[-74.198900406046761,4.64090447869332],[-74.198923277202695,4.640944754219956],[-74.198962972864365,4.641014658113111],[-74.199084552538679,4.641222727118446],[-74.199253810650134,4.641510914899729],[-74.199413533157681,4.641789535962427],[-74.199507834714026,4.641957338747769]]}},
{"type":"Feature","properties":{"fid":495,"OBJECTID":495,"CODIGO_ID":"34011512","NOMBRE":"Alameda Humedal Jaboque","LONGITUD":34.7,"TIPO_CAPACIDAD":null,"OBSERVACION":null,"PLAZO":"Existente","ACTO_ADMINISTRATIVO":null,"NUMERO_ACTO_ADMINISTRATIVO":null,"FECHA_ACTO_ADMINISTRATIVO":"2025-10-15T00:00:00Z","NORMATIVA":"En el marco del Decreto 555 del 29 de diciembre de 2021 - Por el cual se adopta la revisión general del Plan de Ordenamiento Territorial de Bogotá","ESCALA_CAPTURA":null,"FECHA_CAPTURA":"2025-10-15T00:00:00Z","RESPONSABLE":"38","SHAPE_Leng":34.7237258778,"SHAPE_Length":34.723725877820172},"geometry":{"type":"MultiLineString","coordinates":[[[-74.126324447332308,4.70267168095196],[-74.12627071438763,4.702673409540982],[-74.126217230001856,4.702678866010467],[-74.126164250050124,4.702688024153509]],[[-74.126164250050124,4.702688024153509],[-74.126114450535766,4.702696572221803],[-74.12606459877324,4.702704804807502],[-74.126014695663571,4.702712721910612]]]}},
{"type":"Feature","properties":{"fid":496,"OBJECTID":496,"CODIGO_ID":"92079981","NOMBRE":"Alameda Humedal el Burro","LONGITUD":5.8,"TIPO_CAPACIDAD":null,"OBSERVACION":null,"PLAZO":"Existente","ACTO_ADMINISTRATIVO":null,"NUMERO_ACTO_ADMINISTRATIVO":null,"FECHA_ACTO_ADMINISTRATIVO":"2025-10-15T00:00:00Z","NORMATIVA":"En el marco del Decreto 555 del 29 de diciembre de 2021 - Por el cual se adopta la revisión general del Plan de Ordenamiento Territorial de Bogotá","ESCALA_CAPTURA":null,"FECHA_CAPTURA":"2025-10-15T00:00:00Z","RESPONSABLE":"38","SHAPE_Leng":5.7801630121300001,"SHAPE_Length":5.7801630121320029},"geometry":{"type":"LineString","coordinates":[[-74.153698748209536,4.644034439449959],[-74.153745430514604,4.644011287951965]]}},
{"type":"Feature","properties":{"fid":497,"OBJECTID":497,"CODIGO_ID":"34011169","NOMBRE":"Alameda CL 40B Sur","LONGITUD":20.9,"TIPO_CAPACIDAD":null,"OBSERVACION":null,"PLAZO":"Existente","ACTO_ADMINISTRATIVO":null,"NUMERO_ACTO_ADMINISTRATIVO":null,"FECHA_ACTO_ADMINISTRATIVO":"2025-10-15T00:00:00Z","NORMATIVA":"En el marco del Decreto 555 del 29 de diciembre de 2021 - Por el cual se adopta la revisión general del Plan de Ordenamiento Territorial de Bogotá","ESCALA_CAPTURA":null,"FECHA_CAPTURA":"2025-10-15T00:00:00Z","RESPONSABLE":"38","SHAPE_Leng":20.8660545527,"SHAPE_Length":20.866054552717127},"geometry":{"type":"LineString","coordinates":[[-74.166490056473307,4.633068225573911],[-74.166474079368882,4.633036256067252],[-74.166407964587236,4.632903961404731],[-74.166405723077673,4.632899655055597]]}},
{"type":"Feature","properties":{"fid":498,"OBJECTID":498,"CODIGO_ID":"34010687","NOMBRE":"Alameda Canal Virrey","LONGITUD":65.5,"TIPO_CAPACIDAD":null,"OBSERVACION":null,"PLAZO":"Existente","ACTO_ADMINISTRATIVO":null,"NUMERO_ACTO_ADMINISTRATIVO":null,"FECHA_ACTO_ADMINISTRATIVO":"2025-10-15T00:00:00Z","NORMATIVA":"En el marco del Decreto 555 del 29 de diciembre de 2021 - Por el cual se adopta la revisión general del Plan de Ordenamiento Territorial de Bogotá","ESCALA_CAPTURA":null,"FECHA_CAPTURA":"2025-10-15T00:00:00Z","RESPONSABLE":"38","SHAPE_Leng":65.501975487099998,"SHAPE_Length":65.501975487089823},"geometry":{"type":"LineString","coordinates":[[-74.057292000744397,4.674142269038644],[-74.057311292122321,4.674151507119964],[-74.057821400221627,4.674403881524714]]}},
{"type":"Feature","properties":{"fid":499,"OBJECTID":499,"CODIGO_ID":"22151865","NOMBRE":"Alameda Canal Salitre","LONGITUD":151.9,"TIPO_CAPACIDAD":null,"OBSERVACION":null,"PLAZO":"Existente","ACTO_ADMINISTRATIVO":null,"NUMERO_ACTO_ADMINISTRATIVO":null,"FECHA_ACTO_ADMINISTRATIVO":"2025-10-15T00:00:00Z","NORMATIVA":"En el marco del Decreto 555 del 29 de diciembre de 2021 - Por el cual se adopta la revisión general del Plan de Ordenamiento Territorial de Bogotá","ESCALA_CAPTURA":null,"FECHA_CAPTURA":"2025-10-15T00:00:00Z","RESPONSABLE":"38","SHAPE_Leng":151.87203708499999,"SHAPE_Length":151.87203708529375},"geometry":{"type":"LineString","coordinates":[[-74.085489721419449,4.695807515754545],[-74.086067444716008,4.697051989764337]]}},
{"type":"Feature","properties":{"fid":500,"OBJECTID":500,"CODIGO_ID":"34010450","NOMBRE":"Alameda Canal Molinos","LONGITUD":96.0,"TIPO_CAPACIDAD":null,"OBSERVACION":null,"PLAZO":"Existente","ACTO_ADMINISTRATIVO":null,"NUMERO_ACTO_ADMINISTRATIVO":null,"FECHA_ACTO_ADMINISTRATIVO":"2025-10-15T00:00:00Z","NORMATIVA":"En el marco del Decreto 555 del 29 de diciembre de 2021 - Por el cual se adopta la revisión general del Plan de Ordenamiento Territorial de Bogotá","ESCALA_CAPTURA":null,"FECHA_CAPTURA":"2025-10-15T00:00:00Z","RESPONSABLE":"38","SHAPE_Leng":96.011056843099993,"SHAPE_Length":96.011056843006941},"geometry":{"type":"MultiLineString","coordinates":[[[-74.051321356142125,4.696491093523169],[-74.051252766798129,4.696492298150213],[-74.051184304344844,4.696487936288694],[-74.051116417457777,4.69647803873425],[-74.051049549402265,4.696462667920081],[-74.050984138933458,4.696441925148594]],[[-74.050984138933458,4.696441925148594],[-74.050971033173909,4.696438225309093],[-74.050957665985933,4.696435628247574],[-74.050944131066828,4.696434152055751],[-74.05093052031296,4.696433807593592],[-74.050916928324796,4.696434596681963],[-74.050903447902016,4.696436513005978],[-74.050890172745952,4.696439544827181],[-74.050877193856479,4.696443670463375],[-74.050864600432362,4.696448861904504]],[[-74.050864600432362,4.696448861904504],[-74.050829052565007,4.696459096020376],[-74.050792693402812,4.696465877853439],[-74.050755854508054,4.696469145076841],[-74.050718872844385,4.696468867906628]],[[-74.050718872844385,4.696468867906628],[-74.050649677367346,4.696461937781568],[-74.050580421440486,4.696455644019285],[-74.050511111370326,4.696449986620624]],[[-74.050511111370326,4.696449986620624],[-74.050468978217637,4.696441680783689]]]}},
{"type":"Feature","properties":{"fid":501,"OBJECTID":501,"CODIGO_ID":"34010364","NOMBRE":"Alameda Canal Molinos","LONGITUD":44.4,"TIPO_CAPACIDAD":null,"OBSERVACION":null,"PLAZO":"Existente","ACTO_ADMINISTRATIVO":null,"NUMERO_ACTO_ADMINISTRATIVO":null,"FECHA_ACTO_ADMINISTRATIVO":"2025-10-15T00:00:00Z","NORMATIVA":"En el marco del Decreto 555 del 29 de diciembre de 2021 - Por el cual se adopta la revisión general del Plan de Ordenamiento Territorial de Bogotá","ESCALA_CAPTURA":null,"FECHA_CAPTURA":"2025-10-15T00:00:00Z","RESPONSABLE":"38","SHAPE_Leng":44.375878686500002,"SHAPE_Length":44.375878686534342},"geometry":{"type":"LineString","coordinates":[[-74.035416796712497,4.686808954506223],[-74.035533318865745,4.686860561216574],[-74.035694922251679,4.686960320117921],[-74.035765226198734,4.687004001793987]]}},
{"type":"Feature","properties":{"fid":502,"OBJECTID":502,"CODIGO_ID":"23001182","NOMBRE":"Alameda Canal El Carmelo","LONGITUD":18.6,"TIPO_CAPACIDAD":null,"OBSERVACION":null,"PLAZO":"Existente","ACTO_ADMINISTRATIVO":null,"NUMERO_ACTO_ADMINISTRATIVO":null,"FECHA_ACTO_ADMINISTRATIVO":"2025-10-15T00:00:00Z","NORMATIVA":"En el marco del Decreto 555 del 29 de diciembre de 2021 - Por el cual se adopta la revisión general del Plan de Ordenamiento Territorial de Bogotá","ESCALA_CAPTURA":null,"FECHA_CAPTURA":"2025-10-15T00:00:00Z","RESPONSABLE":"38","SHAPE_Leng":18.559218017599999,"SHAPE_Length":18.559218017623497},"geometry":{"type":"LineString","coordinates":[[-74.121518173810799,4.703327168993416],[-74.121447513397911,4.703479219359253]]}},
{"type":"Feature","properties":{"fid":503,"OBJECTID":503,"CODIGO_ID":"24124566","NOMBRE":"Alameda Canal Salitre","LONGITUD":29.8,"TIPO_CAPACIDAD":null,"OBSERVACION":null,"PLAZO":"Existente","ACTO_ADMINISTRATIVO":null,"NUMERO_ACTO_ADMINISTRATIVO":null,"FECHA_ACTO_ADMINISTRATIVO":"2025-10-15T00:00:00Z","NORMATIVA":"En el marco del Decreto 555 del 29 de diciembre de 2021 - Por el cual se adopta la revisión general del Plan de Ordenamiento Territorial de Bogotá","ESCALA_CAPTURA":null,"FECHA_CAPTURA":"2025-10-15T00:00:00Z","RESPONSABLE":"38","SHAPE_Leng":29.7850572985,"SHAPE_Length":29.785057297853477},"geometry":{"type":"LineString","coordinates":[[-74.07698876390802,4.684538298781802],[-74.076798081420307,4.684348856810177]]}},
{"type":"Feature","properties":{"fid":504,"OBJECTID":504,"CODIGO_ID":"91038646","NOMBRE":"Alameda Canal Salitre","LONGITUD":18.1,"TIPO_CAPACIDAD":null,"OBSERVACION":null,"PLAZO":"Existente","ACTO_ADMINISTRATIVO":null,"NUMERO_ACTO_ADMINISTRATIVO":null,"FECHA_ACTO_ADMINISTRATIVO":"2025-10-15T00:00:00Z","NORMATIVA":"En el marco del Decreto 555 del 29 de diciembre de 2021 - Por el cual se adopta la revisión general del Plan de Ordenamiento Territorial de Bogotá","ESCALA_CAPTURA":null,"FECHA_CAPTURA":"2025-10-15T00:00:00Z","RESPONSABLE":"38","SHAPE_Leng":18.138417195,"SHAPE_Length":18.138417194495545},"geometry":{"type":"LineString","coordinates":[[-74.076079892432389,4.665728089802809],[-74.076083145188122,4.665723776492957],[-74.076105220986221,4.665709461088374],[-74.076119273062048,4.665840886494425]]}},
{"type":"Feature","properties":{"fid":505,"OBJECTID":505,"CODIGO_ID":"34010024","NOMBRE":"Alameda Humedal Jaboque","LONGITUD":30.4,"TIPO_CAPACIDAD":null,"OBSERVACION":null,"PLAZO":"Existente","ACTO_ADMINISTRATIVO":null,"NUMERO_ACTO_ADMINISTRATIVO":null,"FECHA_ACTO_ADMINISTRATIVO":"2025-10-15T00:00:00Z","NORMATIVA":"En el marco del Decreto 555 del 29 de diciembre de 2021 - Por el cual se adopta la revisión general del Plan de Ordenamiento Territorial de Bogotá","ESCALA_CAPTURA":null,"FECHA_CAPTURA":"2025-10-15T00:00:00Z","RESPONSABLE":"38","SHAPE_Leng":30.3910137819,"SHAPE_Length":30.3910137818586},"geometry":{"type":"LineString","coordinates":[[-74.127749337733292,4.709350155689773],[-74.12784609745853,4.709210709140487],[-74.127899434622876,4.709135795983073],[-74.127906818409357,4.709125425199573]]}},
{"type":"Feature","properties":{"fid":506,"OBJECTID":506,"CODIGO_ID":"20013024","NOMBRE":"Alameda Canal Torca","LONGITUD":19.7,"TIPO_CAPACIDAD":null,"OBSERVACION":null,"PLAZO":"Existente","ACTO_ADMINISTRATIVO":null,"NUMERO_ACTO_ADMINISTRATIVO":null,"FECHA_ACTO_ADMINISTRATIVO":"2025-10-15T00:00:00Z","NORMATIVA":"En el marco del Decreto 555 del 29 de diciembre de 2021 - Por el cual se adopta la revisión general del Plan de Ordenamiento Territorial de Bogotá","ESCALA_CAPTURA":null,"FECHA_CAPTURA":"2025-10-15T00:00:00Z","RESPONSABLE":"38","SHAPE_Leng":19.748157105400001,"SHAPE_Length":19.748157105414204},"geometry":{"type":"LineString","coordinates":[[-74.040390320821743,4.755539121543833],[-74.040345990543074,4.755446430605948],[-74.040313428567416,4.755378137124757]]}},
{"type":"Feature","properties":{"fid":507,"OBJECTID":507,"CODIGO_ID":"705","NOMBRE":"Alameda Canal Molinos","LONGITUD":3.6,"TIPO_CAPACIDAD":null,"OBSERVACION":null,"PLAZO":"Existente","ACTO_ADMINISTRATIVO":null,"NUMERO_ACTO_ADMINISTRATIVO":null,"FECHA_ACTO_ADMINISTRATIVO":"2025-10-15T00:00:00Z","NORMATIVA":"En el marco del Decreto 555 del 29 de diciembre de 2021 - Por el cual se adopta la revisión general del Plan de Ordenamiento Territorial de Bogotá","ESCALA_CAPTURA":null,"FECHA_CAPTURA":"2025-10-15T00:00:00Z","RESPONSABLE":"38","SHAPE_Leng":3.6054677159800002,"SHAPE_Length":3.6054677159803923},"geometry":{"type":"LineString","coordinates":[[-74.041159208883514,4.693609180347491],[-74.041127049047986,4.693604589771441]]}},
{"type":"Feature","properties":{"fid":508,"OBJECTID":508,"CODIGO_ID":"507819","NOMBRE":"Alameda Canal Cedro","LONGITUD":8.9,"TIPO_CAPACIDAD":null,"OBSERVACION":null,"PLAZO":"Existente","ACTO_ADMINISTRATIVO":null,"NUMERO_ACTO_ADMINISTRATIVO":null,"FECHA_ACTO_ADMINISTRATIVO":"2025-10-15T00:00:00Z","NORMATIVA":"En el marco del Decreto 555 del 29 de diciembre de 2021 - Por el cual se adopta la revisión general del Plan de Ordenamiento Territorial de Bogotá","ESCALA_CAPTURA":null,"FECHA_CAPTURA":"2025-10-15T00:00:00Z","RESPONSABLE":"38","SHAPE_Leng":8.9012308544599996,"SHAPE_Length":8.9012308544561076},"geometry":{"type":"LineString","coordinates":[[-74.037377738032845,4.749036608527057],[-74.037381297061188,4.749116991424457]]}},
{"type":"Feature","properties":{"fid":509,"OBJECTID":509,"CODIGO_ID":"91030055","NOMBRE":"Alameda Canal Salitre","LONGITUD":29.0,"TIPO_CAPACIDAD":null,"OBSERVACION":null,"PLAZO":"Existente","ACTO_ADMINISTRATIVO":null,"NUMERO_ACTO_ADMINISTRATIVO":null,"FECHA_ACTO_ADMINISTRATIVO":"2025-10-15T00:00:00Z","NORMATIVA":"En el marco del Decreto 555 del 29 de diciembre de 2021 - Por el cual se adopta la revisión general del Plan de Ordenamiento Territorial de Bogotá","ESCALA_CAPTURA":null,"FECHA_CAPTURA":"2025-10-15T00:00:00Z","RESPONSABLE":"38","SHAPE_Leng":28.9818173659,"SHAPE_Length":28.981817366097538},"geometry":{"type":"MultiLineString","coordinates":[[[-74.080159679191453,4.690884763169696],[-74.080170163191141,4.69086033952615]],[[-74.080170163191141,4.69086033952615],[-74.080171315085636,4.690855301036599],[-74.080172018313107,4.690850180245208],[-74.080172267464107,4.690845016925134],[-74.080172061633832,4.690839851753889],[-74.080171400818458,4.690834725409079],[-74.080170291320997,4.690829676761012],[-74.080168741246112,4.690824747391988],[-74.080166762302682,4.690819974364969],[-74.08016437160525,4.690815395647314],[-74.080161586268616,4.690811046494578]],[[-74.080161586268616,4.690811046494578],[-74.080076581365319,4.690658265076073],[-74.080071696179076,4.690651052923624]]]}},
{"type":"Feature","properties":{"fid":510,"OBJECTID":510,"CODIGO_ID":"34010684","NOMBRE":"Alameda Canal Virrey","LONGITUD":64.8,"TIPO_CAPACIDAD":null,"OBSERVACION":null,"PLAZO":"Existente","ACTO_ADMINISTRATIVO":null,"NUMERO_ACTO_ADMINISTRATIVO":null,"FECHA_ACTO_ADMINISTRATIVO":"2025-10-15T00:00:00Z","NORMATIVA":"En el marco del Decreto 555 del 29 de diciembre de 2021 - Por el cual se adopta la revisión general del Plan de Ordenamiento Territorial de Bogotá","ESCALA_CAPTURA":null,"FECHA_CAPTURA":"2025-10-15T00:00:00Z","RESPONSABLE":"38","SHAPE_Leng":64.789527865699995,"SHAPE_Length":64.789527865748326},"geometry":{"type":"LineString","coordinates":[[-74.056767379582482,4.673885540794516],[-74.056784207953356,4.673893578133266],[-74.056912512582926,4.673954855030055],[-74.057230776253107,4.674112948051064],[-74.057292000744397,4.674142269038644]]}},
{"type":"Feature","properties":{"fid":511,"OBJECTID":511,"CODIGO_ID":"20011933","NOMBRE":"Alameda Humedal Juan Amarillo","LONGITUD":10.0,"TIPO_CAPACIDAD":null,"OBSERVACION":null,"PLAZO":"Existente","ACTO_ADMINISTRATIVO":null,"NUMERO_ACTO_ADMINISTRATIVO":null,"FECHA_ACTO_ADMINISTRATIVO":"2025-10-15T00:00:00Z","NORMATIVA":"En el marco del Decreto 555 del 29 de diciembre de 2021 - Por el cual se adopta la revisión general del Plan de Ordenamiento Territorial de Bogotá","ESCALA_CAPTURA":null,"FECHA_CAPTURA":"2025-10-15T00:00:00Z","RESPONSABLE":"38","SHAPE_Leng":9.9909060302100006,"SHAPE_Length":9.9909060302084498},"geometry":{"type":"LineString","coordinates":[[-74.106780840873654,4.723641508561349],[-74.10678788783467,4.72373154382269]]}},
{"type":"Feature","properties":{"fid":512,"OBJECTID":512,"CODIGO_ID":"601338","NOMBRE":"Alameda Canal Virrey","LONGITUD":7.3,"TIPO_CAPACIDAD":null,"OBSERVACION":null,"PLAZO":"Existente","ACTO_ADMINISTRATIVO":null,"NUMERO_ACTO_ADMINISTRATIVO":null,"FECHA_ACTO_ADMINISTRATIVO":"2025-10-15T00:00:00Z","NORMATIVA":"En el marco del Decreto 555 del 29 de diciembre de 2021 - Por el cual se adopta la revisión general del Plan de Ordenamiento Territorial de Bogotá","ESCALA_CAPTURA":null,"FECHA_CAPTURA":"2025-10-15T00:00:00Z","RESPONSABLE":"38","SHAPE_Leng":7.2722418451299999,"SHAPE_Length":7.2722418451269748},"geometry":{"type":"LineString","coordinates":[[-74.049492231187529,4.670829898398218],[-74.0495567612288,4.670841269034813]]}},
{"type":"Feature","properties":{"fid":513,"OBJECTID":513,"CODIGO_ID":"20010483","NOMBRE":"Alameda Canal Cedro","LONGITUD":5.1,"TIPO_CAPACIDAD":null,"OBSERVACION":null,"PLAZO":"Existente","ACTO_ADMINISTRATIVO":null,"NUMERO_ACTO_ADMINISTRATIVO":null,"FECHA_ACTO_ADMINISTRATIVO":"2025-10-15T00:00:00Z","NORMATIVA":"En el marco del Decreto 555 del 29 de diciembre de 2021 - Por el cual se adopta la revisión general del Plan de Ordenamiento Territorial de Bogotá","ESCALA_CAPTURA":null,"FECHA_CAPTURA":"2025-10-15T00:00:00Z","RESPONSABLE":"38","SHAPE_Leng":5.08674969496,"SHAPE_Length":5.0867496949559188},"geometry":{"type":"LineString","coordinates":[[-74.037370596630637,4.748875338327135],[-74.037372631132186,4.748921274381832]]}},
{"type":"Feature","properties":{"fid":514,"OBJECTID":514,"CODIGO_ID":"34011518","NOMBRE":"Alameda Humedal Jaboque","LONGITUD":24.7,"TIPO_CAPACIDAD":null,"OBSERVACION":null,"PLAZO":"Existente","ACTO_ADMINISTRATIVO":null,"NUMERO_ACTO_ADMINISTRATIVO":null,"FECHA_ACTO_ADMINISTRATIVO":"2025-10-15T00:00:00Z","NORMATIVA":"En el marco del Decreto 555 del 29 de diciembre de 2021 - Por el cual se adopta la revisión general del Plan de Ordenamiento Territorial de Bogotá","ESCALA_CAPTURA":null,"FECHA_CAPTURA":"2025-10-15T00:00:00Z","RESPONSABLE":"38","SHAPE_Leng":24.724219580900002,"SHAPE_Length":24.724219580860098},"geometry":{"type":"LineString","coordinates":[[-74.124767772806649,4.702410805443021],[-74.124688199247771,4.702353141975625],[-74.124586426289838,4.702281021878082]]}},
{"type":"Feature","properties":{"fid":515,"OBJECTID":515,"CODIGO_ID":"155300","NOMBRE":"Alameda CL 40B Sur","LONGITUD":9.3,"TIPO_CAPACIDAD":null,"OBSERVACION":null,"PLAZO":"Existente","ACTO_ADMINISTRATIVO":null,"NUMERO_ACTO_ADMINISTRATIVO":null,"FECHA_ACTO_ADMINISTRATIVO":"2025-10-15T00:00:00Z","NORMATIVA":"En el marco del Decreto 555 del 29 de diciembre de 2021 - Por el cual se adopta la revisión general del Plan de Ordenamiento Territorial de Bogotá","ESCALA_CAPTURA":null,"FECHA_CAPTURA":"2025-10-15T00:00:00Z","RESPONSABLE":"38","SHAPE_Leng":9.3209879568500007,"SHAPE_Length":9.3209879568498994},"geometry":{"type":"LineString","coordinates":[[-74.16804168673103,4.635517741145661],[-74.16799510804907,4.635447635008777]]}},
{"type":"Feature","properties":{"fid":516,"OBJECTID":516,"CODIGO_ID":"92080323","NOMBRE":"Alameda Humedal Jaboque","LONGITUD":23.7,"TIPO_CAPACIDAD":null,"OBSERVACION":null,"PLAZO":"Existente","ACTO_ADMINISTRATIVO":null,"NUMERO_ACTO_ADMINISTRATIVO":null,"FECHA_ACTO_ADMINISTRATIVO":"2025-10-15T00:00:00Z","NORMATIVA":"En el marco del Decreto 555 del 29 de diciembre de 2021 - Por el cual se adopta la revisión general del Plan de Ordenamiento Territorial de Bogotá","ESCALA_CAPTURA":null,"FECHA_CAPTURA":"2025-10-15T00:00:00Z","RESPONSABLE":"38","SHAPE_Leng":23.662707673300002,"SHAPE_Length":23.662707673294058},"geometry":{"type":"LineString","coordinates":[[-74.123154307221327,4.698419161627722],[-74.123196047748351,4.698209403014992]]}},
{"type":"Feature","properties":{"fid":517,"OBJECTID":517,"CODIGO_ID":"34010046","NOMBRE":"Alameda Humedal Jaboque","LONGITUD":56.7,"TIPO_CAPACIDAD":null,"OBSERVACION":null,"PLAZO":"Existente","ACTO_ADMINISTRATIVO":null,"NUMERO_ACTO_ADMINISTRATIVO":null,"FECHA_ACTO_ADMINISTRATIVO":"2025-10-15T00:00:00Z","NORMATIVA":"En el marco del Decreto 555 del 29 de diciembre de 2021 - Por el cual se adopta la revisión general del Plan de Ordenamiento Territorial de Bogotá","ESCALA_CAPTURA":null,"FECHA_CAPTURA":"2025-10-15T00:00:00Z","RESPONSABLE":"38","SHAPE_Leng":56.732009070300002,"SHAPE_Length":56.732009070434536},"geometry":{"type":"MultiLineString","coordinates":[[[-74.125548449089919,4.702697967317703],[-74.125180209724945,4.702661207939308]],[[-74.125180209724945,4.702661207939308],[-74.125156858493469,4.702658444759181],[-74.125133840683645,4.702653626917059],[-74.125111335587249,4.702646793288227],[-74.125089517990929,4.702637994499191],[-74.12506855907678,4.702627301063131],[-74.125048621016802,4.702614796148272]]]}},
{"type":"Feature","properties":{"fid":518,"OBJECTID":518,"CODIGO_ID":"92079160","NOMBRE":"Alameda Canal Torca","LONGITUD":3.6,"TIPO_CAPACIDAD":null,"OBSERVACION":null,"PLAZO":"Existente","ACTO_ADMINISTRATIVO":null,"NUMERO_ACTO_ADMINISTRATIVO":null,"FECHA_ACTO_ADMINISTRATIVO":"2025-10-15T00:00:00Z","NORMATIVA":"En el marco del Decreto 555 del 29 de diciembre de 2021 - Por el cual se adopta la revisión general del Plan de Ordenamiento Territorial de Bogotá","ESCALA_CAPTURA":null,"FECHA_CAPTURA":"2025-10-15T00:00:00Z","RESPONSABLE":"38","SHAPE_Leng":3.5802511945100002,"SHAPE_Length":3.5802511942717197},"geometry":{"type":"LineString","coordinates":[[-74.040852511456521,4.764111609255867],[-74.040863313121804,4.764135771529491],[-74.040861832732901,4.764141463436651]]}},
{"type":"Feature","properties":{"fid":519,"OBJECTID":519,"CODIGO_ID":"34013809","NOMBRE":"Alameda Canal Torca","LONGITUD":437.9,"TIPO_CAPACIDAD":null,"OBSERVACION":null,"PLAZO":"Existente","ACTO_ADMINISTRATIVO":null,"NUMERO_ACTO_ADMINISTRATIVO":null,"FECHA_ACTO_ADMINISTRATIVO":"2025-10-15T00:00:00Z","NORMATIVA":"En el marco del Decreto 555 del 29 de diciembre de 2021 - Por el cual se adopta la revisión general del Plan de Ordenamiento Territorial de Bogotá","ESCALA_CAPTURA":null,"FECHA_CAPTURA":"2025-10-15T00:00:00Z","RESPONSABLE":"38","SHAPE_Leng":437.84866692600002,"SHAPE_Length":437.84866692586394},"geometry":{"type":"MultiLineString","coordinates":[[[-74.038874197779492,4.771059452348012],[-74.038853060653096,4.771222261941065]],[[-74.038853060653096,4.771222261941065],[-74.038853440516661,4.771265169494461],[-74.038857737305804,4.771307862523797],[-74.038865915035217,4.77134998034986]],[[-74.038865915035217,4.77134998034986],[-74.03896027628366,4.771651347365029],[-74.039061785067176,4.771985722084371],[-74.039140419123626,4.772236861692716],[-74.039217348777555,4.772485789074805],[-74.039249077997724,4.772588456724114],[-74.039251373647772,4.772595838686829],[-74.039333430787835,4.772859687350551],[-74.039410633942481,4.773118002206933],[-74.03957505322569,4.773638937128693],[-74.039636498821835,4.773839042763018],[-74.039639390666352,4.773848459594361],[-74.039736611661027,4.774161307025706],[-74.039778567148076,4.774299028462655],[-74.039842410018537,4.774508596932166],[-74.039896919490431,4.774684776787106],[-74.03991389691177,4.774739645187709],[-74.039947545210424,4.774850619438736]]]}},
{"type":"Feature","properties":{"fid":520,"OBJECTID":520,"CODIGO_ID":"34010768","NOMBRE":"Alameda Canal Tintal III (CL 59B S)","LONGITUD":117.3,"TIPO_CAPACIDAD":null,"OBSERVACION":null,"PLAZO":"Existente","ACTO_ADMINISTRATIVO":null,"NUMERO_ACTO_ADMINISTRATIVO":null,"FECHA_ACTO_ADMINISTRATIVO":"2025-10-15T00:00:00Z","NORMATIVA":"En el marco del Decreto 555 del 29 de diciembre de 2021 - Por el cual se adopta la revisión general del Plan de Ordenamiento Territorial de Bogotá","ESCALA_CAPTURA":null,"FECHA_CAPTURA":"2025-10-15T00:00:00Z","RESPONSABLE":"38","SHAPE_Leng":117.255326419,"SHAPE_Length":117.25532641898043},"geometry":{"type":"LineString","coordinates":[[-74.193317994249128,4.631258483928758],[-74.193528129296993,4.631625977534321],[-74.193787970159548,4.632082775160016],[-74.193844084086194,4.632177591094759]]}},
{"type":"Feature","properties":{"fid":521,"OBJECTID":521,"CODIGO_ID":"20013272","NOMBRE":"Alameda Canal Torca","LONGITUD":28.1,"TIPO_CAPACIDAD":null,"OBSERVACION":null,"PLAZO":"Existente","ACTO_ADMINISTRATIVO":null,"NUMERO_ACTO_ADMINISTRATIVO":null,"FECHA_ACTO_ADMINISTRATIVO":"2025-10-15T00:00:00Z","NORMATIVA":"En el marco del Decreto 555 del 29 de diciembre de 2021 - Por el cual se adopta la revisión general del Plan de Ordenamiento Territorial de Bogotá","ESCALA_CAPTURA":null,"FECHA_CAPTURA":"2025-10-15T00:00:00Z","RESPONSABLE":"38","SHAPE_Leng":28.062814721599999,"SHAPE_Length":28.062814721603679},"geometry":{"type":"LineString","coordinates":[[-74.040632742716923,4.764098235023217],[-74.040705164614977,4.763855190125354]]}},
{"type":"Feature","properties":{"fid":522,"OBJECTID":522,"CODIGO_ID":"34010551","NOMBRE":"Alameda El Porvenir","LONGITUD":43.5,"TIPO_CAPACIDAD":null,"OBSERVACION":null,"PLAZO":"Existente","ACTO_ADMINISTRATIVO":null,"NUMERO_ACTO_ADMINISTRATIVO":null,"FECHA_ACTO_ADMINISTRATIVO":"2025-10-15T00:00:00Z","NORMATIVA":"En el marco del Decreto 555 del 29 de diciembre de 2021 - Por el cual se adopta la revisión general del Plan de Ordenamiento Territorial de Bogotá","ESCALA_CAPTURA":null,"FECHA_CAPTURA":"2025-10-15T00:00:00Z","RESPONSABLE":"38","SHAPE_Leng":43.476074928599999,"SHAPE_Length":43.476074928612547},"geometry":{"type":"LineString","coordinates":[[-74.20322217011686,4.600725580729749],[-74.202839854502045,4.600640292698999]]}},
{"type":"Feature","properties":{"fid":523,"OBJECTID":523,"CODIGO_ID":"21144215","NOMBRE":"Alameda Canal Virrey","LONGITUD":91.7,"TIPO_CAPACIDAD":null,"OBSERVACION":null,"PLAZO":"Existente","ACTO_ADMINISTRATIVO":null,"NUMERO_ACTO_ADMINISTRATIVO":null,"FECHA_ACTO_ADMINISTRATIVO":"2025-10-15T00:00:00Z","NORMATIVA":"En el marco del Decreto 555 del 29 de diciembre de 2021 - Por el cual se adopta la revisión general del Plan de Ordenamiento Territorial de Bogotá","ESCALA_CAPTURA":null,"FECHA_CAPTURA":"2025-10-15T00:00:00Z","RESPONSABLE":"38","SHAPE_Leng":91.656333819099999,"SHAPE_Length":91.656333819125962},"geometry":{"type":"LineString","coordinates":[[-74.052406943799866,4.672241802254745],[-74.052538764359014,4.672307611898391],[-74.053149422518246,4.67260438691989]]}},
{"type":"Feature","properties":{"fid":524,"OBJECTID":524,"CODIGO_ID":"92020566","NOMBRE":"Alameda Humedal Juan Amarillo","LONGITUD":11.2,"TIPO_CAPACIDAD":null,"OBSERVACION":null,"PLAZO":"Existente","ACTO_ADMINISTRATIVO":null,"NUMERO_ACTO_ADMINISTRATIVO":null,"FECHA_ACTO_ADMINISTRATIVO":"2025-10-15T00:00:00Z","NORMATIVA":"En el marco del Decreto 555 del 29 de diciembre de 2021 - Por el cual se adopta la revisión general del Plan de Ordenamiento Territorial de Bogotá","ESCALA_CAPTURA":null,"FECHA_CAPTURA":"2025-10-15T00:00:00Z","RESPONSABLE":"38","SHAPE_Leng":11.156800837800001,"SHAPE_Length":11.156800837848918},"geometry":{"type":"LineString","coordinates":[[-74.096414591094089,4.716636703474397],[-74.096443675832646,4.716674592677647],[-74.096475926346542,4.716716605007315]]}},
{"type":"Feature","properties":{"fid":525,"OBJECTID":525,"CODIGO_ID":"20048329","NOMBRE":"Alameda Canal Salitre","LONGITUD":128.0,"TIPO_CAPACIDAD":null,"OBSERVACION":null,"PLAZO":"Existente","ACTO_ADMINISTRATIVO":null,"NUMERO_ACTO_ADMINISTRATIVO":null,"FECHA_ACTO_ADMINISTRATIVO":"2025-10-15T00:00:00Z","NORMATIVA":"En el marco del Decreto 555 del 29 de diciembre de 2021 - Por el cual se adopta la revisión general del Plan de Ordenamiento Territorial de Bogotá","ESCALA_CAPTURA":null,"FECHA_CAPTURA":"2025-10-15T00:00:00Z","RESPONSABLE":"38","SHAPE_Leng":127.961809109,"SHAPE_Length":127.96180910913351},"geometry":{"type":"LineString","coordinates":[[-74.07623129141561,4.677251081073115],[-74.076226163736905,4.677201456578545],[-74.076210683470137,4.677060942786555],[-74.076201750475917,4.676999953487211],[-74.076195797658301,4.676940160409124],[-74.076183294108603,4.676826553802025],[-74.076173168823843,4.676769151243931],[-74.076164237508394,4.676691420844899],[-74.076133871890121,4.676425939394951],[-74.076120772541728,4.676315322078285],[-74.076112437412291,4.676231013715128],[-74.076094676601755,4.676102712012422]]}},
{"type":"Feature","properties":{"fid":526,"OBJECTID":526,"CODIGO_ID":"34010042","NOMBRE":"Alameda Humedal Jaboque","LONGITUD":42.9,"TIPO_CAPACIDAD":null,"OBSERVACION":null,"PLAZO":"Existente","ACTO_ADMINISTRATIVO":null,"NUMERO_ACTO_ADMINISTRATIVO":null,"FECHA_ACTO_ADMINISTRATIVO":"2025-10-15T00:00:00Z","NORMATIVA":"En el marco del Decreto 555 del 29 de diciembre de 2021 - Por el cual se adopta la revisión general del Plan de Ordenamiento Territorial de Bogotá","ESCALA_CAPTURA":null,"FECHA_CAPTURA":"2025-10-15T00:00:00Z","RESPONSABLE":"38","SHAPE_Leng":42.882295837000001,"SHAPE_Length":42.882295836962932},"geometry":{"type":"LineString","coordinates":[[-74.132536665810946,4.711803531713231],[-74.132495504554015,4.711845624065246],[-74.132272371054071,4.712074266512461],[-74.132266239751814,4.712080382489952]]}},
{"type":"Feature","properties":{"fid":527,"OBJECTID":527,"CODIGO_ID":"92080037","NOMBRE":"Alameda Tv 127","LONGITUD":2.9,"TIPO_CAPACIDAD":null,"OBSERVACION":null,"PLAZO":"Existente","ACTO_ADMINISTRATIVO":null,"NUMERO_ACTO_ADMINISTRATIVO":null,"FECHA_ACTO_ADMINISTRATIVO":"2025-10-15T00:00:00Z","NORMATIVA":"En el marco del Decreto 555 del 29 de diciembre de 2021 - Por el cual se adopta la revisión general del Plan de Ordenamiento Territorial de Bogotá","ESCALA_CAPTURA":null,"FECHA_CAPTURA":"2025-10-15T00:00:00Z","RESPONSABLE":"38","SHAPE_Leng":2.915430976,"SHAPE_Length":2.9154309759954584},"geometry":{"type":"LineString","coordinates":[[-74.109601240327919,4.744488563987637],[-74.109618915499212,4.744475298626299],[-74.109622255726563,4.744472752389934]]}},
{"type":"Feature","properties":{"fid":528,"OBJECTID":528,"CODIGO_ID":"20011933","NOMBRE":"Alameda Humedal Juan Amarillo","LONGITUD":38.1,"TIPO_CAPACIDAD":null,"OBSERVACION":null,"PLAZO":"Existente","ACTO_ADMINISTRATIVO":null,"NUMERO_ACTO_ADMINISTRATIVO":null,"FECHA_ACTO_ADMINISTRATIVO":"2025-10-15T00:00:00Z","NORMATIVA":"En el marco del Decreto 555 del 29 de diciembre de 2021 - Por el cual se adopta la revisión general del Plan de Ordenamiento Territorial de Bogotá","ESCALA_CAPTURA":null,"FECHA_CAPTURA":"2025-10-15T00:00:00Z","RESPONSABLE":"38","SHAPE_Leng":38.113597330499999,"SHAPE_Length":38.113597329931316},"geometry":{"type":"MultiLineString","coordinates":[[[-74.11388439164817,4.731509308306602],[-74.113901012534939,4.731527955692591],[-74.113918768741271,4.731545518396392],[-74.113937589991949,4.731561926810757]],[[-74.113937589991949,4.731561926810757],[-74.11394811414273,4.73157266257141],[-74.113993678556895,4.731619142012996],[-74.114007254272238,4.731632990202976],[-74.114058278532951,4.731685038205447],[-74.114080618823991,4.73170782773704],[-74.114124452368102,4.731755472275256]]]}},
{"type":"Feature","properties":{"fid":529,"OBJECTID":529,"CODIGO_ID":"34013434","NOMBRE":"Alameda El Porvenir","LONGITUD":145.5,"TIPO_CAPACIDAD":null,"OBSERVACION":null,"PLAZO":"Existente","ACTO_ADMINISTRATIVO":null,"NUMERO_ACTO_ADMINISTRATIVO":null,"FECHA_ACTO_ADMINISTRATIVO":"2025-10-15T00:00:00Z","NORMATIVA":"En el marco del Decreto 555 del 29 de diciembre de 2021 - Por el cual se adopta la revisión general del Plan de Ordenamiento Territorial de Bogotá","ESCALA_CAPTURA":null,"FECHA_CAPTURA":"2025-10-15T00:00:00Z","RESPONSABLE":"38","SHAPE_Leng":145.51481777000001,"SHAPE_Length":145.51481777025066},"geometry":{"type":"MultiLineString","coordinates":[[[-74.204932689770729,4.610631926971013],[-74.204929713786498,4.610637190910051],[-74.204929117617922,4.610639583711843],[-74.204929714176828,4.610641976415661],[-74.204931006225678,4.61064476770385],[-74.204936195396158,4.610648020589843],[-74.20496190920521,4.610668887946252],[-74.205006765970765,4.610710071787764],[-74.205101158520947,4.610825224400028],[-74.205193048986189,4.610956878792954],[-74.205295667799049,4.611122255004588],[-74.20538470276307,4.611310233759128]],[[-74.20538470276307,4.611310233759128],[-74.205412206035788,4.611378967756605],[-74.20543807702127,4.611448337364125],[-74.205462299500596,4.611518303713461]],[[-74.205462299500596,4.611518303713461],[-74.205485762018625,4.611603501663686],[-74.205507104881619,4.611689259333101],[-74.205526313670859,4.611775523390068]],[[-74.205526313670859,4.611775523390068],[-74.205526455172119,4.611776340548134]]]}},
{"type":"Feature","properties":{"fid":530,"OBJECTID":530,"CODIGO_ID":"34010115","NOMBRE":"Alameda Canal Molinos","LONGITUD":66.8,"TIPO_CAPACIDAD":null,"OBSERVACION":null,"PLAZO":"Existente","ACTO_ADMINISTRATIVO":null,"NUMERO_ACTO_ADMINISTRATIVO":null,"FECHA_ACTO_ADMINISTRATIVO":"2025-10-15T00:00:00Z","NORMATIVA":"En el marco del Decreto 555 del 29 de diciembre de 2021 - Por el cual se adopta la revisión general del Plan de Ordenamiento Territorial de Bogotá","ESCALA_CAPTURA":null,"FECHA_CAPTURA":"2025-10-15T00:00:00Z","RESPONSABLE":"38","SHAPE_Leng":66.762111858300003,"SHAPE_Length":66.76211185827151},"geometry":{"type":"MultiLineString","coordinates":[[[-74.061085414447433,4.696965698576698],[-74.061079683951036,4.696961468309866],[-74.061073974180317,4.696957209119267],[-74.061068286036146,4.696952921908923]],[[-74.061068286036146,4.696952921908923],[-74.061032676255763,4.69692504345657],[-74.060997963971317,4.696896047835089],[-74.060964184316759,4.696865963975211]],[[-74.060964184316759,4.696865963975211],[-74.060661005175746,4.696545917985629],[-74.060657822486164,4.69654262542149]]]}},
{"type":"Feature","properties":{"fid":531,"OBJECTID":531,"CODIGO_ID":"34010022","NOMBRE":"Alameda Humedal Jaboque","LONGITUD":41.3,"TIPO_CAPACIDAD":null,"OBSERVACION":null,"PLAZO":"Existente","ACTO_ADMINISTRATIVO":null,"NUMERO_ACTO_ADMINISTRATIVO":null,"FECHA_ACTO_ADMINISTRATIVO":"2025-10-15T00:00:00Z","NORMATIVA":"En el marco del Decreto 555 del 29 de diciembre de 2021 - Por el cual se adopta la revisión general del Plan de Ordenamiento Territorial de Bogotá","ESCALA_CAPTURA":null,"FECHA_CAPTURA":"2025-10-15T00:00:00Z","RESPONSABLE":"38","SHAPE_Leng":41.348176604700001,"SHAPE_Length":41.348176605372878},"geometry":{"type":"LineString","coordinates":[[-74.124102879639921,4.702771911109267],[-74.123817930726815,4.702531147327869]]}},
{"type":"Feature","properties":{"fid":532,"OBJECTID":532,"CODIGO_ID":"34011956","NOMBRE":"Alameda Canal Molinos","LONGITUD":252.1,"TIPO_CAPACIDAD":null,"OBSERVACION":null,"PLAZO":"Existente","ACTO_ADMINISTRATIVO":null,"NUMERO_ACTO_ADMINISTRATIVO":null,"FECHA_ACTO_ADMINISTRATIVO":"2025-10-15T00:00:00Z","NORMATIVA":"En el marco del Decreto 555 del 29 de diciembre de 2021 - Por el cual se adopta la revisión general del Plan de Ordenamiento Territorial de Bogotá","ESCALA_CAPTURA":null,"FECHA_CAPTURA":"2025-10-15T00:00:00Z","RESPONSABLE":"38","SHAPE_Leng":252.09657117,"SHAPE_Length":252.09657117008607},"geometry":{"type":"MultiLineString","coordinates":[[[-74.066308457964794,4.701387751904979],[-74.066294179846679,4.701313426899995],[-74.066274660671425,4.70124031077051],[-74.066249999504223,4.701168775953342]],[[-74.066249999504223,4.701168775953342],[-74.066184226180525,4.700996566616353],[-74.065969569520973,4.700421589545199],[-74.065769527178603,4.700266093954334],[-74.065713762598776,4.70011971599549],[-74.065567921247748,4.699709283973453],[-74.065434645499579,4.699324880705728]]]}},
{"type":"Feature","properties":{"fid":533,"OBJECTID":533,"CODIGO_ID":"525281","NOMBRE":"Alameda Canal Molinos","LONGITUD":8.0,"TIPO_CAPACIDAD":null,"OBSERVACION":null,"PLAZO":"Existente","ACTO_ADMINISTRATIVO":null,"NUMERO_ACTO_ADMINISTRATIVO":null,"FECHA_ACTO_ADMINISTRATIVO":"2025-10-15T00:00:00Z","NORMATIVA":"En el marco del Decreto 555 del 29 de diciembre de 2021 - Por el cual se adopta la revisión general del Plan de Ordenamiento Territorial de Bogotá","ESCALA_CAPTURA":null,"FECHA_CAPTURA":"2025-10-15T00:00:00Z","RESPONSABLE":"38","SHAPE_Leng":7.9751083567799999,"SHAPE_Length":7.9751083567817576},"geometry":{"type":"LineString","coordinates":[[-74.043829753414911,4.694526329798957],[-74.043759121205625,4.694513100993509]]}},
{"type":"Feature","properties":{"fid":534,"OBJECTID":534,"CODIGO_ID":"20012408","NOMBRE":"Alameda Canal Torca","LONGITUD":40.1,"TIPO_CAPACIDAD":null,"OBSERVACION":null,"PLAZO":"Existente","ACTO_ADMINISTRATIVO":null,"NUMERO_ACTO_ADMINISTRATIVO":null,"FECHA_ACTO_ADMINISTRATIVO":"2025-10-15T00:00:00Z","NORMATIVA":"En el marco del Decreto 555 del 29 de diciembre de 2021 - Por el cual se adopta la revisión general del Plan de Ordenamiento Territorial de Bogotá","ESCALA_CAPTURA":null,"FECHA_CAPTURA":"2025-10-15T00:00:00Z","RESPONSABLE":"38","SHAPE_Leng":40.107919742699998,"SHAPE_Length":40.107919742425949},"geometry":{"type":"LineString","coordinates":[[-74.039702408266578,4.767683415193924],[-74.039668937551639,4.767784096668163],[-74.039657708677026,4.768040268970205]]}},
{"type":"Feature","properties":{"fid":535,"OBJECTID":535,"CODIGO_ID":"34011145","NOMBRE":"Alameda CL 41 Sur","LONGITUD":32.3,"TIPO_CAPACIDAD":null,"OBSERVACION":null,"PLAZO":"Existente","ACTO_ADMINISTRATIVO":null,"NUMERO_ACTO_ADMINISTRATIVO":null,"FECHA_ACTO_ADMINISTRATIVO":"2025-10-15T00:00:00Z","NORMATIVA":"En el marco del Decreto 555 del 29 de diciembre de 2021 - Por el cual se adopta la revisión general del Plan de Ordenamiento Territorial de Bogotá","ESCALA_CAPTURA":null,"FECHA_CAPTURA":"2025-10-15T00:00:00Z","RESPONSABLE":"38","SHAPE_Leng":32.292082626700001,"SHAPE_Length":32.292082626697109},"geometry":{"type":"LineString","coordinates":[[-74.171143997607473,4.63956191355],[-74.171102458059366,4.639495745957583],[-74.171060467149161,4.63942885793116],[-74.170988649832069,4.639315112950701]]}},
{"type":"Feature","properties":{"fid":536,"OBJECTID":536,"CODIGO_ID":"34010063","NOMBRE":"Alameda Av El Salitre","LONGITUD":33.5,"TIPO_CAPACIDAD":null,"OBSERVACION":null,"PLAZO":"Existente","ACTO_ADMINISTRATIVO":null,"NUMERO_ACTO_ADMINISTRATIVO":null,"FECHA_ACTO_ADMINISTRATIVO":"2025-10-15T00:00:00Z","NORMATIVA":"En el marco del Decreto 555 del 29 de diciembre de 2021 - Por el cual se adopta la revisión general del Plan de Ordenamiento Territorial de Bogotá","ESCALA_CAPTURA":null,"FECHA_CAPTURA":"2025-10-15T00:00:00Z","RESPONSABLE":"38","SHAPE_Leng":33.517261698600002,"SHAPE_Length":33.517261698558862},"geometry":{"type":"LineString","coordinates":[[-74.119868974091972,4.695935633242518],[-74.11985835290011,4.695929589949086],[-74.11960959626245,4.695780486950089]]}},
{"type":"Feature","properties":{"fid":537,"OBJECTID":537,"CODIGO_ID":"91017787","NOMBRE":"Alameda Canal Salitre","LONGITUD":6.1,"TIPO_CAPACIDAD":null,"OBSERVACION":null,"PLAZO":"Existente","ACTO_ADMINISTRATIVO":null,"NUMERO_ACTO_ADMINISTRATIVO":null,"FECHA_ACTO_ADMINISTRATIVO":"2025-10-15T00:00:00Z","NORMATIVA":"En el marco del Decreto 555 del 29 de diciembre de 2021 - Por el cual se adopta la revisión general del Plan de Ordenamiento Territorial de Bogotá","ESCALA_CAPTURA":null,"FECHA_CAPTURA":"2025-10-15T00:00:00Z","RESPONSABLE":"38","SHAPE_Leng":6.1132590232400004,"SHAPE_Length":6.113259023236548},"geometry":{"type":"LineString","coordinates":[[-74.077540795839596,4.681614075379574],[-74.077514621050469,4.681565454010284]]}},
{"type":"Feature","properties":{"fid":538,"OBJECTID":538,"CODIGO_ID":"20012198","NOMBRE":"Alameda Canal Torca","LONGITUD":14.3,"TIPO_CAPACIDAD":null,"OBSERVACION":null,"PLAZO":"Existente","ACTO_ADMINISTRATIVO":null,"NUMERO_ACTO_ADMINISTRATIVO":null,"FECHA_ACTO_ADMINISTRATIVO":"2025-10-15T00:00:00Z","NORMATIVA":"En el marco del Decreto 555 del 29 de diciembre de 2021 - Por el cual se adopta la revisión general del Plan de Ordenamiento Territorial de Bogotá","ESCALA_CAPTURA":null,"FECHA_CAPTURA":"2025-10-15T00:00:00Z","RESPONSABLE":"38","SHAPE_Leng":14.2968137075,"SHAPE_Length":14.296813707542025},"geometry":{"type":"LineString","coordinates":[[-74.039702128440595,4.775311614173022],[-74.039662746774255,4.775188565947789]]}},
{"type":"Feature","properties":{"fid":539,"OBJECTID":539,"CODIGO_ID":"91014805","NOMBRE":"Alameda Canal Salitre","LONGITUD":9.6,"TIPO_CAPACIDAD":null,"OBSERVACION":null,"PLAZO":"Existente","ACTO_ADMINISTRATIVO":null,"NUMERO_ACTO_ADMINISTRATIVO":null,"FECHA_ACTO_ADMINISTRATIVO":"2025-10-15T00:00:00Z","NORMATIVA":"En el marco del Decreto 555 del 29 de diciembre de 2021 - Por el cual se adopta la revisión general del Plan de Ordenamiento Territorial de Bogotá","ESCALA_CAPTURA":null,"FECHA_CAPTURA":"2025-10-15T00:00:00Z","RESPONSABLE":"38","SHAPE_Leng":9.5587934474399994,"SHAPE_Length":9.5587934474424188},"geometry":{"type":"LineString","coordinates":[[-74.080159679191453,4.690884763169696],[-74.080149195190927,4.690909187717018],[-74.080125614748013,4.690964122835782]]}},
{"type":"Feature","properties":{"fid":540,"OBJECTID":540,"CODIGO_ID":"20305044","NOMBRE":"Alameda Tv 127","LONGITUD":38.8,"TIPO_CAPACIDAD":null,"OBSERVACION":null,"PLAZO":"Existente","ACTO_ADMINISTRATIVO":null,"NUMERO_ACTO_ADMINISTRATIVO":null,"FECHA_ACTO_ADMINISTRATIVO":"2025-10-15T00:00:00Z","NORMATIVA":"En el marco del Decreto 555 del 29 de diciembre de 2021 - Por el cual se adopta la revisión general del Plan de Ordenamiento Territorial de Bogotá","ESCALA_CAPTURA":null,"FECHA_CAPTURA":"2025-10-15T00:00:00Z","RESPONSABLE":"38","SHAPE_Leng":38.814493721399998,"SHAPE_Length":38.814493720691061},"geometry":{"type":"LineString","coordinates":[[-74.110168423380614,4.744059966557075],[-74.110398977932803,4.743886026064808],[-74.11044822429767,4.743849477596198]]}},
{"type":"Feature","properties":{"fid":541,"OBJECTID":541,"CODIGO_ID":"34011496","NOMBRE":"Alameda Humedal Jaboque","LONGITUD":257.5,"TIPO_CAPACIDAD":null,"OBSERVACION":null,"PLAZO":"Existente","ACTO_ADMINISTRATIVO":null,"NUMERO_ACTO_ADMINISTRATIVO":null,"FECHA_ACTO_ADMINISTRATIVO":"2025-10-15T00:00:00Z","NORMATIVA":"En el marco del Decreto 555 del 29 de diciembre de 2021 - Por el cual se adopta la revisión general del Plan de Ordenamiento Territorial de Bogotá","ESCALA_CAPTURA":null,"FECHA_CAPTURA":"2025-10-15T00:00:00Z","RESPONSABLE":"38","SHAPE_Leng":257.51986916099997,"SHAPE_Length":257.51986916195199},"geometry":{"type":"MultiLineString","coordinates":[[[-74.123227777776933,4.698049951429982],[-74.123201051710268,4.697992782208577],[-74.123168887338963,4.697938504530136],[-74.123131592775735,4.697887639981764],[-74.123089523885284,4.697840673090253]],[[-74.123089523885284,4.697840673090253],[-74.122949597242226,4.697757602854182],[-74.122946498893342,4.697755763216789],[-74.122674750444375,4.697599097206532],[-74.122433235045449,4.697461744967957],[-74.12234460101071,4.697411337801803],[-74.12200849226717,4.697212814732553],[-74.121937888073703,4.697170147745032],[-74.121917667312502,4.697157927473035],[-74.121798722149549,4.697086047708956],[-74.121591104268504,4.696965933750002],[-74.121534125923247,4.696932969274135],[-74.121303268491545,4.696794506979778]]]}},
{"type":"Feature","properties":{"fid":542,"OBJECTID":542,"CODIGO_ID":"34011195","NOMBRE":"Alameda Av Tunjuelito","LONGITUD":45.0,"TIPO_CAPACIDAD":null,"OBSERVACION":null,"PLAZO":"Existente","ACTO_ADMINISTRATIVO":null,"NUMERO_ACTO_ADMINISTRATIVO":null,"FECHA_ACTO_ADMINISTRATIVO":"2025-10-15T00:00:00Z","NORMATIVA":"En el marco del Decreto 555 del 29 de diciembre de 2021 - Por el cual se adopta la revisión general del Plan de Ordenamiento Territorial de Bogotá","ESCALA_CAPTURA":null,"FECHA_CAPTURA":"2025-10-15T00:00:00Z","RESPONSABLE":"38","SHAPE_Leng":44.983517271099998,"SHAPE_Length":44.983517270425864},"geometry":{"type":"LineString","coordinates":[[-74.137830177971708,4.562265769234346],[-74.137783363865253,4.562189878392045],[-74.137685648861321,4.56203250300075],[-74.137626542545192,4.561960272091214],[-74.13759883184126,4.561933665766143]]}},
{"type":"Feature","properties":{"fid":543,"OBJECTID":543,"CODIGO_ID":"91010083","NOMBRE":"Alameda Canal Molinos","LONGITUD":9.6,"TIPO_CAPACIDAD":null,"OBSERVACION":null,"PLAZO":"Existente","ACTO_ADMINISTRATIVO":null,"NUMERO_ACTO_ADMINISTRATIVO":null,"FECHA_ACTO_ADMINISTRATIVO":"2025-10-15T00:00:00Z","NORMATIVA":"En el marco del Decreto 555 del 29 de diciembre de 2021 - Por el cual se adopta la revisión general del Plan de Ordenamiento Territorial de Bogotá","ESCALA_CAPTURA":null,"FECHA_CAPTURA":"2025-10-15T00:00:00Z","RESPONSABLE":"38","SHAPE_Leng":9.6274214764200003,"SHAPE_Length":9.6274214764177142},"geometry":{"type":"LineString","coordinates":[[-74.060475092190728,4.696353603103373],[-74.060407911657506,4.696298553522309]]}},
{"type":"Feature","properties":{"fid":544,"OBJECTID":544,"CODIGO_ID":"34011172","NOMBRE":"Alameda CL 40B Sur","LONGITUD":25.9,"TIPO_CAPACIDAD":null,"OBSERVACION":null,"PLAZO":"Existente","ACTO_ADMINISTRATIVO":null,"NUMERO_ACTO_ADMINISTRATIVO":null,"FECHA_ACTO_ADMINISTRATIVO":"2025-10-15T00:00:00Z","NORMATIVA":"En el marco del Decreto 555 del 29 de diciembre de 2021 - Por el cual se adopta la revisión general del Plan de Ordenamiento Territorial de Bogotá","ESCALA_CAPTURA":null,"FECHA_CAPTURA":"2025-10-15T00:00:00Z","RESPONSABLE":"38","SHAPE_Leng":25.894298589800002,"SHAPE_Length":25.89429859028262},"geometry":{"type":"LineString","coordinates":[[-74.167087610832368,4.634084914016295],[-74.166960206148801,4.633888835849501]]}},
{"type":"Feature","properties":{"fid":545,"OBJECTID":545,"CODIGO_ID":"91024178","NOMBRE":"Alameda Humedal Jaboque","LONGITUD":8.1,"TIPO_CAPACIDAD":null,"OBSERVACION":null,"PLAZO":"Existente","ACTO_ADMINISTRATIVO":null,"NUMERO_ACTO_ADMINISTRATIVO":null,"FECHA_ACTO_ADMINISTRATIVO":"2025-10-15T00:00:00Z","NORMATIVA":"En el marco del Decreto 555 del 29 de diciembre de 2021 - Por el cual se adopta la revisión general del Plan de Ordenamiento Territorial de Bogotá","ESCALA_CAPTURA":null,"FECHA_CAPTURA":"2025-10-15T00:00:00Z","RESPONSABLE":"38","SHAPE_Leng":8.1479669398799999,"SHAPE_Length":8.1479669398770316},"geometry":{"type":"LineString","coordinates":[[-74.128679160827389,4.710382232595867],[-74.128610814151827,4.710355349262334]]}},
{"type":"Feature","properties":{"fid":546,"OBJECTID":546,"CODIGO_ID":"91032323","NOMBRE":"Alameda Humedal Juan Amarillo","LONGITUD":11.6,"TIPO_CAPACIDAD":null,"OBSERVACION":null,"PLAZO":"Existente","ACTO_ADMINISTRATIVO":null,"NUMERO_ACTO_ADMINISTRATIVO":null,"FECHA_ACTO_ADMINISTRATIVO":"2025-10-15T00:00:00Z","NORMATIVA":"En el marco del Decreto 555 del 29 de diciembre de 2021 - Por el cual se adopta la revisión general del Plan de Ordenamiento Territorial de Bogotá","ESCALA_CAPTURA":null,"FECHA_CAPTURA":"2025-10-15T00:00:00Z","RESPONSABLE":"38","SHAPE_Leng":11.642026246,"SHAPE_Length":11.642026244729022},"geometry":{"type":"MultiLineString","coordinates":[[[-74.095422059433531,4.715309169594612],[-74.095416916263886,4.715313912222274]],[[-74.095416916263886,4.715313912222274],[-74.0954109990669,4.715307453089682]],[[-74.095416916263886,4.715313912222274],[-74.095463608620364,4.715367199681847]],[[-74.095470325912956,4.715361063284423],[-74.095463608620364,4.715367199681847]],[[-74.095463608620364,4.715367199681847],[-74.095469718581313,4.715374313285317]]]}},
{"type":"Feature","properties":{"fid":547,"OBJECTID":547,"CODIGO_ID":"34011124","NOMBRE":"Alameda CL 41 Sur","LONGITUD":35.8,"TIPO_CAPACIDAD":null,"OBSERVACION":null,"PLAZO":"Existente","ACTO_ADMINISTRATIVO":null,"NUMERO_ACTO_ADMINISTRATIVO":null,"FECHA_ACTO_ADMINISTRATIVO":"2025-10-15T00:00:00Z","NORMATIVA":"En el marco del Decreto 555 del 29 de diciembre de 2021 - Por el cual se adopta la revisión general del Plan de Ordenamiento Territorial de Bogotá","ESCALA_CAPTURA":null,"FECHA_CAPTURA":"2025-10-15T00:00:00Z","RESPONSABLE":"38","SHAPE_Leng":35.847990406000001,"SHAPE_Length":35.847990405987829},"geometry":{"type":"LineString","coordinates":[[-74.173904524949393,4.643933133539421],[-74.173890968383546,4.643911976246946],[-74.173810838077245,4.643786916268196],[-74.173730172611485,4.643660367497209]]}},
{"type":"Feature","properties":{"fid":548,"OBJECTID":548,"CODIGO_ID":"34011307","NOMBRE":"Alameda Humedal Juan Amarillo","LONGITUD":59.3,"TIPO_CAPACIDAD":null,"OBSERVACION":null,"PLAZO":"Existente","ACTO_ADMINISTRATIVO":null,"NUMERO_ACTO_ADMINISTRATIVO":null,"FECHA_ACTO_ADMINISTRATIVO":"2025-10-15T00:00:00Z","NORMATIVA":"En el marco del Decreto 555 del 29 de diciembre de 2021 - Por el cual se adopta la revisión general del Plan de Ordenamiento Territorial de Bogotá","ESCALA_CAPTURA":null,"FECHA_CAPTURA":"2025-10-15T00:00:00Z","RESPONSABLE":"38","SHAPE_Leng":59.250345754900003,"SHAPE_Length":59.25034575417817},"geometry":{"type":"MultiLineString","coordinates":[[[-74.096547910296735,4.716810226495605],[-74.096642129464428,4.716920130553286],[-74.096807081794822,4.717115408363384]],[[-74.096807081794822,4.717115408363384],[-74.096820208838764,4.717132868123632],[-74.096834760428237,4.717149151047571],[-74.096850633859077,4.717164139614778],[-74.096867713812415,4.717177728055134]],[[-74.096867713812415,4.717177728055134],[-74.096880669382685,4.717186578617182],[-74.096894139474642,4.717194620183844],[-74.096908072734195,4.717201822017262]]]}},
{"type":"Feature","properties":{"fid":549,"OBJECTID":549,"CODIGO_ID":"34010052","NOMBRE":"Alameda Humedal Jaboque","LONGITUD":42.0,"TIPO_CAPACIDAD":null,"OBSERVACION":null,"PLAZO":"Existente","ACTO_ADMINISTRATIVO":null,"NUMERO_ACTO_ADMINISTRATIVO":null,"FECHA_ACTO_ADMINISTRATIVO":"2025-10-15T00:00:00Z","NORMATIVA":"En el marco del Decreto 555 del 29 de diciembre de 2021 - Por el cual se adopta la revisión general del Plan de Ordenamiento Territorial de Bogotá","ESCALA_CAPTURA":null,"FECHA_CAPTURA":"2025-10-15T00:00:00Z","RESPONSABLE":"38","SHAPE_Leng":42.022713739300002,"SHAPE_Length":42.022713739337426},"geometry":{"type":"MultiLineString","coordinates":[[[-74.127361354598449,4.7077288739393],[-74.127364937076337,4.707721625288477],[-74.127405535483931,4.707639475718796],[-74.127491358562452,4.707450055111363]],[[-74.127491358562452,4.707450055111363],[-74.127498336958567,4.707437471458587],[-74.127505934314399,4.707425253921195],[-74.127514133510573,4.707413434136848]],[[-74.127514133510573,4.707413434136848],[-74.12751992248424,4.707405788712948],[-74.127525963725432,4.707398342164232],[-74.127532250026064,4.707391102626008]]]}},
{"type":"Feature","properties":{"fid":550,"OBJECTID":550,"CODIGO_ID":"34010038","NOMBRE":"Alameda Av El Salitre","LONGITUD":96.4,"TIPO_CAPACIDAD":null,"OBSERVACION":null,"PLAZO":"Existente","ACTO_ADMINISTRATIVO":null,"NUMERO_ACTO_ADMINISTRATIVO":null,"FECHA_ACTO_ADMINISTRATIVO":"2025-10-15T00:00:00Z","NORMATIVA":"En el marco del Decreto 555 del 29 de diciembre de 2021 - Por el cual se adopta la revisión general del Plan de Ordenamiento Territorial de Bogotá","ESCALA_CAPTURA":null,"FECHA_CAPTURA":"2025-10-15T00:00:00Z","RESPONSABLE":"38","SHAPE_Leng":96.362492587299997,"SHAPE_Length":96.362492587291712},"geometry":{"type":"LineString","coordinates":[[-74.120781425944671,4.696482551084868],[-74.120405421705868,4.696260860312521],[-74.120107453841129,4.696077884743702],[-74.120037029201953,4.696034349781216]]}},
{"type":"Feature","properties":{"fid":551,"OBJECTID":551,"CODIGO_ID":"6058","NOMBRE":"Alameda Canal Cedro","LONGITUD":6.9,"TIPO_CAPACIDAD":null,"OBSERVACION":null,"PLAZO":"Existente","ACTO_ADMINISTRATIVO":null,"NUMERO_ACTO_ADMINISTRATIVO":null,"FECHA_ACTO_ADMINISTRATIVO":"2025-10-15T00:00:00Z","NORMATIVA":"En el marco del Decreto 555 del 29 de diciembre de 2021 - Por el cual se adopta la revisión general del Plan de Ordenamiento Territorial de Bogotá","ESCALA_CAPTURA":null,"FECHA_CAPTURA":"2025-10-15T00:00:00Z","RESPONSABLE":"38","SHAPE_Leng":6.9155931239199999,"SHAPE_Length":6.9155931239236512},"geometry":{"type":"LineString","coordinates":[[-74.036589971381602,4.741713310813767],[-74.036576503292267,4.741768202498763],[-74.036574921994116,4.741773971219889]]}},
{"type":"Feature","properties":{"fid":552,"OBJECTID":552,"CODIGO_ID":"522987","NOMBRE":"Alameda Canal Salitre","LONGITUD":20.7,"TIPO_CAPACIDAD":null,"OBSERVACION":null,"PLAZO":"Existente","ACTO_ADMINISTRATIVO":null,"NUMERO_ACTO_ADMINISTRATIVO":null,"FECHA_ACTO_ADMINISTRATIVO":"2025-10-15T00:00:00Z","NORMATIVA":"En el marco del Decreto 555 del 29 de diciembre de 2021 - Por el cual se adopta la revisión general del Plan de Ordenamiento Territorial de Bogotá","ESCALA_CAPTURA":null,"FECHA_CAPTURA":"2025-10-15T00:00:00Z","RESPONSABLE":"38","SHAPE_Leng":20.725529788399999,"SHAPE_Length":20.725529788437733},"geometry":{"type":"LineString","coordinates":[[-74.080022036279928,4.690577740822462],[-74.079920270516283,4.690420661327949]]}},
{"type":"Feature","properties":{"fid":553,"OBJECTID":553,"CODIGO_ID":"34014079","NOMBRE":"Alameda Río Bogotá","LONGITUD":573.0,"TIPO_CAPACIDAD":null,"OBSERVACION":null,"PLAZO":"Existente","ACTO_ADMINISTRATIVO":null,"NUMERO_ACTO_ADMINISTRATIVO":null,"FECHA_ACTO_ADMINISTRATIVO":"2025-10-15T00:00:00Z","NORMATIVA":"En el marco del Decreto 555 del 29 de diciembre de 2021 - Por el cual se adopta la revisión general del Plan de Ordenamiento Territorial de Bogotá","ESCALA_CAPTURA":null,"FECHA_CAPTURA":"2025-10-15T00:00:00Z","RESPONSABLE":"38","SHAPE_Leng":572.89182269100002,"SHAPE_Length":572.89182268985758},"geometry":{"type":"MultiLineString","coordinates":[[[-74.142839952490633,4.728209603564837],[-74.142597919099444,4.727880640758728],[-74.142371211773536,4.727583590881933],[-74.142168819782,4.727313088181941],[-74.142030077623147,4.727135145434384],[-74.141879893009147,4.726930654578585],[-74.14166462887593,4.726650824719926]],[[-74.14166462887593,4.726650824719926],[-74.141644792648776,4.726624140080569],[-74.141627475631154,4.726595746096],[-74.141612822882166,4.726565879601424],[-74.141600956935775,4.726534793702874],[-74.141591978701754,4.726502747833821],[-74.141585962059807,4.726470011370986]],[[-74.141585962059807,4.726470011370986],[-74.141582386331706,4.726422656304249],[-74.141586076126245,4.726394687324813],[-74.141589595622321,4.7263680073717],[-74.141595259613624,4.726325074477407],[-74.141621006745538,4.726175115374928]],[[-74.141621006745538,4.726175115374928],[-74.141624748986928,4.726120213311754],[-74.141623116767875,4.726065207256123],[-74.141616126303845,4.7260106260168],[-74.141603844266299,4.725956992979058]],[[-74.141603844266299,4.725956992979058],[-74.141493710723992,4.725698688580898]],[[-74.141493710723992,4.725698688580898],[-74.141427528885231,4.725559899770857],[-74.141350706238995,4.725426743363869],[-74.141263714906401,4.725300039239557]],[[-74.141263714906401,4.725300039239557],[-74.1411716769572,4.725193647645101],[-74.141073669880768,4.725092764640324],[-74.140970021637884,4.724997726493483]],[[-74.140970021637884,4.724997726493483],[-74.140926632554283,4.724964293680728],[-74.140880698126438,4.724934480245868],[-74.140832515681637,4.724908480539372],[-74.14078240146813,4.724886463601417],[-74.14073067984323,4.724868573161804]],[[-74.14073067984323,4.724868573161804],[-74.140648802720463,4.724851711151573],[-74.140565685759711,4.724842858990423],[-74.140482104716455,4.72484209803998],[-74.140398841653692,4.724849436442528]],[[-74.140398841653692,4.724849436442528],[-74.140293934688017,4.724871672580349],[-74.140190789100714,4.724901056223133],[-74.140089887824942,4.724937448168451]],[[-74.140089887824942,4.724937448168451],[-74.13970679481298,4.725075325229949]]]}},
{"type":"Feature","properties":{"fid":554,"OBJECTID":554,"CODIGO_ID":"20012011","NOMBRE":"Alameda Canal Torca","LONGITUD":25.2,"TIPO_CAPACIDAD":null,"OBSERVACION":null,"PLAZO":"Existente","ACTO_ADMINISTRATIVO":null,"NUMERO_ACTO_ADMINISTRATIVO":null,"FECHA_ACTO_ADMINISTRATIVO":"2025-10-15T00:00:00Z","NORMATIVA":"En el marco del Decreto 555 del 29 de diciembre de 2021 - Por el cual se adopta la revisión general del Plan de Ordenamiento Territorial de Bogotá","ESCALA_CAPTURA":null,"FECHA_CAPTURA":"2025-10-15T00:00:00Z","RESPONSABLE":"38","SHAPE_Leng":25.1914187281,"SHAPE_Length":25.191418728092934},"geometry":{"type":"LineString","coordinates":[[-74.039947545210424,4.774850619438736],[-74.039953928679893,4.77487167237337],[-74.040017220547043,4.775067338991287]]}},
{"type":"Feature","properties":{"fid":555,"OBJECTID":555,"CODIGO_ID":"34011499","NOMBRE":"Alameda Humedal Jaboque","LONGITUD":63.4,"TIPO_CAPACIDAD":null,"OBSERVACION":null,"PLAZO":"Existente","ACTO_ADMINISTRATIVO":null,"NUMERO_ACTO_ADMINISTRATIVO":null,"FECHA_ACTO_ADMINISTRATIVO":"2025-10-15T00:00:00Z","NORMATIVA":"En el marco del Decreto 555 del 29 de diciembre de 2021 - Por el cual se adopta la revisión general del Plan de Ordenamiento Territorial de Bogotá","ESCALA_CAPTURA":null,"FECHA_CAPTURA":"2025-10-15T00:00:00Z","RESPONSABLE":"38","SHAPE_Leng":63.4337460323,"SHAPE_Length":63.433746032215915},"geometry":{"type":"MultiLineString","coordinates":[[[-74.1279530136039,4.70701582511247],[-74.128053006023606,4.706862669351817],[-74.128145501988897,4.706721083897433]],[[-74.128145501988897,4.706721083897433],[-74.128152370418306,4.706709594914533],[-74.128160261435326,4.706698787534599],[-74.128169109266409,4.706688753958416],[-74.128178838227527,4.706679577347088],[-74.128189366327916,4.706671337245731]],[[-74.128189366327916,4.706671337245731],[-74.128306652445417,4.706602459584178]],[[-74.128306652445417,4.706602459584178],[-74.128309987978426,4.706597601861222],[-74.128313282067339,4.70659271521086],[-74.128316532009251,4.706587799633019]]]}},
{"type":"Feature","properties":{"fid":556,"OBJECTID":556,"CODIGO_ID":"91036221","NOMBRE":"Alameda CL 41 Sur","LONGITUD":5.8,"TIPO_CAPACIDAD":null,"OBSERVACION":null,"PLAZO":"Existente","ACTO_ADMINISTRATIVO":null,"NUMERO_ACTO_ADMINISTRATIVO":null,"FECHA_ACTO_ADMINISTRATIVO":"2025-10-15T00:00:00Z","NORMATIVA":"En el marco del Decreto 555 del 29 de diciembre de 2021 - Por el cual se adopta la revisión general del Plan de Ordenamiento Territorial de Bogotá","ESCALA_CAPTURA":null,"FECHA_CAPTURA":"2025-10-15T00:00:00Z","RESPONSABLE":"38","SHAPE_Leng":5.8158989053100001,"SHAPE_Length":5.815898904817379},"geometry":{"type":"LineString","coordinates":[[-74.176784834887854,4.64839005827978],[-74.176757268159761,4.648345350177093]]}},
{"type":"Feature","properties":{"fid":557,"OBJECTID":557,"CODIGO_ID":"151875","NOMBRE":"Alameda Humedal el Burro","LONGITUD":5.5,"TIPO_CAPACIDAD":null,"OBSERVACION":null,"PLAZO":"Existente","ACTO_ADMINISTRATIVO":null,"NUMERO_ACTO_ADMINISTRATIVO":null,"FECHA_ACTO_ADMINISTRATIVO":"2025-10-15T00:00:00Z","NORMATIVA":"En el marco del Decreto 555 del 29 de diciembre de 2021 - Por el cual se adopta la revisión general del Plan de Ordenamiento Territorial de Bogotá","ESCALA_CAPTURA":null,"FECHA_CAPTURA":"2025-10-15T00:00:00Z","RESPONSABLE":"38","SHAPE_Leng":5.4945917197499998,"SHAPE_Length":5.4945917197540597},"geometry":{"type":"LineString","coordinates":[[-74.145316591065438,4.633011017846425],[-74.145273110935207,4.633034756366791]]}},
{"type":"Feature","properties":{"fid":558,"OBJECTID":558,"CODIGO_ID":"34010259","NOMBRE":"Alameda Tv 127","LONGITUD":18.1,"TIPO_CAPACIDAD":null,"OBSERVACION":null,"PLAZO":"Existente","ACTO_ADMINISTRATIVO":null,"NUMERO_ACTO_ADMINISTRATIVO":null,"FECHA_ACTO_ADMINISTRATIVO":"2025-10-15T00:00:00Z","NORMATIVA":"En el marco del Decreto 555 del 29 de diciembre de 2021 - Por el cual se adopta la revisión general del Plan de Ordenamiento Territorial de Bogotá","ESCALA_CAPTURA":null,"FECHA_CAPTURA":"2025-10-15T00:00:00Z","RESPONSABLE":"38","SHAPE_Leng":18.141045973099999,"SHAPE_Length":18.14104597236933},"geometry":{"type":"LineString","coordinates":[[-74.112306785044694,4.742462613943959],[-74.112437473869974,4.742364122863179]]}},
{"type":"Feature","properties":{"fid":559,"OBJECTID":559,"CODIGO_ID":"20305177","NOMBRE":"Alameda Tv 127","LONGITUD":22.9,"TIPO_CAPACIDAD":null,"OBSERVACION":null,"PLAZO":"Existente","ACTO_ADMINISTRATIVO":null,"NUMERO_ACTO_ADMINISTRATIVO":null,"FECHA_ACTO_ADMINISTRATIVO":"2025-10-15T00:00:00Z","NORMATIVA":"En el marco del Decreto 555 del 29 de diciembre de 2021 - Por el cual se adopta la revisión general del Plan de Ordenamiento Territorial de Bogotá","ESCALA_CAPTURA":null,"FECHA_CAPTURA":"2025-10-15T00:00:00Z","RESPONSABLE":"38","SHAPE_Leng":22.876722579100001,"SHAPE_Length":22.876722578360052},"geometry":{"type":"LineString","coordinates":[[-74.108736332337912,4.745131372590022],[-74.108902769753243,4.745009380659405]]}},
{"type":"Feature","properties":{"fid":560,"OBJECTID":560,"CODIGO_ID":"92020426","NOMBRE":"Alameda CL 41 Sur","LONGITUD":4.9,"TIPO_CAPACIDAD":null,"OBSERVACION":null,"PLAZO":"Existente","ACTO_ADMINISTRATIVO":null,"NUMERO_ACTO_ADMINISTRATIVO":null,"FECHA_ACTO_ADMINISTRATIVO":"2025-10-15T00:00:00Z","NORMATIVA":"En el marco del Decreto 555 del 29 de diciembre de 2021 - Por el cual se adopta la revisión general del Plan de Ordenamiento Territorial de Bogotá","ESCALA_CAPTURA":null,"FECHA_CAPTURA":"2025-10-15T00:00:00Z","RESPONSABLE":"38","SHAPE_Leng":4.93599221844,"SHAPE_Length":4.9359922184358043},"geometry":{"type":"LineString","coordinates":[[-74.176836123784085,4.648469363081001],[-74.176811843843922,4.648431982244466]]}},
{"type":"Feature","properties":{"fid":561,"OBJECTID":561,"CODIGO_ID":"34011642","NOMBRE":"Alameda Canal Molinos","LONGITUD":197.4,"TIPO_CAPACIDAD":null,"OBSERVACION":null,"PLAZO":"Existente","ACTO_ADMINISTRATIVO":null,"NUMERO_ACTO_ADMINISTRATIVO":null,"FECHA_ACTO_ADMINISTRATIVO":"2025-10-15T00:00:00Z","NORMATIVA":"En el marco del Decreto 555 del 29 de diciembre de 2021 - Por el cual se adopta la revisión general del Plan de Ordenamiento Territorial de Bogotá","ESCALA_CAPTURA":null,"FECHA_CAPTURA":"2025-10-15T00:00:00Z","RESPONSABLE":"38","SHAPE_Leng":197.36318621800001,"SHAPE_Length":197.36318621943497},"geometry":{"type":"MultiLineString","coordinates":[[[-74.057914891557289,4.696056618030544],[-74.057716132046224,4.696011722655955]],[[-74.057716132046224,4.696011722655955],[-74.057684595159685,4.69604493232956],[-74.057649992713962,4.696074910907316],[-74.057612651793363,4.69610137549537]],[[-74.057612651793363,4.69610137549537],[-74.057594968217458,4.696111967487894],[-74.057576442441913,4.69612099644966],[-74.057557213222992,4.696128396410194],[-74.057537421117601,4.696134111342768],[-74.057517212987435,4.696138100588504],[-74.057496738395884,4.696140333432307],[-74.057476147805261,4.696140794526269],[-74.057455594379476,4.69613947937027],[-74.057435229478628,4.696136397927034]],[[-74.057435229478628,4.696136397927034],[-74.057356927089728,4.696136283056275],[-74.057278919335261,4.696143090633793],[-74.057201812565651,4.696156766500571],[-74.057126206831228,4.6961772058761]],[[-74.057126206831228,4.6961772058761],[-74.057094776762128,4.696184980300308],[-74.057063515088146,4.696193411009574],[-74.057032435324288,4.696202492581977]],[[-74.057032435324288,4.696202492581977],[-74.056915929972959,4.696248317623893],[-74.056804478451525,4.696305410080756],[-74.056699159275624,4.696373216878876]],[[-74.056699159275624,4.696373216878876],[-74.05655454884544,4.696486042336304],[-74.056413074471138,4.696599961038798]],[[-74.056413074471138,4.696599961038798],[-74.056406631897801,4.696605470661067],[-74.056399748827261,4.696610416163955],[-74.056392474817017,4.696614761396009],[-74.056384862126578,4.696618476533769],[-74.056376963916108,4.696621534465717],[-74.056368836948906,4.696623913504468],[-74.056360538888683,4.696625596482511],[-74.056352129200192,4.696626572560183],[-74.056343667347903,4.696626833609638],[-74.0563352136964,4.696626377830818],[-74.056326828609599,4.696625208847311],[-74.056318571549824,4.696623334802337]]]}},
{"type":"Feature","properties":{"fid":562,"OBJECTID":562,"CODIGO_ID":"156026","NOMBRE":"Alameda CL 41 Sur","LONGITUD":9.0,"TIPO_CAPACIDAD":null,"OBSERVACION":null,"PLAZO":"Existente","ACTO_ADMINISTRATIVO":null,"NUMERO_ACTO_ADMINISTRATIVO":null,"FECHA_ACTO_ADMINISTRATIVO":"2025-10-15T00:00:00Z","NORMATIVA":"En el marco del Decreto 555 del 29 de diciembre de 2021 - Por el cual se adopta la revisión general del Plan de Ordenamiento Territorial de Bogotá","ESCALA_CAPTURA":null,"FECHA_CAPTURA":"2025-10-15T00:00:00Z","RESPONSABLE":"38","SHAPE_Leng":9.00848336462,"SHAPE_Length":9.0084833646152696},"geometry":{"type":"LineString","coordinates":[[-74.174805025960481,4.645219728559338],[-74.174762535166437,4.64515034950616]]}},
{"type":"Feature","properties":{"fid":563,"OBJECTID":563,"CODIGO_ID":"702057","NOMBRE":"Alameda Av Las Quintas","LONGITUD":191.2,"TIPO_CAPACIDAD":null,"OBSERVACION":null,"PLAZO":"Existente","ACTO_ADMINISTRATIVO":null,"NUMERO_ACTO_ADMINISTRATIVO":null,"FECHA_ACTO_ADMINISTRATIVO":"2025-10-15T00:00:00Z","NORMATIVA":"En el marco del Decreto 555 del 29 de diciembre de 2021 - Por el cual se adopta la revisión general del Plan de Ordenamiento Territorial de Bogotá","ESCALA_CAPTURA":null,"FECHA_CAPTURA":"2025-10-15T00:00:00Z","RESPONSABLE":"38","SHAPE_Leng":191.1572502,"SHAPE_Length":191.15725019974039},"geometry":{"type":"LineString","coordinates":[[-74.119837707297279,4.730611791703331],[-74.119844973243289,4.730605502326254],[-74.120048805296022,4.730429720652279],[-74.120315811228423,4.730204911273318],[-74.120632882213542,4.729931074527442],[-74.120985712010565,4.729632125521181],[-74.121148603326247,4.729491050824949]]}},
{"type":"Feature","properties":{"fid":564,"OBJECTID":564,"CODIGO_ID":"20013909","NOMBRE":"Alameda Humedal Jaboque","LONGITUD":29.2,"TIPO_CAPACIDAD":null,"OBSERVACION":null,"PLAZO":"Existente","ACTO_ADMINISTRATIVO":null,"NUMERO_ACTO_ADMINISTRATIVO":null,"FECHA_ACTO_ADMINISTRATIVO":"2025-10-15T00:00:00Z","NORMATIVA":"En el marco del Decreto 555 del 29 de diciembre de 2021 - Por el cual se adopta la revisión general del Plan de Ordenamiento Territorial de Bogotá","ESCALA_CAPTURA":null,"FECHA_CAPTURA":"2025-10-15T00:00:00Z","RESPONSABLE":"38","SHAPE_Leng":29.236876723599998,"SHAPE_Length":29.236876722939463},"geometry":{"type":"LineString","coordinates":[[-74.128849161649953,4.705062945369466],[-74.128855403612548,4.704955058558107],[-74.128749378335712,4.704840655036727]]}},
{"type":"Feature","properties":{"fid":565,"OBJECTID":565,"CODIGO_ID":"34011298","NOMBRE":"Alameda Humedal Juan Amarillo","LONGITUD":512.3,"TIPO_CAPACIDAD":null,"OBSERVACION":null,"PLAZO":"Existente","ACTO_ADMINISTRATIVO":null,"NUMERO_ACTO_ADMINISTRATIVO":null,"FECHA_ACTO_ADMINISTRATIVO":"2025-10-15T00:00:00Z","NORMATIVA":"En el marco del Decreto 555 del 29 de diciembre de 2021 - Por el cual se adopta la revisión general del Plan de Ordenamiento Territorial de Bogotá","ESCALA_CAPTURA":null,"FECHA_CAPTURA":"2025-10-15T00:00:00Z","RESPONSABLE":"38","SHAPE_Leng":512.27256734599996,"SHAPE_Length":512.27256734613536},"geometry":{"type":"MultiLineString","coordinates":[[[-74.114124452368102,4.731755472275256],[-74.114137829835002,4.731770013780046]],[[-74.114137829835002,4.731770013780046],[-74.114181092739173,4.731824336641931],[-74.114221260583506,4.73188100148081],[-74.114258209036947,4.731939830213993]],[[-74.114258209036947,4.731939830213993],[-74.114280513227811,4.731983659083626],[-74.11430196955439,4.7320279118637],[-74.114322569007243,4.732072572282814]],[[-74.114322569007243,4.732072572282814],[-74.114346468211849,4.732131047863704],[-74.114365187444477,4.732191393467096],[-74.114378582564129,4.732253148074174]],[[-74.114378582564129,4.732253148074174],[-74.114438166784353,4.732552112945622],[-74.114544225828737,4.73310818664302],[-74.114633602665023,4.733550654313055],[-74.114707487283653,4.733922566453191]],[[-74.114707487283653,4.733922566453191],[-74.114713674733807,4.733957145387863],[-74.114722766167631,4.733991071807122],[-74.114734697624996,4.734024101642461],[-74.11474938081831,4.734055995343988],[-74.114766712142341,4.734086522400502],[-74.114786563664012,4.734115462243071],[-74.114808793934515,4.734142606957423]],[[-74.114808793934515,4.734142606957423],[-74.114832727035946,4.734171482805941],[-74.114859149732695,4.734198083535522],[-74.114887848495172,4.734222194900861],[-74.11491859177282,4.734243620734802],[-74.114951129092603,4.734262187467961],[-74.11498519826722,4.734277745937007]],[[-74.11498519826722,4.734277745937007],[-74.1152855666259,4.734426044714718],[-74.115441709919864,4.734504978005695],[-74.115576400366379,4.73453966394762],[-74.11580406341416,4.734593486929301],[-74.115994774589169,4.734660462426439],[-74.116166413122713,4.734750158621265],[-74.116459629303577,4.734908023940924]],[[-74.116459629303577,4.734908023940924],[-74.116474380249215,4.734917260200259],[-74.116489900717511,4.734925126110499],[-74.116506064569705,4.734931557485963],[-74.116522739359453,4.734936501891964],[-74.11653979083772,4.734939919549003],[-74.116557079349036,4.734941782428663],[-74.116574465237235,4.734942076061717],[-74.11659180704369,4.734940796826267],[-74.116608963309147,4.734937955563515],[-74.116625794375835,4.734933575770033],[-74.116642164189557,4.734927692693861],[-74.116657939398564,4.734920354238369],[-74.11667299115571,4.7349116200585]],[[-74.11667299115571,4.7349116200585],[-74.116710966476845,4.734880640755755]]]}},
{"type":"Feature","properties":{"fid":566,"OBJECTID":566,"CODIGO_ID":"34011149","NOMBRE":"Alameda CL 40B Sur","LONGITUD":26.9,"TIPO_CAPACIDAD":null,"OBSERVACION":null,"PLAZO":"Existente","ACTO_ADMINISTRATIVO":null,"NUMERO_ACTO_ADMINISTRATIVO":null,"FECHA_ACTO_ADMINISTRATIVO":"2025-10-15T00:00:00Z","NORMATIVA":"En el marco del Decreto 555 del 29 de diciembre de 2021 - Por el cual se adopta la revisión general del Plan de Ordenamiento Territorial de Bogotá","ESCALA_CAPTURA":null,"FECHA_CAPTURA":"2025-10-15T00:00:00Z","RESPONSABLE":"38","SHAPE_Leng":26.907141404699999,"SHAPE_Length":26.907141405174791},"geometry":{"type":"LineString","coordinates":[[-74.167352369955751,4.634484043949024],[-74.167219348819785,4.634280711808161]]}},
{"type":"Feature","properties":{"fid":567,"OBJECTID":567,"CODIGO_ID":"34010453","NOMBRE":"Alameda Canal Molinos","LONGITUD":78.5,"TIPO_CAPACIDAD":null,"OBSERVACION":null,"PLAZO":"Existente","ACTO_ADMINISTRATIVO":null,"NUMERO_ACTO_ADMINISTRATIVO":null,"FECHA_ACTO_ADMINISTRATIVO":"2025-10-15T00:00:00Z","NORMATIVA":"En el marco del Decreto 555 del 29 de diciembre de 2021 - Por el cual se adopta la revisión general del Plan de Ordenamiento Territorial de Bogotá","ESCALA_CAPTURA":null,"FECHA_CAPTURA":"2025-10-15T00:00:00Z","RESPONSABLE":"38","SHAPE_Leng":78.538732703899996,"SHAPE_Length":78.53873270302357},"geometry":{"type":"LineString","coordinates":[[-74.050149411221952,4.696403309361661],[-74.050054321555493,4.696387768223714],[-74.049835166983314,4.696320269140704],[-74.049602541604287,4.696237570073853],[-74.049484161878539,4.696172014812178]]}},
{"type":"Feature","properties":{"fid":568,"OBJECTID":568,"CODIGO_ID":"507815","NOMBRE":"Alameda Canal Cedro","LONGITUD":3.4,"TIPO_CAPACIDAD":null,"OBSERVACION":null,"PLAZO":"Existente","ACTO_ADMINISTRATIVO":null,"NUMERO_ACTO_ADMINISTRATIVO":null,"FECHA_ACTO_ADMINISTRATIVO":"2025-10-15T00:00:00Z","NORMATIVA":"En el marco del Decreto 555 del 29 de diciembre de 2021 - Por el cual se adopta la revisión general del Plan de Ordenamiento Territorial de Bogotá","ESCALA_CAPTURA":null,"FECHA_CAPTURA":"2025-10-15T00:00:00Z","RESPONSABLE":"38","SHAPE_Leng":3.3947688287400002,"SHAPE_Length":3.3947688287430218},"geometry":{"type":"LineString","coordinates":[[-74.037372631132186,4.748921274381832],[-74.037373988662907,4.748951930960436]]}},
{"type":"Feature","properties":{"fid":569,"OBJECTID":569,"CODIGO_ID":"34011129","NOMBRE":"Alameda CL 41 Sur","LONGITUD":21.5,"TIPO_CAPACIDAD":null,"OBSERVACION":null,"PLAZO":"Existente","ACTO_ADMINISTRATIVO":null,"NUMERO_ACTO_ADMINISTRATIVO":null,"FECHA_ACTO_ADMINISTRATIVO":"2025-10-15T00:00:00Z","NORMATIVA":"En el marco del Decreto 555 del 29 de diciembre de 2021 - Por el cual se adopta la revisión general del Plan de Ordenamiento Territorial de Bogotá","ESCALA_CAPTURA":null,"FECHA_CAPTURA":"2025-10-15T00:00:00Z","RESPONSABLE":"38","SHAPE_Leng":21.470590404399999,"SHAPE_Length":21.470590403842756},"geometry":{"type":"LineString","coordinates":[[-74.171868334639385,4.640706041890286],[-74.171865694928215,4.640703128558666],[-74.171760189715627,4.640545178167966]]}},
{"type":"Feature","properties":{"fid":570,"OBJECTID":570,"CODIGO_ID":"44582","NOMBRE":"Alameda Canal Molinos","LONGITUD":11.6,"TIPO_CAPACIDAD":null,"OBSERVACION":null,"PLAZO":"Existente","ACTO_ADMINISTRATIVO":null,"NUMERO_ACTO_ADMINISTRATIVO":null,"FECHA_ACTO_ADMINISTRATIVO":"2025-10-15T00:00:00Z","NORMATIVA":"En el marco del Decreto 555 del 29 de diciembre de 2021 - Por el cual se adopta la revisión general del Plan de Ordenamiento Territorial de Bogotá","ESCALA_CAPTURA":null,"FECHA_CAPTURA":"2025-10-15T00:00:00Z","RESPONSABLE":"38","SHAPE_Leng":11.594181581799999,"SHAPE_Length":11.594181581851482},"geometry":{"type":"LineString","coordinates":[[-74.062856965334717,4.697406102800686],[-74.062854948122904,4.697405760866797],[-74.062753451953952,4.69739204032722]]}},
{"type":"Feature","properties":{"fid":571,"OBJECTID":571,"CODIGO_ID":"20013272","NOMBRE":"Alameda Canal Torca","LONGITUD":32.6,"TIPO_CAPACIDAD":null,"OBSERVACION":null,"PLAZO":"Existente","ACTO_ADMINISTRATIVO":null,"NUMERO_ACTO_ADMINISTRATIVO":null,"FECHA_ACTO_ADMINISTRATIVO":"2025-10-15T00:00:00Z","NORMATIVA":"En el marco del Decreto 555 del 29 de diciembre de 2021 - Por el cual se adopta la revisión general del Plan de Ordenamiento Territorial de Bogotá","ESCALA_CAPTURA":null,"FECHA_CAPTURA":"2025-10-15T00:00:00Z","RESPONSABLE":"38","SHAPE_Leng":32.568772875900002,"SHAPE_Length":32.568772875883958},"geometry":{"type":"LineString","coordinates":[[-74.040805971305915,4.760710128808192],[-74.040803525789855,4.760415735566505]]}},
{"type":"Feature","properties":{"fid":572,"OBJECTID":572,"CODIGO_ID":"34011500","NOMBRE":"Alameda Av El Salitre","LONGITUD":49.1,"TIPO_CAPACIDAD":null,"OBSERVACION":null,"PLAZO":"Existente","ACTO_ADMINISTRATIVO":null,"NUMERO_ACTO_ADMINISTRATIVO":null,"FECHA_ACTO_ADMINISTRATIVO":"2025-10-15T00:00:00Z","NORMATIVA":"En el marco del Decreto 555 del 29 de diciembre de 2021 - Por el cual se adopta la revisión general del Plan de Ordenamiento Territorial de Bogotá","ESCALA_CAPTURA":null,"FECHA_CAPTURA":"2025-10-15T00:00:00Z","RESPONSABLE":"38","SHAPE_Leng":49.077894671400003,"SHAPE_Length":49.077894671409972},"geometry":{"type":"LineString","coordinates":[[-74.121303268491545,4.696794506979778],[-74.12125314458379,4.696764444399631],[-74.121217087086038,4.696742817962152],[-74.120997782379533,4.696616050350494],[-74.120922593480316,4.696568896802384]]}},
{"type":"Feature","properties":{"fid":573,"OBJECTID":573,"CODIGO_ID":"34013865","NOMBRE":"Alameda Humedal Juan Amarillo","LONGITUD":290.3,"TIPO_CAPACIDAD":null,"OBSERVACION":null,"PLAZO":"Existente","ACTO_ADMINISTRATIVO":null,"NUMERO_ACTO_ADMINISTRATIVO":null,"FECHA_ACTO_ADMINISTRATIVO":"2025-10-15T00:00:00Z","NORMATIVA":"En el marco del Decreto 555 del 29 de diciembre de 2021 - Por el cual se adopta la revisión general del Plan de Ordenamiento Territorial de Bogotá","ESCALA_CAPTURA":null,"FECHA_CAPTURA":"2025-10-15T00:00:00Z","RESPONSABLE":"38","SHAPE_Leng":290.23338177699998,"SHAPE_Length":290.23338177665926},"geometry":{"type":"MultiLineString","coordinates":[[[-74.100243213436073,4.718053772574845],[-74.100279124529948,4.718088678147394],[-74.100314376960355,4.718124252594489],[-74.100348959916332,4.718160482356298]],[[-74.100348959916332,4.718160482356298],[-74.100387507499562,4.718206212856298],[-74.100426841696034,4.718251263638798],[-74.100466952595809,4.718295621143819]],[[-74.100466952595809,4.718295621143819],[-74.100551572457562,4.718406840182663],[-74.100675523297255,4.71857187554685]],[[-74.100675523297255,4.71857187554685],[-74.100718623457567,4.718633861996375],[-74.100757611333549,4.718698531988379],[-74.100792320259444,4.718765610712814]],[[-74.100792320259444,4.718765610712814],[-74.100816163885554,4.718823091520878],[-74.100835664638694,4.718882198241268],[-74.100850713519776,4.718942600022807]],[[-74.100850713519776,4.718942600022807],[-74.100864211843771,4.719016098076198],[-74.100872563665703,4.719090361432767],[-74.100875729363992,4.719165029415511]],[[-74.100875729363992,4.719165029415511],[-74.100871190397939,4.719244250972224],[-74.100860836475633,4.719322920738368],[-74.10084472438561,4.719400609342926]],[[-74.10084472438561,4.719400609342926],[-74.100741001391739,4.719772511321659]],[[-74.100741001391739,4.719772511321659],[-74.100736647225801,4.719781319086786],[-74.100732561546607,4.719790255230019],[-74.100728748859595,4.719799312520065]],[[-74.100728748859595,4.719799312520065],[-74.100719683216752,4.719824814054085],[-74.100712778105418,4.719850987362873],[-74.100708081290435,4.71987764894858],[-74.10070562792292,4.71990461169669],[-74.100705432431539,4.719931685779427],[-74.100707498432925,4.719958681368351],[-74.100711810622968,4.719985408633672],[-74.100718338380588,4.720011679552535]],[[-74.100718338380588,4.720011679552535],[-74.100824397183672,4.72037641984555],[-74.100839961703954,4.720433127230546]]]}},
{"type":"Feature","properties":{"fid":574,"OBJECTID":574,"CODIGO_ID":"34010037","NOMBRE":"Alameda Av El Salitre","LONGITUD":44.0,"TIPO_CAPACIDAD":null,"OBSERVACION":null,"PLAZO":"Existente","ACTO_ADMINISTRATIVO":null,"NUMERO_ACTO_ADMINISTRATIVO":null,"FECHA_ACTO_ADMINISTRATIVO":"2025-10-15T00:00:00Z","NORMATIVA":"En el marco del Decreto 555 del 29 de diciembre de 2021 - Por el cual se adopta la revisión general del Plan de Ordenamiento Territorial de Bogotá","ESCALA_CAPTURA":null,"FECHA_CAPTURA":"2025-10-15T00:00:00Z","RESPONSABLE":"38","SHAPE_Leng":43.951801932899997,"SHAPE_Length":43.951801932875853},"geometry":{"type":"LineString","coordinates":[[-74.118719380484094,4.695247050834391],[-74.118480551695981,4.695105595221915],[-74.118419240175712,4.695069112154694],[-74.118378500672776,4.695044870262332]]}},
{"type":"Feature","properties":{"fid":575,"OBJECTID":575,"CODIGO_ID":"34010062","NOMBRE":"Alameda Av El Salitre","LONGITUD":8.2,"TIPO_CAPACIDAD":null,"OBSERVACION":null,"PLAZO":"Existente","ACTO_ADMINISTRATIVO":null,"NUMERO_ACTO_ADMINISTRATIVO":null,"FECHA_ACTO_ADMINISTRATIVO":"2025-10-15T00:00:00Z","NORMATIVA":"En el marco del Decreto 555 del 29 de diciembre de 2021 - Por el cual se adopta la revisión general del Plan de Ordenamiento Territorial de Bogotá","ESCALA_CAPTURA":null,"FECHA_CAPTURA":"2025-10-15T00:00:00Z","RESPONSABLE":"38","SHAPE_Leng":8.2216417930900008,"SHAPE_Length":8.2216417930875156},"geometry":{"type":"LineString","coordinates":[[-74.120037029201953,4.696034349781216],[-74.119973964344979,4.695995365562261]]}},
{"type":"Feature","properties":{"fid":576,"OBJECTID":576,"CODIGO_ID":"91036243","NOMBRE":"Alameda CL 41 Sur","LONGITUD":17.1,"TIPO_CAPACIDAD":null,"OBSERVACION":null,"PLAZO":"Existente","ACTO_ADMINISTRATIVO":null,"NUMERO_ACTO_ADMINISTRATIVO":null,"FECHA_ACTO_ADMINISTRATIVO":"2025-10-15T00:00:00Z","NORMATIVA":"En el marco del Decreto 555 del 29 de diciembre de 2021 - Por el cual se adopta la revisión general del Plan de Ordenamiento Territorial de Bogotá","ESCALA_CAPTURA":null,"FECHA_CAPTURA":"2025-10-15T00:00:00Z","RESPONSABLE":"38","SHAPE_Leng":17.105840733000001,"SHAPE_Length":17.105840732353716},"geometry":{"type":"LineString","coordinates":[[-74.174175877962014,4.644307470626139],[-74.174066573619669,4.64419846955893]]}},
{"type":"Feature","properties":{"fid":577,"OBJECTID":577,"CODIGO_ID":"20013226","NOMBRE":"Alameda Río Bogotá","LONGITUD":41.8,"TIPO_CAPACIDAD":null,"OBSERVACION":null,"PLAZO":"Existente","ACTO_ADMINISTRATIVO":null,"NUMERO_ACTO_ADMINISTRATIVO":null,"FECHA_ACTO_ADMINISTRATIVO":"2025-10-15T00:00:00Z","NORMATIVA":"En el marco del Decreto 555 del 29 de diciembre de 2021 - Por el cual se adopta la revisión general del Plan de Ordenamiento Territorial de Bogotá","ESCALA_CAPTURA":null,"FECHA_CAPTURA":"2025-10-15T00:00:00Z","RESPONSABLE":"38","SHAPE_Leng":41.772018925700003,"SHAPE_Length":41.77201892653062},"geometry":{"type":"LineString","coordinates":[[-74.130223728763127,4.724165083779293],[-74.129874253491394,4.724024922161806]]}},
{"type":"Feature","properties":{"fid":578,"OBJECTID":578,"CODIGO_ID":"20013133","NOMBRE":"Alameda Humedal Jaboque","LONGITUD":14.7,"TIPO_CAPACIDAD":null,"OBSERVACION":null,"PLAZO":"Existente","ACTO_ADMINISTRATIVO":null,"NUMERO_ACTO_ADMINISTRATIVO":null,"FECHA_ACTO_ADMINISTRATIVO":"2025-10-15T00:00:00Z","NORMATIVA":"En el marco del Decreto 555 del 29 de diciembre de 2021 - Por el cual se adopta la revisión general del Plan de Ordenamiento Territorial de Bogotá","ESCALA_CAPTURA":null,"FECHA_CAPTURA":"2025-10-15T00:00:00Z","RESPONSABLE":"38","SHAPE_Leng":14.655916998,"SHAPE_Length":14.655916997123038},"geometry":{"type":"LineString","coordinates":[[-74.125679856847782,4.702710970032724],[-74.125548449089919,4.702697967317703]]}},
{"type":"Feature","properties":{"fid":579,"OBJECTID":579,"CODIGO_ID":"92080303","NOMBRE":"Alameda Canal El Carmelo","LONGITUD":36.3,"TIPO_CAPACIDAD":null,"OBSERVACION":null,"PLAZO":"Existente","ACTO_ADMINISTRATIVO":null,"NUMERO_ACTO_ADMINISTRATIVO":null,"FECHA_ACTO_ADMINISTRATIVO":"2025-10-15T00:00:00Z","NORMATIVA":"En el marco del Decreto 555 del 29 de diciembre de 2021 - Por el cual se adopta la revisión general del Plan de Ordenamiento Territorial de Bogotá","ESCALA_CAPTURA":null,"FECHA_CAPTURA":"2025-10-15T00:00:00Z","RESPONSABLE":"38","SHAPE_Leng":36.266928744300003,"SHAPE_Length":36.266928744319273},"geometry":{"type":"LineString","coordinates":[[-74.123291048100953,4.702167549775914],[-74.123067617684839,4.702091799645872],[-74.123048545603922,4.702130065788893],[-74.123003307649839,4.702113175817254]]}},
{"type":"Feature","properties":{"fid":580,"OBJECTID":580,"CODIGO_ID":"514052","NOMBRE":"Alameda Canal Salitre","LONGITUD":1.5,"TIPO_CAPACIDAD":null,"OBSERVACION":null,"PLAZO":"Existente","ACTO_ADMINISTRATIVO":null,"NUMERO_ACTO_ADMINISTRATIVO":null,"FECHA_ACTO_ADMINISTRATIVO":"2025-10-15T00:00:00Z","NORMATIVA":"En el marco del Decreto 555 del 29 de diciembre de 2021 - Por el cual se adopta la revisión general del Plan de Ordenamiento Territorial de Bogotá","ESCALA_CAPTURA":null,"FECHA_CAPTURA":"2025-10-15T00:00:00Z","RESPONSABLE":"38","SHAPE_Leng":1.50101117052,"SHAPE_Length":1.5010111705236429},"geometry":{"type":"LineString","coordinates":[[-74.076255751579893,4.66996944967457],[-74.076255336702744,4.669955887713054]]}},
{"type":"Feature","properties":{"fid":581,"OBJECTID":581,"CODIGO_ID":"34010765","NOMBRE":"Alameda Canal Tintal III (CL 59B S)","LONGITUD":171.9,"TIPO_CAPACIDAD":null,"OBSERVACION":null,"PLAZO":"Existente","ACTO_ADMINISTRATIVO":null,"NUMERO_ACTO_ADMINISTRATIVO":null,"FECHA_ACTO_ADMINISTRATIVO":"2025-10-15T00:00:00Z","NORMATIVA":"En el marco del Decreto 555 del 29 de diciembre de 2021 - Por el cual se adopta la revisión general del Plan de Ordenamiento Territorial de Bogotá","ESCALA_CAPTURA":null,"FECHA_CAPTURA":"2025-10-15T00:00:00Z","RESPONSABLE":"38","SHAPE_Leng":171.888779473,"SHAPE_Length":171.88877947303192},"geometry":{"type":"MultiLineString","coordinates":[[[-74.192533621666925,4.629919137503674],[-74.19253422992557,4.629921730892743],[-74.19253491745998,4.62992430348586],[-74.192535684270098,4.629926854379049]],[[-74.192535684270098,4.629926854379049],[-74.192675232550286,4.630161534768236],[-74.192846349288601,4.630449305580854],[-74.19305851162315,4.630815221816295],[-74.193310007051181,4.631244515739149],[-74.193317994249128,4.631258483928758]]]}},
{"type":"Feature","properties":{"fid":582,"OBJECTID":582,"CODIGO_ID":"34013981","NOMBRE":"Alameda Canal Salitre","LONGITUD":239.9,"TIPO_CAPACIDAD":null,"OBSERVACION":null,"PLAZO":"Existente","ACTO_ADMINISTRATIVO":null,"NUMERO_ACTO_ADMINISTRATIVO":null,"FECHA_ACTO_ADMINISTRATIVO":"2025-10-15T00:00:00Z","NORMATIVA":"En el marco del Decreto 555 del 29 de diciembre de 2021 - Por el cual se adopta la revisión general del Plan de Ordenamiento Territorial de Bogotá","ESCALA_CAPTURA":null,"FECHA_CAPTURA":"2025-10-15T00:00:00Z","RESPONSABLE":"38","SHAPE_Leng":239.86104863,"SHAPE_Length":239.8610486302222},"geometry":{"type":"MultiLineString","coordinates":[[[-74.078083602326885,4.685937193239134],[-74.078203793379018,4.686101854403115],[-74.078269783666684,4.686190450357024],[-74.078403662341159,4.686370191561454],[-74.078480487286427,4.686470052633822],[-74.078575172201155,4.686593128790375],[-74.078681867360842,4.686738253364144],[-74.078685717507312,4.686743491206093],[-74.078685732821512,4.686743511094408],[-74.078768965004826,4.686856722244262]],[[-74.078768965004826,4.686856722244262],[-74.07880975930793,4.686910040081213],[-74.078850273401542,4.686963573027976],[-74.078890507285905,4.687017318372746]],[[-74.078890507285905,4.687017318372746],[-74.078920136153144,4.687051899919861],[-74.078952593356249,4.687083823231918],[-74.078987644671059,4.687112855067572],[-74.079025033347321,4.687138784781991]],[[-74.079025033347321,4.687138784781991],[-74.079026910810171,4.687139971845679]],[[-74.079026910810171,4.687139971845679],[-74.079164283001546,4.68725218660791],[-74.079291544597055,4.687375820833788],[-74.079407756895677,4.687509961452212]],[[-74.079407756895677,4.687509961452212],[-74.079459073565545,4.687590597535705],[-74.079461417436278,4.687594778514879]]]}},
{"type":"Feature","properties":{"fid":583,"OBJECTID":583,"CODIGO_ID":"92062331","NOMBRE":"Alameda Canal Molinos","LONGITUD":36.0,"TIPO_CAPACIDAD":null,"OBSERVACION":null,"PLAZO":"Existente","ACTO_ADMINISTRATIVO":null,"NUMERO_ACTO_ADMINISTRATIVO":null,"FECHA_ACTO_ADMINISTRATIVO":"2025-10-15T00:00:00Z","NORMATIVA":"En el marco del Decreto 555 del 29 de diciembre de 2021 - Por el cual se adopta la revisión general del Plan de Ordenamiento Territorial de Bogotá","ESCALA_CAPTURA":null,"FECHA_CAPTURA":"2025-10-15T00:00:00Z","RESPONSABLE":"38","SHAPE_Leng":36.013898636500002,"SHAPE_Length":36.013898635610161},"geometry":{"type":"MultiLineString","coordinates":[[[-74.056318571549824,4.696623334802337],[-74.056316878706795,4.69662285820364],[-74.056315193976118,4.696622352679714],[-74.056313519159858,4.696621817326846]],[[-74.056313519159858,4.696621817326846],[-74.056097075480878,4.696584478902263],[-74.056000025132093,4.696562117140453]]]}},
{"type":"Feature","properties":{"fid":584,"OBJECTID":584,"CODIGO_ID":"34010688","NOMBRE":"Alameda Canal Virrey","LONGITUD":88.4,"TIPO_CAPACIDAD":null,"OBSERVACION":null,"PLAZO":"Existente","ACTO_ADMINISTRATIVO":null,"NUMERO_ACTO_ADMINISTRATIVO":null,"FECHA_ACTO_ADMINISTRATIVO":"2025-10-15T00:00:00Z","NORMATIVA":"En el marco del Decreto 555 del 29 de diciembre de 2021 - Por el cual se adopta la revisión general del Plan de Ordenamiento Territorial de Bogotá","ESCALA_CAPTURA":null,"FECHA_CAPTURA":"2025-10-15T00:00:00Z","RESPONSABLE":"38","SHAPE_Leng":88.382662976399999,"SHAPE_Length":88.382662975577631},"geometry":{"type":"LineString","coordinates":[[-74.050209758067808,4.671181646163078],[-74.050260585825512,4.671207110091152],[-74.050600007886928,4.671377157353387],[-74.050891195455492,4.6715130467699],[-74.050926491581237,4.671529518781568]]}},
{"type":"Feature","properties":{"fid":585,"OBJECTID":585,"CODIGO_ID":"34012080","NOMBRE":"Alameda Av Tunjuelito","LONGITUD":92.0,"TIPO_CAPACIDAD":null,"OBSERVACION":null,"PLAZO":"Existente","ACTO_ADMINISTRATIVO":null,"NUMERO_ACTO_ADMINISTRATIVO":null,"FECHA_ACTO_ADMINISTRATIVO":"2025-10-15T00:00:00Z","NORMATIVA":"En el marco del Decreto 555 del 29 de diciembre de 2021 - Por el cual se adopta la revisión general del Plan de Ordenamiento Territorial de Bogotá","ESCALA_CAPTURA":null,"FECHA_CAPTURA":"2025-10-15T00:00:00Z","RESPONSABLE":"38","SHAPE_Leng":92.030084494700006,"SHAPE_Length":92.030084494989481},"geometry":{"type":"MultiLineString","coordinates":[[[-74.136411027280431,4.559560429639338],[-74.136439957818197,4.559437209820699],[-74.136438887351616,4.559268236113426],[-74.136428711543715,4.559112211370105]],[[-74.136428711543715,4.559112211370105],[-74.13642544726207,4.559099955560557],[-74.136421151574339,4.559088025158619],[-74.136415856006877,4.559076506040062],[-74.136409599292406,4.559065483176759],[-74.136402427370001,4.559055036116999],[-74.136394392484263,4.559045242601262]],[[-74.136394392484263,4.559045242601262],[-74.136285714057436,4.558934744830237],[-74.13618274660115,4.55882793885989]]]}},
{"type":"Feature","properties":{"fid":586,"OBJECTID":586,"CODIGO_ID":"522831","NOMBRE":"Alameda Canal Salitre","LONGITUD":4.4,"TIPO_CAPACIDAD":null,"OBSERVACION":null,"PLAZO":"Existente","ACTO_ADMINISTRATIVO":null,"NUMERO_ACTO_ADMINISTRATIVO":null,"FECHA_ACTO_ADMINISTRATIVO":"2025-10-15T00:00:00Z","NORMATIVA":"En el marco del Decreto 555 del 29 de diciembre de 2021 - Por el cual se adopta la revisión general del Plan de Ordenamiento Territorial de Bogotá","ESCALA_CAPTURA":null,"FECHA_CAPTURA":"2025-10-15T00:00:00Z","RESPONSABLE":"38","SHAPE_Leng":4.3982476565799997,"SHAPE_Length":4.3982476565761628},"geometry":{"type":"LineString","coordinates":[[-74.080863133326829,4.68974203673546],[-74.080883006914263,4.689776432876417]]}},
{"type":"Feature","properties":{"fid":587,"OBJECTID":587,"CODIGO_ID":"92080303","NOMBRE":"Alameda Canal El Carmelo","LONGITUD":12.3,"TIPO_CAPACIDAD":null,"OBSERVACION":null,"PLAZO":"Existente","ACTO_ADMINISTRATIVO":null,"NUMERO_ACTO_ADMINISTRATIVO":null,"FECHA_ACTO_ADMINISTRATIVO":"2025-10-15T00:00:00Z","NORMATIVA":"En el marco del Decreto 555 del 29 de diciembre de 2021 - Por el cual se adopta la revisión general del Plan de Ordenamiento Territorial de Bogotá","ESCALA_CAPTURA":null,"FECHA_CAPTURA":"2025-10-15T00:00:00Z","RESPONSABLE":"38","SHAPE_Leng":12.2819669406,"SHAPE_Length":12.281966939695799},"geometry":{"type":"LineString","coordinates":[[-74.122873654268687,4.702126000230529],[-74.122811114298912,4.702103932752828],[-74.122769635884026,4.702119716961683]]}},
{"type":"Feature","properties":{"fid":588,"OBJECTID":588,"CODIGO_ID":"91030042","NOMBRE":"Alameda Canal Molinos","LONGITUD":18.5,"TIPO_CAPACIDAD":null,"OBSERVACION":null,"PLAZO":"Existente","ACTO_ADMINISTRATIVO":null,"NUMERO_ACTO_ADMINISTRATIVO":null,"FECHA_ACTO_ADMINISTRATIVO":"2025-10-15T00:00:00Z","NORMATIVA":"En el marco del Decreto 555 del 29 de diciembre de 2021 - Por el cual se adopta la revisión general del Plan de Ordenamiento Territorial de Bogotá","ESCALA_CAPTURA":null,"FECHA_CAPTURA":"2025-10-15T00:00:00Z","RESPONSABLE":"38","SHAPE_Leng":18.4623428248,"SHAPE_Length":18.46234282411444},"geometry":{"type":"LineString","coordinates":[[-74.06059090133148,4.696473400205639],[-74.060475092190728,4.696353603103373]]}},
{"type":"Feature","properties":{"fid":589,"OBJECTID":589,"CODIGO_ID":"143292","NOMBRE":"Alameda Canal Virrey","LONGITUD":79.5,"TIPO_CAPACIDAD":null,"OBSERVACION":null,"PLAZO":"Existente","ACTO_ADMINISTRATIVO":null,"NUMERO_ACTO_ADMINISTRATIVO":null,"FECHA_ACTO_ADMINISTRATIVO":"2025-10-15T00:00:00Z","NORMATIVA":"En el marco del Decreto 555 del 29 de diciembre de 2021 - Por el cual se adopta la revisión general del Plan de Ordenamiento Territorial de Bogotá","ESCALA_CAPTURA":null,"FECHA_CAPTURA":"2025-10-15T00:00:00Z","RESPONSABLE":"38","SHAPE_Leng":79.496078272999995,"SHAPE_Length":79.49607827299107},"geometry":{"type":"LineString","coordinates":[[-74.051763905009636,4.671925600924348],[-74.051903470153576,4.67198900090755],[-74.052264742554996,4.672170810672023],[-74.052406943799866,4.672241802254745]]}},
{"type":"Feature","properties":{"fid":590,"OBJECTID":590,"CODIGO_ID":"34010683","NOMBRE":"Alameda Canal Virrey","LONGITUD":107.8,"TIPO_CAPACIDAD":null,"OBSERVACION":null,"PLAZO":"Existente","ACTO_ADMINISTRATIVO":null,"NUMERO_ACTO_ADMINISTRATIVO":null,"FECHA_ACTO_ADMINISTRATIVO":"2025-10-15T00:00:00Z","NORMATIVA":"En el marco del Decreto 555 del 29 de diciembre de 2021 - Por el cual se adopta la revisión general del Plan de Ordenamiento Territorial de Bogotá","ESCALA_CAPTURA":null,"FECHA_CAPTURA":"2025-10-15T00:00:00Z","RESPONSABLE":"38","SHAPE_Leng":107.834349382,"SHAPE_Length":107.83434938221998},"geometry":{"type":"LineString","coordinates":[[-74.057821400221627,4.674403881524714],[-74.058684475077627,4.674821907489911],[-74.058697121019208,4.67482549051322]]}},
{"type":"Feature","properties":{"fid":591,"OBJECTID":591,"CODIGO_ID":"91043447","NOMBRE":"Alameda Humedal el Burro","LONGITUD":2.7,"TIPO_CAPACIDAD":null,"OBSERVACION":null,"PLAZO":"Existente","ACTO_ADMINISTRATIVO":null,"NUMERO_ACTO_ADMINISTRATIVO":null,"FECHA_ACTO_ADMINISTRATIVO":"2025-10-15T00:00:00Z","NORMATIVA":"En el marco del Decreto 555 del 29 de diciembre de 2021 - Por el cual se adopta la revisión general del Plan de Ordenamiento Territorial de Bogotá","ESCALA_CAPTURA":null,"FECHA_CAPTURA":"2025-10-15T00:00:00Z","RESPONSABLE":"38","SHAPE_Leng":2.68141641265,"SHAPE_Length":2.6814164121571555},"geometry":{"type":"LineString","coordinates":[[-74.156587823405431,4.649032766680596],[-74.156590589233417,4.649037249321491],[-74.156600539007158,4.649053375619728]]}},
{"type":"Feature","properties":{"fid":592,"OBJECTID":592,"CODIGO_ID":"34010036","NOMBRE":"Alameda Humedal Jaboque","LONGITUD":57.8,"TIPO_CAPACIDAD":null,"OBSERVACION":null,"PLAZO":"Existente","ACTO_ADMINISTRATIVO":null,"NUMERO_ACTO_ADMINISTRATIVO":null,"FECHA_ACTO_ADMINISTRATIVO":"2025-10-15T00:00:00Z","NORMATIVA":"En el marco del Decreto 555 del 29 de diciembre de 2021 - Por el cual se adopta la revisión general del Plan de Ordenamiento Territorial de Bogotá","ESCALA_CAPTURA":null,"FECHA_CAPTURA":"2025-10-15T00:00:00Z","RESPONSABLE":"38","SHAPE_Leng":57.815636763299999,"SHAPE_Length":57.81563676414774},"geometry":{"type":"MultiLineString","coordinates":[[[-74.124664474549604,4.703085913184867],[-74.124382264218781,4.702988729944916]],[[-74.124382264218781,4.702988729944916],[-74.124371415780928,4.702984453929776],[-74.124360805216924,4.702979616571003],[-74.124350459555487,4.702974230524731]],[[-74.124350459555487,4.702974230524731],[-74.124337879557842,4.702966707476298],[-74.124325817643651,4.702958372699826],[-74.124314326067974,4.702949264162791]],[[-74.124314326067974,4.702949264162791],[-74.124205443310473,4.702855286345592]]]}},
{"type":"Feature","properties":{"fid":593,"OBJECTID":593,"CODIGO_ID":"20011137","NOMBRE":"Alameda Humedal Jaboque","LONGITUD":11.0,"TIPO_CAPACIDAD":null,"OBSERVACION":null,"PLAZO":"Existente","ACTO_ADMINISTRATIVO":null,"NUMERO_ACTO_ADMINISTRATIVO":null,"FECHA_ACTO_ADMINISTRATIVO":"2025-10-15T00:00:00Z","NORMATIVA":"En el marco del Decreto 555 del 29 de diciembre de 2021 - Por el cual se adopta la revisión general del Plan de Ordenamiento Territorial de Bogotá","ESCALA_CAPTURA":null,"FECHA_CAPTURA":"2025-10-15T00:00:00Z","RESPONSABLE":"38","SHAPE_Leng":11.0483600998,"SHAPE_Length":11.048360099792268},"geometry":{"type":"LineString","coordinates":[[-74.12372853624305,4.701685272397459],[-74.123629828492312,4.701698176610303]]}},
{"type":"Feature","properties":{"fid":594,"OBJECTID":594,"CODIGO_ID":"34011276","NOMBRE":"Alameda Canal Salitre","LONGITUD":292.5,"TIPO_CAPACIDAD":null,"OBSERVACION":null,"PLAZO":"Existente","ACTO_ADMINISTRATIVO":null,"NUMERO_ACTO_ADMINISTRATIVO":null,"FECHA_ACTO_ADMINISTRATIVO":"2025-10-15T00:00:00Z","NORMATIVA":"En el marco del Decreto 555 del 29 de diciembre de 2021 - Por el cual se adopta la revisión general del Plan de Ordenamiento Territorial de Bogotá","ESCALA_CAPTURA":null,"FECHA_CAPTURA":"2025-10-15T00:00:00Z","RESPONSABLE":"38","SHAPE_Leng":292.45897113000001,"SHAPE_Length":292.45897113019686},"geometry":{"type":"MultiLineString","coordinates":[[[-74.086130244139355,4.6971495057481],[-74.0861322764367,4.69715266250611]],[[-74.0861322764367,4.69715266250611],[-74.086153725845563,4.697181531902578],[-74.086177288158339,4.69720869121433],[-74.086202830046119,4.697233985854723]],[[-74.086202830046119,4.697233985854723],[-74.086254241164525,4.697281221518847],[-74.086305093641542,4.697329062775185],[-74.086355380270206,4.697377501487725]],[[-74.086355380270206,4.697377501487725],[-74.086500778986647,4.697538953485216],[-74.086621148787813,4.697671702993418],[-74.086740328174074,4.697797276850045],[-74.086938168568068,4.697979063016867],[-74.0870978715555,4.698115403571622],[-74.087287369829184,4.698279251010399],[-74.087451840245578,4.698422766514846]],[[-74.087451840245578,4.698422766514846],[-74.08748932633678,4.698458239657012],[-74.087529856184204,4.698490166872259],[-74.087573098255234,4.698518285083503],[-74.087618696688239,4.698542365561658]],[[-74.087618696688239,4.698542365561658],[-74.087658600809888,4.698558407661746],[-74.087699700797032,4.698571051021127],[-74.087741710150183,4.698580207028598],[-74.087784334259155,4.698585811478944],[-74.087827275808579,4.698587825477284]],[[-74.087827275808579,4.698587825477284],[-74.088045393743926,4.69858664790726]],[[-74.088045393743926,4.69858664790726],[-74.088084840905552,4.698594091603951],[-74.088123372369481,4.698605372475255],[-74.088160617849397,4.698620382016688],[-74.088196221477077,4.698638977375082]]]}},
{"type":"Feature","properties":{"fid":595,"OBJECTID":595,"CODIGO_ID":"34010366","NOMBRE":"Alameda Canal Molinos","LONGITUD":146.3,"TIPO_CAPACIDAD":null,"OBSERVACION":null,"PLAZO":"Existente","ACTO_ADMINISTRATIVO":null,"NUMERO_ACTO_ADMINISTRATIVO":null,"FECHA_ACTO_ADMINISTRATIVO":"2025-10-15T00:00:00Z","NORMATIVA":"En el marco del Decreto 555 del 29 de diciembre de 2021 - Por el cual se adopta la revisión general del Plan de Ordenamiento Territorial de Bogotá","ESCALA_CAPTURA":null,"FECHA_CAPTURA":"2025-10-15T00:00:00Z","RESPONSABLE":"38","SHAPE_Leng":146.23560345000001,"SHAPE_Length":146.23560345050643},"geometry":{"type":"MultiLineString","coordinates":[[[-74.036343476642415,4.687349573194217],[-74.036350138128171,4.687350354350325],[-74.036356815854361,4.6873509863579],[-74.036363506217342,4.687351468312407]],[[-74.036363506217342,4.687351468312407],[-74.036390832418874,4.687360071858343],[-74.036417281620274,4.687371092415966],[-74.036442643013729,4.687384442269382],[-74.036466713002056,4.687400013817105]],[[-74.036466713002056,4.687400013817105],[-74.036615661218661,4.687481282112598],[-74.036700303726306,4.687531616282069]],[[-74.036700303726306,4.687531616282069],[-74.036724344681431,4.687548556390427],[-74.036749795968262,4.687563275724911],[-74.036776455792506,4.687575657644633],[-74.036804109743841,4.687585602681727],[-74.036832538904036,4.687593031254457],[-74.03686151534211,4.687597884570455],[-74.03689080752001,4.68760012462757],[-74.036920182094931,4.687599731502346],[-74.036949404819211,4.687596710581672],[-74.036978241442483,4.687591084427456]],[[-74.036978241442483,4.687591084427456],[-74.03706450469943,4.687572603223053],[-74.037151108249446,4.687555799784564],[-74.037238018757193,4.68754067953036]],[[-74.037238018757193,4.68754067953036],[-74.037278412120926,4.68753322739367],[-74.03731930674617,4.687529417330627],[-74.03736037738669,4.68752927912051],[-74.037401296998667,4.68753281452011],[-74.037441739444077,4.687539994552252],[-74.03748138309372,4.68755076312217],[-74.037519911728822,4.687565033401844],[-74.037557019945865,4.687582693254543]],[[-74.037557019945865,4.687582693254543],[-74.037565012415826,4.687587480894632],[-74.037572960728212,4.687592340843404],[-74.037580864882926,4.687597274004817]]]}},
{"type":"Feature","properties":{"fid":596,"OBJECTID":596,"CODIGO_ID":"20305073","NOMBRE":"Alameda Tv 127","LONGITUD":85.7,"TIPO_CAPACIDAD":null,"OBSERVACION":null,"PLAZO":"Existente","ACTO_ADMINISTRATIVO":null,"NUMERO_ACTO_ADMINISTRATIVO":null,"FECHA_ACTO_ADMINISTRATIVO":"2025-10-15T00:00:00Z","NORMATIVA":"En el marco del Decreto 555 del 29 de diciembre de 2021 - Por el cual se adopta la revisión general del Plan de Ordenamiento Territorial de Bogotá","ESCALA_CAPTURA":null,"FECHA_CAPTURA":"2025-10-15T00:00:00Z","RESPONSABLE":"38","SHAPE_Leng":85.7464441443,"SHAPE_Length":85.74644414505984},"geometry":{"type":"LineString","coordinates":[[-74.111356450953664,4.743174401762927],[-74.111400278277699,4.743141782400908],[-74.111730230198276,4.742894976727561],[-74.111976230640224,4.74271163092011]]}},
{"type":"Feature","properties":{"fid":597,"OBJECTID":597,"CODIGO_ID":"34012288","NOMBRE":"Alameda Tv 127","LONGITUD":19.9,"TIPO_CAPACIDAD":null,"OBSERVACION":null,"PLAZO":"Existente","ACTO_ADMINISTRATIVO":null,"NUMERO_ACTO_ADMINISTRATIVO":null,"FECHA_ACTO_ADMINISTRATIVO":"2025-10-15T00:00:00Z","NORMATIVA":"En el marco del Decreto 555 del 29 de diciembre de 2021 - Por el cual se adopta la revisión general del Plan de Ordenamiento Territorial de Bogotá","ESCALA_CAPTURA":null,"FECHA_CAPTURA":"2025-10-15T00:00:00Z","RESPONSABLE":"38","SHAPE_Leng":19.9078283566,"SHAPE_Length":19.907828356078412},"geometry":{"type":"LineString","coordinates":[[-74.114080710401211,4.740532309720206],[-74.114188209440968,4.740388251101579]]}},
{"type":"Feature","properties":{"fid":598,"OBJECTID":598,"CODIGO_ID":"20012630","NOMBRE":"Alameda Canal Torca","LONGITUD":14.5,"TIPO_CAPACIDAD":null,"OBSERVACION":null,"PLAZO":"Existente","ACTO_ADMINISTRATIVO":null,"NUMERO_ACTO_ADMINISTRATIVO":null,"FECHA_ACTO_ADMINISTRATIVO":"2025-10-15T00:00:00Z","NORMATIVA":"En el marco del Decreto 555 del 29 de diciembre de 2021 - Por el cual se adopta la revisión general del Plan de Ordenamiento Territorial de Bogotá","ESCALA_CAPTURA":null,"FECHA_CAPTURA":"2025-10-15T00:00:00Z","RESPONSABLE":"38","SHAPE_Leng":14.521254450300001,"SHAPE_Length":14.521254450328289},"geometry":{"type":"LineString","coordinates":[[-74.039662746774255,4.775188565947789],[-74.039622747292711,4.77506358589642]]}},
{"type":"Feature","properties":{"fid":599,"OBJECTID":599,"CODIGO_ID":"22153908","NOMBRE":"Alameda Canal Salitre","LONGITUD":175.0,"TIPO_CAPACIDAD":null,"OBSERVACION":null,"PLAZO":"Existente","ACTO_ADMINISTRATIVO":null,"NUMERO_ACTO_ADMINISTRATIVO":null,"FECHA_ACTO_ADMINISTRATIVO":"2025-10-15T00:00:00Z","NORMATIVA":"En el marco del Decreto 555 del 29 de diciembre de 2021 - Por el cual se adopta la revisión general del Plan de Ordenamiento Territorial de Bogotá","ESCALA_CAPTURA":null,"FECHA_CAPTURA":"2025-10-15T00:00:00Z","RESPONSABLE":"38","SHAPE_Leng":174.99523372199999,"SHAPE_Length":174.9952337217477},"geometry":{"type":"MultiLineString","coordinates":[[[-74.077951155489401,4.685775216477252],[-74.077942884898704,4.685764945021231],[-74.07709118139914,4.684704150672722],[-74.077012807895173,4.68460653741008]],[[-74.077012807895173,4.68460653741008],[-74.077010624388748,4.684602642989804],[-74.077008776050945,4.684598576852963],[-74.077007276392948,4.684594369735128],[-74.077006137124243,4.684590049659792],[-74.077005364548228,4.684585649169682],[-74.077004965869506,4.684581198095756],[-74.077004942886646,4.684576729884226],[-74.077005296497575,4.684572275269388],[-74.077006023095279,4.684567866792944],[-74.077007119072832,4.684563536092693],[-74.077008574516867,4.684559312997886],[-74.077010381315873,4.684555228241907]],[[-74.077010381315873,4.684555228241907],[-74.07698876390802,4.684538298781802]]]}},
{"type":"Feature","properties":{"fid":600,"OBJECTID":600,"CODIGO_ID":"20010427","NOMBRE":"Alameda Humedal el Burro","LONGITUD":21.6,"TIPO_CAPACIDAD":null,"OBSERVACION":null,"PLAZO":"Existente","ACTO_ADMINISTRATIVO":null,"NUMERO_ACTO_ADMINISTRATIVO":null,"FECHA_ACTO_ADMINISTRATIVO":"2025-10-15T00:00:00Z","NORMATIVA":"En el marco del Decreto 555 del 29 de diciembre de 2021 - Por el cual se adopta la revisión general del Plan de Ordenamiento Territorial de Bogotá","ESCALA_CAPTURA":null,"FECHA_CAPTURA":"2025-10-15T00:00:00Z","RESPONSABLE":"38","SHAPE_Leng":21.585050624000001,"SHAPE_Length":21.585050623545143},"geometry":{"type":"LineString","coordinates":[[-74.154683696729819,4.645925631948151],[-74.154780458586202,4.646094878913719]]}},
{"type":"Feature","properties":{"fid":601,"OBJECTID":601,"CODIGO_ID":"34010013","NOMBRE":"Alameda Humedal Jaboque","LONGITUD":41.2,"TIPO_CAPACIDAD":null,"OBSERVACION":null,"PLAZO":"Existente","ACTO_ADMINISTRATIVO":null,"NUMERO_ACTO_ADMINISTRATIVO":null,"FECHA_ACTO_ADMINISTRATIVO":"2025-10-15T00:00:00Z","NORMATIVA":"En el marco del Decreto 555 del 29 de diciembre de 2021 - Por el cual se adopta la revisión general del Plan de Ordenamiento Territorial de Bogotá","ESCALA_CAPTURA":null,"FECHA_CAPTURA":"2025-10-15T00:00:00Z","RESPONSABLE":"38","SHAPE_Leng":41.160618672399998,"SHAPE_Length":41.160618672409839},"geometry":{"type":"MultiLineString","coordinates":[[[-74.129464981141027,4.710200502137514],[-74.129394226345966,4.710165094603138]],[[-74.129394226345966,4.710165094603138],[-74.129374469904334,4.710156154984388],[-74.129353998942875,4.710149011489674],[-74.129332976537128,4.710143722879494],[-74.129311569367047,4.710140328931631],[-74.129289945914763,4.710138857672561],[-74.129268277365796,4.710139319953917],[-74.129246735806973,4.710141712164195],[-74.129225491523528,4.710146017132641],[-74.129204712098272,4.71015219780169],[-74.129184563312236,4.71016020807421]],[[-74.129184563312236,4.71016020807421],[-74.129120016238105,4.710198622386741]]]}},
{"type":"Feature","properties":{"fid":602,"OBJECTID":602,"CODIGO_ID":"92080057","NOMBRE":"Alameda Río Bogotá","LONGITUD":27.9,"TIPO_CAPACIDAD":null,"OBSERVACION":null,"PLAZO":"Existente","ACTO_ADMINISTRATIVO":null,"NUMERO_ACTO_ADMINISTRATIVO":null,"FECHA_ACTO_ADMINISTRATIVO":"2025-10-15T00:00:00Z","NORMATIVA":"En el marco del Decreto 555 del 29 de diciembre de 2021 - Por el cual se adopta la revisión general del Plan de Ordenamiento Territorial de Bogotá","ESCALA_CAPTURA":null,"FECHA_CAPTURA":"2025-10-15T00:00:00Z","RESPONSABLE":"38","SHAPE_Leng":27.845793520899999,"SHAPE_Length":27.845793521087604},"geometry":{"type":"MultiLineString","coordinates":[[[-74.12607147129971,4.736969929764985],[-74.126070440199129,4.736950946866546],[-74.12607098136732,4.736931943223989],[-74.12607309119629,4.736913049909387],[-74.126076753463835,4.736894396186532],[-74.126081945640678,4.736876112222966],[-74.126088629880485,4.736858322762102],[-74.126096761128849,4.736841150739237],[-74.126106282618437,4.736824713665601]],[[-74.126106282618437,4.736824713665601],[-74.126149851934585,4.736735196269246]]]}},
{"type":"Feature","properties":{"fid":603,"OBJECTID":603,"CODIGO_ID":"20304994","NOMBRE":"Alameda Tv 127","LONGITUD":25.5,"TIPO_CAPACIDAD":null,"OBSERVACION":null,"PLAZO":"Existente","ACTO_ADMINISTRATIVO":null,"NUMERO_ACTO_ADMINISTRATIVO":null,"FECHA_ACTO_ADMINISTRATIVO":"2025-10-15T00:00:00Z","NORMATIVA":"En el marco del Decreto 555 del 29 de diciembre de 2021 - Por el cual se adopta la revisión general del Plan de Ordenamiento Territorial de Bogotá","ESCALA_CAPTURA":null,"FECHA_CAPTURA":"2025-10-15T00:00:00Z","RESPONSABLE":"38","SHAPE_Leng":25.474683623000001,"SHAPE_Length":25.474683623709488},"geometry":{"type":"LineString","coordinates":[[-74.108550994228466,4.745267219118567],[-74.108736332337912,4.745131372590022]]}},
{"type":"Feature","properties":{"fid":604,"OBJECTID":604,"CODIGO_ID":"92085357","NOMBRE":"Alameda Canal Salitre","LONGITUD":13.8,"TIPO_CAPACIDAD":null,"OBSERVACION":null,"PLAZO":"Existente","ACTO_ADMINISTRATIVO":null,"NUMERO_ACTO_ADMINISTRATIVO":null,"FECHA_ACTO_ADMINISTRATIVO":"2025-10-15T00:00:00Z","NORMATIVA":"En el marco del Decreto 555 del 29 de diciembre de 2021 - Por el cual se adopta la revisión general del Plan de Ordenamiento Territorial de Bogotá","ESCALA_CAPTURA":null,"FECHA_CAPTURA":"2025-10-15T00:00:00Z","RESPONSABLE":"38","SHAPE_Leng":13.819371754900001,"SHAPE_Length":13.819371755123839},"geometry":{"type":"LineString","coordinates":[[-74.076267015725236,4.666432604423778],[-74.076239256926129,4.666310829093958]]}},
{"type":"Feature","properties":{"fid":605,"OBJECTID":605,"CODIGO_ID":"34013861","NOMBRE":"Alameda Río Bogotá","LONGITUD":145.3,"TIPO_CAPACIDAD":null,"OBSERVACION":null,"PLAZO":"Existente","ACTO_ADMINISTRATIVO":null,"NUMERO_ACTO_ADMINISTRATIVO":null,"FECHA_ACTO_ADMINISTRATIVO":"2025-10-15T00:00:00Z","NORMATIVA":"En el marco del Decreto 555 del 29 de diciembre de 2021 - Por el cual se adopta la revisión general del Plan de Ordenamiento Territorial de Bogotá","ESCALA_CAPTURA":null,"FECHA_CAPTURA":"2025-10-15T00:00:00Z","RESPONSABLE":"38","SHAPE_Leng":145.33206241600001,"SHAPE_Length":145.33206241574049},"geometry":{"type":"LineString","coordinates":[[-74.126533304546612,4.734000206384863],[-74.126669601021646,4.734351174651929],[-74.126719832238152,4.73448051994419],[-74.126930079300053,4.735024397807122],[-74.127005898210442,4.735225378822953]]}},
{"type":"Feature","properties":{"fid":606,"OBJECTID":606,"CODIGO_ID":"91033242","NOMBRE":"Alameda Canal Molinos","LONGITUD":126.9,"TIPO_CAPACIDAD":null,"OBSERVACION":null,"PLAZO":"Existente","ACTO_ADMINISTRATIVO":null,"NUMERO_ACTO_ADMINISTRATIVO":null,"FECHA_ACTO_ADMINISTRATIVO":"2025-10-15T00:00:00Z","NORMATIVA":"En el marco del Decreto 555 del 29 de diciembre de 2021 - Por el cual se adopta la revisión general del Plan de Ordenamiento Territorial de Bogotá","ESCALA_CAPTURA":null,"FECHA_CAPTURA":"2025-10-15T00:00:00Z","RESPONSABLE":"38","SHAPE_Leng":126.909230624,"SHAPE_Length":126.90923062420823},"geometry":{"type":"LineString","coordinates":[[-74.042866630210781,4.6942757536311],[-74.042672331683477,4.694208548895387],[-74.042342665390109,4.694080374448513],[-74.042211226339489,4.694027767754928],[-74.042018486264993,4.693950720007227],[-74.041878804627984,4.693896679262653],[-74.041797076393934,4.693871039228082]]}},
{"type":"Feature","properties":{"fid":607,"OBJECTID":607,"CODIGO_ID":"92020671","NOMBRE":"Alameda Av El Salitre","LONGITUD":4.7,"TIPO_CAPACIDAD":null,"OBSERVACION":null,"PLAZO":"Existente","ACTO_ADMINISTRATIVO":null,"NUMERO_ACTO_ADMINISTRATIVO":null,"FECHA_ACTO_ADMINISTRATIVO":"2025-10-15T00:00:00Z","NORMATIVA":"En el marco del Decreto 555 del 29 de diciembre de 2021 - Por el cual se adopta la revisión general del Plan de Ordenamiento Territorial de Bogotá","ESCALA_CAPTURA":null,"FECHA_CAPTURA":"2025-10-15T00:00:00Z","RESPONSABLE":"38","SHAPE_Leng":4.7379446225699997,"SHAPE_Length":4.7379446225733561},"geometry":{"type":"LineString","coordinates":[[-74.118070549438656,4.694861625851052],[-74.118032978473479,4.694841295447246]]}},
{"type":"Feature","properties":{"fid":608,"OBJECTID":608,"CODIGO_ID":"34010011","NOMBRE":"Alameda Humedal Jaboque","LONGITUD":104.3,"TIPO_CAPACIDAD":null,"OBSERVACION":null,"PLAZO":"Existente","ACTO_ADMINISTRATIVO":null,"NUMERO_ACTO_ADMINISTRATIVO":null,"FECHA_ACTO_ADMINISTRATIVO":"2025-10-15T00:00:00Z","NORMATIVA":"En el marco del Decreto 555 del 29 de diciembre de 2021 - Por el cual se adopta la revisión general del Plan de Ordenamiento Territorial de Bogotá","ESCALA_CAPTURA":null,"FECHA_CAPTURA":"2025-10-15T00:00:00Z","RESPONSABLE":"38","SHAPE_Leng":104.341958589,"SHAPE_Length":104.34195858917988},"geometry":{"type":"MultiLineString","coordinates":[[[-74.128316532009251,4.706587799633019],[-74.128323743699568,4.706576544779615],[-74.128330730149813,4.706565148000568],[-74.128337488657024,4.706553612911591]],[[-74.128337488657024,4.706553612911591],[-74.128358121075877,4.706514670516416],[-74.128376157819574,4.706474451679645],[-74.128391521400246,4.706433129957237]],[[-74.128391521400246,4.706433129957237],[-74.128528837298816,4.706143259458876],[-74.128614659815597,4.705956709638248],[-74.128706411758444,4.705763571993134],[-74.128719443231446,4.705736142058748]]]}},
{"type":"Feature","properties":{"fid":609,"OBJECTID":609,"CODIGO_ID":"34014441","NOMBRE":"Alameda Canal Salitre","LONGITUD":45.7,"TIPO_CAPACIDAD":null,"OBSERVACION":null,"PLAZO":"Existente","ACTO_ADMINISTRATIVO":null,"NUMERO_ACTO_ADMINISTRATIVO":null,"FECHA_ACTO_ADMINISTRATIVO":"2025-10-15T00:00:00Z","NORMATIVA":"En el marco del Decreto 555 del 29 de diciembre de 2021 - Por el cual se adopta la revisión general del Plan de Ordenamiento Territorial de Bogotá","ESCALA_CAPTURA":null,"FECHA_CAPTURA":"2025-10-15T00:00:00Z","RESPONSABLE":"38","SHAPE_Leng":45.711587932800001,"SHAPE_Length":45.711587932851344},"geometry":{"type":"LineString","coordinates":[[-74.07594280129571,4.673658987893051],[-74.075951796630108,4.67362763358661],[-74.076016175597616,4.673445273263407],[-74.076072805276183,4.673284437845853],[-74.076078048458911,4.67326875489092]]}},
{"type":"Feature","properties":{"fid":610,"OBJECTID":610,"CODIGO_ID":"34010075","NOMBRE":"Alameda Av El Salitre","LONGITUD":91.0,"TIPO_CAPACIDAD":null,"OBSERVACION":null,"PLAZO":"Existente","ACTO_ADMINISTRATIVO":null,"NUMERO_ACTO_ADMINISTRATIVO":null,"FECHA_ACTO_ADMINISTRATIVO":"2025-10-15T00:00:00Z","NORMATIVA":"En el marco del Decreto 555 del 29 de diciembre de 2021 - Por el cual se adopta la revisión general del Plan de Ordenamiento Territorial de Bogotá","ESCALA_CAPTURA":null,"FECHA_CAPTURA":"2025-10-15T00:00:00Z","RESPONSABLE":"38","SHAPE_Leng":90.962196719900007,"SHAPE_Length":90.962196719880424},"geometry":{"type":"LineString","coordinates":[[-74.112499542302331,4.691526336184705],[-74.112359150681272,4.69144124076872],[-74.112075488974469,4.691271415808468],[-74.111922931551007,4.691174544887576],[-74.111798510734758,4.691100543391459]]}},
{"type":"Feature","properties":{"fid":611,"OBJECTID":611,"CODIGO_ID":"34011536","NOMBRE":"Alameda Canal Salitre","LONGITUD":322.0,"TIPO_CAPACIDAD":null,"OBSERVACION":null,"PLAZO":"Existente","ACTO_ADMINISTRATIVO":null,"NUMERO_ACTO_ADMINISTRATIVO":null,"FECHA_ACTO_ADMINISTRATIVO":"2025-10-15T00:00:00Z","NORMATIVA":"En el marco del Decreto 555 del 29 de diciembre de 2021 - Por el cual se adopta la revisión general del Plan de Ordenamiento Territorial de Bogotá","ESCALA_CAPTURA":null,"FECHA_CAPTURA":"2025-10-15T00:00:00Z","RESPONSABLE":"38","SHAPE_Leng":321.94807,"SHAPE_Length":321.94807000043966},"geometry":{"type":"MultiLineString","coordinates":[[[-74.076586347432581,4.679764741034859],[-74.076328196395295,4.679263310252447],[-74.076239455819049,4.679073199484463],[-74.07614511427542,4.67886389553921]],[[-74.07614511427542,4.67886389553921],[-74.076096928795096,4.678743961331932],[-74.076051544455566,4.678622932723629],[-74.076008985574347,4.678500874801445]],[[-74.076008985574347,4.678500874801445],[-74.075977591402477,4.678403003104099],[-74.07594950648253,4.678304123838205],[-74.075924765037513,4.67820435000098]],[[-74.075924765037513,4.67820435000098],[-74.075918652195853,4.678177229166532],[-74.075912786216804,4.678150054120104],[-74.075907168001237,4.678122825765761]],[[-74.075907168001237,4.678122825765761],[-74.075876192809787,4.677988887524636],[-74.075845218469865,4.67784657873274],[-74.075808293994029,4.677618167482223],[-74.075774945776615,4.677376602353492],[-74.075745174356001,4.677125471112491],[-74.075732976377395,4.677011028378926]]]}},
{"type":"Feature","properties":{"fid":612,"OBJECTID":612,"CODIGO_ID":"34010054","NOMBRE":"Alameda Humedal Jaboque","LONGITUD":32.4,"TIPO_CAPACIDAD":null,"OBSERVACION":null,"PLAZO":"Existente","ACTO_ADMINISTRATIVO":null,"NUMERO_ACTO_ADMINISTRATIVO":null,"FECHA_ACTO_ADMINISTRATIVO":"2025-10-15T00:00:00Z","NORMATIVA":"En el marco del Decreto 555 del 29 de diciembre de 2021 - Por el cual se adopta la revisión general del Plan de Ordenamiento Territorial de Bogotá","ESCALA_CAPTURA":null,"FECHA_CAPTURA":"2025-10-15T00:00:00Z","RESPONSABLE":"38","SHAPE_Leng":32.369529681499998,"SHAPE_Length":32.369529682077307},"geometry":{"type":"LineString","coordinates":[[-74.128639110710296,4.70474999897962],[-74.128627087650401,4.704734073836295],[-74.128460624280905,4.704518594785054]]}},
{"type":"Feature","properties":{"fid":613,"OBJECTID":613,"CODIGO_ID":"904000","NOMBRE":"Alameda Humedal el Burro","LONGITUD":149.6,"TIPO_CAPACIDAD":null,"OBSERVACION":null,"PLAZO":"Existente","ACTO_ADMINISTRATIVO":null,"NUMERO_ACTO_ADMINISTRATIVO":null,"FECHA_ACTO_ADMINISTRATIVO":"2025-10-15T00:00:00Z","NORMATIVA":"En el marco del Decreto 555 del 29 de diciembre de 2021 - Por el cual se adopta la revisión general del Plan de Ordenamiento Territorial de Bogotá","ESCALA_CAPTURA":null,"FECHA_CAPTURA":"2025-10-15T00:00:00Z","RESPONSABLE":"38","SHAPE_Leng":149.61761633200001,"SHAPE_Length":149.61761633247306},"geometry":{"type":"LineString","coordinates":[[-74.153745430514604,4.644011287951965],[-74.153838190816288,4.644161197830329],[-74.153925194374494,4.64430469966454],[-74.154058679575556,4.644528321570416],[-74.154251756426916,4.644840436652686],[-74.154451810101278,4.645163123279143]]}},
{"type":"Feature","properties":{"fid":614,"OBJECTID":614,"CODIGO_ID":"91039417","NOMBRE":"Alameda Canal Salitre","LONGITUD":1.5,"TIPO_CAPACIDAD":null,"OBSERVACION":null,"PLAZO":"Existente","ACTO_ADMINISTRATIVO":null,"NUMERO_ACTO_ADMINISTRATIVO":null,"FECHA_ACTO_ADMINISTRATIVO":"2025-10-15T00:00:00Z","NORMATIVA":"En el marco del Decreto 555 del 29 de diciembre de 2021 - Por el cual se adopta la revisión general del Plan de Ordenamiento Territorial de Bogotá","ESCALA_CAPTURA":null,"FECHA_CAPTURA":"2025-10-15T00:00:00Z","RESPONSABLE":"38","SHAPE_Leng":1.5023031980899999,"SHAPE_Length":1.5023031981684756},"geometry":{"type":"LineString","coordinates":[[-74.081292040636654,4.690701009016035],[-74.081293186293138,4.690714540302255]]}},
{"type":"Feature","properties":{"fid":615,"OBJECTID":615,"CODIGO_ID":"155660","NOMBRE":"Alameda CL 41 Sur","LONGITUD":8.8,"TIPO_CAPACIDAD":null,"OBSERVACION":null,"PLAZO":"Existente","ACTO_ADMINISTRATIVO":null,"NUMERO_ACTO_ADMINISTRATIVO":null,"FECHA_ACTO_ADMINISTRATIVO":"2025-10-15T00:00:00Z","NORMATIVA":"En el marco del Decreto 555 del 29 de diciembre de 2021 - Por el cual se adopta la revisión general del Plan de Ordenamiento Territorial de Bogotá","ESCALA_CAPTURA":null,"FECHA_CAPTURA":"2025-10-15T00:00:00Z","RESPONSABLE":"38","SHAPE_Leng":8.8439000826199994,"SHAPE_Length":8.8439000826183758},"geometry":{"type":"LineString","coordinates":[[-74.174219728896418,4.644374217365858],[-74.174175877962014,4.644307470626139]]}},
{"type":"Feature","properties":{"fid":616,"OBJECTID":616,"CODIGO_ID":"179724","NOMBRE":"Alameda Canal Salitre","LONGITUD":18.7,"TIPO_CAPACIDAD":null,"OBSERVACION":null,"PLAZO":"Existente","ACTO_ADMINISTRATIVO":null,"NUMERO_ACTO_ADMINISTRATIVO":null,"FECHA_ACTO_ADMINISTRATIVO":"2025-10-15T00:00:00Z","NORMATIVA":"En el marco del Decreto 555 del 29 de diciembre de 2021 - Por el cual se adopta la revisión general del Plan de Ordenamiento Territorial de Bogotá","ESCALA_CAPTURA":null,"FECHA_CAPTURA":"2025-10-15T00:00:00Z","RESPONSABLE":"38","SHAPE_Leng":18.653648927799999,"SHAPE_Length":18.653648927807868},"geometry":{"type":"LineString","coordinates":[[-74.075582395498856,4.675681098239402],[-74.075563109861108,4.67551359308883]]}},
{"type":"Feature","properties":{"fid":617,"OBJECTID":617,"CODIGO_ID":"34010152","NOMBRE":"Alameda Canal Salitre","LONGITUD":480.1,"TIPO_CAPACIDAD":null,"OBSERVACION":null,"PLAZO":"Existente","ACTO_ADMINISTRATIVO":null,"NUMERO_ACTO_ADMINISTRATIVO":null,"FECHA_ACTO_ADMINISTRATIVO":"2025-10-15T00:00:00Z","NORMATIVA":"En el marco del Decreto 555 del 29 de diciembre de 2021 - Por el cual se adopta la revisión general del Plan de Ordenamiento Territorial de Bogotá","ESCALA_CAPTURA":null,"FECHA_CAPTURA":"2025-10-15T00:00:00Z","RESPONSABLE":"38","SHAPE_Leng":480.09392188300001,"SHAPE_Length":480.0939218835577},"geometry":{"type":"MultiLineString","coordinates":[[[-74.081667697244754,4.693708171994025],[-74.081974885103293,4.693842636361035],[-74.082249009961927,4.693955071980985],[-74.082662582018671,4.694121333134111],[-74.08315124067758,4.694321083964478],[-74.083436093623462,4.694433519193014]],[[-74.083436093623462,4.694433519193014],[-74.083533425793348,4.694475064346989],[-74.083629668494197,4.694519089818922],[-74.083724758662257,4.694565567581286]],[[-74.083724758662257,4.694565567581286],[-74.083824505595246,4.694625494668802],[-74.083920295885974,4.694691600766492],[-74.084011749354516,4.694763625505192]],[[-74.084011749354516,4.694763625505192],[-74.084079699718529,4.694823482811872],[-74.084145203752769,4.694886025518679],[-74.084208156955128,4.694951152374937]],[[-74.084208156955128,4.694951152374937],[-74.08427031062962,4.695030817328961],[-74.08433070282365,4.695111834424533],[-74.084389303808763,4.695194164789721]],[[-74.084389303808763,4.695194164789721],[-74.084425756343904,4.69525823887705],[-74.084460403274988,4.695323313470634],[-74.084493219379297,4.695389337043536]],[[-74.084493219379297,4.695389337043536],[-74.084529996677801,4.695479485496687],[-74.084564007944053,4.695570720245769],[-74.084595221651028,4.695662956317384]],[[-74.084595221651028,4.695662956317384],[-74.084638113561823,4.695847598471143],[-74.084650499853069,4.695950920677457],[-74.084658116467551,4.696084856422121]],[[-74.084658116467551,4.696084856422121],[-74.084659699461625,4.696105205306439],[-74.084662898795358,4.696125361793595],[-74.084667695560114,4.696145196617536],[-74.084674058233574,4.696164583222896],[-74.084681945382684,4.696183396861302]],[[-74.084681945382684,4.696183396861302],[-74.084742009550922,4.696277156827738],[-74.084756996282536,4.69629584183042]]]}},
{"type":"Feature","properties":{"fid":618,"OBJECTID":618,"CODIGO_ID":"34010001","NOMBRE":"Alameda Humedal Jaboque","LONGITUD":33.4,"TIPO_CAPACIDAD":null,"OBSERVACION":null,"PLAZO":"Existente","ACTO_ADMINISTRATIVO":null,"NUMERO_ACTO_ADMINISTRATIVO":null,"FECHA_ACTO_ADMINISTRATIVO":"2025-10-15T00:00:00Z","NORMATIVA":"En el marco del Decreto 555 del 29 de diciembre de 2021 - Por el cual se adopta la revisión general del Plan de Ordenamiento Territorial de Bogotá","ESCALA_CAPTURA":null,"FECHA_CAPTURA":"2025-10-15T00:00:00Z","RESPONSABLE":"38","SHAPE_Leng":33.4140751204,"SHAPE_Length":33.414075120404348},"geometry":{"type":"LineString","coordinates":[[-74.128081987792186,4.708869457452209],[-74.128249240938899,4.708618313813933]]}},
{"type":"Feature","properties":{"fid":619,"OBJECTID":619,"CODIGO_ID":"34014075","NOMBRE":"Alameda Humedal el Burro","LONGITUD":123.1,"TIPO_CAPACIDAD":null,"OBSERVACION":null,"PLAZO":"Existente","ACTO_ADMINISTRATIVO":null,"NUMERO_ACTO_ADMINISTRATIVO":null,"FECHA_ACTO_ADMINISTRATIVO":"2025-10-15T00:00:00Z","NORMATIVA":"En el marco del Decreto 555 del 29 de diciembre de 2021 - Por el cual se adopta la revisión general del Plan de Ordenamiento Territorial de Bogotá","ESCALA_CAPTURA":null,"FECHA_CAPTURA":"2025-10-15T00:00:00Z","RESPONSABLE":"38","SHAPE_Leng":123.12494420900001,"SHAPE_Length":123.12494420930081},"geometry":{"type":"MultiLineString","coordinates":[[[-74.149350892325714,4.637391129918552],[-74.149358198535893,4.637397829957839],[-74.149365268715115,4.637404781295714],[-74.149372093854453,4.637411974892744]],[[-74.149372093854453,4.637411974892744],[-74.149388093662324,4.637431042723738],[-74.149402376387783,4.637451437557901],[-74.149414833022888,4.637473003012634],[-74.149425369874763,4.63749557637767],[-74.149433905862878,4.637518984999178],[-74.149440376122527,4.637543050799628],[-74.14944473110404,4.637567591181622],[-74.149446938374581,4.63759241902795]],[[-74.149446938374581,4.63759241902795],[-74.149482097084302,4.637771796658364],[-74.149527386550062,4.638016348041289],[-74.149576847166131,4.638263889664239],[-74.149588766417082,4.638386464152173],[-74.14959477565661,4.638462830615712]]]}},
{"type":"Feature","properties":{"fid":620,"OBJECTID":620,"CODIGO_ID":"34011173","NOMBRE":"Alameda CL 40B Sur","LONGITUD":27.8,"TIPO_CAPACIDAD":null,"OBSERVACION":null,"PLAZO":"Existente","ACTO_ADMINISTRATIVO":null,"NUMERO_ACTO_ADMINISTRATIVO":null,"FECHA_ACTO_ADMINISTRATIVO":"2025-10-15T00:00:00Z","NORMATIVA":"En el marco del Decreto 555 del 29 de diciembre de 2021 - Por el cual se adopta la revisión general del Plan de Ordenamiento Territorial de Bogotá","ESCALA_CAPTURA":null,"FECHA_CAPTURA":"2025-10-15T00:00:00Z","RESPONSABLE":"38","SHAPE_Leng":27.7807427328,"SHAPE_Length":27.780742732806026},"geometry":{"type":"LineString","coordinates":[[-74.166960206148801,4.633888835849501],[-74.16681798804764,4.633682198153062]]}},
{"type":"Feature","properties":{"fid":621,"OBJECTID":621,"CODIGO_ID":"34010362","NOMBRE":"Alameda Canal Molinos","LONGITUD":73.1,"TIPO_CAPACIDAD":null,"OBSERVACION":null,"PLAZO":"Existente","ACTO_ADMINISTRATIVO":null,"NUMERO_ACTO_ADMINISTRATIVO":null,"FECHA_ACTO_ADMINISTRATIVO":"2025-10-15T00:00:00Z","NORMATIVA":"En el marco del Decreto 555 del 29 de diciembre de 2021 - Por el cual se adopta la revisión general del Plan de Ordenamiento Territorial de Bogotá","ESCALA_CAPTURA":null,"FECHA_CAPTURA":"2025-10-15T00:00:00Z","RESPONSABLE":"38","SHAPE_Leng":73.057107310999996,"SHAPE_Length":73.057107311186073},"geometry":{"type":"MultiLineString","coordinates":[[[-74.038831012089673,4.689240388531712],[-74.039221587237478,4.689242547637761]],[[-74.039221587237478,4.689242547637761],[-74.039233570566353,4.689243932516675],[-74.039245392470207,4.689246332501728],[-74.039256970064415,4.689249729501276],[-74.039268218663281,4.689254099999701],[-74.039279056285196,4.689259412346362],[-74.039289406355337,4.689265627659822],[-74.039299193200691,4.68927270163515],[-74.039308347455773,4.689280583640727],[-74.039316801558186,4.689289215813689],[-74.039324495153593,4.689298536676468],[-74.039331373294374,4.689308478424724],[-74.039337386439129,4.68931896963914]],[[-74.039337386439129,4.68931896963914],[-74.039379074652189,4.689434946862471]]]}},
{"type":"Feature","properties":{"fid":622,"OBJECTID":622,"CODIGO_ID":"91014146","NOMBRE":"Alameda CL 41 Sur","LONGITUD":9.8,"TIPO_CAPACIDAD":null,"OBSERVACION":null,"PLAZO":"Existente","ACTO_ADMINISTRATIVO":null,"NUMERO_ACTO_ADMINISTRATIVO":null,"FECHA_ACTO_ADMINISTRATIVO":"2025-10-15T00:00:00Z","NORMATIVA":"En el marco del Decreto 555 del 29 de diciembre de 2021 - Por el cual se adopta la revisión general del Plan de Ordenamiento Territorial de Bogotá","ESCALA_CAPTURA":null,"FECHA_CAPTURA":"2025-10-15T00:00:00Z","RESPONSABLE":"38","SHAPE_Leng":9.7705773767800004,"SHAPE_Length":9.7705773767833097},"geometry":{"type":"LineString","coordinates":[[-74.172013802337361,4.640910193443095],[-74.171968996550405,4.640834171175716]]}},
{"type":"Feature","properties":{"fid":623,"OBJECTID":623,"CODIGO_ID":"91032987","NOMBRE":"Alameda Canal Salitre","LONGITUD":8.5,"TIPO_CAPACIDAD":null,"OBSERVACION":null,"PLAZO":"Existente","ACTO_ADMINISTRATIVO":null,"NUMERO_ACTO_ADMINISTRATIVO":null,"FECHA_ACTO_ADMINISTRATIVO":"2025-10-15T00:00:00Z","NORMATIVA":"En el marco del Decreto 555 del 29 de diciembre de 2021 - Por el cual se adopta la revisión general del Plan de Ordenamiento Territorial de Bogotá","ESCALA_CAPTURA":null,"FECHA_CAPTURA":"2025-10-15T00:00:00Z","RESPONSABLE":"38","SHAPE_Leng":8.5001780445400001,"SHAPE_Length":8.5001780445441995},"geometry":{"type":"LineString","coordinates":[[-74.080737510155359,4.689692204779618],[-74.080792933568915,4.689639179061118]]}},
{"type":"Feature","properties":{"fid":624,"OBJECTID":624,"CODIGO_ID":"91033241","NOMBRE":"Alameda Canal Molinos","LONGITUD":69.2,"TIPO_CAPACIDAD":null,"OBSERVACION":null,"PLAZO":"Existente","ACTO_ADMINISTRATIVO":null,"NUMERO_ACTO_ADMINISTRATIVO":null,"FECHA_ACTO_ADMINISTRATIVO":"2025-10-15T00:00:00Z","NORMATIVA":"En el marco del Decreto 555 del 29 de diciembre de 2021 - Por el cual se adopta la revisión general del Plan de Ordenamiento Territorial de Bogotá","ESCALA_CAPTURA":null,"FECHA_CAPTURA":"2025-10-15T00:00:00Z","RESPONSABLE":"38","SHAPE_Leng":69.245434038100001,"SHAPE_Length":69.245434038092384},"geometry":{"type":"MultiLineString","coordinates":[[[-74.041797076393934,4.693871039228082],[-74.041734224548691,4.693848439278396],[-74.041671981999187,4.693824197849221],[-74.04161039288995,4.693798333026306]],[[-74.04161039288995,4.693798333026306],[-74.041602636124225,4.693795205110997],[-74.041583602769109,4.693787530459626],[-74.041296096186315,4.693671595869834],[-74.04121812256966,4.693638050425303]]]}},
{"type":"Feature","properties":{"fid":625,"OBJECTID":625,"CODIGO_ID":"92084929","NOMBRE":"Alameda Río Bogotá","LONGITUD":24.5,"TIPO_CAPACIDAD":null,"OBSERVACION":null,"PLAZO":"Existente","ACTO_ADMINISTRATIVO":null,"NUMERO_ACTO_ADMINISTRATIVO":null,"FECHA_ACTO_ADMINISTRATIVO":"2025-10-15T00:00:00Z","NORMATIVA":"En el marco del Decreto 555 del 29 de diciembre de 2021 - Por el cual se adopta la revisión general del Plan de Ordenamiento Territorial de Bogotá","ESCALA_CAPTURA":null,"FECHA_CAPTURA":"2025-10-15T00:00:00Z","RESPONSABLE":"38","SHAPE_Leng":24.480564654199998,"SHAPE_Length":24.480564654229241},"geometry":{"type":"LineString","coordinates":[[-74.135160798364822,4.725316896389319],[-74.134940525717582,4.72532837284195]]}},
{"type":"Feature","properties":{"fid":626,"OBJECTID":626,"CODIGO_ID":"92079919","NOMBRE":"Alameda CL 41 Sur","LONGITUD":17.5,"TIPO_CAPACIDAD":null,"OBSERVACION":null,"PLAZO":"Existente","ACTO_ADMINISTRATIVO":null,"NUMERO_ACTO_ADMINISTRATIVO":null,"FECHA_ACTO_ADMINISTRATIVO":"2025-10-15T00:00:00Z","NORMATIVA":"En el marco del Decreto 555 del 29 de diciembre de 2021 - Por el cual se adopta la revisión general del Plan de Ordenamiento Territorial de Bogotá","ESCALA_CAPTURA":null,"FECHA_CAPTURA":"2025-10-15T00:00:00Z","RESPONSABLE":"38","SHAPE_Leng":17.5231024936,"SHAPE_Length":17.523102493572971},"geometry":{"type":"LineString","coordinates":[[-74.174762535166437,4.64515034950616],[-74.174765546881304,4.644991978528304]]}},
{"type":"Feature","properties":{"fid":627,"OBJECTID":627,"CODIGO_ID":"34012267","NOMBRE":"Alameda Humedal Jaboque","LONGITUD":38.5,"TIPO_CAPACIDAD":null,"OBSERVACION":null,"PLAZO":"Existente","ACTO_ADMINISTRATIVO":null,"NUMERO_ACTO_ADMINISTRATIVO":null,"FECHA_ACTO_ADMINISTRATIVO":"2025-10-15T00:00:00Z","NORMATIVA":"En el marco del Decreto 555 del 29 de diciembre de 2021 - Por el cual se adopta la revisión general del Plan de Ordenamiento Territorial de Bogotá","ESCALA_CAPTURA":null,"FECHA_CAPTURA":"2025-10-15T00:00:00Z","RESPONSABLE":"38","SHAPE_Leng":38.503322623800003,"SHAPE_Length":38.503322623849819},"geometry":{"type":"MultiLineString","coordinates":[[[-74.12287990481812,4.699125059071807],[-74.123010104603566,4.699002796513963]],[[-74.123010104603566,4.699002796513963],[-74.123027952537214,4.698981027360562],[-74.123043752629599,4.698957718715662],[-74.123057373333495,4.6989330649236],[-74.123068702021712,4.69890727027271],[-74.123077644987035,4.698880547187527],[-74.123084126541215,4.698853119844451]]]}},
{"type":"Feature","properties":{"fid":628,"OBJECTID":628,"CODIGO_ID":"34010685","NOMBRE":"Alameda Canal Virrey","LONGITUD":48.6,"TIPO_CAPACIDAD":null,"OBSERVACION":null,"PLAZO":"Existente","ACTO_ADMINISTRATIVO":null,"NUMERO_ACTO_ADMINISTRATIVO":null,"FECHA_ACTO_ADMINISTRATIVO":"2025-10-15T00:00:00Z","NORMATIVA":"En el marco del Decreto 555 del 29 de diciembre de 2021 - Por el cual se adopta la revisión general del Plan de Ordenamiento Territorial de Bogotá","ESCALA_CAPTURA":null,"FECHA_CAPTURA":"2025-10-15T00:00:00Z","RESPONSABLE":"38","SHAPE_Leng":48.568075683399996,"SHAPE_Length":48.568075684251667},"geometry":{"type":"LineString","coordinates":[[-74.055846764358222,4.673441411728423],[-74.056019334538462,4.673528492250258],[-74.056240049070354,4.673633800695498]]}},
{"type":"Feature","properties":{"fid":629,"OBJECTID":629,"CODIGO_ID":"34010767","NOMBRE":"Alameda Canal Tintal III (CL 59B S)","LONGITUD":122.6,"TIPO_CAPACIDAD":null,"OBSERVACION":null,"PLAZO":"Existente","ACTO_ADMINISTRATIVO":null,"NUMERO_ACTO_ADMINISTRATIVO":null,"FECHA_ACTO_ADMINISTRATIVO":"2025-10-15T00:00:00Z","NORMATIVA":"En el marco del Decreto 555 del 29 de diciembre de 2021 - Por el cual se adopta la revisión general del Plan de Ordenamiento Territorial de Bogotá","ESCALA_CAPTURA":null,"FECHA_CAPTURA":"2025-10-15T00:00:00Z","RESPONSABLE":"38","SHAPE_Leng":122.616655159,"SHAPE_Length":122.61665515915979},"geometry":{"type":"LineString","coordinates":[[-74.197134079448077,4.637858749034527],[-74.197146439347492,4.637880466412979],[-74.197266825477854,4.638080164381437],[-74.197376485036941,4.638270296613761],[-74.197520710903675,4.638525002596069],[-74.197669704971119,4.638788078762486],[-74.197687323073509,4.638818033431166]]}},
{"type":"Feature","properties":{"fid":630,"OBJECTID":630,"CODIGO_ID":"34011575","NOMBRE":"Alameda Humedal Jaboque","LONGITUD":94.7,"TIPO_CAPACIDAD":null,"OBSERVACION":null,"PLAZO":"Existente","ACTO_ADMINISTRATIVO":null,"NUMERO_ACTO_ADMINISTRATIVO":null,"FECHA_ACTO_ADMINISTRATIVO":"2025-10-15T00:00:00Z","NORMATIVA":"En el marco del Decreto 555 del 29 de diciembre de 2021 - Por el cual se adopta la revisión general del Plan de Ordenamiento Territorial de Bogotá","ESCALA_CAPTURA":null,"FECHA_CAPTURA":"2025-10-15T00:00:00Z","RESPONSABLE":"38","SHAPE_Leng":94.657971687100002,"SHAPE_Length":94.657971687160241},"geometry":{"type":"MultiLineString","coordinates":[[[-74.133039877337481,4.712909303618584],[-74.133156764907866,4.71283962696063]],[[-74.133156764907866,4.71283962696063],[-74.133206687859399,4.71281716755893],[-74.133258298266455,4.712798949504142],[-74.133311240239465,4.712785099341637]],[[-74.133311240239465,4.712785099341637],[-74.133392290987103,4.712774577137433]],[[-74.133392290987103,4.712774577137433],[-74.13344151532047,4.712770468728531],[-74.133490168513788,4.712761918311024],[-74.133537853231815,4.712748994577541],[-74.133584180247468,4.712731803282757],[-74.133628770243973,4.712710484531593]],[[-74.133628770243973,4.712710484531593],[-74.133677336394626,4.712682483877031],[-74.133723037501483,4.712649988742728],[-74.133765460908947,4.712613292904344],[-74.133804224594442,4.712572725392033]]]}},
{"type":"Feature","properties":{"fid":631,"OBJECTID":631,"CODIGO_ID":"519342","NOMBRE":"Alameda Canal Virrey","LONGITUD":6.3,"TIPO_CAPACIDAD":null,"OBSERVACION":null,"PLAZO":"Existente","ACTO_ADMINISTRATIVO":null,"NUMERO_ACTO_ADMINISTRATIVO":null,"FECHA_ACTO_ADMINISTRATIVO":"2025-10-15T00:00:00Z","NORMATIVA":"En el marco del Decreto 555 del 29 de diciembre de 2021 - Por el cual se adopta la revisión general del Plan de Ordenamiento Territorial de Bogotá","ESCALA_CAPTURA":null,"FECHA_CAPTURA":"2025-10-15T00:00:00Z","RESPONSABLE":"38","SHAPE_Leng":6.2952930439000001,"SHAPE_Length":6.2952930429823599},"geometry":{"type":"LineString","coordinates":[[-74.053965882162643,4.672902979360853],[-74.054021860237299,4.672912130175927]]}},
{"type":"Feature","properties":{"fid":632,"OBJECTID":632,"CODIGO_ID":"34011580","NOMBRE":"Alameda Humedal Juan Amarillo","LONGITUD":282.9,"TIPO_CAPACIDAD":null,"OBSERVACION":null,"PLAZO":"Existente","ACTO_ADMINISTRATIVO":null,"NUMERO_ACTO_ADMINISTRATIVO":null,"FECHA_ACTO_ADMINISTRATIVO":"2025-10-15T00:00:00Z","NORMATIVA":"En el marco del Decreto 555 del 29 de diciembre de 2021 - Por el cual se adopta la revisión general del Plan de Ordenamiento Territorial de Bogotá","ESCALA_CAPTURA":null,"FECHA_CAPTURA":"2025-10-15T00:00:00Z","RESPONSABLE":"38","SHAPE_Leng":282.90392428899997,"SHAPE_Length":282.90392428883399},"geometry":{"type":"MultiLineString","coordinates":[[[-74.107365766372226,4.725680064540076],[-74.107383340760421,4.725688778672043]],[[-74.107383340760421,4.725688778672043],[-74.107448086237952,4.725725884804137],[-74.107509313910469,4.725768580735335],[-74.107566546268217,4.725816531979576],[-74.107619336437068,4.725869365182943]],[[-74.107619336437068,4.725869365182943],[-74.107657660227247,4.725921280064422],[-74.107695010003638,4.725973905390833],[-74.107731370450182,4.726027223082543]],[[-74.107731370450182,4.726027223082543],[-74.107756431739475,4.7260757501283],[-74.107785334113828,4.726122078990956],[-74.107817884776935,4.72616590322149],[-74.107853871109313,4.726206934448692],[-74.107893056163306,4.726244903282804],[-74.10793518046502,4.726279558411813]],[[-74.10793518046502,4.726279558411813],[-74.108073440475025,4.726380017132814],[-74.108375269964071,4.726592510919553]],[[-74.108375269964071,4.726592510919553],[-74.108460590019732,4.726644073095362],[-74.10854795375036,4.72669206749717],[-74.108637213395596,4.726736410953055]],[[-74.108637213395596,4.726736410953055],[-74.109032930824696,4.726919397553464],[-74.10932256787541,4.727059326889344]],[[-74.10932256787541,4.727059326889344],[-74.109354249476624,4.727081345106441],[-74.109384997574466,4.727104655915038],[-74.109414761715101,4.727129219538943]]]}},
{"type":"Feature","properties":{"fid":633,"OBJECTID":633,"CODIGO_ID":"34011098","NOMBRE":"Alameda CL 41 Sur","LONGITUD":23.8,"TIPO_CAPACIDAD":null,"OBSERVACION":null,"PLAZO":"Existente","ACTO_ADMINISTRATIVO":null,"NUMERO_ACTO_ADMINISTRATIVO":null,"FECHA_ACTO_ADMINISTRATIVO":"2025-10-15T00:00:00Z","NORMATIVA":"En el marco del Decreto 555 del 29 de diciembre de 2021 - Por el cual se adopta la revisión general del Plan de Ordenamiento Territorial de Bogotá","ESCALA_CAPTURA":null,"FECHA_CAPTURA":"2025-10-15T00:00:00Z","RESPONSABLE":"38","SHAPE_Leng":23.758829416699999,"SHAPE_Length":23.758829416684041},"geometry":{"type":"LineString","coordinates":[[-74.177105629177845,4.648895870426601],[-74.176990197179293,4.648715010729492]]}},
{"type":"Feature","properties":{"fid":634,"OBJECTID":634,"CODIGO_ID":"92080242","NOMBRE":"Alameda Humedal Jaboque","LONGITUD":11.5,"TIPO_CAPACIDAD":null,"OBSERVACION":null,"PLAZO":"Existente","ACTO_ADMINISTRATIVO":null,"NUMERO_ACTO_ADMINISTRATIVO":null,"FECHA_ACTO_ADMINISTRATIVO":"2025-10-15T00:00:00Z","NORMATIVA":"En el marco del Decreto 555 del 29 de diciembre de 2021 - Por el cual se adopta la revisión general del Plan de Ordenamiento Territorial de Bogotá","ESCALA_CAPTURA":null,"FECHA_CAPTURA":"2025-10-15T00:00:00Z","RESPONSABLE":"38","SHAPE_Leng":11.5297840077,"SHAPE_Length":11.529784006857007},"geometry":{"type":"LineString","coordinates":[[-74.128562202324119,4.71033622952906],[-74.12846620134593,4.710296411793081]]}},
{"type":"Feature","properties":{"fid":635,"OBJECTID":635,"CODIGO_ID":"20013441","NOMBRE":"Alameda Canal Salitre","LONGITUD":13.2,"TIPO_CAPACIDAD":null,"OBSERVACION":null,"PLAZO":"Existente","ACTO_ADMINISTRATIVO":null,"NUMERO_ACTO_ADMINISTRATIVO":null,"FECHA_ACTO_ADMINISTRATIVO":"2025-10-15T00:00:00Z","NORMATIVA":"En el marco del Decreto 555 del 29 de diciembre de 2021 - Por el cual se adopta la revisión general del Plan de Ordenamiento Territorial de Bogotá","ESCALA_CAPTURA":null,"FECHA_CAPTURA":"2025-10-15T00:00:00Z","RESPONSABLE":"38","SHAPE_Leng":13.224796640099999,"SHAPE_Length":13.224796640129592},"geometry":{"type":"LineString","coordinates":[[-74.088374468204478,4.698594194493384],[-74.088325092681984,4.698702992102248]]}},
{"type":"Feature","properties":{"fid":636,"OBJECTID":636,"CODIGO_ID":"92040198","NOMBRE":"Alameda Humedal Jaboque","LONGITUD":20.3,"TIPO_CAPACIDAD":null,"OBSERVACION":null,"PLAZO":"Existente","ACTO_ADMINISTRATIVO":null,"NUMERO_ACTO_ADMINISTRATIVO":null,"FECHA_ACTO_ADMINISTRATIVO":"2025-10-15T00:00:00Z","NORMATIVA":"En el marco del Decreto 555 del 29 de diciembre de 2021 - Por el cual se adopta la revisión general del Plan de Ordenamiento Territorial de Bogotá","ESCALA_CAPTURA":null,"FECHA_CAPTURA":"2025-10-15T00:00:00Z","RESPONSABLE":"38","SHAPE_Leng":20.263748980399999,"SHAPE_Length":20.263748980415695},"geometry":{"type":"LineString","coordinates":[[-74.123533504450435,4.701663830674958],[-74.123378329462312,4.701567322853153]]}},
{"type":"Feature","properties":{"fid":637,"OBJECTID":637,"CODIGO_ID":"525283","NOMBRE":"Alameda Canal Molinos","LONGITUD":7.8,"TIPO_CAPACIDAD":null,"OBSERVACION":null,"PLAZO":"Existente","ACTO_ADMINISTRATIVO":null,"NUMERO_ACTO_ADMINISTRATIVO":null,"FECHA_ACTO_ADMINISTRATIVO":"2025-10-15T00:00:00Z","NORMATIVA":"En el marco del Decreto 555 del 29 de diciembre de 2021 - Por el cual se adopta la revisión general del Plan de Ordenamiento Territorial de Bogotá","ESCALA_CAPTURA":null,"FECHA_CAPTURA":"2025-10-15T00:00:00Z","RESPONSABLE":"38","SHAPE_Leng":7.8436811672799998,"SHAPE_Length":7.8436811672809119},"geometry":{"type":"LineString","coordinates":[[-74.043661069870268,4.694495761510963],[-74.04359104166609,4.694486240763401]]}},
{"type":"Feature","properties":{"fid":638,"OBJECTID":638,"CODIGO_ID":"92057249","NOMBRE":"Alameda Humedal el Burro","LONGITUD":4.0,"TIPO_CAPACIDAD":null,"OBSERVACION":null,"PLAZO":"Existente","ACTO_ADMINISTRATIVO":null,"NUMERO_ACTO_ADMINISTRATIVO":null,"FECHA_ACTO_ADMINISTRATIVO":"2025-10-15T00:00:00Z","NORMATIVA":"En el marco del Decreto 555 del 29 de diciembre de 2021 - Por el cual se adopta la revisión general del Plan de Ordenamiento Territorial de Bogotá","ESCALA_CAPTURA":null,"FECHA_CAPTURA":"2025-10-15T00:00:00Z","RESPONSABLE":"38","SHAPE_Leng":3.95278443684,"SHAPE_Length":3.9527844371158314},"geometry":{"type":"LineString","coordinates":[[-74.154673282876388,4.64589146281475],[-74.154683696729819,4.645925631948151]]}},
{"type":"Feature","properties":{"fid":639,"OBJECTID":639,"CODIGO_ID":"34012215","NOMBRE":"Alameda Canal Salitre","LONGITUD":113.6,"TIPO_CAPACIDAD":null,"OBSERVACION":null,"PLAZO":"Existente","ACTO_ADMINISTRATIVO":null,"NUMERO_ACTO_ADMINISTRATIVO":null,"FECHA_ACTO_ADMINISTRATIVO":"2025-10-15T00:00:00Z","NORMATIVA":"En el marco del Decreto 555 del 29 de diciembre de 2021 - Por el cual se adopta la revisión general del Plan de Ordenamiento Territorial de Bogotá","ESCALA_CAPTURA":null,"FECHA_CAPTURA":"2025-10-15T00:00:00Z","RESPONSABLE":"38","SHAPE_Leng":113.627221843,"SHAPE_Length":113.62722184281799},"geometry":{"type":"LineString","coordinates":[[-74.076628648655145,4.671397191109216],[-74.076630192903153,4.671323898322384],[-74.07662751781487,4.671262611340835],[-74.076624841826117,4.67120132345514],[-74.07661295260931,4.670907143505486],[-74.07661320658984,4.670789806666101],[-74.076597808941287,4.670370721650804]]}},
{"type":"Feature","properties":{"fid":640,"OBJECTID":640,"CODIGO_ID":"527967","NOMBRE":"Alameda Canal Salitre","LONGITUD":9.3,"TIPO_CAPACIDAD":null,"OBSERVACION":null,"PLAZO":"Existente","ACTO_ADMINISTRATIVO":null,"NUMERO_ACTO_ADMINISTRATIVO":null,"FECHA_ACTO_ADMINISTRATIVO":"2025-10-15T00:00:00Z","NORMATIVA":"En el marco del Decreto 555 del 29 de diciembre de 2021 - Por el cual se adopta la revisión general del Plan de Ordenamiento Territorial de Bogotá","ESCALA_CAPTURA":null,"FECHA_CAPTURA":"2025-10-15T00:00:00Z","RESPONSABLE":"38","SHAPE_Leng":9.3173563340799994,"SHAPE_Length":9.3173563340805305},"geometry":{"type":"LineString","coordinates":[[-74.080826122982572,4.689666466012613],[-74.080858784234479,4.689734510065289],[-74.080863133326829,4.68974203673546]]}},
{"type":"Feature","properties":{"fid":641,"OBJECTID":641,"CODIGO_ID":"702062","NOMBRE":"Alameda Río Bogotá","LONGITUD":108.7,"TIPO_CAPACIDAD":null,"OBSERVACION":null,"PLAZO":"Existente","ACTO_ADMINISTRATIVO":null,"NUMERO_ACTO_ADMINISTRATIVO":null,"FECHA_ACTO_ADMINISTRATIVO":"2025-10-15T00:00:00Z","NORMATIVA":"En el marco del Decreto 555 del 29 de diciembre de 2021 - Por el cual se adopta la revisión general del Plan de Ordenamiento Territorial de Bogotá","ESCALA_CAPTURA":null,"FECHA_CAPTURA":"2025-10-15T00:00:00Z","RESPONSABLE":"38","SHAPE_Leng":108.72464927,"SHAPE_Length":108.72464926885279},"geometry":{"type":"MultiLineString","coordinates":[[[-74.129874253491394,4.724024922161806],[-74.129651122990339,4.723934032163225],[-74.129481392166397,4.723868974586121]],[[-74.129481392166397,4.723868974586121],[-74.129393524103691,4.723840191661596],[-74.129303505178768,4.723819133798668],[-74.129212010231129,4.72380595739614],[-74.129119722210518,4.723800761000795]],[[-74.129119722210518,4.723800761000795],[-74.12893977305778,4.72381538681684],[-74.128933103847103,4.723816806746908]]]}},
{"type":"Feature","properties":{"fid":642,"OBJECTID":642,"CODIGO_ID":"34011565","NOMBRE":"Alameda Canal Salitre","LONGITUD":143.1,"TIPO_CAPACIDAD":null,"OBSERVACION":null,"PLAZO":"Existente","ACTO_ADMINISTRATIVO":null,"NUMERO_ACTO_ADMINISTRATIVO":null,"FECHA_ACTO_ADMINISTRATIVO":"2025-10-15T00:00:00Z","NORMATIVA":"En el marco del Decreto 555 del 29 de diciembre de 2021 - Por el cual se adopta la revisión general del Plan de Ordenamiento Territorial de Bogotá","ESCALA_CAPTURA":null,"FECHA_CAPTURA":"2025-10-15T00:00:00Z","RESPONSABLE":"38","SHAPE_Leng":143.05126387799999,"SHAPE_Length":143.05126387810159},"geometry":{"type":"MultiLineString","coordinates":[[[-74.088215882960341,4.705860659786183],[-74.088217673048632,4.70586239551356],[-74.088219472147387,4.705864122202218],[-74.088221279355679,4.705865839852086]],[[-74.088221279355679,4.705865839852086],[-74.088303167266659,4.70592724456739],[-74.088388980299925,4.705982993608152],[-74.08847833105699,4.706032833835608]],[[-74.08847833105699,4.706032833835608],[-74.088832311116676,4.706257682926648],[-74.089142192609756,4.706457414759087]],[[-74.089142192609756,4.706457414759087],[-74.089170304567759,4.706471074806427],[-74.089199434819449,4.706482385579692],[-74.08922938785949,4.706491272035072],[-74.089259964577366,4.706497673591662],[-74.089290960455131,4.706501549554928],[-74.089322168270783,4.706502871885421]]]}},
{"type":"Feature","properties":{"fid":643,"OBJECTID":643,"CODIGO_ID":"34010019","NOMBRE":"Alameda Humedal Jaboque","LONGITUD":16.1,"TIPO_CAPACIDAD":null,"OBSERVACION":null,"PLAZO":"Existente","ACTO_ADMINISTRATIVO":null,"NUMERO_ACTO_ADMINISTRATIVO":null,"FECHA_ACTO_ADMINISTRATIVO":"2025-10-15T00:00:00Z","NORMATIVA":"En el marco del Decreto 555 del 29 de diciembre de 2021 - Por el cual se adopta la revisión general del Plan de Ordenamiento Territorial de Bogotá","ESCALA_CAPTURA":null,"FECHA_CAPTURA":"2025-10-15T00:00:00Z","RESPONSABLE":"38","SHAPE_Leng":16.104217669800001,"SHAPE_Length":16.104217669776503},"geometry":{"type":"LineString","coordinates":[[-74.123378329462312,4.701567322853153],[-74.123257247486436,4.701487112495772]]}},
{"type":"Feature","properties":{"fid":644,"OBJECTID":644,"CODIGO_ID":"28882","NOMBRE":"Alameda CL 41 Sur","LONGITUD":1.6,"TIPO_CAPACIDAD":null,"OBSERVACION":null,"PLAZO":"Existente","ACTO_ADMINISTRATIVO":null,"NUMERO_ACTO_ADMINISTRATIVO":null,"FECHA_ACTO_ADMINISTRATIVO":"2025-10-15T00:00:00Z","NORMATIVA":"En el marco del Decreto 555 del 29 de diciembre de 2021 - Por el cual se adopta la revisión general del Plan de Ordenamiento Territorial de Bogotá","ESCALA_CAPTURA":null,"FECHA_CAPTURA":"2025-10-15T00:00:00Z","RESPONSABLE":"38","SHAPE_Leng":1.5860125839799999,"SHAPE_Length":1.5860125839758246},"geometry":{"type":"LineString","coordinates":[[-74.173414763344724,4.642823369383289],[-74.17340725484506,4.642811171787987]]}},
{"type":"Feature","properties":{"fid":645,"OBJECTID":645,"CODIGO_ID":"20012224","NOMBRE":"Alameda Canal Torca","LONGITUD":13.8,"TIPO_CAPACIDAD":null,"OBSERVACION":null,"PLAZO":"Existente","ACTO_ADMINISTRATIVO":null,"NUMERO_ACTO_ADMINISTRATIVO":null,"FECHA_ACTO_ADMINISTRATIVO":"2025-10-15T00:00:00Z","NORMATIVA":"En el marco del Decreto 555 del 29 de diciembre de 2021 - Por el cual se adopta la revisión general del Plan de Ordenamiento Territorial de Bogotá","ESCALA_CAPTURA":null,"FECHA_CAPTURA":"2025-10-15T00:00:00Z","RESPONSABLE":"38","SHAPE_Leng":13.8434986817,"SHAPE_Length":13.843498681650541},"geometry":{"type":"LineString","coordinates":[[-74.040958636045943,4.76383305355454],[-74.040921857786842,4.763952627932899]]}},
{"type":"Feature","properties":{"fid":646,"OBJECTID":646,"CODIGO_ID":"34010072","NOMBRE":"Alameda Av El Salitre","LONGITUD":28.7,"TIPO_CAPACIDAD":null,"OBSERVACION":null,"PLAZO":"Existente","ACTO_ADMINISTRATIVO":null,"NUMERO_ACTO_ADMINISTRATIVO":null,"FECHA_ACTO_ADMINISTRATIVO":"2025-10-15T00:00:00Z","NORMATIVA":"En el marco del Decreto 555 del 29 de diciembre de 2021 - Por el cual se adopta la revisión general del Plan de Ordenamiento Territorial de Bogotá","ESCALA_CAPTURA":null,"FECHA_CAPTURA":"2025-10-15T00:00:00Z","RESPONSABLE":"38","SHAPE_Leng":28.730873125399999,"SHAPE_Length":28.730873126248184},"geometry":{"type":"LineString","coordinates":[[-74.113744616667617,4.692276938683752],[-74.113691514847588,4.692246898923027],[-74.113604946285179,4.692194504772329],[-74.113521770605658,4.692144837980235]]}},
{"type":"Feature","properties":{"fid":647,"OBJECTID":647,"CODIGO_ID":"902243","NOMBRE":"Alameda Av El Salitre","LONGITUD":6.5,"TIPO_CAPACIDAD":null,"OBSERVACION":null,"PLAZO":"Existente","ACTO_ADMINISTRATIVO":null,"NUMERO_ACTO_ADMINISTRATIVO":null,"FECHA_ACTO_ADMINISTRATIVO":"2025-10-15T00:00:00Z","NORMATIVA":"En el marco del Decreto 555 del 29 de diciembre de 2021 - Por el cual se adopta la revisión general del Plan de Ordenamiento Territorial de Bogotá","ESCALA_CAPTURA":null,"FECHA_CAPTURA":"2025-10-15T00:00:00Z","RESPONSABLE":"38","SHAPE_Leng":6.5196024969300002,"SHAPE_Length":6.5196024969307702},"geometry":{"type":"LineString","coordinates":[[-74.116660389409461,4.694031099707837],[-74.116609841545909,4.694001081069253]]}},
{"type":"Feature","properties":{"fid":648,"OBJECTID":648,"CODIGO_ID":"20447217","NOMBRE":"Alameda Canal Molinos","LONGITUD":28.9,"TIPO_CAPACIDAD":null,"OBSERVACION":null,"PLAZO":"Existente","ACTO_ADMINISTRATIVO":null,"NUMERO_ACTO_ADMINISTRATIVO":null,"FECHA_ACTO_ADMINISTRATIVO":"2025-10-15T00:00:00Z","NORMATIVA":"En el marco del Decreto 555 del 29 de diciembre de 2021 - Por el cual se adopta la revisión general del Plan de Ordenamiento Territorial de Bogotá","ESCALA_CAPTURA":null,"FECHA_CAPTURA":"2025-10-15T00:00:00Z","RESPONSABLE":"38","SHAPE_Leng":28.864416171599999,"SHAPE_Length":28.864416171565505},"geometry":{"type":"MultiLineString","coordinates":[[[-74.039379074652189,4.689434946862471],[-74.03939755689558,4.68952856503858]],[[-74.03939755689558,4.68952856503858],[-74.039409723242471,4.689582358008591],[-74.039416471128021,4.689637101097934],[-74.039417734864855,4.689692247409431]]]}},
{"type":"Feature","properties":{"fid":649,"OBJECTID":649,"CODIGO_ID":"34010386","NOMBRE":"Alameda Canal Torca","LONGITUD":123.9,"TIPO_CAPACIDAD":null,"OBSERVACION":null,"PLAZO":"Existente","ACTO_ADMINISTRATIVO":null,"NUMERO_ACTO_ADMINISTRATIVO":null,"FECHA_ACTO_ADMINISTRATIVO":"2025-10-15T00:00:00Z","NORMATIVA":"En el marco del Decreto 555 del 29 de diciembre de 2021 - Por el cual se adopta la revisión general del Plan de Ordenamiento Territorial de Bogotá","ESCALA_CAPTURA":null,"FECHA_CAPTURA":"2025-10-15T00:00:00Z","RESPONSABLE":"38","SHAPE_Leng":123.913083751,"SHAPE_Length":123.91308375093618},"geometry":{"type":"LineString","coordinates":[[-74.040096903954137,4.775313678705686],[-74.04018983825101,4.775602131581618],[-74.040295636821781,4.775950855972123],[-74.04038428040306,4.776233567209542],[-74.040428421180948,4.776383226421314]]}},
{"type":"Feature","properties":{"fid":650,"OBJECTID":650,"CODIGO_ID":"91064023","NOMBRE":"Alameda CL 40B Sur","LONGITUD":12.9,"TIPO_CAPACIDAD":null,"OBSERVACION":null,"PLAZO":"Existente","ACTO_ADMINISTRATIVO":null,"NUMERO_ACTO_ADMINISTRATIVO":null,"FECHA_ACTO_ADMINISTRATIVO":"2025-10-15T00:00:00Z","NORMATIVA":"En el marco del Decreto 555 del 29 de diciembre de 2021 - Por el cual se adopta la revisión general del Plan de Ordenamiento Territorial de Bogotá","ESCALA_CAPTURA":null,"FECHA_CAPTURA":"2025-10-15T00:00:00Z","RESPONSABLE":"38","SHAPE_Leng":12.917035713600001,"SHAPE_Length":12.917035713640798},"geometry":{"type":"LineString","coordinates":[[-74.169933918958193,4.638141378577906],[-74.169854488588285,4.638056046641115]]}},
{"type":"Feature","properties":{"fid":651,"OBJECTID":651,"CODIGO_ID":"0","NOMBRE":"Alameda Canal Río Negro","LONGITUD":18.8,"TIPO_CAPACIDAD":null,"OBSERVACION":null,"PLAZO":"Existente","ACTO_ADMINISTRATIVO":null,"NUMERO_ACTO_ADMINISTRATIVO":null,"FECHA_ACTO_ADMINISTRATIVO":"2025-10-15T00:00:00Z","NORMATIVA":"En el marco del Decreto 555 del 29 de diciembre de 2021 - Por el cual se adopta la revisión general del Plan de Ordenamiento Territorial de Bogotá","ESCALA_CAPTURA":null,"FECHA_CAPTURA":"2025-10-15T00:00:00Z","RESPONSABLE":"38","SHAPE_Leng":18.825260289700001,"SHAPE_Length":18.825260290670162},"geometry":{"type":"LineString","coordinates":[[-74.063103736268772,4.678625098889779],[-74.062934180337749,4.678621056086694]]}},
{"type":"Feature","properties":{"fid":652,"OBJECTID":652,"CODIGO_ID":"29553","NOMBRE":"Alameda CL 41 Sur","LONGITUD":70.6,"TIPO_CAPACIDAD":null,"OBSERVACION":null,"PLAZO":"Existente","ACTO_ADMINISTRATIVO":null,"NUMERO_ACTO_ADMINISTRATIVO":null,"FECHA_ACTO_ADMINISTRATIVO":"2025-10-15T00:00:00Z","NORMATIVA":"En el marco del Decreto 555 del 29 de diciembre de 2021 - Por el cual se adopta la revisión general del Plan de Ordenamiento Territorial de Bogotá","ESCALA_CAPTURA":null,"FECHA_CAPTURA":"2025-10-15T00:00:00Z","RESPONSABLE":"38","SHAPE_Leng":70.5564813087,"SHAPE_Length":70.556481308416494},"geometry":{"type":"LineString","coordinates":[[-74.174778185278683,4.644327274015255],[-74.174776938684616,4.644288030047941],[-74.174265660620108,4.644502974883258],[-74.17425145105716,4.644463140241358]]}},
{"type":"Feature","properties":{"fid":653,"OBJECTID":653,"CODIGO_ID":"34010449","NOMBRE":"Alameda Canal Molinos","LONGITUD":240.9,"TIPO_CAPACIDAD":null,"OBSERVACION":null,"PLAZO":"Existente","ACTO_ADMINISTRATIVO":null,"NUMERO_ACTO_ADMINISTRATIVO":null,"FECHA_ACTO_ADMINISTRATIVO":"2025-10-15T00:00:00Z","NORMATIVA":"En el marco del Decreto 555 del 29 de diciembre de 2021 - Por el cual se adopta la revisión general del Plan de Ordenamiento Territorial de Bogotá","ESCALA_CAPTURA":null,"FECHA_CAPTURA":"2025-10-15T00:00:00Z","RESPONSABLE":"38","SHAPE_Leng":240.92583869399999,"SHAPE_Length":240.92583869376887},"geometry":{"type":"MultiLineString","coordinates":[[[-74.054979258766963,4.696887655679109],[-74.054519257216171,4.696818375433586],[-74.053836360737634,4.696722843611613],[-74.05346492675325,4.69668572328774],[-74.053282660170254,4.696669304961609]],[[-74.053282660170254,4.696669304961609],[-74.053223626770063,4.696660896690929],[-74.053165334515469,4.696648319515625],[-74.053108075310206,4.696631635847294]],[[-74.053108075310206,4.696631635847294],[-74.052830317551127,4.696589994447679]]]}},
{"type":"Feature","properties":{"fid":654,"OBJECTID":654,"CODIGO_ID":"35004803","NOMBRE":"Alameda Humedal el Burro","LONGITUD":38.1,"TIPO_CAPACIDAD":null,"OBSERVACION":null,"PLAZO":"Existente","ACTO_ADMINISTRATIVO":null,"NUMERO_ACTO_ADMINISTRATIVO":null,"FECHA_ACTO_ADMINISTRATIVO":"2025-10-15T00:00:00Z","NORMATIVA":"En el marco del Decreto 555 del 29 de diciembre de 2021 - Por el cual se adopta la revisión general del Plan de Ordenamiento Territorial de Bogotá","ESCALA_CAPTURA":null,"FECHA_CAPTURA":"2025-10-15T00:00:00Z","RESPONSABLE":"38","SHAPE_Leng":38.052991171800002,"SHAPE_Length":38.052991171806561},"geometry":{"type":"MultiLineString","coordinates":[[[-74.145359114590363,4.632390544729937],[-74.145320850070448,4.6327063889061]],[[-74.145320850070448,4.6327063889061],[-74.145318767221184,4.632714734157992],[-74.145317296969992,4.632723210483559],[-74.145316448325772,4.632731771781438]]]}},
{"type":"Feature","properties":{"fid":655,"OBJECTID":655,"CODIGO_ID":"902337","NOMBRE":"Alameda Canal Molinos","LONGITUD":13.6,"TIPO_CAPACIDAD":null,"OBSERVACION":null,"PLAZO":"Existente","ACTO_ADMINISTRATIVO":null,"NUMERO_ACTO_ADMINISTRATIVO":null,"FECHA_ACTO_ADMINISTRATIVO":"2025-10-15T00:00:00Z","NORMATIVA":"En el marco del Decreto 555 del 29 de diciembre de 2021 - Por el cual se adopta la revisión general del Plan de Ordenamiento Territorial de Bogotá","ESCALA_CAPTURA":null,"FECHA_CAPTURA":"2025-10-15T00:00:00Z","RESPONSABLE":"38","SHAPE_Leng":13.586452941299999,"SHAPE_Length":13.586452941261619},"geometry":{"type":"LineString","coordinates":[[-74.065091760015989,4.698256348234589],[-74.065024589043446,4.698199582498784],[-74.065001091298001,4.698174121911364]]}},
{"type":"Feature","properties":{"fid":656,"OBJECTID":656,"CODIGO_ID":"91024542","NOMBRE":"Alameda Tv 127","LONGITUD":8.0,"TIPO_CAPACIDAD":null,"OBSERVACION":null,"PLAZO":"Existente","ACTO_ADMINISTRATIVO":null,"NUMERO_ACTO_ADMINISTRATIVO":null,"FECHA_ACTO_ADMINISTRATIVO":"2025-10-15T00:00:00Z","NORMATIVA":"En el marco del Decreto 555 del 29 de diciembre de 2021 - Por el cual se adopta la revisión general del Plan de Ordenamiento Territorial de Bogotá","ESCALA_CAPTURA":null,"FECHA_CAPTURA":"2025-10-15T00:00:00Z","RESPONSABLE":"38","SHAPE_Leng":7.9550596449900004,"SHAPE_Length":7.9550596454675038},"geometry":{"type":"LineString","coordinates":[[-74.114017683915577,4.740653897419895],[-74.114054773595626,4.740592363953706]]}},
{"type":"Feature","properties":{"fid":657,"OBJECTID":657,"CODIGO_ID":"92080299","NOMBRE":"Alameda Humedal Jaboque","LONGITUD":14.7,"TIPO_CAPACIDAD":null,"OBSERVACION":null,"PLAZO":"Existente","ACTO_ADMINISTRATIVO":null,"NUMERO_ACTO_ADMINISTRATIVO":null,"FECHA_ACTO_ADMINISTRATIVO":"2025-10-15T00:00:00Z","NORMATIVA":"En el marco del Decreto 555 del 29 de diciembre de 2021 - Por el cual se adopta la revisión general del Plan de Ordenamiento Territorial de Bogotá","ESCALA_CAPTURA":null,"FECHA_CAPTURA":"2025-10-15T00:00:00Z","RESPONSABLE":"38","SHAPE_Leng":14.651442903,"SHAPE_Length":14.651442902284508},"geometry":{"type":"LineString","coordinates":[[-74.124205443310473,4.702855286345592],[-74.124203481954382,4.702853593189888],[-74.124102879639921,4.702771911109267]]}},
{"type":"Feature","properties":{"fid":658,"OBJECTID":658,"CODIGO_ID":"20010769","NOMBRE":"Alameda Canal Torca","LONGITUD":18.3,"TIPO_CAPACIDAD":null,"OBSERVACION":null,"PLAZO":"Existente","ACTO_ADMINISTRATIVO":null,"NUMERO_ACTO_ADMINISTRATIVO":null,"FECHA_ACTO_ADMINISTRATIVO":"2025-10-15T00:00:00Z","NORMATIVA":"En el marco del Decreto 555 del 29 de diciembre de 2021 - Por el cual se adopta la revisión general del Plan de Ordenamiento Territorial de Bogotá","ESCALA_CAPTURA":null,"FECHA_CAPTURA":"2025-10-15T00:00:00Z","RESPONSABLE":"38","SHAPE_Leng":18.257043818500001,"SHAPE_Length":18.25704381816859},"geometry":{"type":"LineString","coordinates":[[-74.040493264213339,4.764451035473674],[-74.040552531676227,4.764297084892558]]}},
{"type":"Feature","properties":{"fid":659,"OBJECTID":659,"CODIGO_ID":"34011517","NOMBRE":"Alameda Humedal Jaboque","LONGITUD":29.3,"TIPO_CAPACIDAD":null,"OBSERVACION":null,"PLAZO":"Existente","ACTO_ADMINISTRATIVO":null,"NUMERO_ACTO_ADMINISTRATIVO":null,"FECHA_ACTO_ADMINISTRATIVO":"2025-10-15T00:00:00Z","NORMATIVA":"En el marco del Decreto 555 del 29 de diciembre de 2021 - Por el cual se adopta la revisión general del Plan de Ordenamiento Territorial de Bogotá","ESCALA_CAPTURA":null,"FECHA_CAPTURA":"2025-10-15T00:00:00Z","RESPONSABLE":"38","SHAPE_Leng":29.2441405806,"SHAPE_Length":29.244140580627324},"geometry":{"type":"MultiLineString","coordinates":[[[-74.127219370073703,4.708242199720782],[-74.12722148659978,4.708237395302264]],[[-74.12722148659978,4.708237395302264],[-74.127229600651546,4.708209877578361],[-74.127235193788636,4.708181735156957],[-74.127238219154151,4.70815320035113],[-74.127238653316553,4.70812450728249]],[[-74.127238653316553,4.70812450728249],[-74.127241320631839,4.708076477045045],[-74.127247153067515,4.708028729830864],[-74.127256125389792,4.707981475354886]]]}},
{"type":"Feature","properties":{"fid":660,"OBJECTID":660,"CODIGO_ID":"92080333","NOMBRE":"Alameda Av El Salitre","LONGITUD":6.0,"TIPO_CAPACIDAD":null,"OBSERVACION":null,"PLAZO":"Existente","ACTO_ADMINISTRATIVO":null,"NUMERO_ACTO_ADMINISTRATIVO":null,"FECHA_ACTO_ADMINISTRATIVO":"2025-10-15T00:00:00Z","NORMATIVA":"En el marco del Decreto 555 del 29 de diciembre de 2021 - Por el cual se adopta la revisión general del Plan de Ordenamiento Territorial de Bogotá","ESCALA_CAPTURA":null,"FECHA_CAPTURA":"2025-10-15T00:00:00Z","RESPONSABLE":"38","SHAPE_Leng":5.9510718178399999,"SHAPE_Length":5.9510718178365796},"geometry":{"type":"LineString","coordinates":[[-74.11910460197673,4.695476102816537],[-74.119093172672791,4.69546915824435],[-74.119058618073765,4.695448439317393]]}},
{"type":"Feature","properties":{"fid":661,"OBJECTID":661,"CODIGO_ID":"20012002","NOMBRE":"Alameda Humedal Jaboque","LONGITUD":15.2,"TIPO_CAPACIDAD":null,"OBSERVACION":null,"PLAZO":"Existente","ACTO_ADMINISTRATIVO":null,"NUMERO_ACTO_ADMINISTRATIVO":null,"FECHA_ACTO_ADMINISTRATIVO":"2025-10-15T00:00:00Z","NORMATIVA":"En el marco del Decreto 555 del 29 de diciembre de 2021 - Por el cual se adopta la revisión general del Plan de Ordenamiento Territorial de Bogotá","ESCALA_CAPTURA":null,"FECHA_CAPTURA":"2025-10-15T00:00:00Z","RESPONSABLE":"38","SHAPE_Leng":15.1810631242,"SHAPE_Length":15.181063123836744},"geometry":{"type":"LineString","coordinates":[[-74.133903300711623,4.710654039596637],[-74.133826312911111,4.710654810158175],[-74.133790990931658,4.710703205916948]]}},
{"type":"Feature","properties":{"fid":662,"OBJECTID":662,"CODIGO_ID":"91036219","NOMBRE":"Alameda CL 41 Sur","LONGITUD":6.0,"TIPO_CAPACIDAD":null,"OBSERVACION":null,"PLAZO":"Existente","ACTO_ADMINISTRATIVO":null,"NUMERO_ACTO_ADMINISTRATIVO":null,"FECHA_ACTO_ADMINISTRATIVO":"2025-10-15T00:00:00Z","NORMATIVA":"En el marco del Decreto 555 del 29 de diciembre de 2021 - Por el cual se adopta la revisión general del Plan de Ordenamiento Territorial de Bogotá","ESCALA_CAPTURA":null,"FECHA_CAPTURA":"2025-10-15T00:00:00Z","RESPONSABLE":"38","SHAPE_Leng":5.98024167141,"SHAPE_Length":5.9802416714061604},"geometry":{"type":"LineString","coordinates":[[-74.176990197179293,4.648715010729492],[-74.176961142103806,4.648669487338188]]}},
{"type":"Feature","properties":{"fid":663,"OBJECTID":663,"CODIGO_ID":"92084177","NOMBRE":"Alameda Humedal Juan Amarillo","LONGITUD":10.1,"TIPO_CAPACIDAD":null,"OBSERVACION":null,"PLAZO":"Existente","ACTO_ADMINISTRATIVO":null,"NUMERO_ACTO_ADMINISTRATIVO":null,"FECHA_ACTO_ADMINISTRATIVO":"2025-10-15T00:00:00Z","NORMATIVA":"En el marco del Decreto 555 del 29 de diciembre de 2021 - Por el cual se adopta la revisión general del Plan de Ordenamiento Territorial de Bogotá","ESCALA_CAPTURA":null,"FECHA_CAPTURA":"2025-10-15T00:00:00Z","RESPONSABLE":"38","SHAPE_Leng":10.1144971551,"SHAPE_Length":10.11449715506712},"geometry":{"type":"LineString","coordinates":[[-74.095522298028044,4.71561203063545],[-74.095525780898484,4.715616675367816],[-74.095581056100997,4.715681904581439]]}},
{"type":"Feature","properties":{"fid":664,"OBJECTID":664,"CODIGO_ID":"34011504","NOMBRE":"Alameda Humedal Jaboque","LONGITUD":38.9,"TIPO_CAPACIDAD":null,"OBSERVACION":null,"PLAZO":"Existente","ACTO_ADMINISTRATIVO":null,"NUMERO_ACTO_ADMINISTRATIVO":null,"FECHA_ACTO_ADMINISTRATIVO":"2025-10-15T00:00:00Z","NORMATIVA":"En el marco del Decreto 555 del 29 de diciembre de 2021 - Por el cual se adopta la revisión general del Plan de Ordenamiento Territorial de Bogotá","ESCALA_CAPTURA":null,"FECHA_CAPTURA":"2025-10-15T00:00:00Z","RESPONSABLE":"38","SHAPE_Leng":38.9353626117,"SHAPE_Length":38.935362611720372},"geometry":{"type":"MultiLineString","coordinates":[[[-74.129590460852157,4.705693041993046],[-74.129590956024956,4.705670841068821],[-74.129593517125144,4.705648783922567],[-74.129598121623488,4.705627063998395]],[[-74.129598121623488,4.705627063998395],[-74.12969604983823,4.705416567877756]],[[-74.12969604983823,4.705416567877756],[-74.129703412072615,4.705400504919521],[-74.129709671527394,4.705383978209664],[-74.129714799369694,4.705367063679098]]]}},
{"type":"Feature","properties":{"fid":665,"OBJECTID":665,"CODIGO_ID":"901589","NOMBRE":"Alameda Canal Salitre","LONGITUD":140.5,"TIPO_CAPACIDAD":null,"OBSERVACION":null,"PLAZO":"Existente","ACTO_ADMINISTRATIVO":null,"NUMERO_ACTO_ADMINISTRATIVO":null,"FECHA_ACTO_ADMINISTRATIVO":"2025-10-15T00:00:00Z","NORMATIVA":"En el marco del Decreto 555 del 29 de diciembre de 2021 - Por el cual se adopta la revisión general del Plan de Ordenamiento Territorial de Bogotá","ESCALA_CAPTURA":null,"FECHA_CAPTURA":"2025-10-15T00:00:00Z","RESPONSABLE":"38","SHAPE_Leng":140.46371739099999,"SHAPE_Length":140.46371739118067},"geometry":{"type":"LineString","coordinates":[[-74.075422195864746,4.674288987241397],[-74.07541674597779,4.674156517763313],[-74.075429639481698,4.673948441301683],[-74.075484016386071,4.67366861824822],[-74.075555549478352,4.673453373099719],[-74.075644250595275,4.673185033634683],[-74.075678931448607,4.673082163443301],[-74.075687030525302,4.673058140964161]]}},
{"type":"Feature","properties":{"fid":666,"OBJECTID":666,"CODIGO_ID":"92080243","NOMBRE":"Alameda Humedal Jaboque","LONGITUD":22.0,"TIPO_CAPACIDAD":null,"OBSERVACION":null,"PLAZO":"Existente","ACTO_ADMINISTRATIVO":null,"NUMERO_ACTO_ADMINISTRATIVO":null,"FECHA_ACTO_ADMINISTRATIVO":"2025-10-15T00:00:00Z","NORMATIVA":"En el marco del Decreto 555 del 29 de diciembre de 2021 - Por el cual se adopta la revisión general del Plan de Ordenamiento Territorial de Bogotá","ESCALA_CAPTURA":null,"FECHA_CAPTURA":"2025-10-15T00:00:00Z","RESPONSABLE":"38","SHAPE_Leng":21.962575664599999,"SHAPE_Length":21.96257566438377},"geometry":{"type":"MultiLineString","coordinates":[[[-74.127588461930756,4.709679637213592],[-74.127585751310505,4.709664061232107],[-74.127584440815212,4.709648303595582],[-74.127584542154025,4.709632491760799],[-74.127586054422395,4.709616753184266],[-74.127588964102188,4.709601212610249],[-74.127593249566416,4.709585996590706],[-74.127598875673556,4.709571226253515],[-74.127605797371402,4.709557020918391]],[[-74.127605797371402,4.709557020918391],[-74.127646818694473,4.70949790210765]]]}},
{"type":"Feature","properties":{"fid":667,"OBJECTID":667,"CODIGO_ID":"34010258","NOMBRE":"Alameda Tv 127","LONGITUD":20.4,"TIPO_CAPACIDAD":null,"OBSERVACION":null,"PLAZO":"Existente","ACTO_ADMINISTRATIVO":null,"NUMERO_ACTO_ADMINISTRATIVO":null,"FECHA_ACTO_ADMINISTRATIVO":"2025-10-15T00:00:00Z","NORMATIVA":"En el marco del Decreto 555 del 29 de diciembre de 2021 - Por el cual se adopta la revisión general del Plan de Ordenamiento Territorial de Bogotá","ESCALA_CAPTURA":null,"FECHA_CAPTURA":"2025-10-15T00:00:00Z","RESPONSABLE":"38","SHAPE_Leng":20.3641582815,"SHAPE_Length":20.364158280793692},"geometry":{"type":"LineString","coordinates":[[-74.112870937017561,4.742041014250515],[-74.113018855485308,4.741932094170847]]}},
{"type":"Feature","properties":{"fid":668,"OBJECTID":668,"CODIGO_ID":"20012496","NOMBRE":"Alameda Canal Torca","LONGITUD":33.7,"TIPO_CAPACIDAD":null,"OBSERVACION":null,"PLAZO":"Existente","ACTO_ADMINISTRATIVO":null,"NUMERO_ACTO_ADMINISTRATIVO":null,"FECHA_ACTO_ADMINISTRATIVO":"2025-10-15T00:00:00Z","NORMATIVA":"En el marco del Decreto 555 del 29 de diciembre de 2021 - Por el cual se adopta la revisión general del Plan de Ordenamiento Territorial de Bogotá","ESCALA_CAPTURA":null,"FECHA_CAPTURA":"2025-10-15T00:00:00Z","RESPONSABLE":"38","SHAPE_Leng":33.649025437699997,"SHAPE_Length":33.649025437651453},"geometry":{"type":"LineString","coordinates":[[-74.039930169404983,4.75417156197395],[-74.039952367487302,4.754217103403582],[-74.03997040611975,4.754264457500873],[-74.039984140293456,4.754313244587124],[-74.039993458340021,4.75436306962172],[-74.039998286435278,4.75441353214613],[-74.039998584995104,4.754464226283382]]}},
{"type":"Feature","properties":{"fid":669,"OBJECTID":669,"CODIGO_ID":"34010014","NOMBRE":"Alameda Humedal Jaboque","LONGITUD":29.7,"TIPO_CAPACIDAD":null,"OBSERVACION":null,"PLAZO":"Existente","ACTO_ADMINISTRATIVO":null,"NUMERO_ACTO_ADMINISTRATIVO":null,"FECHA_ACTO_ADMINISTRATIVO":"2025-10-15T00:00:00Z","NORMATIVA":"En el marco del Decreto 555 del 29 de diciembre de 2021 - Por el cual se adopta la revisión general del Plan de Ordenamiento Territorial de Bogotá","ESCALA_CAPTURA":null,"FECHA_CAPTURA":"2025-10-15T00:00:00Z","RESPONSABLE":"38","SHAPE_Leng":29.7307551952,"SHAPE_Length":29.730755194781946},"geometry":{"type":"MultiLineString","coordinates":[[[-74.128267817578674,4.708228017175664],[-74.128269534030025,4.708224514426828],[-74.128271364903839,4.708221069533616],[-74.128273308397993,4.708217687919639]],[[-74.128273308397993,4.708217687919639],[-74.128411575770002,4.70801104929637],[-74.128416106052768,4.708004278852799]]]}},
{"type":"Feature","properties":{"fid":670,"OBJECTID":670,"CODIGO_ID":"507821","NOMBRE":"Alameda Canal Torca","LONGITUD":8.4,"TIPO_CAPACIDAD":null,"OBSERVACION":null,"PLAZO":"Existente","ACTO_ADMINISTRATIVO":null,"NUMERO_ACTO_ADMINISTRATIVO":null,"FECHA_ACTO_ADMINISTRATIVO":"2025-10-15T00:00:00Z","NORMATIVA":"En el marco del Decreto 555 del 29 de diciembre de 2021 - Por el cual se adopta la revisión general del Plan de Ordenamiento Territorial de Bogotá","ESCALA_CAPTURA":null,"FECHA_CAPTURA":"2025-10-15T00:00:00Z","RESPONSABLE":"38","SHAPE_Leng":8.3732404861699994,"SHAPE_Length":8.3732404861688501},"geometry":{"type":"LineString","coordinates":[[-74.037361486859723,4.749278687633293],[-74.037423470779743,4.749321838182626]]}},
{"type":"Feature","properties":{"fid":671,"OBJECTID":671,"CODIGO_ID":"34010033","NOMBRE":"Alameda Humedal Jaboque","LONGITUD":37.0,"TIPO_CAPACIDAD":null,"OBSERVACION":null,"PLAZO":"Existente","ACTO_ADMINISTRATIVO":null,"NUMERO_ACTO_ADMINISTRATIVO":null,"FECHA_ACTO_ADMINISTRATIVO":"2025-10-15T00:00:00Z","NORMATIVA":"En el marco del Decreto 555 del 29 de diciembre de 2021 - Por el cual se adopta la revisión general del Plan de Ordenamiento Territorial de Bogotá","ESCALA_CAPTURA":null,"FECHA_CAPTURA":"2025-10-15T00:00:00Z","RESPONSABLE":"38","SHAPE_Leng":37.0313072537,"SHAPE_Length":37.031307252956751},"geometry":{"type":"LineString","coordinates":[[-74.124586426289838,4.702281021878082],[-74.124383077744469,4.702136922660253],[-74.124314070537352,4.702087672521313]]}},
{"type":"Feature","properties":{"fid":672,"OBJECTID":672,"CODIGO_ID":"510087","NOMBRE":"Alameda Canal Molinos","LONGITUD":7.2,"TIPO_CAPACIDAD":null,"OBSERVACION":null,"PLAZO":"Existente","ACTO_ADMINISTRATIVO":null,"NUMERO_ACTO_ADMINISTRATIVO":null,"FECHA_ACTO_ADMINISTRATIVO":"2025-10-15T00:00:00Z","NORMATIVA":"En el marco del Decreto 555 del 29 de diciembre de 2021 - Por el cual se adopta la revisión general del Plan de Ordenamiento Territorial de Bogotá","ESCALA_CAPTURA":null,"FECHA_CAPTURA":"2025-10-15T00:00:00Z","RESPONSABLE":"38","SHAPE_Leng":7.1644935685700002,"SHAPE_Length":7.1644935694947689},"geometry":{"type":"LineString","coordinates":[[-74.050283567616631,4.696410792684505],[-74.050219422973683,4.696403553160907]]}},
{"type":"Feature","properties":{"fid":673,"OBJECTID":673,"CODIGO_ID":"34010766","NOMBRE":"Alameda Canal Tintal III (CL 59B S)","LONGITUD":117.7,"TIPO_CAPACIDAD":null,"OBSERVACION":null,"PLAZO":"Existente","ACTO_ADMINISTRATIVO":null,"NUMERO_ACTO_ADMINISTRATIVO":null,"FECHA_ACTO_ADMINISTRATIVO":"2025-10-15T00:00:00Z","NORMATIVA":"En el marco del Decreto 555 del 29 de diciembre de 2021 - Por el cual se adopta la revisión general del Plan de Ordenamiento Territorial de Bogotá","ESCALA_CAPTURA":null,"FECHA_CAPTURA":"2025-10-15T00:00:00Z","RESPONSABLE":"38","SHAPE_Leng":117.720816488,"SHAPE_Length":117.72081648801422},"geometry":{"type":"LineString","coordinates":[[-74.195732185071137,4.635429170258637],[-74.195818615314408,4.635578547144335],[-74.196040315690354,4.635957615993084],[-74.196220298976357,4.636270916411637],[-74.196264935147724,4.636349283793292]]}},
{"type":"Feature","properties":{"fid":674,"OBJECTID":674,"CODIGO_ID":"34010045","NOMBRE":"Alameda Humedal Jaboque","LONGITUD":19.9,"TIPO_CAPACIDAD":null,"OBSERVACION":null,"PLAZO":"Existente","ACTO_ADMINISTRATIVO":null,"NUMERO_ACTO_ADMINISTRATIVO":null,"FECHA_ACTO_ADMINISTRATIVO":"2025-10-15T00:00:00Z","NORMATIVA":"En el marco del Decreto 555 del 29 de diciembre de 2021 - Por el cual se adopta la revisión general del Plan de Ordenamiento Territorial de Bogotá","ESCALA_CAPTURA":null,"FECHA_CAPTURA":"2025-10-15T00:00:00Z","RESPONSABLE":"38","SHAPE_Leng":19.9153004301,"SHAPE_Length":19.915300430072417},"geometry":{"type":"LineString","coordinates":[[-74.127646818694473,4.70949790210765],[-74.127749337733292,4.709350155689773]]}},
{"type":"Feature","properties":{"fid":675,"OBJECTID":675,"CODIGO_ID":"92085315","NOMBRE":"Alameda Humedal Jaboque","LONGITUD":1.9,"TIPO_CAPACIDAD":null,"OBSERVACION":null,"PLAZO":"Existente","ACTO_ADMINISTRATIVO":null,"NUMERO_ACTO_ADMINISTRATIVO":null,"FECHA_ACTO_ADMINISTRATIVO":"2025-10-15T00:00:00Z","NORMATIVA":"En el marco del Decreto 555 del 29 de diciembre de 2021 - Por el cual se adopta la revisión general del Plan de Ordenamiento Territorial de Bogotá","ESCALA_CAPTURA":null,"FECHA_CAPTURA":"2025-10-15T00:00:00Z","RESPONSABLE":"38","SHAPE_Leng":1.8648989943700001,"SHAPE_Length":1.8648989943685863},"geometry":{"type":"LineString","coordinates":[[-74.123547785398586,4.701672712426634],[-74.123533504450435,4.701663830674958]]}},
{"type":"Feature","properties":{"fid":676,"OBJECTID":676,"CODIGO_ID":"92084183","NOMBRE":"Alameda Humedal Juan Amarillo","LONGITUD":3.8,"TIPO_CAPACIDAD":null,"OBSERVACION":null,"PLAZO":"Existente","ACTO_ADMINISTRATIVO":null,"NUMERO_ACTO_ADMINISTRATIVO":null,"FECHA_ACTO_ADMINISTRATIVO":"2025-10-15T00:00:00Z","NORMATIVA":"En el marco del Decreto 555 del 29 de diciembre de 2021 - Por el cual se adopta la revisión general del Plan de Ordenamiento Territorial de Bogotá","ESCALA_CAPTURA":null,"FECHA_CAPTURA":"2025-10-15T00:00:00Z","RESPONSABLE":"38","SHAPE_Leng":3.7975230011000001,"SHAPE_Length":3.7975230010872081},"geometry":{"type":"LineString","coordinates":[[-74.095392956274139,4.715278286835133],[-74.095406391984341,4.71529987225615],[-74.0954109990669,4.715307453089682]]}},
{"type":"Feature","properties":{"fid":677,"OBJECTID":677,"CODIGO_ID":"34011168","NOMBRE":"Alameda CL 40B Sur","LONGITUD":12.9,"TIPO_CAPACIDAD":null,"OBSERVACION":null,"PLAZO":"Existente","ACTO_ADMINISTRATIVO":null,"NUMERO_ACTO_ADMINISTRATIVO":null,"FECHA_ACTO_ADMINISTRATIVO":"2025-10-15T00:00:00Z","NORMATIVA":"En el marco del Decreto 555 del 29 de diciembre de 2021 - Por el cual se adopta la revisión general del Plan de Ordenamiento Territorial de Bogotá","ESCALA_CAPTURA":null,"FECHA_CAPTURA":"2025-10-15T00:00:00Z","RESPONSABLE":"38","SHAPE_Leng":12.9003396732,"SHAPE_Length":12.900339673216383},"geometry":{"type":"LineString","coordinates":[[-74.16794258508024,4.635368581764013],[-74.16787799606027,4.635271637021953]]}},
{"type":"Feature","properties":{"fid":678,"OBJECTID":678,"CODIGO_ID":"34010047","NOMBRE":"Alameda Humedal Jaboque","LONGITUD":38.5,"TIPO_CAPACIDAD":null,"OBSERVACION":null,"PLAZO":"Existente","ACTO_ADMINISTRATIVO":null,"NUMERO_ACTO_ADMINISTRATIVO":null,"FECHA_ACTO_ADMINISTRATIVO":"2025-10-15T00:00:00Z","NORMATIVA":"En el marco del Decreto 555 del 29 de diciembre de 2021 - Por el cual se adopta la revisión general del Plan de Ordenamiento Territorial de Bogotá","ESCALA_CAPTURA":null,"FECHA_CAPTURA":"2025-10-15T00:00:00Z","RESPONSABLE":"38","SHAPE_Leng":38.483854390799998,"SHAPE_Length":38.483854391597916},"geometry":{"type":"MultiLineString","coordinates":[[[-74.125048621016802,4.702614796148272],[-74.125042786469052,4.702610648659088],[-74.125037065448268,4.702606345694481],[-74.125031461558237,4.70260188906246]],[[-74.125031461558237,4.70260188906246],[-74.124767772806649,4.702410805443021]]]}},
{"type":"Feature","properties":{"fid":679,"OBJECTID":679,"CODIGO_ID":"92054495","NOMBRE":"Alameda Canal Salitre","LONGITUD":34.7,"TIPO_CAPACIDAD":null,"OBSERVACION":null,"PLAZO":"Existente","ACTO_ADMINISTRATIVO":null,"NUMERO_ACTO_ADMINISTRATIVO":null,"FECHA_ACTO_ADMINISTRATIVO":"2025-10-15T00:00:00Z","NORMATIVA":"En el marco del Decreto 555 del 29 de diciembre de 2021 - Por el cual se adopta la revisión general del Plan de Ordenamiento Territorial de Bogotá","ESCALA_CAPTURA":null,"FECHA_CAPTURA":"2025-10-15T00:00:00Z","RESPONSABLE":"38","SHAPE_Leng":34.636379753900002,"SHAPE_Length":34.636379753896755},"geometry":{"type":"LineString","coordinates":[[-74.07781541990785,4.680894500097921],[-74.077815650082101,4.680816226449921],[-74.077808278988016,4.680738303690001],[-74.077793376829277,4.680661471253502],[-74.077771086786314,4.680586460447122]]}},
{"type":"Feature","properties":{"fid":680,"OBJECTID":680,"CODIGO_ID":"92088873","NOMBRE":"Alameda Humedal el Burro","LONGITUD":8.1,"TIPO_CAPACIDAD":null,"OBSERVACION":null,"PLAZO":"Existente","ACTO_ADMINISTRATIVO":null,"NUMERO_ACTO_ADMINISTRATIVO":null,"FECHA_ACTO_ADMINISTRATIVO":"2025-10-15T00:00:00Z","NORMATIVA":"En el marco del Decreto 555 del 29 de diciembre de 2021 - Por el cual se adopta la revisión general del Plan de Ordenamiento Territorial de Bogotá","ESCALA_CAPTURA":null,"FECHA_CAPTURA":"2025-10-15T00:00:00Z","RESPONSABLE":"38","SHAPE_Leng":8.1010074849400002,"SHAPE_Length":8.1010074844419471},"geometry":{"type":"LineString","coordinates":[[-74.156490209522573,4.648874773244584],[-74.156498140325141,4.648887407620016],[-74.156528722984731,4.648936975200235]]}},
{"type":"Feature","properties":{"fid":681,"OBJECTID":681,"CODIGO_ID":"20011529","NOMBRE":"Alameda Av Las Quintas","LONGITUD":22.5,"TIPO_CAPACIDAD":null,"OBSERVACION":null,"PLAZO":"Existente","ACTO_ADMINISTRATIVO":null,"NUMERO_ACTO_ADMINISTRATIVO":null,"FECHA_ACTO_ADMINISTRATIVO":"2025-10-15T00:00:00Z","NORMATIVA":"En el marco del Decreto 555 del 29 de diciembre de 2021 - Por el cual se adopta la revisión general del Plan de Ordenamiento Territorial de Bogotá","ESCALA_CAPTURA":null,"FECHA_CAPTURA":"2025-10-15T00:00:00Z","RESPONSABLE":"38","SHAPE_Leng":22.51214018,"SHAPE_Length":22.512140179980573},"geometry":{"type":"LineString","coordinates":[[-74.119480222413344,4.730921192258465],[-74.119633805733926,4.730788266637699]]}},
{"type":"Feature","properties":{"fid":682,"OBJECTID":682,"CODIGO_ID":"601541","NOMBRE":"Alameda Canal Molinos","LONGITUD":19.5,"TIPO_CAPACIDAD":null,"OBSERVACION":null,"PLAZO":"Existente","ACTO_ADMINISTRATIVO":null,"NUMERO_ACTO_ADMINISTRATIVO":null,"FECHA_ACTO_ADMINISTRATIVO":"2025-10-15T00:00:00Z","NORMATIVA":"En el marco del Decreto 555 del 29 de diciembre de 2021 - Por el cual se adopta la revisión general del Plan de Ordenamiento Territorial de Bogotá","ESCALA_CAPTURA":null,"FECHA_CAPTURA":"2025-10-15T00:00:00Z","RESPONSABLE":"38","SHAPE_Leng":19.5332465511,"SHAPE_Length":19.533246550375118},"geometry":{"type":"LineString","coordinates":[[-74.039201342513394,4.690412897605086],[-74.039177878516185,4.6903867446531],[-74.039221744372952,4.690355181092335],[-74.039268473522284,4.690305441426979],[-74.039258941233797,4.690289176169537]]}},
{"type":"Feature","properties":{"fid":683,"OBJECTID":683,"CODIGO_ID":"91034076","NOMBRE":"Alameda Canal Salitre","LONGITUD":10.2,"TIPO_CAPACIDAD":null,"OBSERVACION":null,"PLAZO":"Existente","ACTO_ADMINISTRATIVO":null,"NUMERO_ACTO_ADMINISTRATIVO":null,"FECHA_ACTO_ADMINISTRATIVO":"2025-10-15T00:00:00Z","NORMATIVA":"En el marco del Decreto 555 del 29 de diciembre de 2021 - Por el cual se adopta la revisión general del Plan de Ordenamiento Territorial de Bogotá","ESCALA_CAPTURA":null,"FECHA_CAPTURA":"2025-10-15T00:00:00Z","RESPONSABLE":"38","SHAPE_Leng":10.2251090203,"SHAPE_Length":10.225109020515289},"geometry":{"type":"LineString","coordinates":[[-74.076003208049357,4.666844205706467],[-74.075979614608173,4.666754858991931]]}},
{"type":"Feature","properties":{"fid":684,"OBJECTID":684,"CODIGO_ID":"34012090","NOMBRE":"Alameda Florida Sur","LONGITUD":33.9,"TIPO_CAPACIDAD":null,"OBSERVACION":null,"PLAZO":"Existente","ACTO_ADMINISTRATIVO":null,"NUMERO_ACTO_ADMINISTRATIVO":null,"FECHA_ACTO_ADMINISTRATIVO":"2025-10-15T00:00:00Z","NORMATIVA":"En el marco del Decreto 555 del 29 de diciembre de 2021 - Por el cual se adopta la revisión general del Plan de Ordenamiento Territorial de Bogotá","ESCALA_CAPTURA":null,"FECHA_CAPTURA":"2025-10-15T00:00:00Z","RESPONSABLE":"38","SHAPE_Leng":33.937155075100002,"SHAPE_Length":33.937155074959236},"geometry":{"type":"MultiLineString","coordinates":[[[-74.138689478262137,4.550117162774578],[-74.138674241449905,4.550133728411563],[-74.138678868383835,4.550166159509369]],[[-74.138678868383835,4.550166159509369],[-74.138683513500766,4.550183279486759],[-74.138687244327429,4.550200623633904],[-74.138690050054961,4.550218142233396]],[[-74.138690050054961,4.550218142233396],[-74.138692118180401,4.550223395114847],[-74.138694625886941,4.550228450939817],[-74.138697556960963,4.550233272646123],[-74.13870088888352,4.550237824979449],[-74.13870459733397,4.55024207358939],[-74.138708654388594,4.550245987741286],[-74.13871303032208,4.550249538508381],[-74.138717694508316,4.55025270057971],[-74.138722610015691,4.550255450452156],[-74.13872774351573,4.55025776643049],[-74.138733055374416,4.550259633147155],[-74.138738506858502,4.550261037042417],[-74.138744058333927,4.550261966364514],[-74.138749668365065,4.550262414785314]],[[-74.138749668365065,4.550262414785314],[-74.138756409772569,4.550262760167991],[-74.138763094424689,4.550263707581299],[-74.138769667374092,4.550265250696961],[-74.138776077276702,4.550267375955201],[-74.138782271887649,4.550270067988251]],[[-74.138782271887649,4.550270067988251],[-74.138855627062782,4.550313155600643]]]}},
{"type":"Feature","properties":{"fid":685,"OBJECTID":685,"CODIGO_ID":"458632","NOMBRE":"Alameda Florida Sur","LONGITUD":32.7,"TIPO_CAPACIDAD":null,"OBSERVACION":null,"PLAZO":"Existente","ACTO_ADMINISTRATIVO":null,"NUMERO_ACTO_ADMINISTRATIVO":null,"FECHA_ACTO_ADMINISTRATIVO":"2025-10-15T00:00:00Z","NORMATIVA":"En el marco del Decreto 555 del 29 de diciembre de 2021 - Por el cual se adopta la revisión general del Plan de Ordenamiento Territorial de Bogotá","ESCALA_CAPTURA":null,"FECHA_CAPTURA":"2025-10-15T00:00:00Z","RESPONSABLE":"38","SHAPE_Leng":32.735999419599999,"SHAPE_Length":32.735999419610444},"geometry":{"type":"LineString","coordinates":[[-74.136902741753389,4.549635185948479],[-74.137192595867063,4.549580795448987]]}},
{"type":"Feature","properties":{"fid":686,"OBJECTID":686,"CODIGO_ID":"34010023","NOMBRE":"Alameda Humedal Jaboque","LONGITUD":26.5,"TIPO_CAPACIDAD":null,"OBSERVACION":null,"PLAZO":"Existente","ACTO_ADMINISTRATIVO":null,"NUMERO_ACTO_ADMINISTRATIVO":null,"FECHA_ACTO_ADMINISTRATIVO":"2025-10-15T00:00:00Z","NORMATIVA":"En el marco del Decreto 555 del 29 de diciembre de 2021 - Por el cual se adopta la revisión general del Plan de Ordenamiento Territorial de Bogotá","ESCALA_CAPTURA":null,"FECHA_CAPTURA":"2025-10-15T00:00:00Z","RESPONSABLE":"38","SHAPE_Leng":26.477085075600002,"SHAPE_Length":26.477085075640158},"geometry":{"type":"LineString","coordinates":[[-74.128416106052768,4.708004278852799],[-74.128549069993383,4.707805565868131]]}},
{"type":"Feature","properties":{"fid":687,"OBJECTID":687,"CODIGO_ID":"92081957","NOMBRE":"Alameda Canal Salitre","LONGITUD":10.4,"TIPO_CAPACIDAD":null,"OBSERVACION":null,"PLAZO":"Existente","ACTO_ADMINISTRATIVO":null,"NUMERO_ACTO_ADMINISTRATIVO":null,"FECHA_ACTO_ADMINISTRATIVO":"2025-10-15T00:00:00Z","NORMATIVA":"En el marco del Decreto 555 del 29 de diciembre de 2021 - Por el cual se adopta la revisión general del Plan de Ordenamiento Territorial de Bogotá","ESCALA_CAPTURA":null,"FECHA_CAPTURA":"2025-10-15T00:00:00Z","RESPONSABLE":"38","SHAPE_Leng":10.360965096699999,"SHAPE_Length":10.360965096714303},"geometry":{"type":"LineString","coordinates":[[-74.075593107245112,4.675774137170522],[-74.075582395498856,4.675681098239402]]}},
{"type":"Feature","properties":{"fid":688,"OBJECTID":688,"CODIGO_ID":"92080339","NOMBRE":"Alameda Av El Salitre","LONGITUD":5.7,"TIPO_CAPACIDAD":null,"OBSERVACION":null,"PLAZO":"Existente","ACTO_ADMINISTRATIVO":null,"NUMERO_ACTO_ADMINISTRATIVO":null,"FECHA_ACTO_ADMINISTRATIVO":"2025-10-15T00:00:00Z","NORMATIVA":"En el marco del Decreto 555 del 29 de diciembre de 2021 - Por el cual se adopta la revisión general del Plan de Ordenamiento Territorial de Bogotá","ESCALA_CAPTURA":null,"FECHA_CAPTURA":"2025-10-15T00:00:00Z","RESPONSABLE":"38","SHAPE_Leng":5.6933593120700001,"SHAPE_Length":5.6933593112654037},"geometry":{"type":"LineString","coordinates":[[-74.116539892052529,4.693959541689418],[-74.116495749846152,4.69393332803189]]}},
{"type":"Feature","properties":{"fid":689,"OBJECTID":689,"CODIGO_ID":"34010071","NOMBRE":"Alameda Av El Salitre","LONGITUD":87.9,"TIPO_CAPACIDAD":null,"OBSERVACION":null,"PLAZO":"Existente","ACTO_ADMINISTRATIVO":null,"NUMERO_ACTO_ADMINISTRATIVO":null,"FECHA_ACTO_ADMINISTRATIVO":"2025-10-15T00:00:00Z","NORMATIVA":"En el marco del Decreto 555 del 29 de diciembre de 2021 - Por el cual se adopta la revisión general del Plan de Ordenamiento Territorial de Bogotá","ESCALA_CAPTURA":null,"FECHA_CAPTURA":"2025-10-15T00:00:00Z","RESPONSABLE":"38","SHAPE_Leng":87.949017509599997,"SHAPE_Length":87.949017509610101},"geometry":{"type":"LineString","coordinates":[[-74.114574130751507,4.692777474685034],[-74.114523563258089,4.692747210924872],[-74.114245860321248,4.692577387119111],[-74.113980075486523,4.69242430576515],[-74.113894861180597,4.692368398071046]]}},
{"type":"Feature","properties":{"fid":690,"OBJECTID":690,"CODIGO_ID":"20010869","NOMBRE":"Alameda Humedal el Burro","LONGITUD":12.9,"TIPO_CAPACIDAD":null,"OBSERVACION":null,"PLAZO":"Existente","ACTO_ADMINISTRATIVO":null,"NUMERO_ACTO_ADMINISTRATIVO":null,"FECHA_ACTO_ADMINISTRATIVO":"2025-10-15T00:00:00Z","NORMATIVA":"En el marco del Decreto 555 del 29 de diciembre de 2021 - Por el cual se adopta la revisión general del Plan de Ordenamiento Territorial de Bogotá","ESCALA_CAPTURA":null,"FECHA_CAPTURA":"2025-10-15T00:00:00Z","RESPONSABLE":"38","SHAPE_Leng":12.938599911400001,"SHAPE_Length":12.938599911436334},"geometry":{"type":"LineString","coordinates":[[-74.158344418041054,4.651898537906098],[-74.158402178505384,4.652000127171934]]}},
{"type":"Feature","properties":{"fid":691,"OBJECTID":691,"CODIGO_ID":"92085367","NOMBRE":"Alameda Canal Salitre","LONGITUD":15.0,"TIPO_CAPACIDAD":null,"OBSERVACION":null,"PLAZO":"Existente","ACTO_ADMINISTRATIVO":null,"NUMERO_ACTO_ADMINISTRATIVO":null,"FECHA_ACTO_ADMINISTRATIVO":"2025-10-15T00:00:00Z","NORMATIVA":"En el marco del Decreto 555 del 29 de diciembre de 2021 - Por el cual se adopta la revisión general del Plan de Ordenamiento Territorial de Bogotá","ESCALA_CAPTURA":null,"FECHA_CAPTURA":"2025-10-15T00:00:00Z","RESPONSABLE":"38","SHAPE_Leng":14.968416832899999,"SHAPE_Length":14.968416832573659},"geometry":{"type":"LineString","coordinates":[[-74.076330026426518,4.666647930075286],[-74.076286656159041,4.666519811994622]]}},
{"type":"Feature","properties":{"fid":692,"OBJECTID":692,"CODIGO_ID":"92080260","NOMBRE":"Alameda Humedal Jaboque","LONGITUD":12.2,"TIPO_CAPACIDAD":null,"OBSERVACION":null,"PLAZO":"Existente","ACTO_ADMINISTRATIVO":null,"NUMERO_ACTO_ADMINISTRATIVO":null,"FECHA_ACTO_ADMINISTRATIVO":"2025-10-15T00:00:00Z","NORMATIVA":"En el marco del Decreto 555 del 29 de diciembre de 2021 - Por el cual se adopta la revisión general del Plan de Ordenamiento Territorial de Bogotá","ESCALA_CAPTURA":null,"FECHA_CAPTURA":"2025-10-15T00:00:00Z","RESPONSABLE":"38","SHAPE_Leng":12.2279846577,"SHAPE_Length":12.227984657654769},"geometry":{"type":"LineString","coordinates":[[-74.128935180680315,4.703468750326403],[-74.128911646079985,4.703375850194849],[-74.12890531800069,4.703362613538603]]}},
{"type":"Feature","properties":{"fid":693,"OBJECTID":693,"CODIGO_ID":"24124573","NOMBRE":"Alameda Humedal Jaboque","LONGITUD":50.2,"TIPO_CAPACIDAD":null,"OBSERVACION":null,"PLAZO":"Existente","ACTO_ADMINISTRATIVO":null,"NUMERO_ACTO_ADMINISTRATIVO":null,"FECHA_ACTO_ADMINISTRATIVO":"2025-10-15T00:00:00Z","NORMATIVA":"En el marco del Decreto 555 del 29 de diciembre de 2021 - Por el cual se adopta la revisión general del Plan de Ordenamiento Territorial de Bogotá","ESCALA_CAPTURA":null,"FECHA_CAPTURA":"2025-10-15T00:00:00Z","RESPONSABLE":"38","SHAPE_Leng":50.174783461399997,"SHAPE_Length":50.17478346140166},"geometry":{"type":"LineString","coordinates":[[-74.13435450175119,4.710626599338226],[-74.134307185839148,4.710631216768221],[-74.133903300711623,4.710654039596637]]}},
{"type":"Feature","properties":{"fid":694,"OBJECTID":694,"CODIGO_ID":"20048367","NOMBRE":"Alameda Canal Salitre","LONGITUD":47.6,"TIPO_CAPACIDAD":null,"OBSERVACION":null,"PLAZO":"Existente","ACTO_ADMINISTRATIVO":null,"NUMERO_ACTO_ADMINISTRATIVO":null,"FECHA_ACTO_ADMINISTRATIVO":"2025-10-15T00:00:00Z","NORMATIVA":"En el marco del Decreto 555 del 29 de diciembre de 2021 - Por el cual se adopta la revisión general del Plan de Ordenamiento Territorial de Bogotá","ESCALA_CAPTURA":null,"FECHA_CAPTURA":"2025-10-15T00:00:00Z","RESPONSABLE":"38","SHAPE_Leng":47.574783801700001,"SHAPE_Length":47.574783801743351},"geometry":{"type":"LineString","coordinates":[[-74.076041195514506,4.675722673730344],[-74.076030259331517,4.675630091275696],[-74.07601120512328,4.675471639188729],[-74.075989932772728,4.675295709964636]]}},
{"type":"Feature","properties":{"fid":695,"OBJECTID":695,"CODIGO_ID":"34010006","NOMBRE":"Alameda Humedal Jaboque","LONGITUD":37.4,"TIPO_CAPACIDAD":null,"OBSERVACION":null,"PLAZO":"Existente","ACTO_ADMINISTRATIVO":null,"NUMERO_ACTO_ADMINISTRATIVO":null,"FECHA_ACTO_ADMINISTRATIVO":"2025-10-15T00:00:00Z","NORMATIVA":"En el marco del Decreto 555 del 29 de diciembre de 2021 - Por el cual se adopta la revisión general del Plan de Ordenamiento Territorial de Bogotá","ESCALA_CAPTURA":null,"FECHA_CAPTURA":"2025-10-15T00:00:00Z","RESPONSABLE":"38","SHAPE_Leng":37.366813304300003,"SHAPE_Length":37.366813304311115},"geometry":{"type":"MultiLineString","coordinates":[[[-74.126014695663571,4.702712721910612],[-74.125980022611671,4.702718032477904],[-74.125945327940457,4.702723191179736],[-74.125910609848077,4.702728197112096]],[[-74.125910609848077,4.702728197112096],[-74.125833555475197,4.70272440818614],[-74.125756621891114,4.7027186649219],[-74.125679856847782,4.702710970032724]]]}},
{"type":"Feature","properties":{"fid":696,"OBJECTID":696,"CODIGO_ID":"20010450","NOMBRE":"Alameda Canal Torca","LONGITUD":88.5,"TIPO_CAPACIDAD":null,"OBSERVACION":null,"PLAZO":"Existente","ACTO_ADMINISTRATIVO":null,"NUMERO_ACTO_ADMINISTRATIVO":null,"FECHA_ACTO_ADMINISTRATIVO":"2025-10-15T00:00:00Z","NORMATIVA":"En el marco del Decreto 555 del 29 de diciembre de 2021 - Por el cual se adopta la revisión general del Plan de Ordenamiento Territorial de Bogotá","ESCALA_CAPTURA":null,"FECHA_CAPTURA":"2025-10-15T00:00:00Z","RESPONSABLE":"38","SHAPE_Leng":88.476600850699995,"SHAPE_Length":88.476600851013615},"geometry":{"type":"LineString","coordinates":[[-74.039158158606469,4.768373744478291],[-74.039179651745741,4.768307800622741],[-74.039351378352364,4.767817052878752],[-74.03945439193248,4.767672132412099],[-74.03946266752061,4.767640921427788]]}},
{"type":"Feature","properties":{"fid":697,"OBJECTID":697,"CODIGO_ID":"34011099","NOMBRE":"Alameda CL 41 Sur","LONGITUD":32.3,"TIPO_CAPACIDAD":null,"OBSERVACION":null,"PLAZO":"Existente","ACTO_ADMINISTRATIVO":null,"NUMERO_ACTO_ADMINISTRATIVO":null,"FECHA_ACTO_ADMINISTRATIVO":"2025-10-15T00:00:00Z","NORMATIVA":"En el marco del Decreto 555 del 29 de diciembre de 2021 - Por el cual se adopta la revisión general del Plan de Ordenamiento Territorial de Bogotá","ESCALA_CAPTURA":null,"FECHA_CAPTURA":"2025-10-15T00:00:00Z","RESPONSABLE":"38","SHAPE_Leng":32.318914024500003,"SHAPE_Length":32.318914023992477},"geometry":{"type":"LineString","coordinates":[[-74.176493715475488,4.647920016665169],[-74.176336914482889,4.647673853764954]]}},
{"type":"Feature","properties":{"fid":698,"OBJECTID":698,"CODIGO_ID":"34011105","NOMBRE":"Alameda CL 41 Sur","LONGITUD":15.7,"TIPO_CAPACIDAD":null,"OBSERVACION":null,"PLAZO":"Existente","ACTO_ADMINISTRATIVO":null,"NUMERO_ACTO_ADMINISTRATIVO":null,"FECHA_ACTO_ADMINISTRATIVO":"2025-10-15T00:00:00Z","NORMATIVA":"En el marco del Decreto 555 del 29 de diciembre de 2021 - Por el cual se adopta la revisión general del Plan de Ordenamiento Territorial de Bogotá","ESCALA_CAPTURA":null,"FECHA_CAPTURA":"2025-10-15T00:00:00Z","RESPONSABLE":"38","SHAPE_Leng":15.655086280800001,"SHAPE_Length":15.655086280790114},"geometry":{"type":"LineString","coordinates":[[-74.176911185566738,4.648589170067273],[-74.176836123784085,4.648469363081001]]}},
{"type":"Feature","properties":{"fid":699,"OBJECTID":699,"CODIGO_ID":"91030440","NOMBRE":"Alameda Canal Molinos","LONGITUD":177.6,"TIPO_CAPACIDAD":null,"OBSERVACION":null,"PLAZO":"Existente","ACTO_ADMINISTRATIVO":null,"NUMERO_ACTO_ADMINISTRATIVO":null,"FECHA_ACTO_ADMINISTRATIVO":"2025-10-15T00:00:00Z","NORMATIVA":"En el marco del Decreto 555 del 29 de diciembre de 2021 - Por el cual se adopta la revisión general del Plan de Ordenamiento Territorial de Bogotá","ESCALA_CAPTURA":null,"FECHA_CAPTURA":"2025-10-15T00:00:00Z","RESPONSABLE":"38","SHAPE_Leng":177.63244738399999,"SHAPE_Length":177.6324473844397},"geometry":{"type":"LineString","coordinates":[[-74.049484161878539,4.696172014812178],[-74.04945226145152,4.696153591568308],[-74.049276568225054,4.696074305484886],[-74.049034675859559,4.695964732434208],[-74.048818382382279,4.695862626770779],[-74.048742086044157,4.695826848740942],[-74.048545266715351,4.695738827394819],[-74.048197255888027,4.695579013188644],[-74.048036262478519,4.695503390755455],[-74.048030558885628,4.695500711557969]]}},
{"type":"Feature","properties":{"fid":700,"OBJECTID":700,"CODIGO_ID":"20011502","NOMBRE":"Alameda Canal Torca","LONGITUD":45.9,"TIPO_CAPACIDAD":null,"OBSERVACION":null,"PLAZO":"Existente","ACTO_ADMINISTRATIVO":null,"NUMERO_ACTO_ADMINISTRATIVO":null,"FECHA_ACTO_ADMINISTRATIVO":"2025-10-15T00:00:00Z","NORMATIVA":"En el marco del Decreto 555 del 29 de diciembre de 2021 - Por el cual se adopta la revisión general del Plan de Ordenamiento Territorial de Bogotá","ESCALA_CAPTURA":null,"FECHA_CAPTURA":"2025-10-15T00:00:00Z","RESPONSABLE":"38","SHAPE_Leng":45.9172179579,"SHAPE_Length":45.917217958083981},"geometry":{"type":"LineString","coordinates":[[-74.040212417625384,4.754475828910972],[-74.040211411868896,4.754406658949951],[-74.040204663770936,4.754337812618177],[-74.040192221014266,4.754269770821158],[-74.040174170027356,4.754203005430847],[-74.040150635083023,4.754137981997241],[-74.040121781903679,4.754075151613567]]}},
{"type":"Feature","properties":{"fid":701,"OBJECTID":701,"CODIGO_ID":"91036268","NOMBRE":"Alameda CL 41 Sur","LONGITUD":18.0,"TIPO_CAPACIDAD":null,"OBSERVACION":null,"PLAZO":"Existente","ACTO_ADMINISTRATIVO":null,"NUMERO_ACTO_ADMINISTRATIVO":null,"FECHA_ACTO_ADMINISTRATIVO":"2025-10-15T00:00:00Z","NORMATIVA":"En el marco del Decreto 555 del 29 de diciembre de 2021 - Por el cual se adopta la revisión general del Plan de Ordenamiento Territorial de Bogotá","ESCALA_CAPTURA":null,"FECHA_CAPTURA":"2025-10-15T00:00:00Z","RESPONSABLE":"38","SHAPE_Leng":18.048909070499999,"SHAPE_Length":18.048909070452876},"geometry":{"type":"LineString","coordinates":[[-74.171968996550405,4.640834171175716],[-74.171868334639385,4.640706041890286]]}},
{"type":"Feature","properties":{"fid":702,"OBJECTID":702,"CODIGO_ID":"92080249","NOMBRE":"Alameda Humedal Jaboque","LONGITUD":10.9,"TIPO_CAPACIDAD":null,"OBSERVACION":null,"PLAZO":"Existente","ACTO_ADMINISTRATIVO":null,"NUMERO_ACTO_ADMINISTRATIVO":null,"FECHA_ACTO_ADMINISTRATIVO":"2025-10-15T00:00:00Z","NORMATIVA":"En el marco del Decreto 555 del 29 de diciembre de 2021 - Por el cual se adopta la revisión general del Plan de Ordenamiento Territorial de Bogotá","ESCALA_CAPTURA":null,"FECHA_CAPTURA":"2025-10-15T00:00:00Z","RESPONSABLE":"38","SHAPE_Leng":10.934910218100001,"SHAPE_Length":10.93491021812261},"geometry":{"type":"MultiLineString","coordinates":[[[-74.128549069993383,4.707805565868131],[-74.128549843961281,4.707804409740176]],[[-74.128549843961281,4.707804409740176],[-74.128555107704642,4.70779495730433],[-74.128561152581369,4.707785986692367],[-74.128567935342886,4.707777563891253],[-74.128575406433981,4.707769749464142],[-74.128583511794645,4.707762600358253],[-74.12859219376115,4.707756167193089],[-74.128601388362981,4.707750497876152],[-74.128611029827979,4.70774563127547],[-74.128621047879093,4.707741604451015]]]}},
{"type":"Feature","properties":{"fid":703,"OBJECTID":703,"CODIGO_ID":"20011933","NOMBRE":"Alameda Humedal Juan Amarillo","LONGITUD":30.4,"TIPO_CAPACIDAD":null,"OBSERVACION":null,"PLAZO":"Existente","ACTO_ADMINISTRATIVO":null,"NUMERO_ACTO_ADMINISTRATIVO":null,"FECHA_ACTO_ADMINISTRATIVO":"2025-10-15T00:00:00Z","NORMATIVA":"En el marco del Decreto 555 del 29 de diciembre de 2021 - Por el cual se adopta la revisión general del Plan de Ordenamiento Territorial de Bogotá","ESCALA_CAPTURA":null,"FECHA_CAPTURA":"2025-10-15T00:00:00Z","RESPONSABLE":"38","SHAPE_Leng":30.372349633700001,"SHAPE_Length":30.372349633729431},"geometry":{"type":"LineString","coordinates":[[-74.111594676530672,4.729210653832402],[-74.111641994091528,4.729255024611798],[-74.111648942301684,4.729261542414304],[-74.111695086817718,4.729304822971793],[-74.111738235643884,4.729345293006805],[-74.111751648251911,4.729357872996579],[-74.111793546447629,4.729399230640383]]}},
{"type":"Feature","properties":{"fid":704,"OBJECTID":704,"CODIGO_ID":"34011176","NOMBRE":"Alameda CL 40B Sur","LONGITUD":27.0,"TIPO_CAPACIDAD":null,"OBSERVACION":null,"PLAZO":"Existente","ACTO_ADMINISTRATIVO":null,"NUMERO_ACTO_ADMINISTRATIVO":null,"FECHA_ACTO_ADMINISTRATIVO":"2025-10-15T00:00:00Z","NORMATIVA":"En el marco del Decreto 555 del 29 de diciembre de 2021 - Por el cual se adopta la revisión general del Plan de Ordenamiento Territorial de Bogotá","ESCALA_CAPTURA":null,"FECHA_CAPTURA":"2025-10-15T00:00:00Z","RESPONSABLE":"38","SHAPE_Leng":26.988354643400001,"SHAPE_Length":26.988354642887614},"geometry":{"type":"LineString","coordinates":[[-74.167488109102607,4.634686444915804],[-74.167352369955751,4.634484043949024]]}},
{"type":"Feature","properties":{"fid":705,"OBJECTID":705,"CODIGO_ID":"20013028","NOMBRE":"Alameda El Porvenir","LONGITUD":8.2,"TIPO_CAPACIDAD":null,"OBSERVACION":null,"PLAZO":"Existente","ACTO_ADMINISTRATIVO":null,"NUMERO_ACTO_ADMINISTRATIVO":null,"FECHA_ACTO_ADMINISTRATIVO":"2025-10-15T00:00:00Z","NORMATIVA":"En el marco del Decreto 555 del 29 de diciembre de 2021 - Por el cual se adopta la revisión general del Plan de Ordenamiento Territorial de Bogotá","ESCALA_CAPTURA":null,"FECHA_CAPTURA":"2025-10-15T00:00:00Z","RESPONSABLE":"38","SHAPE_Leng":8.2193766435200004,"SHAPE_Length":8.2193766435244253},"geometry":{"type":"LineString","coordinates":[[-74.203128728514017,4.60431840823651],[-74.203149242758144,4.604389798699103]]}},
{"type":"Feature","properties":{"fid":706,"OBJECTID":706,"CODIGO_ID":"34011156","NOMBRE":"Alameda CL 40B Sur","LONGITUD":19.0,"TIPO_CAPACIDAD":null,"OBSERVACION":null,"PLAZO":"Existente","ACTO_ADMINISTRATIVO":null,"NUMERO_ACTO_ADMINISTRATIVO":null,"FECHA_ACTO_ADMINISTRATIVO":"2025-10-15T00:00:00Z","NORMATIVA":"En el marco del Decreto 555 del 29 de diciembre de 2021 - Por el cual se adopta la revisión general del Plan de Ordenamiento Territorial de Bogotá","ESCALA_CAPTURA":null,"FECHA_CAPTURA":"2025-10-15T00:00:00Z","RESPONSABLE":"38","SHAPE_Leng":19.029581529400001,"SHAPE_Length":19.029581529400073},"geometry":{"type":"LineString","coordinates":[[-74.168907041142219,4.636811586709132],[-74.168807868235433,4.636671273499902]]}},
{"type":"Feature","properties":{"fid":707,"OBJECTID":707,"CODIGO_ID":"0","NOMBRE":"Alameda Canal Río Negro","LONGITUD":18.4,"TIPO_CAPACIDAD":null,"OBSERVACION":null,"PLAZO":"Existente","ACTO_ADMINISTRATIVO":null,"NUMERO_ACTO_ADMINISTRATIVO":null,"FECHA_ACTO_ADMINISTRATIVO":"2025-10-15T00:00:00Z","NORMATIVA":"En el marco del Decreto 555 del 29 de diciembre de 2021 - Por el cual se adopta la revisión general del Plan de Ordenamiento Territorial de Bogotá","ESCALA_CAPTURA":null,"FECHA_CAPTURA":"2025-10-15T00:00:00Z","RESPONSABLE":"38","SHAPE_Leng":18.3530901687,"SHAPE_Length":18.353090168744497},"geometry":{"type":"MultiLineString","coordinates":[[[-74.065943435700362,4.678824309095928],[-74.066088398004112,4.67889065287446]],[[-74.066088398004112,4.67889065287446],[-74.0660899916234,4.678891875193735],[-74.066091591550077,4.67889309028217],[-74.066093196883216,4.678894298139644]]]}},
{"type":"Feature","properties":{"fid":708,"OBJECTID":708,"CODIGO_ID":"22160224","NOMBRE":"Alameda Canal Molinos","LONGITUD":279.7,"TIPO_CAPACIDAD":null,"OBSERVACION":null,"PLAZO":"Existente","ACTO_ADMINISTRATIVO":null,"NUMERO_ACTO_ADMINISTRATIVO":null,"FECHA_ACTO_ADMINISTRATIVO":"2025-10-15T00:00:00Z","NORMATIVA":"En el marco del Decreto 555 del 29 de diciembre de 2021 - Por el cual se adopta la revisión general del Plan de Ordenamiento Territorial de Bogotá","ESCALA_CAPTURA":null,"FECHA_CAPTURA":"2025-10-15T00:00:00Z","RESPONSABLE":"38","SHAPE_Leng":279.69086989900001,"SHAPE_Length":279.69086989871244},"geometry":{"type":"MultiLineString","coordinates":[[[-74.056111882542766,4.696719005173942],[-74.056041214287433,4.69682089151497]],[[-74.056041214287433,4.69682089151497],[-74.05604218594857,4.696824576125282],[-74.056043472057638,4.696828162246314],[-74.056045060905532,4.696831623662086],[-74.056046943485924,4.696834935060942],[-74.056049102683943,4.696838070226238],[-74.056051524988092,4.696841006557534],[-74.05605419058017,4.696843721453623],[-74.056057080542431,4.696846195929165],[-74.056060172353455,4.69684841009445],[-74.056063443491183,4.69685034857943],[-74.056066868730838,4.696851995109825],[-74.056070423747855,4.696853338835126],[-74.056074080613769,4.696854369808281],[-74.056077813201739,4.696855079890381],[-74.05608159268175,4.696855463654031],[-74.056085391124469,4.696855517479814],[-74.056089179699029,4.696855242267913],[-74.05609293047543,4.69685463982261],[-74.056096615523316,4.696853714660005],[-74.056100206912063,4.696852473104118],[-74.056103678512557,4.696850925094953],[-74.056107003294571,4.696849081476353]],[[-74.056107003294571,4.696849081476353],[-74.056265781144873,4.696717798467931]],[[-74.056265781144873,4.696717798467931],[-74.056267901532323,4.696714474028871],[-74.056269730931447,4.696710979610276],[-74.056271254923473,4.696707341424674],[-74.056272462693627,4.696703584781194],[-74.056273346129586,4.696699738605052],[-74.05627389711907,4.696695830917525],[-74.056274112955492,4.696691890644539],[-74.05627399183345,4.696687944904236],[-74.056273534649833,4.696684025334835],[-74.056272744104049,4.696680159055094],[-74.056271626499111,4.696676374992079],[-74.056270189940165,4.696672700265254],[-74.056268445235119,4.696669162898305],[-74.05626640499419,4.696665788203364],[-74.056264083629486,4.696662601492808],[-74.056261499157188,4.696659626271544],[-74.056258670494785,4.696656883332778],[-74.056255618361689,4.696654393469964],[-74.056252364378494,4.696652175668753],[-74.056248932869153,4.696650245299384],[-74.056245349959667,4.696648616828382],[-74.056241640875385,4.696647302010298],[-74.056237832643845,4.696646310792048],[-74.056233954094836,4.696645650408942],[-74.056230034058487,4.69664532538442]],[[-74.056230034058487,4.69664532538442],[-74.056038380550589,4.696613012477371]],[[-74.056038380550589,4.696613012477371],[-74.055947539556868,4.696612056053384],[-74.055856929139722,4.696618610535465],[-74.05576716375694,4.69663263080631],[-74.055678855170143,4.696654021127696],[-74.055592602533864,4.696682637850822],[-74.055508992396312,4.69671828489672],[-74.055428593292788,4.696760720083027],[-74.055351950339912,4.696809656027286],[-74.05527958613682,4.696864759243023]],[[-74.05527958613682,4.696864759243023],[-74.05519435099778,4.696952938861785],[-74.055116429882091,4.697047684788989],[-74.055046323803893,4.697148389641076],[-74.054984483329861,4.697254404446325],[-74.054931305874902,4.697365049491752],[-74.054887132999355,4.697479612514811]],[[-74.054887132999355,4.697479612514811],[-74.054883129846303,4.697481004969151],[-74.054879022227439,4.69748204758264],[-74.054874840776378,4.697482733127701],[-74.054870616126664,4.697483055280746],[-74.054866378911214,4.697483012237936],[-74.054862161564628,4.697482604003519],[-74.054857994719001,4.697481835101264],[-74.054853909006582,4.697480709150966],[-74.054849935058854,4.697479235196129],[-74.054846101705053,4.697477424991866],[-74.054842436873344,4.697475291197058],[-74.054838969392463,4.697472849182623],[-74.054835722684942,4.697470117934497],[-74.054832721975203,4.697467116438856],[-74.054829988883256,4.697463868201154],[-74.05482754412823,4.697460395822783],[-74.054825405725836,4.697456726424485],[-74.054823589889935,4.697452886222818],[-74.054822108329347,4.697448903241674],[-74.054820973653619,4.697444807312933],[-74.054820193066433,4.697440629171706],[-74.054819773771584,4.697436398649146],[-74.054819717566716,4.697432148287561],[-74.054820025348747,4.697427908821224],[-74.054820694410807,4.697423710983964],[-74.05482172114489,4.697419586413399],[-74.054823096537362,4.697415565842494],[-74.054824810673864,4.697411678196241],[-74.054826851837987,4.697407953303294]],[[-74.054826851837987,4.697407953303294],[-74.05489455608047,4.697286029834244]]]}},
{"type":"Feature","properties":{"fid":709,"OBJECTID":709,"CODIGO_ID":"20011070","NOMBRE":"Alameda Humedal Jaboque","LONGITUD":13.0,"TIPO_CAPACIDAD":null,"OBSERVACION":null,"PLAZO":"Existente","ACTO_ADMINISTRATIVO":null,"NUMERO_ACTO_ADMINISTRATIVO":null,"FECHA_ACTO_ADMINISTRATIVO":"2025-10-15T00:00:00Z","NORMATIVA":"En el marco del Decreto 555 del 29 de diciembre de 2021 - Por el cual se adopta la revisión general del Plan de Ordenamiento Territorial de Bogotá","ESCALA_CAPTURA":null,"FECHA_CAPTURA":"2025-10-15T00:00:00Z","RESPONSABLE":"38","SHAPE_Leng":12.9527067347,"SHAPE_Length":12.952706734709734},"geometry":{"type":"LineString","coordinates":[[-74.123204929130111,4.698164770925992],[-74.123227777776933,4.698049951429982]]}},
{"type":"Feature","properties":{"fid":710,"OBJECTID":710,"CODIGO_ID":"20013092","NOMBRE":"Alameda Av Las Quintas","LONGITUD":17.6,"TIPO_CAPACIDAD":null,"OBSERVACION":null,"PLAZO":"Existente","ACTO_ADMINISTRATIVO":null,"NUMERO_ACTO_ADMINISTRATIVO":null,"FECHA_ACTO_ADMINISTRATIVO":"2025-10-15T00:00:00Z","NORMATIVA":"En el marco del Decreto 555 del 29 de diciembre de 2021 - Por el cual se adopta la revisión general del Plan de Ordenamiento Territorial de Bogotá","ESCALA_CAPTURA":null,"FECHA_CAPTURA":"2025-10-15T00:00:00Z","RESPONSABLE":"38","SHAPE_Leng":17.623148652699999,"SHAPE_Length":17.623148652704973},"geometry":{"type":"LineString","coordinates":[[-74.118780474359227,4.732641989665104],[-74.118834264180876,4.732492104896528]]}},
{"type":"Feature","properties":{"fid":711,"OBJECTID":711,"CODIGO_ID":"9812","NOMBRE":"Alameda Canal Virrey","LONGITUD":3.1,"TIPO_CAPACIDAD":null,"OBSERVACION":null,"PLAZO":"Existente","ACTO_ADMINISTRATIVO":null,"NUMERO_ACTO_ADMINISTRATIVO":null,"FECHA_ACTO_ADMINISTRATIVO":"2025-10-15T00:00:00Z","NORMATIVA":"En el marco del Decreto 555 del 29 de diciembre de 2021 - Por el cual se adopta la revisión general del Plan de Ordenamiento Territorial de Bogotá","ESCALA_CAPTURA":null,"FECHA_CAPTURA":"2025-10-15T00:00:00Z","RESPONSABLE":"38","SHAPE_Leng":3.12612455457,"SHAPE_Length":3.1261245545676042},"geometry":{"type":"LineString","coordinates":[[-74.055693447122778,4.673368179412962],[-74.05571887702375,4.673380325426061]]}},
{"type":"Feature","properties":{"fid":712,"OBJECTID":712,"CODIGO_ID":"34011141","NOMBRE":"Alameda CL 41 Sur","LONGITUD":31.9,"TIPO_CAPACIDAD":null,"OBSERVACION":null,"PLAZO":"Existente","ACTO_ADMINISTRATIVO":null,"NUMERO_ACTO_ADMINISTRATIVO":null,"FECHA_ACTO_ADMINISTRATIVO":"2025-10-15T00:00:00Z","NORMATIVA":"En el marco del Decreto 555 del 29 de diciembre de 2021 - Por el cual se adopta la revisión general del Plan de Ordenamiento Territorial de Bogotá","ESCALA_CAPTURA":null,"FECHA_CAPTURA":"2025-10-15T00:00:00Z","RESPONSABLE":"38","SHAPE_Leng":31.933685542799999,"SHAPE_Length":31.933685543343906},"geometry":{"type":"LineString","coordinates":[[-74.172793646471931,4.642186903611198],[-74.172639748088812,4.64194301586814]]}},
{"type":"Feature","properties":{"fid":713,"OBJECTID":713,"CODIGO_ID":"34011178","NOMBRE":"Alameda CL 40B Sur","LONGITUD":26.0,"TIPO_CAPACIDAD":null,"OBSERVACION":null,"PLAZO":"Existente","ACTO_ADMINISTRATIVO":null,"NUMERO_ACTO_ADMINISTRATIVO":null,"FECHA_ACTO_ADMINISTRATIVO":"2025-10-15T00:00:00Z","NORMATIVA":"En el marco del Decreto 555 del 29 de diciembre de 2021 - Por el cual se adopta la revisión general del Plan de Ordenamiento Territorial de Bogotá","ESCALA_CAPTURA":null,"FECHA_CAPTURA":"2025-10-15T00:00:00Z","RESPONSABLE":"38","SHAPE_Leng":26.0007531615,"SHAPE_Length":26.000753161942427},"geometry":{"type":"LineString","coordinates":[[-74.166698505893905,4.633487433147041],[-74.166661115368399,4.633410517209597],[-74.166594349143679,4.633276918186625]]}},
{"type":"Feature","properties":{"fid":714,"OBJECTID":714,"CODIGO_ID":"91036357","NOMBRE":"Alameda Tv 127","LONGITUD":6.8,"TIPO_CAPACIDAD":null,"OBSERVACION":null,"PLAZO":"Existente","ACTO_ADMINISTRATIVO":null,"NUMERO_ACTO_ADMINISTRATIVO":null,"FECHA_ACTO_ADMINISTRATIVO":"2025-10-15T00:00:00Z","NORMATIVA":"En el marco del Decreto 555 del 29 de diciembre de 2021 - Por el cual se adopta la revisión general del Plan de Ordenamiento Territorial de Bogotá","ESCALA_CAPTURA":null,"FECHA_CAPTURA":"2025-10-15T00:00:00Z","RESPONSABLE":"38","SHAPE_Leng":6.7752993476799999,"SHAPE_Length":6.7752993476765733},"geometry":{"type":"LineString","coordinates":[[-74.113174195610696,4.741823043345731],[-74.113212085785705,4.741775023053292]]}},
{"type":"Feature","properties":{"fid":715,"OBJECTID":715,"CODIGO_ID":"24119412","NOMBRE":"Alameda Av Las Quintas","LONGITUD":15.1,"TIPO_CAPACIDAD":null,"OBSERVACION":null,"PLAZO":"Existente","ACTO_ADMINISTRATIVO":null,"NUMERO_ACTO_ADMINISTRATIVO":null,"FECHA_ACTO_ADMINISTRATIVO":"2025-10-15T00:00:00Z","NORMATIVA":"En el marco del Decreto 555 del 29 de diciembre de 2021 - Por el cual se adopta la revisión general del Plan de Ordenamiento Territorial de Bogotá","ESCALA_CAPTURA":null,"FECHA_CAPTURA":"2025-10-15T00:00:00Z","RESPONSABLE":"38","SHAPE_Leng":15.115974938600001,"SHAPE_Length":15.115974937943802},"geometry":{"type":"LineString","coordinates":[[-74.121297282039919,4.729576462920221],[-74.121207769268608,4.729473479376696]]}},
{"type":"Feature","properties":{"fid":716,"OBJECTID":716,"CODIGO_ID":"20011683","NOMBRE":"Alameda El Porvenir","LONGITUD":9.1,"TIPO_CAPACIDAD":null,"OBSERVACION":null,"PLAZO":"Existente","ACTO_ADMINISTRATIVO":null,"NUMERO_ACTO_ADMINISTRATIVO":null,"FECHA_ACTO_ADMINISTRATIVO":"2025-10-15T00:00:00Z","NORMATIVA":"En el marco del Decreto 555 del 29 de diciembre de 2021 - Por el cual se adopta la revisión general del Plan de Ordenamiento Territorial de Bogotá","ESCALA_CAPTURA":null,"FECHA_CAPTURA":"2025-10-15T00:00:00Z","RESPONSABLE":"38","SHAPE_Leng":9.0683340354999995,"SHAPE_Length":9.0683340352373207},"geometry":{"type":"LineString","coordinates":[[-74.203105901231297,4.604239700488773],[-74.203128728514017,4.60431840823651]]}},
{"type":"Feature","properties":{"fid":717,"OBJECTID":717,"CODIGO_ID":"34011155","NOMBRE":"Alameda CL 40B Sur","LONGITUD":15.5,"TIPO_CAPACIDAD":null,"OBSERVACION":null,"PLAZO":"Existente","ACTO_ADMINISTRATIVO":null,"NUMERO_ACTO_ADMINISTRATIVO":null,"FECHA_ACTO_ADMINISTRATIVO":"2025-10-15T00:00:00Z","NORMATIVA":"En el marco del Decreto 555 del 29 de diciembre de 2021 - Por el cual se adopta la revisión general del Plan de Ordenamiento Territorial de Bogotá","ESCALA_CAPTURA":null,"FECHA_CAPTURA":"2025-10-15T00:00:00Z","RESPONSABLE":"38","SHAPE_Leng":15.4945186967,"SHAPE_Length":15.494518696650072},"geometry":{"type":"LineString","coordinates":[[-74.168168533436912,4.635713136641567],[-74.168091530479856,4.635596313563446]]}},
{"type":"Feature","properties":{"fid":718,"OBJECTID":718,"CODIGO_ID":"28882","NOMBRE":"Alameda CL 41 Sur","LONGITUD":7.9,"TIPO_CAPACIDAD":null,"OBSERVACION":null,"PLAZO":"Existente","ACTO_ADMINISTRATIVO":null,"NUMERO_ACTO_ADMINISTRATIVO":null,"FECHA_ACTO_ADMINISTRATIVO":"2025-10-15T00:00:00Z","NORMATIVA":"En el marco del Decreto 555 del 29 de diciembre de 2021 - Por el cual se adopta la revisión general del Plan de Ordenamiento Territorial de Bogotá","ESCALA_CAPTURA":null,"FECHA_CAPTURA":"2025-10-15T00:00:00Z","RESPONSABLE":"38","SHAPE_Leng":7.9171345013999996,"SHAPE_Length":7.9171345017966193},"geometry":{"type":"LineString","coordinates":[[-74.173327522023712,4.642685611850597],[-74.173296772136496,4.642621037647475]]}},
{"type":"Feature","properties":{"fid":719,"OBJECTID":719,"CODIGO_ID":"20048303","NOMBRE":"Alameda Canal Salitre","LONGITUD":108.4,"TIPO_CAPACIDAD":null,"OBSERVACION":null,"PLAZO":"Existente","ACTO_ADMINISTRATIVO":null,"NUMERO_ACTO_ADMINISTRATIVO":null,"FECHA_ACTO_ADMINISTRATIVO":"2025-10-15T00:00:00Z","NORMATIVA":"En el marco del Decreto 555 del 29 de diciembre de 2021 - Por el cual se adopta la revisión general del Plan de Ordenamiento Territorial de Bogotá","ESCALA_CAPTURA":null,"FECHA_CAPTURA":"2025-10-15T00:00:00Z","RESPONSABLE":"38","SHAPE_Leng":108.399182736,"SHAPE_Length":108.39918273555915},"geometry":{"type":"LineString","coordinates":[[-74.076848773671884,4.679275250118668],[-74.076780855472748,4.67914844309045],[-74.076643457177937,4.678855927499534],[-74.076580204559448,4.678715538210239],[-74.076550208602256,4.678635311722834],[-74.07649539840429,4.678479845434321],[-74.076460234148399,4.678377896579169]]}},
{"type":"Feature","properties":{"fid":720,"OBJECTID":720,"CODIGO_ID":"44414","NOMBRE":"Alameda Canal Molinos","LONGITUD":15.8,"TIPO_CAPACIDAD":null,"OBSERVACION":null,"PLAZO":"Existente","ACTO_ADMINISTRATIVO":null,"NUMERO_ACTO_ADMINISTRATIVO":null,"FECHA_ACTO_ADMINISTRATIVO":"2025-10-15T00:00:00Z","NORMATIVA":"En el marco del Decreto 555 del 29 de diciembre de 2021 - Por el cual se adopta la revisión general del Plan de Ordenamiento Territorial de Bogotá","ESCALA_CAPTURA":null,"FECHA_CAPTURA":"2025-10-15T00:00:00Z","RESPONSABLE":"38","SHAPE_Leng":15.8464737304,"SHAPE_Length":15.846473731318852},"geometry":{"type":"LineString","coordinates":[[-74.062593554615972,4.697370424905962],[-74.062590617529466,4.697370027719781],[-74.062483081424617,4.697355490149991],[-74.062452231341737,4.697350190207531]]}},
{"type":"Feature","properties":{"fid":721,"OBJECTID":721,"CODIGO_ID":"91020903","NOMBRE":"Alameda Humedal el Burro","LONGITUD":5.3,"TIPO_CAPACIDAD":null,"OBSERVACION":null,"PLAZO":"Existente","ACTO_ADMINISTRATIVO":null,"NUMERO_ACTO_ADMINISTRATIVO":null,"FECHA_ACTO_ADMINISTRATIVO":"2025-10-15T00:00:00Z","NORMATIVA":"En el marco del Decreto 555 del 29 de diciembre de 2021 - Por el cual se adopta la revisión general del Plan de Ordenamiento Territorial de Bogotá","ESCALA_CAPTURA":null,"FECHA_CAPTURA":"2025-10-15T00:00:00Z","RESPONSABLE":"38","SHAPE_Leng":5.3399699055600003,"SHAPE_Length":5.3399699057400918},"geometry":{"type":"LineString","coordinates":[[-74.145427881405723,4.631851573480565],[-74.145418488765117,4.631898915074507]]}},
{"type":"Feature","properties":{"fid":722,"OBJECTID":722,"CODIGO_ID":"34010357","NOMBRE":"Alameda Canal Torca","LONGITUD":101.6,"TIPO_CAPACIDAD":null,"OBSERVACION":null,"PLAZO":"Existente","ACTO_ADMINISTRATIVO":null,"NUMERO_ACTO_ADMINISTRATIVO":null,"FECHA_ACTO_ADMINISTRATIVO":"2025-10-15T00:00:00Z","NORMATIVA":"En el marco del Decreto 555 del 29 de diciembre de 2021 - Por el cual se adopta la revisión general del Plan de Ordenamiento Territorial de Bogotá","ESCALA_CAPTURA":null,"FECHA_CAPTURA":"2025-10-15T00:00:00Z","RESPONSABLE":"38","SHAPE_Leng":101.62713962700001,"SHAPE_Length":101.6271396264104},"geometry":{"type":"MultiLineString","coordinates":[[[-74.040313428567416,4.755378137124757],[-74.040300020354465,4.755330468274759],[-74.04029118776468,4.755281737996153],[-74.040287009119837,4.755232385618052],[-74.04028752219385,4.755182858598662]],[[-74.04028752219385,4.755182858598662],[-74.040294598401331,4.754774836485053],[-74.040214532280643,4.754540916831309],[-74.040212417625384,4.754475828910972]]]}},
{"type":"Feature","properties":{"fid":723,"OBJECTID":723,"CODIGO_ID":"34010169","NOMBRE":"Alameda Canal Salitre","LONGITUD":304.2,"TIPO_CAPACIDAD":null,"OBSERVACION":null,"PLAZO":"Existente","ACTO_ADMINISTRATIVO":null,"NUMERO_ACTO_ADMINISTRATIVO":null,"FECHA_ACTO_ADMINISTRATIVO":"2025-10-15T00:00:00Z","NORMATIVA":"En el marco del Decreto 555 del 29 de diciembre de 2021 - Por el cual se adopta la revisión general del Plan de Ordenamiento Territorial de Bogotá","ESCALA_CAPTURA":null,"FECHA_CAPTURA":"2025-10-15T00:00:00Z","RESPONSABLE":"38","SHAPE_Leng":304.19874206399999,"SHAPE_Length":304.19874206411123},"geometry":{"type":"MultiLineString","coordinates":[[[-74.080166246699406,4.691165927386716],[-74.080208739001293,4.691292921480175]],[[-74.080208739001293,4.691292921480175],[-74.080212567227505,4.691311228573262],[-74.080217964953633,4.691329134463186],[-74.080224891649806,4.691346501746132],[-74.080233294172146,4.691363200248699],[-74.080243108564858,4.691379104316143],[-74.080254262762921,4.691394094620605],[-74.080266671186607,4.691408056352675],[-74.080280240146578,4.691420884645537]],[[-74.080280240146578,4.691420884645537],[-74.08042682594558,4.691596688167896]],[[-74.08042682594558,4.691596688167896],[-74.080480443806962,4.691680041654749],[-74.080530134193083,4.691765811015435],[-74.080575788105051,4.691853809123474]],[[-74.080575788105051,4.691853809123474],[-74.080612441005883,4.691937369807386],[-74.08064464482888,4.692022756041382],[-74.08067230769754,4.692109730079419]],[[-74.08067230769754,4.692109730079419],[-74.080712814599067,4.692292699045638],[-74.080793833171768,4.692617977446765]],[[-74.080793833171768,4.692617977446765],[-74.080822312805807,4.692709678292247],[-74.080855307280657,4.692799843756215],[-74.080892734631874,4.692888248747594]],[[-74.080892734631874,4.692888248747594],[-74.080954707875662,4.693003067560169],[-74.081023923422023,4.693113643921767],[-74.081100093009994,4.693219517694367]],[[-74.081100093009994,4.693219517694367],[-74.081195115026276,4.693336255952808],[-74.081301129670877,4.693443041869801],[-74.081417106345924,4.693538839421274]],[[-74.081417106345924,4.693538839421274],[-74.081425971205434,4.693544829799857]]]}},
{"type":"Feature","properties":{"fid":724,"OBJECTID":724,"CODIGO_ID":"92085290","NOMBRE":"Alameda Canal Salitre","LONGITUD":46.2,"TIPO_CAPACIDAD":null,"OBSERVACION":null,"PLAZO":"Existente","ACTO_ADMINISTRATIVO":null,"NUMERO_ACTO_ADMINISTRATIVO":null,"FECHA_ACTO_ADMINISTRATIVO":"2025-10-15T00:00:00Z","NORMATIVA":"En el marco del Decreto 555 del 29 de diciembre de 2021 - Por el cual se adopta la revisión general del Plan de Ordenamiento Territorial de Bogotá","ESCALA_CAPTURA":null,"FECHA_CAPTURA":"2025-10-15T00:00:00Z","RESPONSABLE":"38","SHAPE_Leng":46.210821553199999,"SHAPE_Length":46.210821553200603},"geometry":{"type":"LineString","coordinates":[[-74.077514621050469,4.681565454010284],[-74.077503940029771,4.681550755682557],[-74.077260880435347,4.681285519938671],[-74.077248234876478,4.681248407144264]]}},
{"type":"Feature","properties":{"fid":725,"OBJECTID":725,"CODIGO_ID":"34010015","NOMBRE":"Alameda Humedal Jaboque","LONGITUD":40.3,"TIPO_CAPACIDAD":null,"OBSERVACION":null,"PLAZO":"Existente","ACTO_ADMINISTRATIVO":null,"NUMERO_ACTO_ADMINISTRATIVO":null,"FECHA_ACTO_ADMINISTRATIVO":"2025-10-15T00:00:00Z","NORMATIVA":"En el marco del Decreto 555 del 29 de diciembre de 2021 - Por el cual se adopta la revisión general del Plan de Ordenamiento Territorial de Bogotá","ESCALA_CAPTURA":null,"FECHA_CAPTURA":"2025-10-15T00:00:00Z","RESPONSABLE":"38","SHAPE_Leng":40.2820592152,"SHAPE_Length":40.282059215212882},"geometry":{"type":"MultiLineString","coordinates":[[[-74.127726042698839,4.702633797035182],[-74.127676989981481,4.702647118979586],[-74.127627040904471,4.702656506014868],[-74.127576508106443,4.702661900296777]],[[-74.127576508106443,4.702661900296777],[-74.127367747430313,4.702688797836766]]]}},
{"type":"Feature","properties":{"fid":726,"OBJECTID":726,"CODIGO_ID":"20305031","NOMBRE":"Alameda Tv 127","LONGITUD":32.2,"TIPO_CAPACIDAD":null,"OBSERVACION":null,"PLAZO":"Existente","ACTO_ADMINISTRATIVO":null,"NUMERO_ACTO_ADMINISTRATIVO":null,"FECHA_ACTO_ADMINISTRATIVO":"2025-10-15T00:00:00Z","NORMATIVA":"En el marco del Decreto 555 del 29 de diciembre de 2021 - Por el cual se adopta la revisión general del Plan de Ordenamiento Territorial de Bogotá","ESCALA_CAPTURA":null,"FECHA_CAPTURA":"2025-10-15T00:00:00Z","RESPONSABLE":"38","SHAPE_Leng":32.182028728299997,"SHAPE_Length":32.182028729039985},"geometry":{"type":"LineString","coordinates":[[-74.10972756252572,4.744392572607238],[-74.109732154321591,4.744389108932206],[-74.109959313002634,4.744217729287155]]}},
{"type":"Feature","properties":{"fid":727,"OBJECTID":727,"CODIGO_ID":"92080000","NOMBRE":"Alameda Humedal el Burro","LONGITUD":2.1,"TIPO_CAPACIDAD":null,"OBSERVACION":null,"PLAZO":"Existente","ACTO_ADMINISTRATIVO":null,"NUMERO_ACTO_ADMINISTRATIVO":null,"FECHA_ACTO_ADMINISTRATIVO":"2025-10-15T00:00:00Z","NORMATIVA":"En el marco del Decreto 555 del 29 de diciembre de 2021 - Por el cual se adopta la revisión general del Plan de Ordenamiento Territorial de Bogotá","ESCALA_CAPTURA":null,"FECHA_CAPTURA":"2025-10-15T00:00:00Z","RESPONSABLE":"38","SHAPE_Leng":2.1304370451099999,"SHAPE_Length":2.1304370451111621},"geometry":{"type":"LineString","coordinates":[[-74.145418488765117,4.631898915074507],[-74.145416609500117,4.631918080595011]]}},
{"type":"Feature","properties":{"fid":728,"OBJECTID":728,"CODIGO_ID":"34013984","NOMBRE":"Alameda Canal Salitre","LONGITUD":172.0,"TIPO_CAPACIDAD":null,"OBSERVACION":null,"PLAZO":"Existente","ACTO_ADMINISTRATIVO":null,"NUMERO_ACTO_ADMINISTRATIVO":null,"FECHA_ACTO_ADMINISTRATIVO":"2025-10-15T00:00:00Z","NORMATIVA":"En el marco del Decreto 555 del 29 de diciembre de 2021 - Por el cual se adopta la revisión general del Plan de Ordenamiento Territorial de Bogotá","ESCALA_CAPTURA":null,"FECHA_CAPTURA":"2025-10-15T00:00:00Z","RESPONSABLE":"38","SHAPE_Leng":172.029743467,"SHAPE_Length":172.0297434669196},"geometry":{"type":"MultiLineString","coordinates":[[[-74.088157364456194,4.704351786463414],[-74.088086937968924,4.704754755388452],[-74.088071530826113,4.705559551225275]],[[-74.088071530826113,4.705559551225275],[-74.088077494442089,4.705601753372543],[-74.088087125975136,4.705643267924735],[-74.08810035067188,4.705683774878326],[-74.08811706584811,4.705722961459055],[-74.088137144492379,4.705760525737861],[-74.088160430761093,4.705796176630602],[-74.088186744482783,4.705829641130034],[-74.088215882960341,4.705860659786183]]]}},
{"type":"Feature","properties":{"fid":729,"OBJECTID":729,"CODIGO_ID":"136932","NOMBRE":"Alameda Canal Molinos","LONGITUD":7.3,"TIPO_CAPACIDAD":null,"OBSERVACION":null,"PLAZO":"Existente","ACTO_ADMINISTRATIVO":null,"NUMERO_ACTO_ADMINISTRATIVO":null,"FECHA_ACTO_ADMINISTRATIVO":"2025-10-15T00:00:00Z","NORMATIVA":"En el marco del Decreto 555 del 29 de diciembre de 2021 - Por el cual se adopta la revisión general del Plan de Ordenamiento Territorial de Bogotá","ESCALA_CAPTURA":null,"FECHA_CAPTURA":"2025-10-15T00:00:00Z","RESPONSABLE":"38","SHAPE_Leng":7.2772956578199999,"SHAPE_Length":7.2772956578247179},"geometry":{"type":"LineString","coordinates":[[-74.04121812256966,4.693638050425303],[-74.041159208883514,4.693609180347491]]}},
{"type":"Feature","properties":{"fid":730,"OBJECTID":730,"CODIGO_ID":"92054485","NOMBRE":"Alameda Canal Salitre","LONGITUD":73.4,"TIPO_CAPACIDAD":null,"OBSERVACION":null,"PLAZO":"Existente","ACTO_ADMINISTRATIVO":null,"NUMERO_ACTO_ADMINISTRATIVO":null,"FECHA_ACTO_ADMINISTRATIVO":"2025-10-15T00:00:00Z","NORMATIVA":"En el marco del Decreto 555 del 29 de diciembre de 2021 - Por el cual se adopta la revisión general del Plan de Ordenamiento Territorial de Bogotá","ESCALA_CAPTURA":null,"FECHA_CAPTURA":"2025-10-15T00:00:00Z","RESPONSABLE":"38","SHAPE_Leng":73.414214969200003,"SHAPE_Length":73.414214969198156},"geometry":{"type":"LineString","coordinates":[[-74.078034972010869,4.682217169572054],[-74.077809411867051,4.681942875472014],[-74.077604269119348,4.681713720095145]]}},
{"type":"Feature","properties":{"fid":731,"OBJECTID":731,"CODIGO_ID":"702058","NOMBRE":"Alameda Av Las Quintas","LONGITUD":160.7,"TIPO_CAPACIDAD":null,"OBSERVACION":null,"PLAZO":"Existente","ACTO_ADMINISTRATIVO":null,"NUMERO_ACTO_ADMINISTRATIVO":null,"FECHA_ACTO_ADMINISTRATIVO":"2025-10-15T00:00:00Z","NORMATIVA":"En el marco del Decreto 555 del 29 de diciembre de 2021 - Por el cual se adopta la revisión general del Plan de Ordenamiento Territorial de Bogotá","ESCALA_CAPTURA":null,"FECHA_CAPTURA":"2025-10-15T00:00:00Z","RESPONSABLE":"38","SHAPE_Leng":160.67832604700001,"SHAPE_Length":160.67832604672046},"geometry":{"type":"LineString","coordinates":[[-74.122480916923095,4.728643863089496],[-74.12243325519033,4.728684348279077],[-74.122358221967488,4.728748627086257],[-74.121796732447351,4.72922963228068],[-74.121381919333558,4.729584545477547],[-74.121379406368519,4.729586360510146]]}},
{"type":"Feature","properties":{"fid":732,"OBJECTID":732,"CODIGO_ID":"34011158","NOMBRE":"Alameda CL 40B Sur","LONGITUD":29.5,"TIPO_CAPACIDAD":null,"OBSERVACION":null,"PLAZO":"Existente","ACTO_ADMINISTRATIVO":null,"NUMERO_ACTO_ADMINISTRATIVO":null,"FECHA_ACTO_ADMINISTRATIVO":"2025-10-15T00:00:00Z","NORMATIVA":"En el marco del Decreto 555 del 29 de diciembre de 2021 - Por el cual se adopta la revisión general del Plan de Ordenamiento Territorial de Bogotá","ESCALA_CAPTURA":null,"FECHA_CAPTURA":"2025-10-15T00:00:00Z","RESPONSABLE":"38","SHAPE_Leng":29.520934512299998,"SHAPE_Length":29.520934512345779},"geometry":{"type":"LineString","coordinates":[[-74.169655658590614,4.63783943633746],[-74.169496893901083,4.637625349406173]]}},
{"type":"Feature","properties":{"fid":733,"OBJECTID":733,"CODIGO_ID":"91036226","NOMBRE":"Alameda CL 41 Sur","LONGITUD":5.1,"TIPO_CAPACIDAD":null,"OBSERVACION":null,"PLAZO":"Existente","ACTO_ADMINISTRATIVO":null,"NUMERO_ACTO_ADMINISTRATIVO":null,"FECHA_ACTO_ADMINISTRATIVO":"2025-10-15T00:00:00Z","NORMATIVA":"En el marco del Decreto 555 del 29 de diciembre de 2021 - Por el cual se adopta la revisión general del Plan de Ordenamiento Territorial de Bogotá","ESCALA_CAPTURA":null,"FECHA_CAPTURA":"2025-10-15T00:00:00Z","RESPONSABLE":"38","SHAPE_Leng":5.0997726696000001,"SHAPE_Length":5.0997726701287078},"geometry":{"type":"LineString","coordinates":[[-74.176252538750077,4.647538383488456],[-74.176226676864744,4.647500281346187]]}},
{"type":"Feature","properties":{"fid":734,"OBJECTID":734,"CODIGO_ID":"92080093","NOMBRE":"Alameda Humedal Juan Amarillo","LONGITUD":18.1,"TIPO_CAPACIDAD":null,"OBSERVACION":null,"PLAZO":"Existente","ACTO_ADMINISTRATIVO":null,"NUMERO_ACTO_ADMINISTRATIVO":null,"FECHA_ACTO_ADMINISTRATIVO":"2025-10-15T00:00:00Z","NORMATIVA":"En el marco del Decreto 555 del 29 de diciembre de 2021 - Por el cual se adopta la revisión general del Plan de Ordenamiento Territorial de Bogotá","ESCALA_CAPTURA":null,"FECHA_CAPTURA":"2025-10-15T00:00:00Z","RESPONSABLE":"38","SHAPE_Leng":18.119274425499999,"SHAPE_Length":18.119274425463573},"geometry":{"type":"LineString","coordinates":[[-74.097989511299019,4.717377664584941],[-74.098121282460895,4.717444017128511],[-74.098135995188386,4.717449839569714]]}},
{"type":"Feature","properties":{"fid":735,"OBJECTID":735,"CODIGO_ID":"92020612","NOMBRE":"Alameda Humedal Jaboque","LONGITUD":2.2,"TIPO_CAPACIDAD":null,"OBSERVACION":null,"PLAZO":"Existente","ACTO_ADMINISTRATIVO":null,"NUMERO_ACTO_ADMINISTRATIVO":null,"FECHA_ACTO_ADMINISTRATIVO":"2025-10-15T00:00:00Z","NORMATIVA":"En el marco del Decreto 555 del 29 de diciembre de 2021 - Por el cual se adopta la revisión general del Plan de Ordenamiento Territorial de Bogotá","ESCALA_CAPTURA":null,"FECHA_CAPTURA":"2025-10-15T00:00:00Z","RESPONSABLE":"38","SHAPE_Leng":2.23696853624,"SHAPE_Length":2.2369685362441336},"geometry":{"type":"LineString","coordinates":[[-74.12698375223475,4.702766217423791],[-74.126982373744084,4.70276649580067],[-74.126963726330033,4.702768444185133]]}},
{"type":"Feature","properties":{"fid":736,"OBJECTID":736,"CODIGO_ID":"34010026","NOMBRE":"Alameda Humedal Jaboque","LONGITUD":21.5,"TIPO_CAPACIDAD":null,"OBSERVACION":null,"PLAZO":"Existente","ACTO_ADMINISTRATIVO":null,"NUMERO_ACTO_ADMINISTRATIVO":null,"FECHA_ACTO_ADMINISTRATIVO":"2025-10-15T00:00:00Z","NORMATIVA":"En el marco del Decreto 555 del 29 de diciembre de 2021 - Por el cual se adopta la revisión general del Plan de Ordenamiento Territorial de Bogotá","ESCALA_CAPTURA":null,"FECHA_CAPTURA":"2025-10-15T00:00:00Z","RESPONSABLE":"38","SHAPE_Leng":21.464041927,"SHAPE_Length":21.46404192701937},"geometry":{"type":"LineString","coordinates":[[-74.123892790187838,4.701787082086255],[-74.123822417209013,4.701737012877971],[-74.12372853624305,4.701685272397459]]}},
{"type":"Feature","properties":{"fid":737,"OBJECTID":737,"CODIGO_ID":"20012496","NOMBRE":"Alameda Canal Torca","LONGITUD":12.0,"TIPO_CAPACIDAD":null,"OBSERVACION":null,"PLAZO":"Existente","ACTO_ADMINISTRATIVO":null,"NUMERO_ACTO_ADMINISTRATIVO":null,"FECHA_ACTO_ADMINISTRATIVO":"2025-10-15T00:00:00Z","NORMATIVA":"En el marco del Decreto 555 del 29 de diciembre de 2021 - Por el cual se adopta la revisión general del Plan de Ordenamiento Territorial de Bogotá","ESCALA_CAPTURA":null,"FECHA_CAPTURA":"2025-10-15T00:00:00Z","RESPONSABLE":"38","SHAPE_Leng":12.0060130455,"SHAPE_Length":12.006013045457308},"geometry":{"type":"LineString","coordinates":[[-74.040844825033375,4.75985523335081],[-74.040844339022996,4.759963759890897]]}},
{"type":"Feature","properties":{"fid":738,"OBJECTID":738,"CODIGO_ID":"91014149","NOMBRE":"Alameda CL 41 Sur","LONGITUD":9.9,"TIPO_CAPACIDAD":null,"OBSERVACION":null,"PLAZO":"Existente","ACTO_ADMINISTRATIVO":null,"NUMERO_ACTO_ADMINISTRATIVO":null,"FECHA_ACTO_ADMINISTRATIVO":"2025-10-15T00:00:00Z","NORMATIVA":"En el marco del Decreto 555 del 29 de diciembre de 2021 - Por el cual se adopta la revisión general del Plan de Ordenamiento Territorial de Bogotá","ESCALA_CAPTURA":null,"FECHA_CAPTURA":"2025-10-15T00:00:00Z","RESPONSABLE":"38","SHAPE_Leng":9.9444990415200003,"SHAPE_Length":9.9444990410199718},"geometry":{"type":"LineString","coordinates":[[-74.173138593717965,4.642724503233197],[-74.1731350728233,4.642718970297008],[-74.173124314634578,4.642702066865081],[-74.173090518363267,4.642648649299671]]}},
{"type":"Feature","properties":{"fid":739,"OBJECTID":739,"CODIGO_ID":"34011324","NOMBRE":"Alameda Río Bogotá","LONGITUD":207.2,"TIPO_CAPACIDAD":null,"OBSERVACION":null,"PLAZO":"Existente","ACTO_ADMINISTRATIVO":null,"NUMERO_ACTO_ADMINISTRATIVO":null,"FECHA_ACTO_ADMINISTRATIVO":"2025-10-15T00:00:00Z","NORMATIVA":"En el marco del Decreto 555 del 29 de diciembre de 2021 - Por el cual se adopta la revisión general del Plan de Ordenamiento Territorial de Bogotá","ESCALA_CAPTURA":null,"FECHA_CAPTURA":"2025-10-15T00:00:00Z","RESPONSABLE":"38","SHAPE_Leng":207.18895755099999,"SHAPE_Length":207.18895755042445},"geometry":{"type":"MultiLineString","coordinates":[[[-74.127005898210442,4.735225378822953],[-74.127045929855896,4.735331495096122]],[[-74.127045929855896,4.735331495096122],[-74.127060629874649,4.735394985072047],[-74.127069148926537,4.735459602093966],[-74.127071405034783,4.735524743227725],[-74.127067378392454,4.735589798309186]],[[-74.127067378392454,4.735589798309186],[-74.127058362875673,4.735653869756246],[-74.127043551179725,4.735716846360536],[-74.127023067657518,4.735778202932496],[-74.126997082613372,4.735837426035053],[-74.126965814104992,4.735894019407371]],[[-74.126965814104992,4.735894019407371],[-74.126894471074053,4.735989780527409],[-74.126815625468936,4.736079423517955],[-74.126729797189711,4.736162360826468]],[[-74.126729797189711,4.736162360826468],[-74.126149851934585,4.736735196269246]]]}},
{"type":"Feature","properties":{"fid":740,"OBJECTID":740,"CODIGO_ID":"34013808","NOMBRE":"Alameda Canal Torca","LONGITUD":427.9,"TIPO_CAPACIDAD":null,"OBSERVACION":null,"PLAZO":"Existente","ACTO_ADMINISTRATIVO":null,"NUMERO_ACTO_ADMINISTRATIVO":null,"FECHA_ACTO_ADMINISTRATIVO":"2025-10-15T00:00:00Z","NORMATIVA":"En el marco del Decreto 555 del 29 de diciembre de 2021 - Por el cual se adopta la revisión general del Plan de Ordenamiento Territorial de Bogotá","ESCALA_CAPTURA":null,"FECHA_CAPTURA":"2025-10-15T00:00:00Z","RESPONSABLE":"38","SHAPE_Leng":427.87700157299997,"SHAPE_Length":427.87700157316772},"geometry":{"type":"MultiLineString","coordinates":[[[-74.041148823297704,4.778881172245585],[-74.040951819179796,4.778495235769388],[-74.040805958539053,4.778205340283134],[-74.040608615575707,4.777822161588685],[-74.040412703939211,4.777437547597306],[-74.040304024330524,4.777217973721626]],[[-74.040304024330524,4.777217973721626],[-74.040280777175909,4.777175075285078],[-74.040261030924526,4.777130446338681],[-74.040244914383948,4.777084372548844],[-74.040232530229005,4.777037151329149]],[[-74.040232530229005,4.777037151329149],[-74.040088904349517,4.776563467138303],[-74.04000806454107,4.776300954794809],[-74.039899404306553,4.775957969058182],[-74.039756433463609,4.775481522443251],[-74.039707822198409,4.775329403765815],[-74.039702128440595,4.775311614173022]]]}},
{"type":"Feature","properties":{"fid":741,"OBJECTID":741,"CODIGO_ID":"34011511","NOMBRE":"Alameda Humedal Jaboque","LONGITUD":23.6,"TIPO_CAPACIDAD":null,"OBSERVACION":null,"PLAZO":"Existente","ACTO_ADMINISTRATIVO":null,"NUMERO_ACTO_ADMINISTRATIVO":null,"FECHA_ACTO_ADMINISTRATIVO":"2025-10-15T00:00:00Z","NORMATIVA":"En el marco del Decreto 555 del 29 de diciembre de 2021 - Por el cual se adopta la revisión general del Plan de Ordenamiento Territorial de Bogotá","ESCALA_CAPTURA":null,"FECHA_CAPTURA":"2025-10-15T00:00:00Z","RESPONSABLE":"38","SHAPE_Leng":23.581677132,"SHAPE_Length":23.581677132029625},"geometry":{"type":"LineString","coordinates":[[-74.132685460415885,4.711651367921043],[-74.132536665810946,4.711803531713231]]}},
{"type":"Feature","properties":{"fid":742,"OBJECTID":742,"CODIGO_ID":"34010066","NOMBRE":"Alameda Av El Salitre","LONGITUD":39.7,"TIPO_CAPACIDAD":null,"OBSERVACION":null,"PLAZO":"Existente","ACTO_ADMINISTRATIVO":null,"NUMERO_ACTO_ADMINISTRATIVO":null,"FECHA_ACTO_ADMINISTRATIVO":"2025-10-15T00:00:00Z","NORMATIVA":"En el marco del Decreto 555 del 29 de diciembre de 2021 - Por el cual se adopta la revisión general del Plan de Ordenamiento Territorial de Bogotá","ESCALA_CAPTURA":null,"FECHA_CAPTURA":"2025-10-15T00:00:00Z","RESPONSABLE":"38","SHAPE_Leng":39.739595387400001,"SHAPE_Length":39.739595387407874},"geometry":{"type":"LineString","coordinates":[[-74.118378500672776,4.695044870262332],[-74.118070549438656,4.694861625851052]]}},
{"type":"Feature","properties":{"fid":743,"OBJECTID":743,"CODIGO_ID":"34011516","NOMBRE":"Alameda Humedal Jaboque","LONGITUD":38.2,"TIPO_CAPACIDAD":null,"OBSERVACION":null,"PLAZO":"Existente","ACTO_ADMINISTRATIVO":null,"NUMERO_ACTO_ADMINISTRATIVO":null,"FECHA_ACTO_ADMINISTRATIVO":"2025-10-15T00:00:00Z","NORMATIVA":"En el marco del Decreto 555 del 29 de diciembre de 2021 - Por el cual se adopta la revisión general del Plan de Ordenamiento Territorial de Bogotá","ESCALA_CAPTURA":null,"FECHA_CAPTURA":"2025-10-15T00:00:00Z","RESPONSABLE":"38","SHAPE_Leng":38.190679247600002,"SHAPE_Length":38.190679247679483},"geometry":{"type":"MultiLineString","coordinates":[[[-74.127073394204473,4.708554660231885],[-74.127082626038884,4.708539306049938],[-74.127090993850004,4.708523461000522],[-74.127098473310113,4.708507174800028]],[[-74.127098473310113,4.708507174800028],[-74.127185250659721,4.708319667918032],[-74.127219370073703,4.708242199720782]]]}},
{"type":"Feature","properties":{"fid":744,"OBJECTID":744,"CODIGO_ID":"34010032","NOMBRE":"Alameda Humedal Jaboque","LONGITUD":16.2,"TIPO_CAPACIDAD":null,"OBSERVACION":null,"PLAZO":"Existente","ACTO_ADMINISTRATIVO":null,"NUMERO_ACTO_ADMINISTRATIVO":null,"FECHA_ACTO_ADMINISTRATIVO":"2025-10-15T00:00:00Z","NORMATIVA":"En el marco del Decreto 555 del 29 de diciembre de 2021 - Por el cual se adopta la revisión general del Plan de Ordenamiento Territorial de Bogotá","ESCALA_CAPTURA":null,"FECHA_CAPTURA":"2025-10-15T00:00:00Z","RESPONSABLE":"38","SHAPE_Leng":16.1772779603,"SHAPE_Length":16.177277960361447},"geometry":{"type":"MultiLineString","coordinates":[[[-74.123104104596351,4.698554737535501],[-74.123107967385664,4.698544049395488],[-74.123112416694525,4.698533592685664],[-74.123117438106391,4.698523399947621]],[[-74.123117438106391,4.698523399947621],[-74.123121985543236,4.698515239266594],[-74.123126900565879,4.698507296449131],[-74.123132172362233,4.698499586861991]],[[-74.123132172362233,4.698499586861991],[-74.12313900574037,4.698485538850498],[-74.123144559768392,4.698470934868458],[-74.123148789394364,4.698455890619601],[-74.123151661278641,4.698440526327803],[-74.123153151992128,4.698424966736982]],[[-74.123153151992128,4.698424966736982],[-74.123154307221327,4.698419161627722]]]}},
{"type":"Feature","properties":{"fid":745,"OBJECTID":745,"CODIGO_ID":"92020048","NOMBRE":"Alameda Canal Salitre","LONGITUD":30.6,"TIPO_CAPACIDAD":null,"OBSERVACION":null,"PLAZO":"Existente","ACTO_ADMINISTRATIVO":null,"NUMERO_ACTO_ADMINISTRATIVO":null,"FECHA_ACTO_ADMINISTRATIVO":"2025-10-15T00:00:00Z","NORMATIVA":"En el marco del Decreto 555 del 29 de diciembre de 2021 - Por el cual se adopta la revisión general del Plan de Ordenamiento Territorial de Bogotá","ESCALA_CAPTURA":null,"FECHA_CAPTURA":"2025-10-15T00:00:00Z","RESPONSABLE":"38","SHAPE_Leng":30.566741731699999,"SHAPE_Length":30.566741731729081},"geometry":{"type":"LineString","coordinates":[[-74.076145213761464,4.684345801085602],[-74.076224574044488,4.684457493515182],[-74.076112663030685,4.68453966276206]]}},
{"type":"Feature","properties":{"fid":746,"OBJECTID":746,"CODIGO_ID":"92080182","NOMBRE":"Alameda Canal Salitre","LONGITUD":31.1,"TIPO_CAPACIDAD":null,"OBSERVACION":null,"PLAZO":"Existente","ACTO_ADMINISTRATIVO":null,"NUMERO_ACTO_ADMINISTRATIVO":null,"FECHA_ACTO_ADMINISTRATIVO":"2025-10-15T00:00:00Z","NORMATIVA":"En el marco del Decreto 555 del 29 de diciembre de 2021 - Por el cual se adopta la revisión general del Plan de Ordenamiento Territorial de Bogotá","ESCALA_CAPTURA":null,"FECHA_CAPTURA":"2025-10-15T00:00:00Z","RESPONSABLE":"38","SHAPE_Leng":31.096590346,"SHAPE_Length":31.096590345970704},"geometry":{"type":"LineString","coordinates":[[-74.075732976377395,4.677011028378926],[-74.075706037704506,4.676731234164674]]}},
{"type":"Feature","properties":{"fid":747,"OBJECTID":747,"CODIGO_ID":"91024541","NOMBRE":"Alameda Av Las Quintas","LONGITUD":6.5,"TIPO_CAPACIDAD":null,"OBSERVACION":null,"PLAZO":"Existente","ACTO_ADMINISTRATIVO":null,"NUMERO_ACTO_ADMINISTRATIVO":null,"FECHA_ACTO_ADMINISTRATIVO":"2025-10-15T00:00:00Z","NORMATIVA":"En el marco del Decreto 555 del 29 de diciembre de 2021 - Por el cual se adopta la revisión general del Plan de Ordenamiento Territorial de Bogotá","ESCALA_CAPTURA":null,"FECHA_CAPTURA":"2025-10-15T00:00:00Z","RESPONSABLE":"38","SHAPE_Leng":6.4699728196499997,"SHAPE_Length":6.4699728196524262},"geometry":{"type":"LineString","coordinates":[[-74.124772932774505,4.728970832262568],[-74.12480536855854,4.728981147310595],[-74.124828588085009,4.728988227747803]]}},
{"type":"Feature","properties":{"fid":748,"OBJECTID":748,"CODIGO_ID":"34013864","NOMBRE":"Alameda Humedal Juan Amarillo","LONGITUD":513.4,"TIPO_CAPACIDAD":null,"OBSERVACION":null,"PLAZO":"Existente","ACTO_ADMINISTRATIVO":null,"NUMERO_ACTO_ADMINISTRATIVO":null,"FECHA_ACTO_ADMINISTRATIVO":"2025-10-15T00:00:00Z","NORMATIVA":"En el marco del Decreto 555 del 29 de diciembre de 2021 - Por el cual se adopta la revisión general del Plan de Ordenamiento Territorial de Bogotá","ESCALA_CAPTURA":null,"FECHA_CAPTURA":"2025-10-15T00:00:00Z","RESPONSABLE":"38","SHAPE_Leng":513.33572200799995,"SHAPE_Length":513.3357220079514},"geometry":{"type":"MultiLineString","coordinates":[[[-74.10287787165025,4.722145842698308],[-74.102926416881274,4.722179819672298],[-74.102977413060032,4.722209966776646],[-74.103030561067115,4.722236105914638]],[[-74.103030561067115,4.722236105914638],[-74.10308264802859,4.722257086160653],[-74.10313646521243,4.722273077631725],[-74.103191539604438,4.722283939282187],[-74.103247385573567,4.722289575263114],[-74.103303512079876,4.722289935826623]],[[-74.103303512079876,4.722289935826623],[-74.103601499268876,4.722267232764344],[-74.103864919728508,4.722245724270523],[-74.104227272241047,4.722220633962608],[-74.104479878858086,4.722200409986042],[-74.104570552631628,4.72219315046824],[-74.104924560989474,4.722168058386131]],[[-74.104924560989474,4.722168058386131],[-74.105073977971486,4.722157256147017],[-74.105223368841052,4.722146104046904],[-74.10537273359796,4.722134602085811]],[[-74.10537273359796,4.722134602085811],[-74.105617082409893,4.722116678651099]],[[-74.105617082409893,4.722116678651099],[-74.10571816992028,4.722123608843225],[-74.105818474033896,4.722137991107915],[-74.105917449657142,4.722159746770247]],[[-74.105917449657142,4.722159746770247],[-74.105983211110498,4.722180338903996],[-74.106047425303245,4.722205370221393],[-74.106109793113092,4.722234725000296]],[[-74.106109793113092,4.722234725000296],[-74.106128936851434,4.722244806926392],[-74.106147862526072,4.722255297422976],[-74.106166559325388,4.722266191969706]],[[-74.106166559325388,4.722266191969706],[-74.106243780751555,4.722314326182586],[-74.106317404208312,4.722367835042724],[-74.106387059403389,4.722426448249847]],[[-74.106387059403389,4.722426448249847],[-74.1064603175694,4.722502780813856],[-74.106526826057816,4.722585098912668],[-74.106586100167092,4.722672804107765]],[[-74.106586100167092,4.722672804107765],[-74.106630147570812,4.72275891205147],[-74.106667951823766,4.722847957458364],[-74.106699319236128,4.722939484729397]],[[-74.106699319236128,4.722939484729397],[-74.106721709386221,4.723026720449814],[-74.106737625810041,4.723115374993027],[-74.106746982037194,4.723204965647194]],[[-74.106746982037194,4.723204965647194],[-74.106756567012567,4.723328009558236]]]}},
{"type":"Feature","properties":{"fid":749,"OBJECTID":749,"CODIGO_ID":"136684","NOMBRE":"Alameda Canal Molinos","LONGITUD":20.3,"TIPO_CAPACIDAD":null,"OBSERVACION":null,"PLAZO":"Existente","ACTO_ADMINISTRATIVO":null,"NUMERO_ACTO_ADMINISTRATIVO":null,"FECHA_ACTO_ADMINISTRATIVO":"2025-10-15T00:00:00Z","NORMATIVA":"En el marco del Decreto 555 del 29 de diciembre de 2021 - Por el cual se adopta la revisión general del Plan de Ordenamiento Territorial de Bogotá","ESCALA_CAPTURA":null,"FECHA_CAPTURA":"2025-10-15T00:00:00Z","RESPONSABLE":"38","SHAPE_Leng":20.275827401099999,"SHAPE_Length":20.275827401090343},"geometry":{"type":"LineString","coordinates":[[-74.038661321347988,4.689195739049337],[-74.038707258250341,4.689224111060533],[-74.038794907849919,4.689249252477205],[-74.038821114257942,4.689240333671932],[-74.038831012089673,4.689240388531712]]}},
{"type":"Feature","properties":{"fid":750,"OBJECTID":750,"CODIGO_ID":"91036280","NOMBRE":"Alameda CL 41 Sur","LONGITUD":13.4,"TIPO_CAPACIDAD":null,"OBSERVACION":null,"PLAZO":"Existente","ACTO_ADMINISTRATIVO":null,"NUMERO_ACTO_ADMINISTRATIVO":null,"FECHA_ACTO_ADMINISTRATIVO":"2025-10-15T00:00:00Z","NORMATIVA":"En el marco del Decreto 555 del 29 de diciembre de 2021 - Por el cual se adopta la revisión general del Plan de Ordenamiento Territorial de Bogotá","ESCALA_CAPTURA":null,"FECHA_CAPTURA":"2025-10-15T00:00:00Z","RESPONSABLE":"38","SHAPE_Leng":13.360650141000001,"SHAPE_Length":13.360650141173288},"geometry":{"type":"LineString","coordinates":[[-74.170671051896235,4.638818295628998],[-74.17064626177752,4.638700111522063]]}},
{"type":"Feature","properties":{"fid":751,"OBJECTID":751,"CODIGO_ID":"34010070","NOMBRE":"Alameda Av El Salitre","LONGITUD":91.1,"TIPO_CAPACIDAD":null,"OBSERVACION":null,"PLAZO":"Existente","ACTO_ADMINISTRATIVO":null,"NUMERO_ACTO_ADMINISTRATIVO":null,"FECHA_ACTO_ADMINISTRATIVO":"2025-10-15T00:00:00Z","NORMATIVA":"En el marco del Decreto 555 del 29 de diciembre de 2021 - Por el cual se adopta la revisión general del Plan de Ordenamiento Territorial de Bogotá","ESCALA_CAPTURA":null,"FECHA_CAPTURA":"2025-10-15T00:00:00Z","RESPONSABLE":"38","SHAPE_Leng":91.066776872199995,"SHAPE_Length":91.066776872236332},"geometry":{"type":"LineString","coordinates":[[-74.115278248903707,4.693200049492675],[-74.115061092657328,4.693068918566674],[-74.114583620265407,4.692783153716262],[-74.114574130751507,4.692777474685034]]}},
{"type":"Feature","properties":{"fid":752,"OBJECTID":752,"CODIGO_ID":"15002527","NOMBRE":"Alameda Humedal el Burro","LONGITUD":20.0,"TIPO_CAPACIDAD":null,"OBSERVACION":null,"PLAZO":"Existente","ACTO_ADMINISTRATIVO":null,"NUMERO_ACTO_ADMINISTRATIVO":null,"FECHA_ACTO_ADMINISTRATIVO":"2025-10-15T00:00:00Z","NORMATIVA":"En el marco del Decreto 555 del 29 de diciembre de 2021 - Por el cual se adopta la revisión general del Plan de Ordenamiento Territorial de Bogotá","ESCALA_CAPTURA":null,"FECHA_CAPTURA":"2025-10-15T00:00:00Z","RESPONSABLE":"38","SHAPE_Leng":19.987192704999998,"SHAPE_Length":19.987192704930401},"geometry":{"type":"LineString","coordinates":[[-74.145559191862802,4.631739990237485],[-74.145429468792386,4.631828181998611],[-74.145427881405723,4.631851573480565]]}},
{"type":"Feature","properties":{"fid":753,"OBJECTID":753,"CODIGO_ID":"34011514","NOMBRE":"Alameda Humedal Jaboque","LONGITUD":215.8,"TIPO_CAPACIDAD":null,"OBSERVACION":null,"PLAZO":"Existente","ACTO_ADMINISTRATIVO":null,"NUMERO_ACTO_ADMINISTRATIVO":null,"FECHA_ACTO_ADMINISTRATIVO":"2025-10-15T00:00:00Z","NORMATIVA":"En el marco del Decreto 555 del 29 de diciembre de 2021 - Por el cual se adopta la revisión general del Plan de Ordenamiento Territorial de Bogotá","ESCALA_CAPTURA":null,"FECHA_CAPTURA":"2025-10-15T00:00:00Z","RESPONSABLE":"38","SHAPE_Leng":215.74763625200001,"SHAPE_Length":215.7476362525841},"geometry":{"type":"MultiLineString","coordinates":[[[-74.128621047879093,4.707741604451015],[-74.128742460097342,4.707727880239074]],[[-74.128742460097342,4.707727880239074],[-74.128797418910352,4.707719882620939],[-74.128851351644741,4.707706603210771],[-74.128903757353768,4.707688166740743],[-74.128954145901417,4.707664744948663]],[[-74.128954145901417,4.707664744948663],[-74.128988435832355,4.707640668288293],[-74.129020500424573,4.707613681765049],[-74.129050095508489,4.707583990569014],[-74.129076994933556,4.707551821585493],[-74.129100994172333,4.70751741977922]],[[-74.129100994172333,4.70751741977922],[-74.129165441013939,4.707369459756461],[-74.129200167475844,4.707289732510896]],[[-74.129200167475844,4.707289732510896],[-74.129211385572859,4.707251124316148],[-74.129226097619664,4.707213714841914],[-74.129244178372403,4.70717782317813],[-74.129265473756419,4.707143753046845],[-74.129289803569364,4.707111792802323]],[[-74.129289803569364,4.707111792802323],[-74.129507739566961,4.706811939117856],[-74.129556801968121,4.706744434470657],[-74.129671229404408,4.706591369222693]],[[-74.129671229404408,4.706591369222693],[-74.129686175289308,4.706569569098605],[-74.129699197622784,4.70654656035047],[-74.129710200897591,4.706522513822081],[-74.129719101318997,4.706497606685073],[-74.129725835814625,4.706472024247118],[-74.129730352123588,4.706445955431907]],[[-74.129730352123588,4.706445955431907],[-74.129733916599378,4.70639924767796],[-74.129738566745871,4.706352634864634],[-74.129744300760237,4.706306145014235]]]}},
{"type":"Feature","properties":{"fid":754,"OBJECTID":754,"CODIGO_ID":"92085157","NOMBRE":"Alameda Canal Molinos","LONGITUD":9.1,"TIPO_CAPACIDAD":null,"OBSERVACION":null,"PLAZO":"Existente","ACTO_ADMINISTRATIVO":null,"NUMERO_ACTO_ADMINISTRATIVO":null,"FECHA_ACTO_ADMINISTRATIVO":"2025-10-15T00:00:00Z","NORMATIVA":"En el marco del Decreto 555 del 29 de diciembre de 2021 - Por el cual se adopta la revisión general del Plan de Ordenamiento Territorial de Bogotá","ESCALA_CAPTURA":null,"FECHA_CAPTURA":"2025-10-15T00:00:00Z","RESPONSABLE":"38","SHAPE_Leng":9.1474947551200003,"SHAPE_Length":9.1474947551249208},"geometry":{"type":"LineString","coordinates":[[-74.04390540708431,4.694493529511945],[-74.043829753414911,4.694526329798957]]}},
{"type":"Feature","properties":{"fid":755,"OBJECTID":755,"CODIGO_ID":"0","NOMBRE":"Alameda Canal Fucha","LONGITUD":62.1,"TIPO_CAPACIDAD":null,"OBSERVACION":null,"PLAZO":"Existente","ACTO_ADMINISTRATIVO":null,"NUMERO_ACTO_ADMINISTRATIVO":null,"FECHA_ACTO_ADMINISTRATIVO":"2025-10-15T00:00:00Z","NORMATIVA":"En el marco del Decreto 555 del 29 de diciembre de 2021 - Por el cual se adopta la revisión general del Plan de Ordenamiento Territorial de Bogotá","ESCALA_CAPTURA":null,"FECHA_CAPTURA":"2025-10-15T00:00:00Z","RESPONSABLE":"38","SHAPE_Leng":62.084578774900002,"SHAPE_Length":62.084578774137228},"geometry":{"type":"LineString","coordinates":[[-74.105232448166774,4.5953645924144],[-74.104863563073195,4.595217405213012],[-74.104726068665386,4.595130870194781]]}},
{"type":"Feature","properties":{"fid":756,"OBJECTID":756,"CODIGO_ID":"164988","NOMBRE":"Alameda Humedal Jaboque","LONGITUD":6.3,"TIPO_CAPACIDAD":null,"OBSERVACION":null,"PLAZO":"Existente","ACTO_ADMINISTRATIVO":null,"NUMERO_ACTO_ADMINISTRATIVO":null,"FECHA_ACTO_ADMINISTRATIVO":"2025-10-15T00:00:00Z","NORMATIVA":"En el marco del Decreto 555 del 29 de diciembre de 2021 - Por el cual se adopta la revisión general del Plan de Ordenamiento Territorial de Bogotá","ESCALA_CAPTURA":null,"FECHA_CAPTURA":"2025-10-15T00:00:00Z","RESPONSABLE":"38","SHAPE_Leng":6.25505962056,"SHAPE_Length":6.2550596205595994},"geometry":{"type":"LineString","coordinates":[[-74.123595091505834,4.701703442763689],[-74.123547785398586,4.701672712426634]]}},
{"type":"Feature","properties":{"fid":757,"OBJECTID":757,"CODIGO_ID":"34011118","NOMBRE":"Alameda CL 41 Sur","LONGITUD":25.9,"TIPO_CAPACIDAD":null,"OBSERVACION":null,"PLAZO":"Existente","ACTO_ADMINISTRATIVO":null,"NUMERO_ACTO_ADMINISTRATIVO":null,"FECHA_ACTO_ADMINISTRATIVO":"2025-10-15T00:00:00Z","NORMATIVA":"En el marco del Decreto 555 del 29 de diciembre de 2021 - Por el cual se adopta la revisión general del Plan de Ordenamiento Territorial de Bogotá","ESCALA_CAPTURA":null,"FECHA_CAPTURA":"2025-10-15T00:00:00Z","RESPONSABLE":"38","SHAPE_Leng":25.946011759600001,"SHAPE_Length":25.946011759575306},"geometry":{"type":"LineString","coordinates":[[-74.175345586261088,4.646074380886502],[-74.175341482403581,4.646067643926596],[-74.175306948738296,4.646010948787681],[-74.175228765769546,4.645888043914035],[-74.175221049101765,4.645875914144052]]}},
{"type":"Feature","properties":{"fid":758,"OBJECTID":758,"CODIGO_ID":"20011931","NOMBRE":"Alameda Av Las Quintas","LONGITUD":29.9,"TIPO_CAPACIDAD":null,"OBSERVACION":null,"PLAZO":"Existente","ACTO_ADMINISTRATIVO":null,"NUMERO_ACTO_ADMINISTRATIVO":null,"FECHA_ACTO_ADMINISTRATIVO":"2025-10-15T00:00:00Z","NORMATIVA":"En el marco del Decreto 555 del 29 de diciembre de 2021 - Por el cual se adopta la revisión general del Plan de Ordenamiento Territorial de Bogotá","ESCALA_CAPTURA":null,"FECHA_CAPTURA":"2025-10-15T00:00:00Z","RESPONSABLE":"38","SHAPE_Leng":29.887694442699999,"SHAPE_Length":29.887694442741566},"geometry":{"type":"LineString","coordinates":[[-74.119633805733926,4.730788266637699],[-74.119837707297279,4.730611791703331]]}},
{"type":"Feature","properties":{"fid":759,"OBJECTID":759,"CODIGO_ID":"34011107","NOMBRE":"Alameda CL 41 Sur","LONGITUD":28.4,"TIPO_CAPACIDAD":null,"OBSERVACION":null,"PLAZO":"Existente","ACTO_ADMINISTRATIVO":null,"NUMERO_ACTO_ADMINISTRATIVO":null,"FECHA_ACTO_ADMINISTRATIVO":"2025-10-15T00:00:00Z","NORMATIVA":"En el marco del Decreto 555 del 29 de diciembre de 2021 - Por el cual se adopta la revisión general del Plan de Ordenamiento Territorial de Bogotá","ESCALA_CAPTURA":null,"FECHA_CAPTURA":"2025-10-15T00:00:00Z","RESPONSABLE":"38","SHAPE_Leng":28.415081993099999,"SHAPE_Length":28.415081992652834},"geometry":{"type":"LineString","coordinates":[[-74.177527370892406,4.649569531242586],[-74.177395444177563,4.649349410251356]]}},
{"type":"Feature","properties":{"fid":760,"OBJECTID":760,"CODIGO_ID":"34011509","NOMBRE":"Alameda Humedal Jaboque","LONGITUD":27.1,"TIPO_CAPACIDAD":null,"OBSERVACION":null,"PLAZO":"Existente","ACTO_ADMINISTRATIVO":null,"NUMERO_ACTO_ADMINISTRATIVO":null,"FECHA_ACTO_ADMINISTRATIVO":"2025-10-15T00:00:00Z","NORMATIVA":"En el marco del Decreto 555 del 29 de diciembre de 2021 - Por el cual se adopta la revisión general del Plan de Ordenamiento Territorial de Bogotá","ESCALA_CAPTURA":null,"FECHA_CAPTURA":"2025-10-15T00:00:00Z","RESPONSABLE":"38","SHAPE_Leng":27.057220928300001,"SHAPE_Length":27.05722092824222},"geometry":{"type":"MultiLineString","coordinates":[[[-74.131858798506386,4.712485780536124],[-74.1318456386592,4.712490911058834],[-74.131832075197195,4.712494847459071],[-74.131818218040877,4.71249755810102],[-74.131804174407563,4.712499022196146]],[[-74.131804174407563,4.712499022196146],[-74.131770519003709,4.712505249672479],[-74.131737584318785,4.712514579507834],[-74.131705651460464,4.712526930353135],[-74.131674997933018,4.712542196452668],[-74.131645885023687,4.712560245836015]],[[-74.131645885023687,4.712560245836015],[-74.131633104383383,4.712570218805579]]]}},
{"type":"Feature","properties":{"fid":761,"OBJECTID":761,"CODIGO_ID":"92080047","NOMBRE":"Alameda Tv 127","LONGITUD":2.6,"TIPO_CAPACIDAD":null,"OBSERVACION":null,"PLAZO":"Existente","ACTO_ADMINISTRATIVO":null,"NUMERO_ACTO_ADMINISTRATIVO":null,"FECHA_ACTO_ADMINISTRATIVO":"2025-10-15T00:00:00Z","NORMATIVA":"En el marco del Decreto 555 del 29 de diciembre de 2021 - Por el cual se adopta la revisión general del Plan de Ordenamiento Territorial de Bogotá","ESCALA_CAPTURA":null,"FECHA_CAPTURA":"2025-10-15T00:00:00Z","RESPONSABLE":"38","SHAPE_Leng":2.6458344525699999,"SHAPE_Length":2.6458344518186148},"geometry":{"type":"LineString","coordinates":[[-74.112191243718357,4.742551380200721],[-74.112205131658229,4.742541028904474],[-74.112210305515802,4.742537018354342]]}},
{"type":"Feature","properties":{"fid":762,"OBJECTID":762,"CODIGO_ID":"34011544","NOMBRE":"Alameda Canal Salitre","LONGITUD":32.2,"TIPO_CAPACIDAD":null,"OBSERVACION":null,"PLAZO":"Existente","ACTO_ADMINISTRATIVO":null,"NUMERO_ACTO_ADMINISTRATIVO":null,"FECHA_ACTO_ADMINISTRATIVO":"2025-10-15T00:00:00Z","NORMATIVA":"En el marco del Decreto 555 del 29 de diciembre de 2021 - Por el cual se adopta la revisión general del Plan de Ordenamiento Territorial de Bogotá","ESCALA_CAPTURA":null,"FECHA_CAPTURA":"2025-10-15T00:00:00Z","RESPONSABLE":"38","SHAPE_Leng":32.219288285499999,"SHAPE_Length":32.219288285492098},"geometry":{"type":"LineString","coordinates":[[-74.077588273647109,4.681503789498631],[-74.077689969759874,4.68123100279808]]}},
{"type":"Feature","properties":{"fid":763,"OBJECTID":763,"CODIGO_ID":"22160001","NOMBRE":"Alameda Río Bogotá","LONGITUD":41.8,"TIPO_CAPACIDAD":null,"OBSERVACION":null,"PLAZO":"Existente","ACTO_ADMINISTRATIVO":null,"NUMERO_ACTO_ADMINISTRATIVO":null,"FECHA_ACTO_ADMINISTRATIVO":"2025-10-15T00:00:00Z","NORMATIVA":"En el marco del Decreto 555 del 29 de diciembre de 2021 - Por el cual se adopta la revisión general del Plan de Ordenamiento Territorial de Bogotá","ESCALA_CAPTURA":null,"FECHA_CAPTURA":"2025-10-15T00:00:00Z","RESPONSABLE":"38","SHAPE_Leng":41.798578754799998,"SHAPE_Length":41.798578754493995},"geometry":{"type":"LineString","coordinates":[[-74.12607147129971,4.736969929764985],[-74.126197579304744,4.737325954468449]]}},
{"type":"Feature","properties":{"fid":764,"OBJECTID":764,"CODIGO_ID":"92085417","NOMBRE":"Alameda Canal Molinos","LONGITUD":26.8,"TIPO_CAPACIDAD":null,"OBSERVACION":null,"PLAZO":"Existente","ACTO_ADMINISTRATIVO":null,"NUMERO_ACTO_ADMINISTRATIVO":null,"FECHA_ACTO_ADMINISTRATIVO":"2025-10-15T00:00:00Z","NORMATIVA":"En el marco del Decreto 555 del 29 de diciembre de 2021 - Por el cual se adopta la revisión general del Plan de Ordenamiento Territorial de Bogotá","ESCALA_CAPTURA":null,"FECHA_CAPTURA":"2025-10-15T00:00:00Z","RESPONSABLE":"38","SHAPE_Leng":26.796349530099999,"SHAPE_Length":26.79634953084863},"geometry":{"type":"MultiLineString","coordinates":[[[-74.055121245776121,4.696886660088888],[-74.055093400475201,4.696909039044107]],[[-74.055093400475201,4.696909039044107],[-74.054979257866009,4.696887655678995]],[[-74.055080365491975,4.696998011838521],[-74.055093400475201,4.696909039044107]]]}},
{"type":"Feature","properties":{"fid":765,"OBJECTID":765,"CODIGO_ID":"0","NOMBRE":"Alameda Canal Fucha","LONGITUD":22.7,"TIPO_CAPACIDAD":null,"OBSERVACION":null,"PLAZO":"Existente","ACTO_ADMINISTRATIVO":null,"NUMERO_ACTO_ADMINISTRATIVO":null,"FECHA_ACTO_ADMINISTRATIVO":"2025-10-15T00:00:00Z","NORMATIVA":"En el marco del Decreto 555 del 29 de diciembre de 2021 - Por el cual se adopta la revisión general del Plan de Ordenamiento Territorial de Bogotá","ESCALA_CAPTURA":null,"FECHA_CAPTURA":"2025-10-15T00:00:00Z","RESPONSABLE":"38","SHAPE_Leng":22.733835602,"SHAPE_Length":22.733835602868538},"geometry":{"type":"LineString","coordinates":[[-74.106545400858636,4.595978438301967],[-74.10636158187738,4.595887842259707]]}},
{"type":"Feature","properties":{"fid":766,"OBJECTID":766,"CODIGO_ID":"92085726","NOMBRE":"Alameda Humedal Jaboque","LONGITUD":5.8,"TIPO_CAPACIDAD":null,"OBSERVACION":null,"PLAZO":"Existente","ACTO_ADMINISTRATIVO":null,"NUMERO_ACTO_ADMINISTRATIVO":null,"FECHA_ACTO_ADMINISTRATIVO":"2025-10-15T00:00:00Z","NORMATIVA":"En el marco del Decreto 555 del 29 de diciembre de 2021 - Por el cual se adopta la revisión general del Plan de Ordenamiento Territorial de Bogotá","ESCALA_CAPTURA":null,"FECHA_CAPTURA":"2025-10-15T00:00:00Z","RESPONSABLE":"38","SHAPE_Leng":5.7952260738500003,"SHAPE_Length":5.7952260738478456},"geometry":{"type":"LineString","coordinates":[[-74.128610814151827,4.710355349262334],[-74.128562202324119,4.71033622952906]]}},
{"type":"Feature","properties":{"fid":767,"OBJECTID":767,"CODIGO_ID":"34011272","NOMBRE":"Alameda Canal Salitre","LONGITUD":225.0,"TIPO_CAPACIDAD":null,"OBSERVACION":null,"PLAZO":"Existente","ACTO_ADMINISTRATIVO":null,"NUMERO_ACTO_ADMINISTRATIVO":null,"FECHA_ACTO_ADMINISTRATIVO":"2025-10-15T00:00:00Z","NORMATIVA":"En el marco del Decreto 555 del 29 de diciembre de 2021 - Por el cual se adopta la revisión general del Plan de Ordenamiento Territorial de Bogotá","ESCALA_CAPTURA":null,"FECHA_CAPTURA":"2025-10-15T00:00:00Z","RESPONSABLE":"38","SHAPE_Leng":224.930413332,"SHAPE_Length":224.93041333178988},"geometry":{"type":"MultiLineString","coordinates":[[[-74.091766003285827,4.709669025544536],[-74.091797318478285,4.709681688686174],[-74.091827292788039,4.709697278699433],[-74.091855655032049,4.709715655451428],[-74.091882149345849,4.709736651692137]],[[-74.091882149345849,4.709736651692137],[-74.091914647944066,4.709767052158748],[-74.091949640680397,4.709794524937261],[-74.091986865386147,4.709818864810906],[-74.092026045474839,4.709839891872255],[-74.092066888140664,4.709857447003466]],[[-74.092066888140664,4.709857447003466],[-74.092125134067743,4.709875408463401],[-74.092183956779706,4.709891364106472],[-74.092243288704225,4.709905294040388]],[[-74.092243288704225,4.709905294040388],[-74.092312699809213,4.709931662155088],[-74.092379379564605,4.709964361290928],[-74.092442757674277,4.710003112084808],[-74.092502289073153,4.710047581842951]],[[-74.092502289073153,4.710047581842951],[-74.092776048506536,4.710283223953105],[-74.092935755603591,4.710417171326249],[-74.093076393374545,4.710541550730472],[-74.093143136116865,4.710600152383667],[-74.093292116845916,4.710726923323986],[-74.093393421781798,4.710836949498701]]]}},
{"type":"Feature","properties":{"fid":768,"OBJECTID":768,"CODIGO_ID":"34010889","NOMBRE":"Alameda Humedal el Burro","LONGITUD":240.4,"TIPO_CAPACIDAD":null,"OBSERVACION":null,"PLAZO":"Existente","ACTO_ADMINISTRATIVO":null,"NUMERO_ACTO_ADMINISTRATIVO":null,"FECHA_ACTO_ADMINISTRATIVO":"2025-10-15T00:00:00Z","NORMATIVA":"En el marco del Decreto 555 del 29 de diciembre de 2021 - Por el cual se adopta la revisión general del Plan de Ordenamiento Territorial de Bogotá","ESCALA_CAPTURA":null,"FECHA_CAPTURA":"2025-10-15T00:00:00Z","RESPONSABLE":"38","SHAPE_Leng":240.355310035,"SHAPE_Length":240.35531003486872},"geometry":{"type":"LineString","coordinates":[[-74.157206621299579,4.650050031315669],[-74.157213248501762,4.650061244695361],[-74.157350550160714,4.650279365353807],[-74.157500722571925,4.65052188154313],[-74.157648182517462,4.650767588678814],[-74.157660908100425,4.650788793299445],[-74.157862569563576,4.651114539640519],[-74.157984138779796,4.651309700131744],[-74.158135742285069,4.651553651624339],[-74.158341694528175,4.651893747929384],[-74.158344418041054,4.651898537906098]]}},
{"type":"Feature","properties":{"fid":769,"OBJECTID":769,"CODIGO_ID":"91010149","NOMBRE":"Alameda Canal Molinos","LONGITUD":5.1,"TIPO_CAPACIDAD":null,"OBSERVACION":null,"PLAZO":"Existente","ACTO_ADMINISTRATIVO":null,"NUMERO_ACTO_ADMINISTRATIVO":null,"FECHA_ACTO_ADMINISTRATIVO":"2025-10-15T00:00:00Z","NORMATIVA":"En el marco del Decreto 555 del 29 de diciembre de 2021 - Por el cual se adopta la revisión general del Plan de Ordenamiento Territorial de Bogotá","ESCALA_CAPTURA":null,"FECHA_CAPTURA":"2025-10-15T00:00:00Z","RESPONSABLE":"38","SHAPE_Leng":5.0692645023400003,"SHAPE_Length":5.0692645029872594},"geometry":{"type":"LineString","coordinates":[[-74.060622699395651,4.69650629330379],[-74.06059090133148,4.696473400205639]]}},
{"type":"Feature","properties":{"fid":770,"OBJECTID":770,"CODIGO_ID":"507821","NOMBRE":"Alameda Canal Torca","LONGITUD":46.0,"TIPO_CAPACIDAD":null,"OBSERVACION":null,"PLAZO":"Existente","ACTO_ADMINISTRATIVO":null,"NUMERO_ACTO_ADMINISTRATIVO":null,"FECHA_ACTO_ADMINISTRATIVO":"2025-10-15T00:00:00Z","NORMATIVA":"En el marco del Decreto 555 del 29 de diciembre de 2021 - Por el cual se adopta la revisión general del Plan de Ordenamiento Territorial de Bogotá","ESCALA_CAPTURA":null,"FECHA_CAPTURA":"2025-10-15T00:00:00Z","RESPONSABLE":"38","SHAPE_Leng":46.0183860721,"SHAPE_Length":46.018386072129651},"geometry":{"type":"LineString","coordinates":[[-74.037722493999354,4.749367549992419],[-74.037718758901434,4.749352466189948],[-74.037423470779743,4.749321838182626],[-74.037322579051491,4.749304963648306]]}},
{"type":"Feature","properties":{"fid":771,"OBJECTID":771,"CODIGO_ID":"6928","NOMBRE":"Alameda Canal Torca","LONGITUD":2.3,"TIPO_CAPACIDAD":null,"OBSERVACION":null,"PLAZO":"Existente","ACTO_ADMINISTRATIVO":null,"NUMERO_ACTO_ADMINISTRATIVO":null,"FECHA_ACTO_ADMINISTRATIVO":"2025-10-15T00:00:00Z","NORMATIVA":"En el marco del Decreto 555 del 29 de diciembre de 2021 - Por el cual se adopta la revisión general del Plan de Ordenamiento Territorial de Bogotá","ESCALA_CAPTURA":null,"FECHA_CAPTURA":"2025-10-15T00:00:00Z","RESPONSABLE":"38","SHAPE_Leng":2.2833084779099999,"SHAPE_Length":2.2833084779075854},"geometry":{"type":"LineString","coordinates":[[-74.040641368274862,4.764116973301446],[-74.040632742716923,4.764098235023217]]}},
{"type":"Feature","properties":{"fid":772,"OBJECTID":772,"CODIGO_ID":"34010067","NOMBRE":"Alameda Av El Salitre","LONGITUD":71.7,"TIPO_CAPACIDAD":null,"OBSERVACION":null,"PLAZO":"Existente","ACTO_ADMINISTRATIVO":null,"NUMERO_ACTO_ADMINISTRATIVO":null,"FECHA_ACTO_ADMINISTRATIVO":"2025-10-15T00:00:00Z","NORMATIVA":"En el marco del Decreto 555 del 29 de diciembre de 2021 - Por el cual se adopta la revisión general del Plan de Ordenamiento Territorial de Bogotá","ESCALA_CAPTURA":null,"FECHA_CAPTURA":"2025-10-15T00:00:00Z","RESPONSABLE":"38","SHAPE_Leng":71.678099874500006,"SHAPE_Length":71.678099874482101},"geometry":{"type":"LineString","coordinates":[[-74.117849622969004,4.694742080624708],[-74.117842902865902,4.694738443768545],[-74.1176725753906,4.694636498611915],[-74.117503220976047,4.694535135596219],[-74.117301595057867,4.694415102869342],[-74.117294564152999,4.694410917298933]]}},
{"type":"Feature","properties":{"fid":773,"OBJECTID":773,"CODIGO_ID":"92010083","NOMBRE":"Alameda Humedal el Burro","LONGITUD":9.7,"TIPO_CAPACIDAD":null,"OBSERVACION":null,"PLAZO":"Existente","ACTO_ADMINISTRATIVO":null,"NUMERO_ACTO_ADMINISTRATIVO":null,"FECHA_ACTO_ADMINISTRATIVO":"2025-10-15T00:00:00Z","NORMATIVA":"En el marco del Decreto 555 del 29 de diciembre de 2021 - Por el cual se adopta la revisión general del Plan de Ordenamiento Territorial de Bogotá","ESCALA_CAPTURA":null,"FECHA_CAPTURA":"2025-10-15T00:00:00Z","RESPONSABLE":"38","SHAPE_Leng":9.73712094423,"SHAPE_Length":9.7371209437261239},"geometry":{"type":"LineString","coordinates":[[-74.155964060715888,4.648021976517581],[-74.156011813864069,4.648095810388623]]}},
{"type":"Feature","properties":{"fid":774,"OBJECTID":774,"CODIGO_ID":"34010686","NOMBRE":"Alameda Canal Virrey","LONGITUD":61.9,"TIPO_CAPACIDAD":null,"OBSERVACION":null,"PLAZO":"Existente","ACTO_ADMINISTRATIVO":null,"NUMERO_ACTO_ADMINISTRATIVO":null,"FECHA_ACTO_ADMINISTRATIVO":"2025-10-15T00:00:00Z","NORMATIVA":"En el marco del Decreto 555 del 29 de diciembre de 2021 - Por el cual se adopta la revisión general del Plan de Ordenamiento Territorial de Bogotá","ESCALA_CAPTURA":null,"FECHA_CAPTURA":"2025-10-15T00:00:00Z","RESPONSABLE":"38","SHAPE_Leng":61.866190643199999,"SHAPE_Length":61.866190643189711},"geometry":{"type":"LineString","coordinates":[[-74.055190200487559,4.673127788900476],[-74.05519543454308,4.673130480632194],[-74.055481601851895,4.67326724886069],[-74.055688495913657,4.673365814046338],[-74.055693447122778,4.673368179412962]]}},
{"type":"Feature","properties":{"fid":775,"OBJECTID":775,"CODIGO_ID":"34011128","NOMBRE":"Alameda CL 41 Sur","LONGITUD":33.0,"TIPO_CAPACIDAD":null,"OBSERVACION":null,"PLAZO":"Existente","ACTO_ADMINISTRATIVO":null,"NUMERO_ACTO_ADMINISTRATIVO":null,"FECHA_ACTO_ADMINISTRATIVO":"2025-10-15T00:00:00Z","NORMATIVA":"En el marco del Decreto 555 del 29 de diciembre de 2021 - Por el cual se adopta la revisión general del Plan de Ordenamiento Territorial de Bogotá","ESCALA_CAPTURA":null,"FECHA_CAPTURA":"2025-10-15T00:00:00Z","RESPONSABLE":"38","SHAPE_Leng":32.987717753600002,"SHAPE_Length":32.987717753057332},"geometry":{"type":"LineString","coordinates":[[-74.170833331887039,4.639068104405728],[-74.170671051896235,4.638818295628998]]}},
{"type":"Feature","properties":{"fid":776,"OBJECTID":776,"CODIGO_ID":"34011147","NOMBRE":"Alameda CL 40B Sur","LONGITUD":36.4,"TIPO_CAPACIDAD":null,"OBSERVACION":null,"PLAZO":"Existente","ACTO_ADMINISTRATIVO":null,"NUMERO_ACTO_ADMINISTRATIVO":null,"FECHA_ACTO_ADMINISTRATIVO":"2025-10-15T00:00:00Z","NORMATIVA":"En el marco del Decreto 555 del 29 de diciembre de 2021 - Por el cual se adopta la revisión general del Plan de Ordenamiento Territorial de Bogotá","ESCALA_CAPTURA":null,"FECHA_CAPTURA":"2025-10-15T00:00:00Z","RESPONSABLE":"38","SHAPE_Leng":36.395558144699997,"SHAPE_Length":36.395558144737237},"geometry":{"type":"LineString","coordinates":[[-74.170277568774253,4.638501127836069],[-74.170218068508291,4.638438722121307],[-74.170049117623535,4.638265137077863]]}},
{"type":"Feature","properties":{"fid":777,"OBJECTID":777,"CODIGO_ID":"91030441","NOMBRE":"Alameda Canal Molinos","LONGITUD":202.7,"TIPO_CAPACIDAD":null,"OBSERVACION":null,"PLAZO":"Existente","ACTO_ADMINISTRATIVO":null,"NUMERO_ACTO_ADMINISTRATIVO":null,"FECHA_ACTO_ADMINISTRATIVO":"2025-10-15T00:00:00Z","NORMATIVA":"En el marco del Decreto 555 del 29 de diciembre de 2021 - Por el cual se adopta la revisión general del Plan de Ordenamiento Territorial de Bogotá","ESCALA_CAPTURA":null,"FECHA_CAPTURA":"2025-10-15T00:00:00Z","RESPONSABLE":"38","SHAPE_Leng":202.69631644,"SHAPE_Length":202.6963164410661},"geometry":{"type":"MultiLineString","coordinates":[[[-74.045694241232184,4.694858621212807],[-74.045686184217288,4.694856881759732],[-74.045287743574534,4.69477086871573],[-74.045130450101468,4.694738252285059],[-74.045105892536569,4.694733160402405],[-74.044761419078441,4.694661731034496],[-74.044440079698802,4.694595647204943],[-74.044424628742689,4.694592469381048],[-74.044365722311525,4.694580355110785],[-74.043959035250367,4.69449633511443]],[[-74.043959035250367,4.69449633511443],[-74.043941253405308,4.694493959640927],[-74.04392333890948,4.694493022325246],[-74.04390540708431,4.694493529511945]]]}},
{"type":"Feature","properties":{"fid":778,"OBJECTID":778,"CODIGO_ID":"10328","NOMBRE":"Alameda Canal Salitre","LONGITUD":13.6,"TIPO_CAPACIDAD":null,"OBSERVACION":null,"PLAZO":"Existente","ACTO_ADMINISTRATIVO":null,"NUMERO_ACTO_ADMINISTRATIVO":null,"FECHA_ACTO_ADMINISTRATIVO":"2025-10-15T00:00:00Z","NORMATIVA":"En el marco del Decreto 555 del 29 de diciembre de 2021 - Por el cual se adopta la revisión general del Plan de Ordenamiento Territorial de Bogotá","ESCALA_CAPTURA":null,"FECHA_CAPTURA":"2025-10-15T00:00:00Z","RESPONSABLE":"38","SHAPE_Leng":13.6229679069,"SHAPE_Length":13.622967906908007},"geometry":{"type":"LineString","coordinates":[[-74.093675488786545,4.711204599709422],[-74.093749805006311,4.711302605809803]]}},
{"type":"Feature","properties":{"fid":779,"OBJECTID":779,"CODIGO_ID":"530746","NOMBRE":"Alameda Canal Salitre","LONGITUD":9.4,"TIPO_CAPACIDAD":null,"OBSERVACION":null,"PLAZO":"Existente","ACTO_ADMINISTRATIVO":null,"NUMERO_ACTO_ADMINISTRATIVO":null,"FECHA_ACTO_ADMINISTRATIVO":"2025-10-15T00:00:00Z","NORMATIVA":"En el marco del Decreto 555 del 29 de diciembre de 2021 - Por el cual se adopta la revisión general del Plan de Ordenamiento Territorial de Bogotá","ESCALA_CAPTURA":null,"FECHA_CAPTURA":"2025-10-15T00:00:00Z","RESPONSABLE":"38","SHAPE_Leng":9.3920544497399998,"SHAPE_Length":9.3920544498888514},"geometry":{"type":"LineString","coordinates":[[-74.076597808941287,4.670370721650804],[-74.076584409656064,4.670286893673692]]}},
{"type":"Feature","properties":{"fid":780,"OBJECTID":780,"CODIGO_ID":"34010507","NOMBRE":"Alameda Canal Salitre","LONGITUD":109.1,"TIPO_CAPACIDAD":null,"OBSERVACION":null,"PLAZO":"Existente","ACTO_ADMINISTRATIVO":null,"NUMERO_ACTO_ADMINISTRATIVO":null,"FECHA_ACTO_ADMINISTRATIVO":"2025-10-15T00:00:00Z","NORMATIVA":"En el marco del Decreto 555 del 29 de diciembre de 2021 - Por el cual se adopta la revisión general del Plan de Ordenamiento Territorial de Bogotá","ESCALA_CAPTURA":null,"FECHA_CAPTURA":"2025-10-15T00:00:00Z","RESPONSABLE":"38","SHAPE_Leng":109.107369922,"SHAPE_Length":109.10736992212979},"geometry":{"type":"LineString","coordinates":[[-74.076250103165862,4.669784601847905],[-74.076219982528514,4.668798791953773]]}},
{"type":"Feature","properties":{"fid":781,"OBJECTID":781,"CODIGO_ID":"92080066","NOMBRE":"Alameda Av Las Quintas","LONGITUD":8.0,"TIPO_CAPACIDAD":null,"OBSERVACION":null,"PLAZO":"Existente","ACTO_ADMINISTRATIVO":null,"NUMERO_ACTO_ADMINISTRATIVO":null,"FECHA_ACTO_ADMINISTRATIVO":"2025-10-15T00:00:00Z","NORMATIVA":"En el marco del Decreto 555 del 29 de diciembre de 2021 - Por el cual se adopta la revisión general del Plan de Ordenamiento Territorial de Bogotá","ESCALA_CAPTURA":null,"FECHA_CAPTURA":"2025-10-15T00:00:00Z","RESPONSABLE":"38","SHAPE_Leng":8.0425057515600002,"SHAPE_Length":8.0425057507087789},"geometry":{"type":"MultiLineString","coordinates":[[[-74.123494818639898,4.727937267446421],[-74.123499075062611,4.727934515975744],[-74.123503552218239,4.727932140554046],[-74.123508214967117,4.727930159259096],[-74.123513029971704,4.727928586552934],[-74.12351796209262,4.727927433281697],[-74.123522974388464,4.727926709387607],[-74.123528029918006,4.727926419389148],[-74.123533091740128,4.727926565996929],[-74.123538122913828,4.727927147401814]],[[-74.123538122913828,4.727927147401814],[-74.123543389232154,4.727928236832322],[-74.123548535701531,4.727929803542452],[-74.123553518173367,4.727931832163661],[-74.123558295202088,4.727934308231424],[-74.123562828946362,4.727937210049765]]]}},
{"type":"Feature","properties":{"fid":782,"OBJECTID":782,"CODIGO_ID":"34010549","NOMBRE":"Alameda El Porvenir","LONGITUD":353.4,"TIPO_CAPACIDAD":null,"OBSERVACION":null,"PLAZO":"Existente","ACTO_ADMINISTRATIVO":null,"NUMERO_ACTO_ADMINISTRATIVO":null,"FECHA_ACTO_ADMINISTRATIVO":"2025-10-15T00:00:00Z","NORMATIVA":"En el marco del Decreto 555 del 29 de diciembre de 2021 - Por el cual se adopta la revisión general del Plan de Ordenamiento Territorial de Bogotá","ESCALA_CAPTURA":null,"FECHA_CAPTURA":"2025-10-15T00:00:00Z","RESPONSABLE":"38","SHAPE_Leng":353.34519011700002,"SHAPE_Length":353.34519011790115},"geometry":{"type":"MultiLineString","coordinates":[[[-74.201587097506774,4.600408337774644],[-74.201540237441378,4.600417025633491],[-74.201494291131439,4.600429709778395],[-74.201449596383569,4.600446296172793],[-74.201406481994042,4.600466663662408],[-74.201365264145238,4.600490661263667],[-74.201326246406026,4.600518113587396],[-74.201289715227517,4.600548819031287],[-74.201255939943081,4.600582550683752],[-74.201225167363802,4.600619061748092],[-74.201197624480741,4.600658083734366],[-74.201173513961095,4.600699329171523]],[[-74.201173513961095,4.600699329171523],[-74.201160581814449,4.600726934060947],[-74.201150232454751,4.600755615355705],[-74.201142553245077,4.60078512898295],[-74.201137609928068,4.600815226351649],[-74.201135443923235,4.600845651641078],[-74.201136073228227,4.600876149032223],[-74.201139493319403,4.600906458188041],[-74.20114567444999,4.600936324197084]],[[-74.20114567444999,4.600936324197084],[-74.201271071937441,4.601700368617247]],[[-74.201271071937441,4.601700368617247],[-74.201281391088571,4.601736101840709],[-74.201294595558821,4.601770865808657],[-74.201310598849958,4.601804426404716],[-74.201329290141516,4.601836555842039],[-74.201350546002061,4.601867038086024],[-74.201374221380831,4.60189566885512],[-74.201400157715099,4.601922253812199]],[[-74.201400157715099,4.601922253812199],[-74.20142815668261,4.601944998633138],[-74.201457957146928,4.601965308978859],[-74.201489348300171,4.601983041137451],[-74.201522110327474,4.601998071284648],[-74.201556012605181,4.602010293676047]],[[-74.201556012605181,4.602010293676047],[-74.202420946962263,4.602267275145748]],[[-74.202420946962263,4.602267275145748],[-74.202445576010732,4.602279515396829],[-74.202469023324127,4.60229390533099],[-74.202491101518689,4.60231033016151],[-74.202511637622919,4.602328660637392],[-74.202530466771506,4.602348750331938],[-74.202547441214151,4.602370441065792],[-74.20256242671195,4.602393560195374],[-74.202575303438721,4.602417926036423],[-74.202585969583993,4.602443343344069],[-74.202594341353731,4.602469612352212],[-74.202600351168272,4.602496524254005]]]}},
{"type":"Feature","properties":{"fid":783,"OBJECTID":783,"CODIGO_ID":"34010035","NOMBRE":"Alameda Humedal Jaboque","LONGITUD":26.5,"TIPO_CAPACIDAD":null,"OBSERVACION":null,"PLAZO":"Existente","ACTO_ADMINISTRATIVO":null,"NUMERO_ACTO_ADMINISTRATIVO":null,"FECHA_ACTO_ADMINISTRATIVO":"2025-10-15T00:00:00Z","NORMATIVA":"En el marco del Decreto 555 del 29 de diciembre de 2021 - Por el cual se adopta la revisión general del Plan de Ordenamiento Territorial de Bogotá","ESCALA_CAPTURA":null,"FECHA_CAPTURA":"2025-10-15T00:00:00Z","RESPONSABLE":"38","SHAPE_Leng":26.515249924100001,"SHAPE_Length":26.515249924094434},"geometry":{"type":"MultiLineString","coordinates":[[[-74.126559181876431,4.702714928046184],[-74.12634732741185,4.70267272296425]],[[-74.12634732741185,4.70267272296425],[-74.1263396989158,4.702672408168944],[-74.12633207222261,4.702672060831521],[-74.126324447332308,4.70267168095196]]]}},
{"type":"Feature","properties":{"fid":784,"OBJECTID":784,"CODIGO_ID":"34011164","NOMBRE":"Alameda CL 40B Sur","LONGITUD":17.9,"TIPO_CAPACIDAD":null,"OBSERVACION":null,"PLAZO":"Existente","ACTO_ADMINISTRATIVO":null,"NUMERO_ACTO_ADMINISTRATIVO":null,"FECHA_ACTO_ADMINISTRATIVO":"2025-10-15T00:00:00Z","NORMATIVA":"En el marco del Decreto 555 del 29 de diciembre de 2021 - Por el cual se adopta la revisión general del Plan de Ordenamiento Territorial de Bogotá","ESCALA_CAPTURA":null,"FECHA_CAPTURA":"2025-10-15T00:00:00Z","RESPONSABLE":"38","SHAPE_Leng":17.867852055299998,"SHAPE_Length":17.867852055312547},"geometry":{"type":"LineString","coordinates":[[-74.169164343198091,4.637161045083841],[-74.169083906727295,4.637046788540156],[-74.169071296480851,4.637029247817952]]}},
{"type":"Feature","properties":{"fid":785,"OBJECTID":785,"CODIGO_ID":"34010715","NOMBRE":"Alameda Canal Virrey","LONGITUD":78.8,"TIPO_CAPACIDAD":null,"OBSERVACION":null,"PLAZO":"Existente","ACTO_ADMINISTRATIVO":null,"NUMERO_ACTO_ADMINISTRATIVO":null,"FECHA_ACTO_ADMINISTRATIVO":"2025-10-15T00:00:00Z","NORMATIVA":"En el marco del Decreto 555 del 29 de diciembre de 2021 - Por el cual se adopta la revisión general del Plan de Ordenamiento Territorial de Bogotá","ESCALA_CAPTURA":null,"FECHA_CAPTURA":"2025-10-15T00:00:00Z","RESPONSABLE":"38","SHAPE_Leng":78.762442010499996,"SHAPE_Length":78.762442010484165},"geometry":{"type":"LineString","coordinates":[[-74.053149422518246,4.67260438691989],[-74.053576598138264,4.67279631273112],[-74.053805094206069,4.672874895072362]]}},
{"type":"Feature","properties":{"fid":786,"OBJECTID":786,"CODIGO_ID":"534199","NOMBRE":"Alameda Canal Torca","LONGITUD":267.3,"TIPO_CAPACIDAD":null,"OBSERVACION":null,"PLAZO":"Existente","ACTO_ADMINISTRATIVO":null,"NUMERO_ACTO_ADMINISTRATIVO":null,"FECHA_ACTO_ADMINISTRATIVO":"2025-10-15T00:00:00Z","NORMATIVA":"En el marco del Decreto 555 del 29 de diciembre de 2021 - Por el cual se adopta la revisión general del Plan de Ordenamiento Territorial de Bogotá","ESCALA_CAPTURA":null,"FECHA_CAPTURA":"2025-10-15T00:00:00Z","RESPONSABLE":"38","SHAPE_Leng":267.25040529,"SHAPE_Length":267.25040528984647},"geometry":{"type":"LineString","coordinates":[[-74.039657708677026,4.768040268970205],[-74.039552984251671,4.768358084714121],[-74.039488579973906,4.768589111853188],[-74.039406998342272,4.76889332139698],[-74.039336867363872,4.769150177814567],[-74.03925958355245,4.769414208609534],[-74.039192306844015,4.769712681212705],[-74.039122176820598,4.769968102136152],[-74.039064925696607,4.770187650252464],[-74.039015333470289,4.770366891808528],[-74.03901513332336,4.77036761583607]]}},
{"type":"Feature","properties":{"fid":787,"OBJECTID":787,"CODIGO_ID":"20013226","NOMBRE":"Alameda Río Bogotá","LONGITUD":12.4,"TIPO_CAPACIDAD":null,"OBSERVACION":null,"PLAZO":"Existente","ACTO_ADMINISTRATIVO":null,"NUMERO_ACTO_ADMINISTRATIVO":null,"FECHA_ACTO_ADMINISTRATIVO":"2025-10-15T00:00:00Z","NORMATIVA":"En el marco del Decreto 555 del 29 de diciembre de 2021 - Por el cual se adopta la revisión general del Plan de Ordenamiento Territorial de Bogotá","ESCALA_CAPTURA":null,"FECHA_CAPTURA":"2025-10-15T00:00:00Z","RESPONSABLE":"38","SHAPE_Leng":12.447457823200001,"SHAPE_Length":12.44745782379557},"geometry":{"type":"LineString","coordinates":[[-74.126949704155365,4.727098079713323],[-74.126881045399642,4.727187048683205]]}},
{"type":"Feature","properties":{"fid":788,"OBJECTID":788,"CODIGO_ID":"34011150","NOMBRE":"Alameda CL 40B Sur","LONGITUD":37.0,"TIPO_CAPACIDAD":null,"OBSERVACION":null,"PLAZO":"Existente","ACTO_ADMINISTRATIVO":null,"NUMERO_ACTO_ADMINISTRATIVO":null,"FECHA_ACTO_ADMINISTRATIVO":"2025-10-15T00:00:00Z","NORMATIVA":"En el marco del Decreto 555 del 29 de diciembre de 2021 - Por el cual se adopta la revisión general del Plan de Ordenamiento Territorial de Bogotá","ESCALA_CAPTURA":null,"FECHA_CAPTURA":"2025-10-15T00:00:00Z","RESPONSABLE":"38","SHAPE_Leng":36.956516134099999,"SHAPE_Length":36.956516134146632},"geometry":{"type":"LineString","coordinates":[[-74.166279154410731,4.632656513544935],[-74.166161714087437,4.632433233319755],[-74.166124639101184,4.632360607483398]]}},
{"type":"Feature","properties":{"fid":789,"OBJECTID":789,"CODIGO_ID":"20013789","NOMBRE":"Alameda Humedal Juan Amarillo","LONGITUD":30.8,"TIPO_CAPACIDAD":null,"OBSERVACION":null,"PLAZO":"Existente","ACTO_ADMINISTRATIVO":null,"NUMERO_ACTO_ADMINISTRATIVO":null,"FECHA_ACTO_ADMINISTRATIVO":"2025-10-15T00:00:00Z","NORMATIVA":"En el marco del Decreto 555 del 29 de diciembre de 2021 - Por el cual se adopta la revisión general del Plan de Ordenamiento Territorial de Bogotá","ESCALA_CAPTURA":null,"FECHA_CAPTURA":"2025-10-15T00:00:00Z","RESPONSABLE":"38","SHAPE_Leng":30.825488196799999,"SHAPE_Length":30.825488197496796},"geometry":{"type":"MultiLineString","coordinates":[[[-74.10003259599695,4.717872448541251],[-74.100055938526097,4.717890159318988],[-74.100079155807975,4.717908036413666],[-74.100102245139681,4.717926078921206]],[[-74.100102245139681,4.717926078921206],[-74.100188059209316,4.718002619086943]],[[-74.100188059209316,4.718002619086943],[-74.10020660313684,4.718019497004317],[-74.100224988479724,4.718036548468295],[-74.100243213436073,4.718053772574845]]]}},
{"type":"Feature","properties":{"fid":790,"OBJECTID":790,"CODIGO_ID":"34011138","NOMBRE":"Alameda CL 41 Sur","LONGITUD":14.7,"TIPO_CAPACIDAD":null,"OBSERVACION":null,"PLAZO":"Existente","ACTO_ADMINISTRATIVO":null,"NUMERO_ACTO_ADMINISTRATIVO":null,"FECHA_ACTO_ADMINISTRATIVO":"2025-10-15T00:00:00Z","NORMATIVA":"En el marco del Decreto 555 del 29 de diciembre de 2021 - Por el cual se adopta la revisión general del Plan de Ordenamiento Territorial de Bogotá","ESCALA_CAPTURA":null,"FECHA_CAPTURA":"2025-10-15T00:00:00Z","RESPONSABLE":"38","SHAPE_Leng":14.740462710399999,"SHAPE_Length":14.740462710443065},"geometry":{"type":"LineString","coordinates":[[-74.173017790753832,4.642541918310132],[-74.173015721291264,4.64253888021677],[-74.172945789091415,4.642429959751399]]}},
{"type":"Feature","properties":{"fid":791,"OBJECTID":791,"CODIGO_ID":"6930","NOMBRE":"Alameda Canal Torca","LONGITUD":3.4,"TIPO_CAPACIDAD":null,"OBSERVACION":null,"PLAZO":"Existente","ACTO_ADMINISTRATIVO":null,"NUMERO_ACTO_ADMINISTRATIVO":null,"FECHA_ACTO_ADMINISTRATIVO":"2025-10-15T00:00:00Z","NORMATIVA":"En el marco del Decreto 555 del 29 de diciembre de 2021 - Por el cual se adopta la revisión general del Plan de Ordenamiento Territorial de Bogotá","ESCALA_CAPTURA":null,"FECHA_CAPTURA":"2025-10-15T00:00:00Z","RESPONSABLE":"38","SHAPE_Leng":3.40721317626,"SHAPE_Length":3.407213176260905},"geometry":{"type":"LineString","coordinates":[[-74.040921857786842,4.763952627932899],[-74.040912805881462,4.763982058051769]]}},
{"type":"Feature","properties":{"fid":792,"OBJECTID":792,"CODIGO_ID":"20013908","NOMBRE":"Alameda Canal Salitre","LONGITUD":32.3,"TIPO_CAPACIDAD":null,"OBSERVACION":null,"PLAZO":"Existente","ACTO_ADMINISTRATIVO":null,"NUMERO_ACTO_ADMINISTRATIVO":null,"FECHA_ACTO_ADMINISTRATIVO":"2025-10-15T00:00:00Z","NORMATIVA":"En el marco del Decreto 555 del 29 de diciembre de 2021 - Por el cual se adopta la revisión general del Plan de Ordenamiento Territorial de Bogotá","ESCALA_CAPTURA":null,"FECHA_CAPTURA":"2025-10-15T00:00:00Z","RESPONSABLE":"38","SHAPE_Leng":32.347576436200001,"SHAPE_Length":32.347576436211156},"geometry":{"type":"LineString","coordinates":[[-74.081425971205434,4.693544829799857],[-74.081667697244754,4.693708171994025]]}},
{"type":"Feature","properties":{"fid":793,"OBJECTID":793,"CODIGO_ID":"20010450","NOMBRE":"Alameda Canal Torca","LONGITUD":25.5,"TIPO_CAPACIDAD":null,"OBSERVACION":null,"PLAZO":"Existente","ACTO_ADMINISTRATIVO":null,"NUMERO_ACTO_ADMINISTRATIVO":null,"FECHA_ACTO_ADMINISTRATIVO":"2025-10-15T00:00:00Z","NORMATIVA":"En el marco del Decreto 555 del 29 de diciembre de 2021 - Por el cual se adopta la revisión general del Plan de Ordenamiento Territorial de Bogotá","ESCALA_CAPTURA":null,"FECHA_CAPTURA":"2025-10-15T00:00:00Z","RESPONSABLE":"38","SHAPE_Leng":25.510473981499999,"SHAPE_Length":25.510473981766314},"geometry":{"type":"LineString","coordinates":[[-74.039036541360915,4.768746892407851],[-74.039107977581153,4.768527710790943]]}},
{"type":"Feature","properties":{"fid":794,"OBJECTID":794,"CODIGO_ID":"530746","NOMBRE":"Alameda Canal Salitre","LONGITUD":9.1,"TIPO_CAPACIDAD":null,"OBSERVACION":null,"PLAZO":"Existente","ACTO_ADMINISTRATIVO":null,"NUMERO_ACTO_ADMINISTRATIVO":null,"FECHA_ACTO_ADMINISTRATIVO":"2025-10-15T00:00:00Z","NORMATIVA":"En el marco del Decreto 555 del 29 de diciembre de 2021 - Por el cual se adopta la revisión general del Plan de Ordenamiento Territorial de Bogotá","ESCALA_CAPTURA":null,"FECHA_CAPTURA":"2025-10-15T00:00:00Z","RESPONSABLE":"38","SHAPE_Leng":9.0908976350399993,"SHAPE_Length":9.09089763504155},"geometry":{"type":"LineString","coordinates":[[-74.076262406654067,4.670187237437102],[-74.076259896745285,4.670105099119207]]}},
{"type":"Feature","properties":{"fid":795,"OBJECTID":795,"CODIGO_ID":"34011143","NOMBRE":"Alameda CL 41 Sur","LONGITUD":30.4,"TIPO_CAPACIDAD":null,"OBSERVACION":null,"PLAZO":"Existente","ACTO_ADMINISTRATIVO":null,"NUMERO_ACTO_ADMINISTRATIVO":null,"FECHA_ACTO_ADMINISTRATIVO":"2025-10-15T00:00:00Z","NORMATIVA":"En el marco del Decreto 555 del 29 de diciembre de 2021 - Por el cual se adopta la revisión general del Plan de Ordenamiento Territorial de Bogotá","ESCALA_CAPTURA":null,"FECHA_CAPTURA":"2025-10-15T00:00:00Z","RESPONSABLE":"38","SHAPE_Leng":30.373249227300001,"SHAPE_Length":30.373249227260143},"geometry":{"type":"LineString","coordinates":[[-74.172339443441402,4.641455027573251],[-74.172192351146919,4.641223512724903]]}},
{"type":"Feature","properties":{"fid":796,"OBJECTID":796,"CODIGO_ID":"20011904","NOMBRE":"Alameda Canal Torca","LONGITUD":34.2,"TIPO_CAPACIDAD":null,"OBSERVACION":null,"PLAZO":"Existente","ACTO_ADMINISTRATIVO":null,"NUMERO_ACTO_ADMINISTRATIVO":null,"FECHA_ACTO_ADMINISTRATIVO":"2025-10-15T00:00:00Z","NORMATIVA":"En el marco del Decreto 555 del 29 de diciembre de 2021 - Por el cual se adopta la revisión general del Plan de Ordenamiento Territorial de Bogotá","ESCALA_CAPTURA":null,"FECHA_CAPTURA":"2025-10-15T00:00:00Z","RESPONSABLE":"38","SHAPE_Leng":34.148880313799999,"SHAPE_Length":34.14888031384573},"geometry":{"type":"MultiLineString","coordinates":[[[-74.03971922881378,4.753951927813485],[-74.039725666117164,4.753955713625922]],[[-74.039725666117164,4.753955713625922],[-74.039767236415528,4.753983656465028],[-74.039806192269211,4.754015163148277],[-74.03984223096856,4.754049989564313],[-74.039875072333786,4.754087864486952],[-74.03990446141735,4.7541284940953],[-74.039930169404983,4.75417156197395]]]}},
{"type":"Feature","properties":{"fid":797,"OBJECTID":797,"CODIGO_ID":"34011556","NOMBRE":"Alameda Canal Salitre","LONGITUD":454.0,"TIPO_CAPACIDAD":null,"OBSERVACION":null,"PLAZO":"Existente","ACTO_ADMINISTRATIVO":null,"NUMERO_ACTO_ADMINISTRATIVO":null,"FECHA_ACTO_ADMINISTRATIVO":"2025-10-15T00:00:00Z","NORMATIVA":"En el marco del Decreto 555 del 29 de diciembre de 2021 - Por el cual se adopta la revisión general del Plan de Ordenamiento Territorial de Bogotá","ESCALA_CAPTURA":null,"FECHA_CAPTURA":"2025-10-15T00:00:00Z","RESPONSABLE":"38","SHAPE_Leng":453.93594120900002,"SHAPE_Length":453.9359412094725},"geometry":{"type":"MultiLineString","coordinates":[[[-74.089322168270783,4.706502871885421],[-74.089407985030334,4.706514837249641]],[[-74.089407985030334,4.706514837249641],[-74.089458605379235,4.706525311819056],[-74.089508698473196,4.70653808055773],[-74.089558163405712,4.706553117243109]],[[-74.089558163405712,4.706553117243109],[-74.089590600859751,4.706567893097989],[-74.089621624460364,4.706585461126373],[-74.089650995460559,4.706605688428732],[-74.089678487728889,4.706628417700128],[-74.089703890451688,4.706653475365817],[-74.089727009034263,4.706680668869504],[-74.089747665100731,4.706709788481279]],[[-74.089747665100731,4.706709788481279],[-74.089771962746568,4.706763084438611],[-74.089791092240631,4.706818458146256],[-74.089804880635427,4.706875408804121],[-74.089813201835398,4.706933417536977]],[[-74.089813201835398,4.706933417536977],[-74.089859665680422,4.707192919954879],[-74.089901366469036,4.707403392827334]],[[-74.089901366469036,4.707403392827334],[-74.089922613394435,4.707513047784913],[-74.089950450178776,4.707621207246624],[-74.089984774145904,4.70772747437087]],[[-74.089984774145904,4.70772747437087],[-74.090009393803214,4.707776923149037],[-74.090034819870226,4.707825958888314],[-74.090061045140231,4.707874569836727]],[[-74.090061045140231,4.707874569836727],[-74.090095788862911,4.707926574890893],[-74.090133985330141,4.70797608352335],[-74.090175457068725,4.708022864308847]],[[-74.090175457068725,4.708022864308847],[-74.090232463585608,4.708078966942405],[-74.090290875752402,4.708133593540484],[-74.090350655730859,4.708186709749703]],[[-74.090350655730859,4.708186709749703],[-74.090543733921194,4.70834457788539]],[[-74.090543733921194,4.70834457788539],[-74.090624992051588,4.708412142673471],[-74.090702153086056,4.708484381430131],[-74.090774948553715,4.708561044645933]],[[-74.090774948553715,4.708561044645933],[-74.090795294224648,4.708585861416165],[-74.090815177666428,4.708611051478648],[-74.090834594374797,4.708636606697514]],[[-74.090834594374797,4.708636606697514],[-74.090875025692895,4.708693185233704],[-74.090913164807546,4.708751344586415],[-74.090948949558495,4.708810990740637]],[[-74.090948949558495,4.708810990740637],[-74.090980580175625,4.708878662701452],[-74.091009199628388,4.708947670453037],[-74.091034751165182,4.709017879303189]],[[-74.091034751165182,4.709017879303189],[-74.091049424805036,4.70907050462147],[-74.091064120972021,4.709123122709627],[-74.091078839666054,4.709175735375531]],[[-74.091078839666054,4.709175735375531],[-74.091088985039718,4.709205143370911],[-74.091101806401213,4.70923348040307],[-74.091117193851048,4.70926050149361],[-74.091135013162244,4.70928597341349],[-74.091155112087236,4.709309676491393]],[[-74.091155112087236,4.709309676491393],[-74.091299119981912,4.70947832458652]],[[-74.091299119981912,4.70947832458652],[-74.09131218392163,4.709492693853589],[-74.091326373271045,4.709505945028101],[-74.091341593434421,4.709517990419644],[-74.091357742607713,4.70952874866491],[-74.091374713580151,4.70953814834353],[-74.091392392833455,4.709546127074149]],[[-74.091392392833455,4.709546127074149],[-74.091458665842126,4.709571516050532],[-74.09152578415673,4.709594564770208],[-74.091593663987979,4.709615245203993]]]}},
{"type":"Feature","properties":{"fid":798,"OBJECTID":798,"CODIGO_ID":"20013766","NOMBRE":"Alameda Canal Salitre","LONGITUD":28.3,"TIPO_CAPACIDAD":null,"OBSERVACION":null,"PLAZO":"Existente","ACTO_ADMINISTRATIVO":null,"NUMERO_ACTO_ADMINISTRATIVO":null,"FECHA_ACTO_ADMINISTRATIVO":"2025-10-15T00:00:00Z","NORMATIVA":"En el marco del Decreto 555 del 29 de diciembre de 2021 - Por el cual se adopta la revisión general del Plan de Ordenamiento Territorial de Bogotá","ESCALA_CAPTURA":null,"FECHA_CAPTURA":"2025-10-15T00:00:00Z","RESPONSABLE":"38","SHAPE_Leng":28.260759504399999,"SHAPE_Length":28.260759505277257},"geometry":{"type":"LineString","coordinates":[[-74.081298069765765,4.690779141314215],[-74.081192800232444,4.6908216341359],[-74.081204705818053,4.69096274495529]]}},
{"type":"Feature","properties":{"fid":799,"OBJECTID":799,"CODIGO_ID":"34011521","NOMBRE":"Alameda Av El Salitre","LONGITUD":19.5,"TIPO_CAPACIDAD":null,"OBSERVACION":null,"PLAZO":"Existente","ACTO_ADMINISTRATIVO":null,"NUMERO_ACTO_ADMINISTRATIVO":null,"FECHA_ACTO_ADMINISTRATIVO":"2025-10-15T00:00:00Z","NORMATIVA":"En el marco del Decreto 555 del 29 de diciembre de 2021 - Por el cual se adopta la revisión general del Plan de Ordenamiento Territorial de Bogotá","ESCALA_CAPTURA":null,"FECHA_CAPTURA":"2025-10-15T00:00:00Z","RESPONSABLE":"38","SHAPE_Leng":19.505452483799999,"SHAPE_Length":19.505452483023255},"geometry":{"type":"LineString","coordinates":[[-74.113744616667617,4.692276938683752],[-74.113894861180597,4.692368398071046]]}},
{"type":"Feature","properties":{"fid":800,"OBJECTID":800,"CODIGO_ID":"92080331","NOMBRE":"Alameda Av El Salitre","LONGITUD":8.2,"TIPO_CAPACIDAD":null,"OBSERVACION":null,"PLAZO":"Existente","ACTO_ADMINISTRATIVO":null,"NUMERO_ACTO_ADMINISTRATIVO":null,"FECHA_ACTO_ADMINISTRATIVO":"2025-10-15T00:00:00Z","NORMATIVA":"En el marco del Decreto 555 del 29 de diciembre de 2021 - Por el cual se adopta la revisión general del Plan de Ordenamiento Territorial de Bogotá","ESCALA_CAPTURA":null,"FECHA_CAPTURA":"2025-10-15T00:00:00Z","RESPONSABLE":"38","SHAPE_Leng":8.2468303591600005,"SHAPE_Length":8.2468303591560801},"geometry":{"type":"LineString","coordinates":[[-74.119973964344979,4.695995365562261],[-74.119909331739834,4.69595859414016]]}},
{"type":"Feature","properties":{"fid":801,"OBJECTID":801,"CODIGO_ID":"92010085","NOMBRE":"Alameda Humedal el Burro","LONGITUD":6.0,"TIPO_CAPACIDAD":null,"OBSERVACION":null,"PLAZO":"Existente","ACTO_ADMINISTRATIVO":null,"NUMERO_ACTO_ADMINISTRATIVO":null,"FECHA_ACTO_ADMINISTRATIVO":"2025-10-15T00:00:00Z","NORMATIVA":"En el marco del Decreto 555 del 29 de diciembre de 2021 - Por el cual se adopta la revisión general del Plan de Ordenamiento Territorial de Bogotá","ESCALA_CAPTURA":null,"FECHA_CAPTURA":"2025-10-15T00:00:00Z","RESPONSABLE":"38","SHAPE_Leng":5.9740725526,"SHAPE_Length":5.9740725526006102},"geometry":{"type":"LineString","coordinates":[[-74.158419382679838,4.652030385649261],[-74.158446052036126,4.652077291983064]]}},
{"type":"Feature","properties":{"fid":802,"OBJECTID":802,"CODIGO_ID":"24124569","NOMBRE":"Alameda Humedal el Burro","LONGITUD":162.2,"TIPO_CAPACIDAD":null,"OBSERVACION":null,"PLAZO":"Existente","ACTO_ADMINISTRATIVO":null,"NUMERO_ACTO_ADMINISTRATIVO":null,"FECHA_ACTO_ADMINISTRATIVO":"2025-10-15T00:00:00Z","NORMATIVA":"En el marco del Decreto 555 del 29 de diciembre de 2021 - Por el cual se adopta la revisión general del Plan de Ordenamiento Territorial de Bogotá","ESCALA_CAPTURA":null,"FECHA_CAPTURA":"2025-10-15T00:00:00Z","RESPONSABLE":"38","SHAPE_Leng":162.18212825399999,"SHAPE_Length":162.18212825417322},"geometry":{"type":"LineString","coordinates":[[-74.152959179611287,4.642808383123291],[-74.153018213808551,4.642863707856272],[-74.153099256033329,4.64322568698848],[-74.153304127564354,4.643448404433899],[-74.153429287252607,4.643578829448594],[-74.153589099373789,4.643841908546622],[-74.153698748209536,4.644034439449959]]}},
{"type":"Feature","properties":{"fid":803,"OBJECTID":803,"CODIGO_ID":"20305008","NOMBRE":"Alameda Tv 127","LONGITUD":84.3,"TIPO_CAPACIDAD":null,"OBSERVACION":null,"PLAZO":"Existente","ACTO_ADMINISTRATIVO":null,"NUMERO_ACTO_ADMINISTRATIVO":null,"FECHA_ACTO_ADMINISTRATIVO":"2025-10-15T00:00:00Z","NORMATIVA":"En el marco del Decreto 555 del 29 de diciembre de 2021 - Por el cual se adopta la revisión general del Plan de Ordenamiento Territorial de Bogotá","ESCALA_CAPTURA":null,"FECHA_CAPTURA":"2025-10-15T00:00:00Z","RESPONSABLE":"38","SHAPE_Leng":84.303391476100003,"SHAPE_Length":84.303391476136184},"geometry":{"type":"LineString","coordinates":[[-74.108902769753243,4.745009380659405],[-74.109096329889269,4.744867507874615],[-74.109512613065874,4.744555079698494]]}},
{"type":"Feature","properties":{"fid":804,"OBJECTID":804,"CODIGO_ID":"92080330","NOMBRE":"Alameda Av El Salitre","LONGITUD":5.5,"TIPO_CAPACIDAD":null,"OBSERVACION":null,"PLAZO":"Existente","ACTO_ADMINISTRATIVO":null,"NUMERO_ACTO_ADMINISTRATIVO":null,"FECHA_ACTO_ADMINISTRATIVO":"2025-10-15T00:00:00Z","NORMATIVA":"En el marco del Decreto 555 del 29 de diciembre de 2021 - Por el cual se adopta la revisión general del Plan de Ordenamiento Territorial de Bogotá","ESCALA_CAPTURA":null,"FECHA_CAPTURA":"2025-10-15T00:00:00Z","RESPONSABLE":"38","SHAPE_Leng":5.4877653888599998,"SHAPE_Length":5.4877653896559622},"geometry":{"type":"LineString","coordinates":[[-74.120823665658207,4.696508334122099],[-74.120781425944671,4.696482551084868]]}},
{"type":"Feature","properties":{"fid":805,"OBJECTID":805,"CODIGO_ID":"34010031","NOMBRE":"Alameda Av El Salitre","LONGITUD":89.4,"TIPO_CAPACIDAD":null,"OBSERVACION":null,"PLAZO":"Existente","ACTO_ADMINISTRATIVO":null,"NUMERO_ACTO_ADMINISTRATIVO":null,"FECHA_ACTO_ADMINISTRATIVO":"2025-10-15T00:00:00Z","NORMATIVA":"En el marco del Decreto 555 del 29 de diciembre de 2021 - Por el cual se adopta la revisión general del Plan de Ordenamiento Territorial de Bogotá","ESCALA_CAPTURA":null,"FECHA_CAPTURA":"2025-10-15T00:00:00Z","RESPONSABLE":"38","SHAPE_Leng":89.404905765099997,"SHAPE_Length":89.404905765050586},"geometry":{"type":"LineString","coordinates":[[-74.110391835445128,4.69024955839074],[-74.110359221066389,4.690229743985192],[-74.110126810383704,4.690089818040795],[-74.109820505260956,4.689902053055754],[-74.109703843831596,4.689829272828274]]}},
{"type":"Feature","properties":{"fid":806,"OBJECTID":806,"CODIGO_ID":"20011571","NOMBRE":"Alameda Canal Torca","LONGITUD":84.5,"TIPO_CAPACIDAD":null,"OBSERVACION":null,"PLAZO":"Existente","ACTO_ADMINISTRATIVO":null,"NUMERO_ACTO_ADMINISTRATIVO":null,"FECHA_ACTO_ADMINISTRATIVO":"2025-10-15T00:00:00Z","NORMATIVA":"En el marco del Decreto 555 del 29 de diciembre de 2021 - Por el cual se adopta la revisión general del Plan de Ordenamiento Territorial de Bogotá","ESCALA_CAPTURA":null,"FECHA_CAPTURA":"2025-10-15T00:00:00Z","RESPONSABLE":"38","SHAPE_Leng":84.536295752699999,"SHAPE_Length":84.536295752465918},"geometry":{"type":"LineString","coordinates":[[-74.037989537422803,4.750067629980515],[-74.037960931782308,4.750054710824736],[-74.037832235529962,4.749810737699423],[-74.037722493999354,4.749367549992419]]}},
{"type":"Feature","properties":{"fid":807,"OBJECTID":807,"CODIGO_ID":"34011563","NOMBRE":"Alameda Canal Salitre","LONGITUD":89.4,"TIPO_CAPACIDAD":null,"OBSERVACION":null,"PLAZO":"Existente","ACTO_ADMINISTRATIVO":null,"NUMERO_ACTO_ADMINISTRATIVO":null,"FECHA_ACTO_ADMINISTRATIVO":"2025-10-15T00:00:00Z","NORMATIVA":"En el marco del Decreto 555 del 29 de diciembre de 2021 - Por el cual se adopta la revisión general del Plan de Ordenamiento Territorial de Bogotá","ESCALA_CAPTURA":null,"FECHA_CAPTURA":"2025-10-15T00:00:00Z","RESPONSABLE":"38","SHAPE_Leng":89.429357465300001,"SHAPE_Length":89.429357465462886},"geometry":{"type":"MultiLineString","coordinates":[[[-74.08851070255686,4.70309197758639],[-74.088509487277847,4.703133928741138],[-74.088483617689505,4.703362903478499],[-74.088459763872137,4.703555433064421]],[[-74.088459763872137,4.703555433064421],[-74.088447478789661,4.703635802830597],[-74.088428135622252,4.703714761850254],[-74.088401887584183,4.703791688220396],[-74.088368940145031,4.703865975409247]],[[-74.088368940145031,4.703865975409247],[-74.088360460818294,4.703880386319973]]]}},
{"type":"Feature","properties":{"fid":808,"OBJECTID":808,"CODIGO_ID":"91017617","NOMBRE":"Alameda Av El Salitre","LONGITUD":7.7,"TIPO_CAPACIDAD":null,"OBSERVACION":null,"PLAZO":"Existente","ACTO_ADMINISTRATIVO":null,"NUMERO_ACTO_ADMINISTRATIVO":null,"FECHA_ACTO_ADMINISTRATIVO":"2025-10-15T00:00:00Z","NORMATIVA":"En el marco del Decreto 555 del 29 de diciembre de 2021 - Por el cual se adopta la revisión general del Plan de Ordenamiento Territorial de Bogotá","ESCALA_CAPTURA":null,"FECHA_CAPTURA":"2025-10-15T00:00:00Z","RESPONSABLE":"38","SHAPE_Leng":7.7009270838,"SHAPE_Length":7.7009270830080956},"geometry":{"type":"LineString","coordinates":[[-74.120882940367693,4.696544514984519],[-74.120823665658207,4.696508334122099]]}},
{"type":"Feature","properties":{"fid":809,"OBJECTID":809,"CODIGO_ID":"20012408","NOMBRE":"Alameda Canal Torca","LONGITUD":28.5,"TIPO_CAPACIDAD":null,"OBSERVACION":null,"PLAZO":"Existente","ACTO_ADMINISTRATIVO":null,"NUMERO_ACTO_ADMINISTRATIVO":null,"FECHA_ACTO_ADMINISTRATIVO":"2025-10-15T00:00:00Z","NORMATIVA":"En el marco del Decreto 555 del 29 de diciembre de 2021 - Por el cual se adopta la revisión general del Plan de Ordenamiento Territorial de Bogotá","ESCALA_CAPTURA":null,"FECHA_CAPTURA":"2025-10-15T00:00:00Z","RESPONSABLE":"38","SHAPE_Leng":28.543734347499999,"SHAPE_Length":28.543734347351826},"geometry":{"type":"LineString","coordinates":[[-74.03901513332336,4.77036761583607],[-74.038948995588015,4.770606656092007],[-74.038947846105373,4.770616530592594]]}},
{"type":"Feature","properties":{"fid":810,"OBJECTID":810,"CODIGO_ID":"92054658","NOMBRE":"Alameda Canal Salitre","LONGITUD":5.6,"TIPO_CAPACIDAD":null,"OBSERVACION":null,"PLAZO":"Existente","ACTO_ADMINISTRATIVO":null,"NUMERO_ACTO_ADMINISTRATIVO":null,"FECHA_ACTO_ADMINISTRATIVO":"2025-10-15T00:00:00Z","NORMATIVA":"En el marco del Decreto 555 del 29 de diciembre de 2021 - Por el cual se adopta la revisión general del Plan de Ordenamiento Territorial de Bogotá","ESCALA_CAPTURA":null,"FECHA_CAPTURA":"2025-10-15T00:00:00Z","RESPONSABLE":"38","SHAPE_Leng":5.5868799012899997,"SHAPE_Length":5.5868799014952577},"geometry":{"type":"LineString","coordinates":[[-74.080792933568915,4.689639179061118],[-74.080800780431716,4.689634119506203],[-74.080826122982572,4.689666466012613]]}},
{"type":"Feature","properties":{"fid":811,"OBJECTID":811,"CODIGO_ID":"20305098","NOMBRE":"Alameda Tv 127","LONGITUD":29.7,"TIPO_CAPACIDAD":null,"OBSERVACION":null,"PLAZO":"Existente","ACTO_ADMINISTRATIVO":null,"NUMERO_ACTO_ADMINISTRATIVO":null,"FECHA_ACTO_ADMINISTRATIVO":"2025-10-15T00:00:00Z","NORMATIVA":"En el marco del Decreto 555 del 29 de diciembre de 2021 - Por el cual se adopta la revisión general del Plan de Ordenamiento Territorial de Bogotá","ESCALA_CAPTURA":null,"FECHA_CAPTURA":"2025-10-15T00:00:00Z","RESPONSABLE":"38","SHAPE_Leng":29.7276827313,"SHAPE_Length":29.727682731306746},"geometry":{"type":"LineString","coordinates":[[-74.111976230640224,4.74271163092011],[-74.112191243718357,4.742551380200721]]}},
{"type":"Feature","properties":{"fid":812,"OBJECTID":812,"CODIGO_ID":"34010252","NOMBRE":"Alameda Tv 127","LONGITUD":30.1,"TIPO_CAPACIDAD":null,"OBSERVACION":null,"PLAZO":"Existente","ACTO_ADMINISTRATIVO":null,"NUMERO_ACTO_ADMINISTRATIVO":null,"FECHA_ACTO_ADMINISTRATIVO":"2025-10-15T00:00:00Z","NORMATIVA":"En el marco del Decreto 555 del 29 de diciembre de 2021 - Por el cual se adopta la revisión general del Plan de Ordenamiento Territorial de Bogotá","ESCALA_CAPTURA":null,"FECHA_CAPTURA":"2025-10-15T00:00:00Z","RESPONSABLE":"38","SHAPE_Leng":30.1318699437,"SHAPE_Length":30.131869943653413},"geometry":{"type":"LineString","coordinates":[[-74.112437473869974,4.742364122863179],[-74.112654544827478,4.742200531114306]]}},
{"type":"Feature","properties":{"fid":813,"OBJECTID":813,"CODIGO_ID":"91014128","NOMBRE":"Alameda CL 41 Sur","LONGITUD":5.2,"TIPO_CAPACIDAD":null,"OBSERVACION":null,"PLAZO":"Existente","ACTO_ADMINISTRATIVO":null,"NUMERO_ACTO_ADMINISTRATIVO":null,"FECHA_ACTO_ADMINISTRATIVO":"2025-10-15T00:00:00Z","NORMATIVA":"En el marco del Decreto 555 del 29 de diciembre de 2021 - Por el cual se adopta la revisión general del Plan de Ordenamiento Territorial de Bogotá","ESCALA_CAPTURA":null,"FECHA_CAPTURA":"2025-10-15T00:00:00Z","RESPONSABLE":"38","SHAPE_Leng":5.23812651231,"SHAPE_Length":5.2381265128111369},"geometry":{"type":"LineString","coordinates":[[-74.175724737110841,4.646697446987189],[-74.175699425656717,4.64665748447581]]}},
{"type":"Feature","properties":{"fid":814,"OBJECTID":814,"CODIGO_ID":"34014438","NOMBRE":"Alameda Canal Salitre","LONGITUD":88.4,"TIPO_CAPACIDAD":null,"OBSERVACION":null,"PLAZO":"Existente","ACTO_ADMINISTRATIVO":null,"NUMERO_ACTO_ADMINISTRATIVO":null,"FECHA_ACTO_ADMINISTRATIVO":"2025-10-15T00:00:00Z","NORMATIVA":"En el marco del Decreto 555 del 29 de diciembre de 2021 - Por el cual se adopta la revisión general del Plan de Ordenamiento Territorial de Bogotá","ESCALA_CAPTURA":null,"FECHA_CAPTURA":"2025-10-15T00:00:00Z","RESPONSABLE":"38","SHAPE_Leng":88.387719050699999,"SHAPE_Length":88.38771905050659},"geometry":{"type":"LineString","coordinates":[[-74.076071966218791,4.671907941417886],[-74.076083461913328,4.671873470549474],[-74.07614927248882,4.671679749538099],[-74.076223666474817,4.671455893589862],[-74.076265160675831,4.671273650252527],[-74.076276275320225,4.671139059056916]]}},
{"type":"Feature","properties":{"fid":815,"OBJECTID":815,"CODIGO_ID":"528862","NOMBRE":"Alameda Canal Tintal III (CL 59B S)","LONGITUD":131.3,"TIPO_CAPACIDAD":null,"OBSERVACION":null,"PLAZO":"Existente","ACTO_ADMINISTRATIVO":null,"NUMERO_ACTO_ADMINISTRATIVO":null,"FECHA_ACTO_ADMINISTRATIVO":"2025-10-15T00:00:00Z","NORMATIVA":"En el marco del Decreto 555 del 29 de diciembre de 2021 - Por el cual se adopta la revisión general del Plan de Ordenamiento Territorial de Bogotá","ESCALA_CAPTURA":null,"FECHA_CAPTURA":"2025-10-15T00:00:00Z","RESPONSABLE":"38","SHAPE_Leng":131.259486452,"SHAPE_Length":131.25948645179258},"geometry":{"type":"LineString","coordinates":[[-74.195133995578018,4.634405708737665],[-74.195149367207947,4.634430424344636],[-74.195306411978422,4.634698827473602],[-74.195510213200421,4.635053605027053],[-74.195676775058644,4.635333407100891],[-74.195722576907812,4.635412565394054],[-74.195732185071137,4.635429170258637]]}},
{"type":"Feature","properties":{"fid":816,"OBJECTID":816,"CODIGO_ID":"92080159","NOMBRE":"Alameda Canal Salitre","LONGITUD":11.8,"TIPO_CAPACIDAD":null,"OBSERVACION":null,"PLAZO":"Existente","ACTO_ADMINISTRATIVO":null,"NUMERO_ACTO_ADMINISTRATIVO":null,"FECHA_ACTO_ADMINISTRATIVO":"2025-10-15T00:00:00Z","NORMATIVA":"En el marco del Decreto 555 del 29 de diciembre de 2021 - Por el cual se adopta la revisión general del Plan de Ordenamiento Territorial de Bogotá","ESCALA_CAPTURA":null,"FECHA_CAPTURA":"2025-10-15T00:00:00Z","RESPONSABLE":"38","SHAPE_Leng":11.772021128800001,"SHAPE_Length":11.772021128830243},"geometry":{"type":"LineString","coordinates":[[-74.079461417436278,4.687594778514879],[-74.079512536705906,4.687685959114972],[-74.079513424893122,4.687687519412436]]}},
{"type":"Feature","properties":{"fid":817,"OBJECTID":817,"CODIGO_ID":"34011122","NOMBRE":"Alameda CL 41 Sur","LONGITUD":16.5,"TIPO_CAPACIDAD":null,"OBSERVACION":null,"PLAZO":"Existente","ACTO_ADMINISTRATIVO":null,"NUMERO_ACTO_ADMINISTRATIVO":null,"FECHA_ACTO_ADMINISTRATIVO":"2025-10-15T00:00:00Z","NORMATIVA":"En el marco del Decreto 555 del 29 de diciembre de 2021 - Por el cual se adopta la revisión general del Plan de Ordenamiento Territorial de Bogotá","ESCALA_CAPTURA":null,"FECHA_CAPTURA":"2025-10-15T00:00:00Z","RESPONSABLE":"38","SHAPE_Leng":16.470176692,"SHAPE_Length":16.470176691504424},"geometry":{"type":"LineString","coordinates":[[-74.17340725484506,4.642811171787987],[-74.173327522023712,4.642685611850597]]}},
{"type":"Feature","properties":{"fid":818,"OBJECTID":818,"CODIGO_ID":"92080270","NOMBRE":"Alameda Humedal Jaboque","LONGITUD":15.8,"TIPO_CAPACIDAD":null,"OBSERVACION":null,"PLAZO":"Existente","ACTO_ADMINISTRATIVO":null,"NUMERO_ACTO_ADMINISTRATIVO":null,"FECHA_ACTO_ADMINISTRATIVO":"2025-10-15T00:00:00Z","NORMATIVA":"En el marco del Decreto 555 del 29 de diciembre de 2021 - Por el cual se adopta la revisión general del Plan de Ordenamiento Territorial de Bogotá","ESCALA_CAPTURA":null,"FECHA_CAPTURA":"2025-10-15T00:00:00Z","RESPONSABLE":"38","SHAPE_Leng":15.848204793300001,"SHAPE_Length":15.848204793332437},"geometry":{"type":"LineString","coordinates":[[-74.128749378335712,4.704840655036727],[-74.128734925342229,4.70482506067759],[-74.128639110710296,4.70474999897962]]}},
{"type":"Feature","properties":{"fid":819,"OBJECTID":819,"CODIGO_ID":"23001173","NOMBRE":"Alameda Canal El Carmelo","LONGITUD":44.5,"TIPO_CAPACIDAD":null,"OBSERVACION":null,"PLAZO":"Existente","ACTO_ADMINISTRATIVO":null,"NUMERO_ACTO_ADMINISTRATIVO":null,"FECHA_ACTO_ADMINISTRATIVO":"2025-10-15T00:00:00Z","NORMATIVA":"En el marco del Decreto 555 del 29 de diciembre de 2021 - Por el cual se adopta la revisión general del Plan de Ordenamiento Territorial de Bogotá","ESCALA_CAPTURA":null,"FECHA_CAPTURA":"2025-10-15T00:00:00Z","RESPONSABLE":"38","SHAPE_Leng":44.4587455478,"SHAPE_Length":44.458745547850697},"geometry":{"type":"LineString","coordinates":[[-74.122769635884026,4.702119716961683],[-74.122517898763078,4.702284735578416],[-74.122434659075012,4.702340072330086]]}},
{"type":"Feature","properties":{"fid":820,"OBJECTID":820,"CODIGO_ID":"92081957","NOMBRE":"Alameda Canal Salitre","LONGITUD":20.2,"TIPO_CAPACIDAD":null,"OBSERVACION":null,"PLAZO":"Existente","ACTO_ADMINISTRATIVO":null,"NUMERO_ACTO_ADMINISTRATIVO":null,"FECHA_ACTO_ADMINISTRATIVO":"2025-10-15T00:00:00Z","NORMATIVA":"En el marco del Decreto 555 del 29 de diciembre de 2021 - Por el cual se adopta la revisión general del Plan de Ordenamiento Territorial de Bogotá","ESCALA_CAPTURA":null,"FECHA_CAPTURA":"2025-10-15T00:00:00Z","RESPONSABLE":"38","SHAPE_Leng":20.1901728303,"SHAPE_Length":20.190172830327764},"geometry":{"type":"LineString","coordinates":[[-74.076094676601755,4.676102712012422],[-74.076084843753023,4.676058164512476],[-74.076071217870464,4.676014633570925],[-74.076053902529679,4.675972443714995],[-74.076033025632526,4.675931908626914]]}},
{"type":"Feature","properties":{"fid":821,"OBJECTID":821,"CODIGO_ID":"34011140","NOMBRE":"Alameda CL 41 Sur","LONGITUD":32.0,"TIPO_CAPACIDAD":null,"OBSERVACION":null,"PLAZO":"Existente","ACTO_ADMINISTRATIVO":null,"NUMERO_ACTO_ADMINISTRATIVO":null,"FECHA_ACTO_ADMINISTRATIVO":"2025-10-15T00:00:00Z","NORMATIVA":"En el marco del Decreto 555 del 29 de diciembre de 2021 - Por el cual se adopta la revisión general del Plan de Ordenamiento Territorial de Bogotá","ESCALA_CAPTURA":null,"FECHA_CAPTURA":"2025-10-15T00:00:00Z","RESPONSABLE":"38","SHAPE_Leng":31.994063300600001,"SHAPE_Length":31.994063300564772},"geometry":{"type":"LineString","coordinates":[[-74.172639748088812,4.64194301586814],[-74.172487865035606,4.641697217068122]]}},
{"type":"Feature","properties":{"fid":822,"OBJECTID":822,"CODIGO_ID":"20013224","NOMBRE":"Alameda Humedal el Burro","LONGITUD":35.6,"TIPO_CAPACIDAD":null,"OBSERVACION":null,"PLAZO":"Existente","ACTO_ADMINISTRATIVO":null,"NUMERO_ACTO_ADMINISTRATIVO":null,"FECHA_ACTO_ADMINISTRATIVO":"2025-10-15T00:00:00Z","NORMATIVA":"En el marco del Decreto 555 del 29 de diciembre de 2021 - Por el cual se adopta la revisión general del Plan de Ordenamiento Territorial de Bogotá","ESCALA_CAPTURA":null,"FECHA_CAPTURA":"2025-10-15T00:00:00Z","RESPONSABLE":"38","SHAPE_Leng":35.644623019599997,"SHAPE_Length":35.644623019615409},"geometry":{"type":"LineString","coordinates":[[-74.156157294306254,4.648333643587249],[-74.156310782284393,4.648588925559917],[-74.156323566335189,4.648609292245194]]}},
{"type":"Feature","properties":{"fid":823,"OBJECTID":823,"CODIGO_ID":"902244","NOMBRE":"Alameda Av El Salitre","LONGITUD":19.2,"TIPO_CAPACIDAD":null,"OBSERVACION":null,"PLAZO":"Existente","ACTO_ADMINISTRATIVO":null,"NUMERO_ACTO_ADMINISTRATIVO":null,"FECHA_ACTO_ADMINISTRATIVO":"2025-10-15T00:00:00Z","NORMATIVA":"En el marco del Decreto 555 del 29 de diciembre de 2021 - Por el cual se adopta la revisión general del Plan de Ordenamiento Territorial de Bogotá","ESCALA_CAPTURA":null,"FECHA_CAPTURA":"2025-10-15T00:00:00Z","RESPONSABLE":"38","SHAPE_Leng":19.164926919700001,"SHAPE_Length":19.16492691883969},"geometry":{"type":"LineString","coordinates":[[-74.118032978473479,4.694841295447246],[-74.11789428070928,4.694766244969673],[-74.117881003572137,4.694759060755621]]}},
{"type":"Feature","properties":{"fid":824,"OBJECTID":824,"CODIGO_ID":"20010769","NOMBRE":"Alameda Canal Torca","LONGITUD":48.3,"TIPO_CAPACIDAD":null,"OBSERVACION":null,"PLAZO":"Existente","ACTO_ADMINISTRATIVO":null,"NUMERO_ACTO_ADMINISTRATIVO":null,"FECHA_ACTO_ADMINISTRATIVO":"2025-10-15T00:00:00Z","NORMATIVA":"En el marco del Decreto 555 del 29 de diciembre de 2021 - Por el cual se adopta la revisión general del Plan de Ordenamiento Territorial de Bogotá","ESCALA_CAPTURA":null,"FECHA_CAPTURA":"2025-10-15T00:00:00Z","RESPONSABLE":"38","SHAPE_Leng":48.292385799100003,"SHAPE_Length":48.292385799073209},"geometry":{"type":"LineString","coordinates":[[-74.03946266752061,4.767640921427788],[-74.039567034172563,4.767247288252648],[-74.039574519968824,4.767219053830265]]}},
{"type":"Feature","properties":{"fid":825,"OBJECTID":825,"CODIGO_ID":"92085359","NOMBRE":"Alameda Canal Salitre","LONGITUD":16.4,"TIPO_CAPACIDAD":null,"OBSERVACION":null,"PLAZO":"Existente","ACTO_ADMINISTRATIVO":null,"NUMERO_ACTO_ADMINISTRATIVO":null,"FECHA_ACTO_ADMINISTRATIVO":"2025-10-15T00:00:00Z","NORMATIVA":"En el marco del Decreto 555 del 29 de diciembre de 2021 - Por el cual se adopta la revisión general del Plan de Ordenamiento Territorial de Bogotá","ESCALA_CAPTURA":null,"FECHA_CAPTURA":"2025-10-15T00:00:00Z","RESPONSABLE":"38","SHAPE_Leng":16.380695902300001,"SHAPE_Length":16.380695902065266},"geometry":{"type":"LineString","coordinates":[[-74.075979614608173,4.666754858991931],[-74.07594181720323,4.666611725079555]]}},
{"type":"Feature","properties":{"fid":826,"OBJECTID":826,"CODIGO_ID":"34011110","NOMBRE":"Alameda CL 41 Sur","LONGITUD":31.6,"TIPO_CAPACIDAD":null,"OBSERVACION":null,"PLAZO":"Existente","ACTO_ADMINISTRATIVO":null,"NUMERO_ACTO_ADMINISTRATIVO":null,"FECHA_ACTO_ADMINISTRATIVO":"2025-10-15T00:00:00Z","NORMATIVA":"En el marco del Decreto 555 del 29 de diciembre de 2021 - Por el cual se adopta la revisión general del Plan de Ordenamiento Territorial de Bogotá","ESCALA_CAPTURA":null,"FECHA_CAPTURA":"2025-10-15T00:00:00Z","RESPONSABLE":"38","SHAPE_Leng":31.5594892256,"SHAPE_Length":31.559489225643297},"geometry":{"type":"LineString","coordinates":[[-74.176644636220985,4.648161789301923],[-74.176493715475488,4.647920016665169]]}},
{"type":"Feature","properties":{"fid":827,"OBJECTID":827,"CODIGO_ID":"34010524","NOMBRE":"Alameda Canal Salitre","LONGITUD":15.8,"TIPO_CAPACIDAD":null,"OBSERVACION":null,"PLAZO":"Existente","ACTO_ADMINISTRATIVO":null,"NUMERO_ACTO_ADMINISTRATIVO":null,"FECHA_ACTO_ADMINISTRATIVO":"2025-10-15T00:00:00Z","NORMATIVA":"En el marco del Decreto 555 del 29 de diciembre de 2021 - Por el cual se adopta la revisión general del Plan de Ordenamiento Territorial de Bogotá","ESCALA_CAPTURA":null,"FECHA_CAPTURA":"2025-10-15T00:00:00Z","RESPONSABLE":"38","SHAPE_Leng":15.7955523726,"SHAPE_Length":15.795552372639255},"geometry":{"type":"LineString","coordinates":[[-74.077765563205546,4.681028234147175],[-74.07781541990785,4.680894500097921]]}},
{"type":"Feature","properties":{"fid":828,"OBJECTID":828,"CODIGO_ID":"34012081","NOMBRE":"Alameda Av Tunjuelito","LONGITUD":25.9,"TIPO_CAPACIDAD":null,"OBSERVACION":null,"PLAZO":"Existente","ACTO_ADMINISTRATIVO":null,"NUMERO_ACTO_ADMINISTRATIVO":null,"FECHA_ACTO_ADMINISTRATIVO":"2025-10-15T00:00:00Z","NORMATIVA":"En el marco del Decreto 555 del 29 de diciembre de 2021 - Por el cual se adopta la revisión general del Plan de Ordenamiento Territorial de Bogotá","ESCALA_CAPTURA":null,"FECHA_CAPTURA":"2025-10-15T00:00:00Z","RESPONSABLE":"38","SHAPE_Leng":25.8937223378,"SHAPE_Length":25.893722338466606},"geometry":{"type":"LineString","coordinates":[[-74.13759883184126,4.561933665766143],[-74.137538359765372,4.561875605161945],[-74.137457496658939,4.561804676556353],[-74.137425755844717,4.561776835376682]]}},
{"type":"Feature","properties":{"fid":829,"OBJECTID":829,"CODIGO_ID":"20010429","NOMBRE":"Alameda Río Bogotá","LONGITUD":41.5,"TIPO_CAPACIDAD":null,"OBSERVACION":null,"PLAZO":"Existente","ACTO_ADMINISTRATIVO":null,"NUMERO_ACTO_ADMINISTRATIVO":null,"FECHA_ACTO_ADMINISTRATIVO":"2025-10-15T00:00:00Z","NORMATIVA":"En el marco del Decreto 555 del 29 de diciembre de 2021 - Por el cual se adopta la revisión general del Plan de Ordenamiento Territorial de Bogotá","ESCALA_CAPTURA":null,"FECHA_CAPTURA":"2025-10-15T00:00:00Z","RESPONSABLE":"38","SHAPE_Leng":41.523539758200002,"SHAPE_Length":41.523539758167217},"geometry":{"type":"LineString","coordinates":[[-74.13785363910344,4.725953604918835],[-74.137550886437921,4.725733086921812]]}},
{"type":"Feature","properties":{"fid":830,"OBJECTID":830,"CODIGO_ID":"702059","NOMBRE":"Alameda Av Las Quintas","LONGITUD":137.3,"TIPO_CAPACIDAD":null,"OBSERVACION":null,"PLAZO":"Existente","ACTO_ADMINISTRATIVO":null,"NUMERO_ACTO_ADMINISTRATIVO":null,"FECHA_ACTO_ADMINISTRATIVO":"2025-10-15T00:00:00Z","NORMATIVA":"En el marco del Decreto 555 del 29 de diciembre de 2021 - Por el cual se adopta la revisión general del Plan de Ordenamiento Territorial de Bogotá","ESCALA_CAPTURA":null,"FECHA_CAPTURA":"2025-10-15T00:00:00Z","RESPONSABLE":"38","SHAPE_Leng":137.33500302600001,"SHAPE_Length":137.33500302674187},"geometry":{"type":"MultiLineString","coordinates":[[[-74.122480916923095,4.728643863089496],[-74.1226292181573,4.728517892472821],[-74.122838054695961,4.728347133363073],[-74.122965357501755,4.728261035927578],[-74.123215673769579,4.728103192795995],[-74.123491735334781,4.72793961037247]],[[-74.123491735334781,4.72793961037247],[-74.123492746285208,4.727938806797908],[-74.123493774353918,4.72793802582257],[-74.123494818639898,4.727937267446421]]]}},
{"type":"Feature","properties":{"fid":831,"OBJECTID":831,"CODIGO_ID":"92040064","NOMBRE":"Alameda Humedal Juan Amarillo","LONGITUD":32.3,"TIPO_CAPACIDAD":null,"OBSERVACION":null,"PLAZO":"Existente","ACTO_ADMINISTRATIVO":null,"NUMERO_ACTO_ADMINISTRATIVO":null,"FECHA_ACTO_ADMINISTRATIVO":"2025-10-15T00:00:00Z","NORMATIVA":"En el marco del Decreto 555 del 29 de diciembre de 2021 - Por el cual se adopta la revisión general del Plan de Ordenamiento Territorial de Bogotá","ESCALA_CAPTURA":null,"FECHA_CAPTURA":"2025-10-15T00:00:00Z","RESPONSABLE":"38","SHAPE_Leng":32.260084782500002,"SHAPE_Length":32.260084782560838},"geometry":{"type":"LineString","coordinates":[[-74.095366465161987,4.714987886692144],[-74.095392956274139,4.715278286835133]]}},
{"type":"Feature","properties":{"fid":832,"OBJECTID":832,"CODIGO_ID":"34011126","NOMBRE":"Alameda CL 41 Sur","LONGITUD":31.9,"TIPO_CAPACIDAD":null,"OBSERVACION":null,"PLAZO":"Existente","ACTO_ADMINISTRATIVO":null,"NUMERO_ACTO_ADMINISTRATIVO":null,"FECHA_ACTO_ADMINISTRATIVO":"2025-10-15T00:00:00Z","NORMATIVA":"En el marco del Decreto 555 del 29 de diciembre de 2021 - Por el cual se adopta la revisión general del Plan de Ordenamiento Territorial de Bogotá","ESCALA_CAPTURA":null,"FECHA_CAPTURA":"2025-10-15T00:00:00Z","RESPONSABLE":"38","SHAPE_Leng":31.939644223799998,"SHAPE_Length":31.939644223773698},"geometry":{"type":"LineString","coordinates":[[-74.171452690620441,4.640050204011911],[-74.171418254948435,4.639996158139309],[-74.171349376412621,4.639888054637624],[-74.171323486138732,4.639846987353832],[-74.171298088681183,4.639806701967314]]}},
{"type":"Feature","properties":{"fid":833,"OBJECTID":833,"CODIGO_ID":"92087980","NOMBRE":"Alameda Humedal el Burro","LONGITUD":2.4,"TIPO_CAPACIDAD":null,"OBSERVACION":null,"PLAZO":"Existente","ACTO_ADMINISTRATIVO":null,"NUMERO_ACTO_ADMINISTRATIVO":null,"FECHA_ACTO_ADMINISTRATIVO":"2025-10-15T00:00:00Z","NORMATIVA":"En el marco del Decreto 555 del 29 de diciembre de 2021 - Por el cual se adopta la revisión general del Plan de Ordenamiento Territorial de Bogotá","ESCALA_CAPTURA":null,"FECHA_CAPTURA":"2025-10-15T00:00:00Z","RESPONSABLE":"38","SHAPE_Leng":2.3544454999700002,"SHAPE_Length":2.3544454999699256},"geometry":{"type":"LineString","coordinates":[[-74.145273110935207,4.633034756366791],[-74.145254141981312,4.63304427943204]]}},
{"type":"Feature","properties":{"fid":834,"OBJECTID":834,"CODIGO_ID":"530110","NOMBRE":"Alameda Canal Molinos","LONGITUD":9.5,"TIPO_CAPACIDAD":null,"OBSERVACION":null,"PLAZO":"Existente","ACTO_ADMINISTRATIVO":null,"NUMERO_ACTO_ADMINISTRATIVO":null,"FECHA_ACTO_ADMINISTRATIVO":"2025-10-15T00:00:00Z","NORMATIVA":"En el marco del Decreto 555 del 29 de diciembre de 2021 - Por el cual se adopta la revisión general del Plan de Ordenamiento Territorial de Bogotá","ESCALA_CAPTURA":null,"FECHA_CAPTURA":"2025-10-15T00:00:00Z","RESPONSABLE":"38","SHAPE_Leng":9.5019779474600004,"SHAPE_Length":9.5019779474633097},"geometry":{"type":"LineString","coordinates":[[-74.039488866346574,4.690688388502704],[-74.039492010908006,4.690698651481394],[-74.039494263491321,4.690709147541291],[-74.039495606990229,4.690719798940435],[-74.039496032407172,4.690730527034154],[-74.039495536150397,4.690741252274686],[-74.039494121835929,4.690751894211409],[-74.039491799386042,4.690762375106484],[-74.039488586831752,4.690772616319412]]}},
{"type":"Feature","properties":{"fid":835,"OBJECTID":835,"CODIGO_ID":"34012086","NOMBRE":"Alameda Florida Sur","LONGITUD":105.4,"TIPO_CAPACIDAD":null,"OBSERVACION":null,"PLAZO":"Existente","ACTO_ADMINISTRATIVO":null,"NUMERO_ACTO_ADMINISTRATIVO":null,"FECHA_ACTO_ADMINISTRATIVO":"2025-10-15T00:00:00Z","NORMATIVA":"En el marco del Decreto 555 del 29 de diciembre de 2021 - Por el cual se adopta la revisión general del Plan de Ordenamiento Territorial de Bogotá","ESCALA_CAPTURA":null,"FECHA_CAPTURA":"2025-10-15T00:00:00Z","RESPONSABLE":"38","SHAPE_Leng":105.436609209,"SHAPE_Length":105.43660920869291},"geometry":{"type":"MultiLineString","coordinates":[[[-74.138885267763769,4.550252166350726],[-74.138973317213484,4.550304510565674],[-74.139046722882199,4.550344213766912],[-74.139136334372466,4.550389657216948],[-74.139308409019492,4.550460931892276]],[[-74.139308409019492,4.550460931892276],[-74.139310551958445,4.550461817785859],[-74.13931261112333,4.550462886276649],[-74.139314569399488,4.550464130132909],[-74.139316413275338,4.550465539411013],[-74.139318129239342,4.550467103263429],[-74.139319702879177,4.550468810842594],[-74.13932112428644,4.550470648589141],[-74.13932238085043,4.550472602039759],[-74.139323465364996,4.550474658539017],[-74.139324367021061,4.55047680091177],[-74.139325081314837,4.550479013790797],[-74.139325601941081,4.550481280000986],[-74.139325924396061,4.550483583271141],[-74.139326047779193,4.550485906426228],[-74.139325970289093,4.550488230483217],[-74.139325691925919,4.550490540074972],[-74.139325215392191,4.550492816218548],[-74.139324544291171,4.550495042642858],[-74.139323684027673,4.550497202172871],[-74.139322640907324,4.550499279441525],[-74.139321422136476,4.550501258177753],[-74.139320036723063,4.550503123014472],[-74.139318496377314,4.550504860392543],[-74.139316811908685,4.550506457656764],[-74.139314995027377,4.550507903055895],[-74.139313061046721,4.550509184838717],[-74.13931102347847,4.550510293965868],[-74.139308898536683,4.550511221398003],[-74.139306700633838,4.550511960807603],[-74.139304447785577,4.550512506771141],[-74.139302156205886,4.550512854769028],[-74.139299843009596,4.550513002089594],[-74.13929752531142,4.550512948732989],[-74.139295222027684,4.550512693795482],[-74.139292948471621,4.550512239085137],[-74.139290723559469,4.550511589121856],[-74.139288561703623,4.550510748425577],[-74.139286481820335,4.550509722420196]],[[-74.139286481820335,4.550509722420196],[-74.139095817909137,4.550431272887968]],[[-74.139095817909137,4.550431272887968],[-74.1390533374406,4.550415827539044],[-74.139010425488763,4.550401632347163],[-74.138967119885947,4.550388699064013]],[[-74.138967119885947,4.550388699064013],[-74.138919927375099,4.550381284357128]]]}},
{"type":"Feature","properties":{"fid":836,"OBJECTID":836,"CODIGO_ID":"24130223","NOMBRE":"Alameda Av Jiménez","LONGITUD":90.1,"TIPO_CAPACIDAD":null,"OBSERVACION":null,"PLAZO":"Existente","ACTO_ADMINISTRATIVO":null,"NUMERO_ACTO_ADMINISTRATIVO":null,"FECHA_ACTO_ADMINISTRATIVO":"2025-10-15T00:00:00Z","NORMATIVA":"En el marco del Decreto 555 del 29 de diciembre de 2021 - Por el cual se adopta la revisión general del Plan de Ordenamiento Territorial de Bogotá","ESCALA_CAPTURA":null,"FECHA_CAPTURA":"2025-10-15T00:00:00Z","RESPONSABLE":"38","SHAPE_Leng":90.065798129699999,"SHAPE_Length":90.065798130465055},"geometry":{"type":"LineString","coordinates":[[-74.072591712829379,4.601044088873068],[-74.072590940427617,4.601047794079271],[-74.072584173573048,4.601080272259329],[-74.073239355698277,4.601494737371944]]}},
{"type":"Feature","properties":{"fid":837,"OBJECTID":837,"CODIGO_ID":"92056976","NOMBRE":"Alameda Humedal el Burro","LONGITUD":3.5,"TIPO_CAPACIDAD":null,"OBSERVACION":null,"PLAZO":"Existente","ACTO_ADMINISTRATIVO":null,"NUMERO_ACTO_ADMINISTRATIVO":null,"FECHA_ACTO_ADMINISTRATIVO":"2025-10-15T00:00:00Z","NORMATIVA":"En el marco del Decreto 555 del 29 de diciembre de 2021 - Por el cual se adopta la revisión general del Plan de Ordenamiento Territorial de Bogotá","ESCALA_CAPTURA":null,"FECHA_CAPTURA":"2025-10-15T00:00:00Z","RESPONSABLE":"38","SHAPE_Leng":3.48923998253,"SHAPE_Length":3.4892399825310974},"geometry":{"type":"LineString","coordinates":[[-74.144839406764078,4.634728195035712],[-74.144859364854824,4.634752562832257]]}},
{"type":"Feature","properties":{"fid":838,"OBJECTID":838,"CODIGO_ID":"42564","NOMBRE":"Alameda Humedal Jaboque","LONGITUD":4.0,"TIPO_CAPACIDAD":null,"OBSERVACION":null,"PLAZO":"Existente","ACTO_ADMINISTRATIVO":null,"NUMERO_ACTO_ADMINISTRATIVO":null,"FECHA_ACTO_ADMINISTRATIVO":"2025-10-15T00:00:00Z","NORMATIVA":"En el marco del Decreto 555 del 29 de diciembre de 2021 - Por el cual se adopta la revisión general del Plan de Ordenamiento Territorial de Bogotá","ESCALA_CAPTURA":null,"FECHA_CAPTURA":"2025-10-15T00:00:00Z","RESPONSABLE":"38","SHAPE_Leng":3.9802816749400001,"SHAPE_Length":3.9802816749364966},"geometry":{"type":"LineString","coordinates":[[-74.133790990931658,4.710703205916948],[-74.133769803868461,4.710732234874329]]}},
{"type":"Feature","properties":{"fid":839,"OBJECTID":839,"CODIGO_ID":"20013874","NOMBRE":"Alameda Humedal Jaboque","LONGITUD":61.0,"TIPO_CAPACIDAD":null,"OBSERVACION":null,"PLAZO":"Existente","ACTO_ADMINISTRATIVO":null,"NUMERO_ACTO_ADMINISTRATIVO":null,"FECHA_ACTO_ADMINISTRATIVO":"2025-10-15T00:00:00Z","NORMATIVA":"En el marco del Decreto 555 del 29 de diciembre de 2021 - Por el cual se adopta la revisión general del Plan de Ordenamiento Territorial de Bogotá","ESCALA_CAPTURA":null,"FECHA_CAPTURA":"2025-10-15T00:00:00Z","RESPONSABLE":"38","SHAPE_Leng":61.010324231799999,"SHAPE_Length":61.010324232133279},"geometry":{"type":"MultiLineString","coordinates":[[[-74.129471196925692,4.704563357605153],[-74.129466722765926,4.704560705314774],[-74.129462219773885,4.704558102740755],[-74.129457687949554,4.704555550787009]],[[-74.129457687949554,4.704555550787009],[-74.129440547803185,4.704447723957171],[-74.129240334253595,4.704071298309956]]]}},
{"type":"Feature","properties":{"fid":840,"OBJECTID":840,"CODIGO_ID":"44408","NOMBRE":"Alameda Canal Molinos","LONGITUD":12.7,"TIPO_CAPACIDAD":null,"OBSERVACION":null,"PLAZO":"Existente","ACTO_ADMINISTRATIVO":null,"NUMERO_ACTO_ADMINISTRATIVO":null,"FECHA_ACTO_ADMINISTRATIVO":"2025-10-15T00:00:00Z","NORMATIVA":"En el marco del Decreto 555 del 29 de diciembre de 2021 - Por el cual se adopta la revisión general del Plan de Ordenamiento Territorial de Bogotá","ESCALA_CAPTURA":null,"FECHA_CAPTURA":"2025-10-15T00:00:00Z","RESPONSABLE":"38","SHAPE_Leng":12.7118820916,"SHAPE_Length":12.711882091600121},"geometry":{"type":"LineString","coordinates":[[-74.060407911657506,4.696298553522309],[-74.060319207568924,4.696225867090805]]}},
{"type":"Feature","properties":{"fid":841,"OBJECTID":841,"CODIGO_ID":"34013815","NOMBRE":"Alameda Canal Torca","LONGITUD":470.0,"TIPO_CAPACIDAD":null,"OBSERVACION":null,"PLAZO":"Existente","ACTO_ADMINISTRATIVO":null,"NUMERO_ACTO_ADMINISTRATIVO":null,"FECHA_ACTO_ADMINISTRATIVO":"2025-10-15T00:00:00Z","NORMATIVA":"En el marco del Decreto 555 del 29 de diciembre de 2021 - Por el cual se adopta la revisión general del Plan de Ordenamiento Territorial de Bogotá","ESCALA_CAPTURA":null,"FECHA_CAPTURA":"2025-10-15T00:00:00Z","RESPONSABLE":"38","SHAPE_Leng":469.95275534799998,"SHAPE_Length":469.95275534775175},"geometry":{"type":"MultiLineString","coordinates":[[[-74.04123038875781,4.759565349721527],[-74.041230783127943,4.759543532188592],[-74.041242270212834,4.759255096250414],[-74.041252324934533,4.758982444761275],[-74.041269549087446,4.758592123448251],[-74.041278172351511,4.758370720843153],[-74.041288216685913,4.758112831655055],[-74.041304006041301,4.757754080358228],[-74.041314051519251,4.757535960185308]],[[-74.041314051519251,4.757535960185308],[-74.041314604241805,4.75748596673778],[-74.041311199586332,4.757436086582095],[-74.041303858229611,4.75738663519789],[-74.041292626078075,4.75733792445278]],[[-74.041292626078075,4.75733792445278],[-74.041281192704204,4.757273347649859],[-74.041215415963052,4.757125530976264],[-74.041046679501534,4.756794017083089],[-74.040882232624654,4.756471112971052],[-74.040753535507349,4.75621853122277],[-74.040609107412195,4.75594155138675],[-74.040397468252905,4.755554064841946],[-74.040390320821743,4.755539121543833]]]}},
{"type":"Feature","properties":{"fid":842,"OBJECTID":842,"CODIGO_ID":"34014073","NOMBRE":"Alameda Humedal el Burro","LONGITUD":704.3,"TIPO_CAPACIDAD":null,"OBSERVACION":null,"PLAZO":"Existente","ACTO_ADMINISTRATIVO":null,"NUMERO_ACTO_ADMINISTRATIVO":null,"FECHA_ACTO_ADMINISTRATIVO":"2025-10-15T00:00:00Z","NORMATIVA":"En el marco del Decreto 555 del 29 de diciembre de 2021 - Por el cual se adopta la revisión general del Plan de Ordenamiento Territorial de Bogotá","ESCALA_CAPTURA":null,"FECHA_CAPTURA":"2025-10-15T00:00:00Z","RESPONSABLE":"38","SHAPE_Leng":704.21268214099996,"SHAPE_Length":704.21268214041856},"geometry":{"type":"MultiLineString","coordinates":[[[-74.14959477565661,4.638462830615712],[-74.149603068769693,4.638568232804975],[-74.149614987449837,4.638766146894115],[-74.149629885377792,4.638965255989267]],[[-74.149629885377792,4.638965255989267],[-74.149630821651485,4.639024019880568],[-74.149636837130458,4.639082480023122],[-74.149647884967891,4.639140195290059],[-74.149663883182242,4.639196731786141],[-74.149684710152897,4.639251661943849]],[[-74.149684710152897,4.639251661943849],[-74.149721373979304,4.639337886733585],[-74.149768136850071,4.63944120424108]],[[-74.149768136850071,4.63944120424108],[-74.149774857558285,4.639459181037821],[-74.149779913427366,4.639477699307279],[-74.149783262114724,4.639496603570471],[-74.149784874791095,4.639515735636557],[-74.149784738843181,4.639534935506694],[-74.149782854270128,4.639554043181967],[-74.149779239088843,4.639572897759408],[-74.149773921226029,4.639591341951815],[-74.14976694572529,4.639609221183719]],[[-74.14976694572529,4.639609221183719],[-74.149715698719973,4.639824474185683]],[[-74.149715698719973,4.639824474185683],[-74.14970641977628,4.639872881580901],[-74.149701291229817,4.639921907258527],[-74.149700350917257,4.639971192350874],[-74.149703606044966,4.640020378894283],[-74.149711032288238,4.640069107117211]],[[-74.149711032288238,4.640069107117211],[-74.149766631053922,4.640357368859545]],[[-74.149766631053922,4.640357368859545],[-74.149778580563193,4.640381828751882],[-74.14979254716026,4.640405188529362],[-74.149808430845752,4.640427280057879],[-74.149826118106958,4.640447946954708],[-74.149845481917765,4.640467040068774],[-74.149866384441438,4.640484422904355],[-74.149888676129663,4.640499971621023]],[[-74.149888676129663,4.640499971621023],[-74.1504085428503,4.640699078150322]],[[-74.1504085428503,4.640699078150322],[-74.1504375155411,4.64071156152359],[-74.150465281954823,4.640726555167637],[-74.150491625877407,4.640743941570459],[-74.150516342806227,4.640763586045009],[-74.150539240850932,4.640785336729149]],[[-74.150539240850932,4.640785336729149],[-74.150609008110209,4.640878268581753],[-74.150640544887608,4.640915683739002]],[[-74.150640544887608,4.640915683739002],[-74.150675352854577,4.640962390563767],[-74.150706166293915,4.641011841798048],[-74.150732768989414,4.641063695751053]],[[-74.150732768989414,4.641063695751053],[-74.150788331354775,4.641359343568741],[-74.150828853986965,4.641604493285159],[-74.150858650116035,4.641763541054392]],[[-74.150858650116035,4.641763541054392],[-74.150883339494428,4.641838071466729],[-74.150913746823633,4.641910441405877],[-74.150949687419597,4.641980212457215],[-74.150990942364274,4.642046957053542]],[[-74.150990942364274,4.642046957053542],[-74.151044196297178,4.642114073998549],[-74.151103266365936,4.642176098055874],[-74.151167672392106,4.64223252301597],[-74.15123688735062,4.642282888771085],[-74.151310348180402,4.642326784026964]],[[-74.151310348180402,4.642326784026964],[-74.151717183428104,4.642519321332894]],[[-74.151717183428104,4.642519321332894],[-74.151826899797186,4.642559408838889],[-74.151939934985691,4.642588779992198],[-74.152055252059611,4.642607166326587]],[[-74.152055252059611,4.642607166326587],[-74.152674184647793,4.642672676742744]],[[-74.152674184647793,4.642672676742744],[-74.15270044843264,4.64268023894959],[-74.152725983414911,4.642689993237084],[-74.152750609415705,4.64270187181075],[-74.152774149859511,4.642715790604981],[-74.152796438981383,4.642731648379122]],[[-74.152796438981383,4.642731648379122],[-74.152910969554441,4.642843782182816]]]}},
{"type":"Feature","properties":{"fid":843,"OBJECTID":843,"CODIGO_ID":"165655","NOMBRE":"Alameda Humedal Jaboque","LONGITUD":53.4,"TIPO_CAPACIDAD":null,"OBSERVACION":null,"PLAZO":"Existente","ACTO_ADMINISTRATIVO":null,"NUMERO_ACTO_ADMINISTRATIVO":null,"FECHA_ACTO_ADMINISTRATIVO":"2025-10-15T00:00:00Z","NORMATIVA":"En el marco del Decreto 555 del 29 de diciembre de 2021 - Por el cual se adopta la revisión general del Plan de Ordenamiento Territorial de Bogotá","ESCALA_CAPTURA":null,"FECHA_CAPTURA":"2025-10-15T00:00:00Z","RESPONSABLE":"38","SHAPE_Leng":53.387911307000003,"SHAPE_Length":53.387911306978609},"geometry":{"type":"MultiLineString","coordinates":[[[-74.131394369114275,4.712626031434765],[-74.131384224150153,4.712621793510528],[-74.131374290026258,4.712617080114786],[-74.131364589266965,4.712611900287476]],[[-74.131364589266965,4.712611900287476],[-74.131224422036055,4.712474135718328],[-74.131044243131697,4.712297619837384]]]}},
{"type":"Feature","properties":{"fid":844,"OBJECTID":844,"CODIGO_ID":"92010081","NOMBRE":"Alameda Humedal el Burro","LONGITUD":5.8,"TIPO_CAPACIDAD":null,"OBSERVACION":null,"PLAZO":"Existente","ACTO_ADMINISTRATIVO":null,"NUMERO_ACTO_ADMINISTRATIVO":null,"FECHA_ACTO_ADMINISTRATIVO":"2025-10-15T00:00:00Z","NORMATIVA":"En el marco del Decreto 555 del 29 de diciembre de 2021 - Por el cual se adopta la revisión general del Plan de Ordenamiento Territorial de Bogotá","ESCALA_CAPTURA":null,"FECHA_CAPTURA":"2025-10-15T00:00:00Z","RESPONSABLE":"38","SHAPE_Leng":5.8053840490599997,"SHAPE_Length":5.8053840490633188},"geometry":{"type":"LineString","coordinates":[[-74.154626709808142,4.645704269173741],[-74.154637886008743,4.645755534677179]]}},
{"type":"Feature","properties":{"fid":845,"OBJECTID":845,"CODIGO_ID":"34010016","NOMBRE":"Alameda Humedal Jaboque","LONGITUD":53.0,"TIPO_CAPACIDAD":null,"OBSERVACION":null,"PLAZO":"Existente","ACTO_ADMINISTRATIVO":null,"NUMERO_ACTO_ADMINISTRATIVO":null,"FECHA_ACTO_ADMINISTRATIVO":"2025-10-15T00:00:00Z","NORMATIVA":"En el marco del Decreto 555 del 29 de diciembre de 2021 - Por el cual se adopta la revisión general del Plan de Ordenamiento Territorial de Bogotá","ESCALA_CAPTURA":null,"FECHA_CAPTURA":"2025-10-15T00:00:00Z","RESPONSABLE":"38","SHAPE_Leng":52.985936052699998,"SHAPE_Length":52.985936052043265},"geometry":{"type":"MultiLineString","coordinates":[[[-74.133379618736384,4.711387401879934],[-74.133368095201206,4.711387239854393],[-74.133356587892749,4.71138659873716],[-74.133345117533565,4.71138547852865]],[[-74.133345117533565,4.71138547852865],[-74.133307331523653,4.711374760614619],[-74.13327056908804,4.711360915062255],[-74.133235087004692,4.71134403859896],[-74.133201133942265,4.711324248742823]],[[-74.133201133942265,4.711324248742823],[-74.13318586697801,4.711316636312727],[-74.133170013450666,4.711310344537226],[-74.133153687783746,4.711305417711895],[-74.133137005301961,4.711301891996791],[-74.133120085835117,4.711299792704745],[-74.13310305011413,4.711299135205135],[-74.133086018870202,4.711299922212182],[-74.13306911553758,4.711302150112477],[-74.133052460847878,4.711305801733375],[-74.13303617192885,4.711310851766705]],[[-74.13303617192885,4.711310851766705],[-74.133010512657961,4.711324009115402],[-74.132986128229462,4.711339414603752],[-74.132963213257355,4.711356944394998],[-74.13294195154424,4.71137645838113]]]}},
{"type":"Feature","properties":{"fid":846,"OBJECTID":846,"CODIGO_ID":"34010365","NOMBRE":"Alameda Canal Molinos","LONGITUD":28.2,"TIPO_CAPACIDAD":null,"OBSERVACION":null,"PLAZO":"Existente","ACTO_ADMINISTRATIVO":null,"NUMERO_ACTO_ADMINISTRATIVO":null,"FECHA_ACTO_ADMINISTRATIVO":"2025-10-15T00:00:00Z","NORMATIVA":"En el marco del Decreto 555 del 29 de diciembre de 2021 - Por el cual se adopta la revisión general del Plan de Ordenamiento Territorial de Bogotá","ESCALA_CAPTURA":null,"FECHA_CAPTURA":"2025-10-15T00:00:00Z","RESPONSABLE":"38","SHAPE_Leng":28.243645340699999,"SHAPE_Length":28.243645340676444},"geometry":{"type":"MultiLineString","coordinates":[[[-74.0381369821975,4.688772688046893],[-74.038135339701654,4.688778948520428],[-74.038133142247545,4.688785035350199],[-74.038130407861686,4.688790899725929]],[[-74.038130407861686,4.688790899725929],[-74.038059048280019,4.688941769849659]],[[-74.038059048280019,4.688941769849659],[-74.038057194087045,4.688947854020636],[-74.038055872333942,4.688954077481981],[-74.038055092938706,4.68896039142216],[-74.038054861314166,4.688966749740779],[-74.038055178368694,4.688973104528872],[-74.03805604410968,4.688979407877301],[-74.038057450436,4.688985611875686],[-74.038059386543367,4.688991670421117]],[[-74.038059386543367,4.688991670421117],[-74.038062735508973,4.688996636315567],[-74.038066490849658,4.689001300355269],[-74.038070625541934,4.689005629993941]]]}},
{"type":"Feature","properties":{"fid":847,"OBJECTID":847,"CODIGO_ID":"34010057","NOMBRE":"Alameda Humedal Jaboque","LONGITUD":14.4,"TIPO_CAPACIDAD":null,"OBSERVACION":null,"PLAZO":"Existente","ACTO_ADMINISTRATIVO":null,"NUMERO_ACTO_ADMINISTRATIVO":null,"FECHA_ACTO_ADMINISTRATIVO":"2025-10-15T00:00:00Z","NORMATIVA":"En el marco del Decreto 555 del 29 de diciembre de 2021 - Por el cual se adopta la revisión general del Plan de Ordenamiento Territorial de Bogotá","ESCALA_CAPTURA":null,"FECHA_CAPTURA":"2025-10-15T00:00:00Z","RESPONSABLE":"38","SHAPE_Leng":14.4070152699,"SHAPE_Length":14.407015269718546},"geometry":{"type":"MultiLineString","coordinates":[[[-74.123015898161839,4.700252367899762],[-74.123016079106179,4.700230016007835],[-74.123015276195304,4.700207677641827],[-74.123013491229756,4.700185397095177]],[[-74.123013491229756,4.700185397095177],[-74.123010914268875,4.700164498656706],[-74.123007473277767,4.700143724933668],[-74.123003174561958,4.700123113892051]]]}},
{"type":"Feature","properties":{"fid":848,"OBJECTID":848,"CODIGO_ID":"92085162","NOMBRE":"Alameda Canal Molinos","LONGITUD":7.8,"TIPO_CAPACIDAD":null,"OBSERVACION":null,"PLAZO":"Existente","ACTO_ADMINISTRATIVO":null,"NUMERO_ACTO_ADMINISTRATIVO":null,"FECHA_ACTO_ADMINISTRATIVO":"2025-10-15T00:00:00Z","NORMATIVA":"En el marco del Decreto 555 del 29 de diciembre de 2021 - Por el cual se adopta la revisión general del Plan de Ordenamiento Territorial de Bogotá","ESCALA_CAPTURA":null,"FECHA_CAPTURA":"2025-10-15T00:00:00Z","RESPONSABLE":"38","SHAPE_Leng":7.7787011772400003,"SHAPE_Length":7.7787011765301033},"geometry":{"type":"LineString","coordinates":[[-74.04359104166609,4.694486240763401],[-74.043537906334919,4.694440392018478]]}}
]
}
