{
"type": "FeatureCollection",
"name": "roda_talleres_secundarios",
"crs": { "type": "name", "properties": { "name": "urn:ogc:def:crs:OGC:1.3:CRS84" } },
"features": [
{"type":"Feature","properties":{"fid":1,"id":"node/1409840172","@id":"node/1409840172","addr:city":null,"addr:housenumber":null,"addr:postcode":null,"addr:street":null,"amenity":null,"brand":null,"building":null,"check_date":null,"coffee":null,"contact:facebook":null,"contact:instagram":null,"description":null,"email":null,"fixme":null,"internet_access":null,"name":"Almacen y taller el triunfo","opening_hours":null,"operator":null,"payment:cash":null,"payment:contactless":null,"payment:credit_cards":null,"payment:debit_cards":null,"payment:maestro":null,"payment:mastercard":null,"payment:visa":null,"payment:visa_debit":null,"payment:visa_electron":null,"phone":null,"service":null,"service:bicycle:Bicycle_Sales_and_Service":null,"service:bicycle:bicycle":null,"service:bicycle:bike":null,"service:bicycle:cleaning":null,"service:bicycle:clothing":null,"service:bicycle:ebike":null,"service:bicycle:parts":null,"service:bicycle:pump":null,"service:bicycle:rental":null,"service:bicycle:repair":null,"service:bicycle:retail":null,"service:bicycle:sales":null,"service:bicycle:second_hand":null,"service:bicycle:service":null,"service:bicycle:showroom":null,"service:bicycle:spare_parts":null,"service:bicycle:tools":null,"service:bicycle:vending":null,"service:bicycle:wheel":null,"shop":"bicycle","source":null,"stroller":null,"website":null,"wheelchair":"no"},"geometry":{"type":"Point","coordinates":[-74.0745385,4.6624203]}},
{"type":"Feature","properties":{"fid":2,"id":"node/1409840182","@id":"node/1409840182","addr:city":null,"addr:housenumber":"66-66","addr:postcode":null,"addr:street":"Carrera 4","amenity":null,"brand":null,"building":null,"check_date":null,"coffee":null,"contact:facebook":null,"contact:instagram":null,"description":null,"email":null,"fixme":null,"internet_access":null,"name":"BSS","opening_hours":null,"operator":null,"payment:cash":null,"payment:contactless":null,"payment:credit_cards":null,"payment:debit_cards":null,"payment:maestro":null,"payment:mastercard":null,"payment:visa":null,"payment:visa_debit":null,"payment:visa_electron":null,"phone":null,"service":null,"service:bicycle:Bicycle_Sales_and_Service":null,"service:bicycle:bicycle":null,"service:bicycle:bike":null,"service:bicycle:cleaning":null,"service:bicycle:clothing":null,"service:bicycle:ebike":null,"service:bicycle:parts":null,"service:bicycle:pump":null,"service:bicycle:rental":null,"service:bicycle:repair":null,"service:bicycle:retail":null,"service:bicycle:sales":null,"service:bicycle:second_hand":null,"service:bicycle:service":null,"service:bicycle:showroom":null,"service:bicycle:spare_parts":null,"service:bicycle:tools":null,"service:bicycle:vending":null,"service:bicycle:wheel":null,"shop":"bicycle","source":null,"stroller":null,"website":null,"wheelchair":null},"geometry":{"type":"Point","coordinates":[-74.0562616,4.6461547]}},
{"type":"Feature","properties":{"fid":7,"id":"node/2476556789","@id":"node/2476556789","addr:city":"Bogotá D.C.","addr:housenumber":null,"addr:postcode":null,"addr:street":"Avenida Calle 68","amenity":null,"brand":null,"building":null,"check_date":null,"coffee":null,"contact:facebook":null,"contact:instagram":null,"description":null,"email":null,"fixme":null,"internet_access":null,"name":"Action Bikes","opening_hours":null,"operator":null,"payment:cash":null,"payment:contactless":null,"payment:credit_cards":null,"payment:debit_cards":null,"payment:maestro":null,"payment:mastercard":null,"payment:visa":null,"payment:visa_debit":null,"payment:visa_electron":null,"phone":null,"service":null,"service:bicycle:Bicycle_Sales_and_Service":null,"service:bicycle:bicycle":null,"service:bicycle:bike":null,"service:bicycle:cleaning":null,"service:bicycle:clothing":null,"service:bicycle:ebike":null,"service:bicycle:parts":null,"service:bicycle:pump":null,"service:bicycle:rental":null,"service:bicycle:repair":"yes","service:bicycle:retail":"yes","service:bicycle:sales":null,"service:bicycle:second_hand":null,"service:bicycle:service":null,"service:bicycle:showroom":null,"service:bicycle:spare_parts":null,"service:bicycle:tools":null,"service:bicycle:vending":null,"service:bicycle:wheel":null,"shop":"bicycle","source":"Kaart Ground Survey 2017","stroller":null,"website":null,"wheelchair":null},"geometry":{"type":"Point","coordinates":[-74.0736339,4.6620706]}},
{"type":"Feature","properties":{"fid":8,"id":"node/2476556794","@id":"node/2476556794","addr:city":"Bogotá D.C.","addr:housenumber":null,"addr:postcode":null,"addr:street":"Avenida Calle 68","amenity":null,"brand":null,"building":null,"check_date":null,"coffee":null,"contact:facebook":null,"contact:instagram":null,"description":null,"email":null,"fixme":null,"internet_access":null,"name":"Bicicletas Duarte","opening_hours":null,"operator":null,"payment:cash":null,"payment:contactless":null,"payment:credit_cards":null,"payment:debit_cards":null,"payment:maestro":null,"payment:mastercard":null,"payment:visa":null,"payment:visa_debit":null,"payment:visa_electron":null,"phone":null,"service":null,"service:bicycle:Bicycle_Sales_and_Service":null,"service:bicycle:bicycle":null,"service:bicycle:bike":null,"service:bicycle:cleaning":null,"service:bicycle:clothing":null,"service:bicycle:ebike":null,"service:bicycle:parts":null,"service:bicycle:pump":null,"service:bicycle:rental":null,"service:bicycle:repair":"yes","service:bicycle:retail":"yes","service:bicycle:sales":null,"service:bicycle:second_hand":null,"service:bicycle:service":null,"service:bicycle:showroom":null,"service:bicycle:spare_parts":null,"service:bicycle:tools":null,"service:bicycle:vending":null,"service:bicycle:wheel":null,"shop":"bicycle","source":"Kaart Ground Survey 2017","stroller":null,"website":null,"wheelchair":null},"geometry":{"type":"Point","coordinates":[-74.073471,4.6619561]}},
{"type":"Feature","properties":{"fid":9,"id":"node/2476556798","@id":"node/2476556798","addr:city":null,"addr:housenumber":null,"addr:postcode":null,"addr:street":null,"amenity":null,"brand":null,"building":null,"check_date":null,"coffee":null,"contact:facebook":null,"contact:instagram":null,"description":null,"email":null,"fixme":null,"internet_access":null,"name":"Bicicletas Nuevo Milenio","opening_hours":null,"operator":null,"payment:cash":null,"payment:contactless":null,"payment:credit_cards":null,"payment:debit_cards":null,"payment:maestro":null,"payment:mastercard":null,"payment:visa":null,"payment:visa_debit":null,"payment:visa_electron":null,"phone":null,"service":null,"service:bicycle:Bicycle_Sales_and_Service":null,"service:bicycle:bicycle":null,"service:bicycle:bike":null,"service:bicycle:cleaning":null,"service:bicycle:clothing":null,"service:bicycle:ebike":null,"service:bicycle:parts":null,"service:bicycle:pump":null,"service:bicycle:rental":null,"service:bicycle:repair":"yes","service:bicycle:retail":"yes","service:bicycle:sales":null,"service:bicycle:second_hand":null,"service:bicycle:service":null,"service:bicycle:showroom":null,"service:bicycle:spare_parts":null,"service:bicycle:tools":null,"service:bicycle:vending":null,"service:bicycle:wheel":null,"shop":"bicycle","source":null,"stroller":null,"website":null,"wheelchair":null},"geometry":{"type":"Point","coordinates":[-74.0746262,4.6624741]}},
{"type":"Feature","properties":{"fid":10,"id":"node/2476556802","@id":"node/2476556802","addr:city":"Bogotá D.C.","addr:housenumber":null,"addr:postcode":null,"addr:street":"Avenida Calle 68","amenity":null,"brand":null,"building":null,"check_date":null,"coffee":null,"contact:facebook":null,"contact:instagram":null,"description":null,"email":null,"fixme":null,"internet_access":null,"name":"Bicicletas Shaddai","opening_hours":null,"operator":null,"payment:cash":null,"payment:contactless":null,"payment:credit_cards":null,"payment:debit_cards":null,"payment:maestro":null,"payment:mastercard":null,"payment:visa":null,"payment:visa_debit":null,"payment:visa_electron":null,"phone":null,"service":null,"service:bicycle:Bicycle_Sales_and_Service":null,"service:bicycle:bicycle":null,"service:bicycle:bike":null,"service:bicycle:cleaning":null,"service:bicycle:clothing":null,"service:bicycle:ebike":null,"service:bicycle:parts":null,"service:bicycle:pump":null,"service:bicycle:rental":null,"service:bicycle:repair":"yes","service:bicycle:retail":"yes","service:bicycle:sales":null,"service:bicycle:second_hand":null,"service:bicycle:service":null,"service:bicycle:showroom":null,"service:bicycle:spare_parts":null,"service:bicycle:tools":null,"service:bicycle:vending":null,"service:bicycle:wheel":null,"shop":"bicycle","source":"Kaart Ground Survey 2017","stroller":null,"website":null,"wheelchair":null},"geometry":{"type":"Point","coordinates":[-74.0736828,4.662105]}},
{"type":"Feature","properties":{"fid":11,"id":"node/2476556807","@id":"node/2476556807","addr:city":null,"addr:housenumber":null,"addr:postcode":null,"addr:street":null,"amenity":null,"brand":null,"building":null,"check_date":null,"coffee":null,"contact:facebook":null,"contact:instagram":null,"description":null,"email":null,"fixme":null,"internet_access":null,"name":"Bicicletas Strongman","opening_hours":null,"operator":null,"payment:cash":null,"payment:contactless":null,"payment:credit_cards":null,"payment:debit_cards":null,"payment:maestro":null,"payment:mastercard":null,"payment:visa":null,"payment:visa_debit":null,"payment:visa_electron":null,"phone":null,"service":null,"service:bicycle:Bicycle_Sales_and_Service":null,"service:bicycle:bicycle":null,"service:bicycle:bike":null,"service:bicycle:cleaning":null,"service:bicycle:clothing":null,"service:bicycle:ebike":null,"service:bicycle:parts":null,"service:bicycle:pump":null,"service:bicycle:rental":null,"service:bicycle:repair":"yes","service:bicycle:retail":"yes","service:bicycle:sales":null,"service:bicycle:second_hand":null,"service:bicycle:service":null,"service:bicycle:showroom":null,"service:bicycle:spare_parts":null,"service:bicycle:tools":null,"service:bicycle:vending":null,"service:bicycle:wheel":null,"shop":"bicycle","source":null,"stroller":null,"website":null,"wheelchair":null},"geometry":{"type":"Point","coordinates":[-74.074541,4.6627335]}},
{"type":"Feature","properties":{"fid":12,"id":"node/2476556811","@id":"node/2476556811","addr:city":"Bogotá D.C.","addr:housenumber":null,"addr:postcode":null,"addr:street":"Avenida Calle 68","amenity":null,"brand":null,"building":null,"check_date":null,"coffee":null,"contact:facebook":null,"contact:instagram":null,"description":null,"email":null,"fixme":null,"internet_access":null,"name":"Ciclo Montaña","opening_hours":null,"operator":null,"payment:cash":null,"payment:contactless":null,"payment:credit_cards":null,"payment:debit_cards":null,"payment:maestro":null,"payment:mastercard":null,"payment:visa":null,"payment:visa_debit":null,"payment:visa_electron":null,"phone":null,"service":null,"service:bicycle:Bicycle_Sales_and_Service":null,"service:bicycle:bicycle":null,"service:bicycle:bike":null,"service:bicycle:cleaning":null,"service:bicycle:clothing":null,"service:bicycle:ebike":null,"service:bicycle:parts":null,"service:bicycle:pump":null,"service:bicycle:rental":null,"service:bicycle:repair":"yes","service:bicycle:retail":"yes","service:bicycle:sales":null,"service:bicycle:second_hand":null,"service:bicycle:service":null,"service:bicycle:showroom":null,"service:bicycle:spare_parts":null,"service:bicycle:tools":null,"service:bicycle:vending":null,"service:bicycle:wheel":null,"shop":"bicycle","source":"Kaart Ground Survey 2017","stroller":null,"website":null,"wheelchair":null},"geometry":{"type":"Point","coordinates":[-74.0735768,4.6620304]}},
{"type":"Feature","properties":{"fid":13,"id":"node/2476556814","@id":"node/2476556814","addr:city":"Bogotá D.C.","addr:housenumber":null,"addr:postcode":null,"addr:street":"Avenida Calle 68","amenity":null,"brand":null,"building":null,"check_date":null,"coffee":null,"contact:facebook":null,"contact:instagram":null,"description":null,"email":null,"fixme":null,"internet_access":null,"name":"El Ciclista","opening_hours":null,"operator":null,"payment:cash":null,"payment:contactless":null,"payment:credit_cards":null,"payment:debit_cards":null,"payment:maestro":null,"payment:mastercard":null,"payment:visa":null,"payment:visa_debit":null,"payment:visa_electron":null,"phone":null,"service":null,"service:bicycle:Bicycle_Sales_and_Service":null,"service:bicycle:bicycle":null,"service:bicycle:bike":null,"service:bicycle:cleaning":null,"service:bicycle:clothing":null,"service:bicycle:ebike":null,"service:bicycle:parts":null,"service:bicycle:pump":null,"service:bicycle:rental":null,"service:bicycle:repair":"yes","service:bicycle:retail":"yes","service:bicycle:sales":null,"service:bicycle:second_hand":null,"service:bicycle:service":null,"service:bicycle:showroom":null,"service:bicycle:spare_parts":null,"service:bicycle:tools":null,"service:bicycle:vending":null,"service:bicycle:wheel":null,"shop":"bicycle","source":"Kaart Ground Survey 2017","stroller":null,"website":null,"wheelchair":null},"geometry":{"type":"Point","coordinates":[-74.0734073,4.6619113]}},
{"type":"Feature","properties":{"fid":14,"id":"node/2476556819","@id":"node/2476556819","addr:city":null,"addr:housenumber":null,"addr:postcode":null,"addr:street":null,"amenity":null,"brand":null,"building":null,"check_date":null,"coffee":null,"contact:facebook":null,"contact:instagram":null,"description":null,"email":null,"fixme":null,"internet_access":null,"name":"Pachon","opening_hours":null,"operator":null,"payment:cash":null,"payment:contactless":null,"payment:credit_cards":null,"payment:debit_cards":null,"payment:maestro":null,"payment:mastercard":null,"payment:visa":null,"payment:visa_debit":null,"payment:visa_electron":null,"phone":null,"service":null,"service:bicycle:Bicycle_Sales_and_Service":null,"service:bicycle:bicycle":null,"service:bicycle:bike":null,"service:bicycle:cleaning":null,"service:bicycle:clothing":null,"service:bicycle:ebike":null,"service:bicycle:parts":null,"service:bicycle:pump":null,"service:bicycle:rental":null,"service:bicycle:repair":"yes","service:bicycle:retail":"yes","service:bicycle:sales":null,"service:bicycle:second_hand":null,"service:bicycle:service":null,"service:bicycle:showroom":null,"service:bicycle:spare_parts":null,"service:bicycle:tools":null,"service:bicycle:vending":null,"service:bicycle:wheel":null,"shop":"bicycle","source":null,"stroller":null,"website":null,"wheelchair":null},"geometry":{"type":"Point","coordinates":[-74.0744322,4.6626557]}},
{"type":"Feature","properties":{"fid":15,"id":"node/2476556822","@id":"node/2476556822","addr:city":null,"addr:housenumber":null,"addr:postcode":null,"addr:street":"Calle 72","amenity":null,"brand":null,"building":null,"check_date":null,"coffee":null,"contact:facebook":null,"contact:instagram":null,"description":null,"email":null,"fixme":null,"internet_access":null,"name":"Victoria Bikes","opening_hours":null,"operator":null,"payment:cash":null,"payment:contactless":null,"payment:credit_cards":null,"payment:debit_cards":null,"payment:maestro":null,"payment:mastercard":null,"payment:visa":null,"payment:visa_debit":null,"payment:visa_electron":null,"phone":null,"service":null,"service:bicycle:Bicycle_Sales_and_Service":null,"service:bicycle:bicycle":null,"service:bicycle:bike":null,"service:bicycle:cleaning":null,"service:bicycle:clothing":null,"service:bicycle:ebike":null,"service:bicycle:parts":null,"service:bicycle:pump":null,"service:bicycle:rental":null,"service:bicycle:repair":"yes","service:bicycle:retail":"yes","service:bicycle:sales":null,"service:bicycle:second_hand":null,"service:bicycle:service":null,"service:bicycle:showroom":null,"service:bicycle:spare_parts":null,"service:bicycle:tools":null,"service:bicycle:vending":null,"service:bicycle:wheel":null,"shop":"bicycle","source":"Kaart Ground Survey 2017","stroller":null,"website":null,"wheelchair":null},"geometry":{"type":"Point","coordinates":[-74.0744791,4.6626892]}},
{"type":"Feature","properties":{"fid":16,"id":"node/3420911193","@id":"node/3420911193","addr:city":null,"addr:housenumber":"34","addr:postcode":null,"addr:street":"Carrera 69P","amenity":"bicycle_repair_station","brand":null,"building":null,"check_date":null,"coffee":null,"contact:facebook":null,"contact:instagram":null,"description":null,"email":null,"fixme":null,"internet_access":null,"name":"La Bicicleta de Oro","opening_hours":null,"operator":null,"payment:cash":null,"payment:contactless":null,"payment:credit_cards":null,"payment:debit_cards":null,"payment:maestro":null,"payment:mastercard":null,"payment:visa":null,"payment:visa_debit":null,"payment:visa_electron":null,"phone":null,"service":null,"service:bicycle:Bicycle_Sales_and_Service":null,"service:bicycle:bicycle":null,"service:bicycle:bike":null,"service:bicycle:cleaning":null,"service:bicycle:clothing":null,"service:bicycle:ebike":null,"service:bicycle:parts":null,"service:bicycle:pump":null,"service:bicycle:rental":null,"service:bicycle:repair":null,"service:bicycle:retail":null,"service:bicycle:sales":null,"service:bicycle:second_hand":null,"service:bicycle:service":null,"service:bicycle:showroom":null,"service:bicycle:spare_parts":null,"service:bicycle:tools":null,"service:bicycle:vending":null,"service:bicycle:wheel":null,"shop":null,"source":null,"stroller":null,"website":null,"wheelchair":null},"geometry":{"type":"Point","coordinates":[-74.0972213,4.674891]}},
{"type":"Feature","properties":{"fid":19,"id":"node/4120469197","@id":"node/4120469197","addr:city":null,"addr:housenumber":null,"addr:postcode":null,"addr:street":null,"amenity":null,"brand":null,"building":null,"check_date":null,"coffee":null,"contact:facebook":null,"contact:instagram":null,"description":null,"email":null,"fixme":null,"internet_access":null,"name":"Boorman Bike","opening_hours":null,"operator":null,"payment:cash":null,"payment:contactless":null,"payment:credit_cards":null,"payment:debit_cards":null,"payment:maestro":null,"payment:mastercard":null,"payment:visa":null,"payment:visa_debit":null,"payment:visa_electron":null,"phone":null,"service":null,"service:bicycle:Bicycle_Sales_and_Service":null,"service:bicycle:bicycle":null,"service:bicycle:bike":null,"service:bicycle:cleaning":null,"service:bicycle:clothing":null,"service:bicycle:ebike":null,"service:bicycle:parts":null,"service:bicycle:pump":null,"service:bicycle:rental":null,"service:bicycle:repair":null,"service:bicycle:retail":null,"service:bicycle:sales":null,"service:bicycle:second_hand":null,"service:bicycle:service":null,"service:bicycle:showroom":null,"service:bicycle:spare_parts":null,"service:bicycle:tools":null,"service:bicycle:vending":null,"service:bicycle:wheel":null,"shop":"bicycle","source":null,"stroller":null,"website":null,"wheelchair":null},"geometry":{"type":"Point","coordinates":[-74.0983984,4.7477175]}},
{"type":"Feature","properties":{"fid":21,"id":"node/4247782830","@id":"node/4247782830","addr:city":null,"addr:housenumber":null,"addr:postcode":null,"addr:street":"Calle 163A","amenity":null,"brand":null,"building":null,"check_date":null,"coffee":null,"contact:facebook":null,"contact:instagram":null,"description":null,"email":null,"fixme":null,"internet_access":null,"name":"Bicicletas J.J","opening_hours":null,"operator":null,"payment:cash":null,"payment:contactless":null,"payment:credit_cards":null,"payment:debit_cards":null,"payment:maestro":null,"payment:mastercard":null,"payment:visa":null,"payment:visa_debit":null,"payment:visa_electron":null,"phone":"+57 318 2217463","service":null,"service:bicycle:Bicycle_Sales_and_Service":null,"service:bicycle:bicycle":null,"service:bicycle:bike":null,"service:bicycle:cleaning":null,"service:bicycle:clothing":null,"service:bicycle:ebike":null,"service:bicycle:parts":null,"service:bicycle:pump":null,"service:bicycle:rental":null,"service:bicycle:repair":null,"service:bicycle:retail":null,"service:bicycle:sales":null,"service:bicycle:second_hand":null,"service:bicycle:service":null,"service:bicycle:showroom":null,"service:bicycle:spare_parts":null,"service:bicycle:tools":null,"service:bicycle:vending":null,"service:bicycle:wheel":null,"shop":"bicycle","source":"Kaart Ground Survey 2017","stroller":null,"website":null,"wheelchair":null},"geometry":{"type":"Point","coordinates":[-74.028493,4.7397926]}},
{"type":"Feature","properties":{"fid":25,"id":"node/4348867957","@id":"node/4348867957","addr:city":null,"addr:housenumber":null,"addr:postcode":null,"addr:street":null,"amenity":null,"brand":null,"building":null,"check_date":null,"coffee":null,"contact:facebook":null,"contact:instagram":null,"description":null,"email":null,"fixme":null,"internet_access":null,"name":"Fix and Bike","opening_hours":null,"operator":null,"payment:cash":null,"payment:contactless":null,"payment:credit_cards":null,"payment:debit_cards":null,"payment:maestro":null,"payment:mastercard":null,"payment:visa":null,"payment:visa_debit":null,"payment:visa_electron":null,"phone":null,"service":null,"service:bicycle:Bicycle_Sales_and_Service":null,"service:bicycle:bicycle":null,"service:bicycle:bike":null,"service:bicycle:cleaning":null,"service:bicycle:clothing":null,"service:bicycle:ebike":null,"service:bicycle:parts":null,"service:bicycle:pump":null,"service:bicycle:rental":null,"service:bicycle:repair":null,"service:bicycle:retail":null,"service:bicycle:sales":null,"service:bicycle:second_hand":null,"service:bicycle:service":null,"service:bicycle:showroom":null,"service:bicycle:spare_parts":null,"service:bicycle:tools":null,"service:bicycle:vending":null,"service:bicycle:wheel":null,"shop":"bicycle","source":null,"stroller":null,"website":null,"wheelchair":null},"geometry":{"type":"Point","coordinates":[-74.0441574,4.7185669]}},
{"type":"Feature","properties":{"fid":28,"id":"node/4556365100","@id":"node/4556365100","addr:city":null,"addr:housenumber":null,"addr:postcode":null,"addr:street":null,"amenity":null,"brand":null,"building":null,"check_date":null,"coffee":null,"contact:facebook":null,"contact:instagram":null,"description":null,"email":null,"fixme":null,"internet_access":null,"name":"Bici de segunda","opening_hours":null,"operator":null,"payment:cash":null,"payment:contactless":null,"payment:credit_cards":null,"payment:debit_cards":null,"payment:maestro":null,"payment:mastercard":null,"payment:visa":null,"payment:visa_debit":null,"payment:visa_electron":null,"phone":null,"service":null,"service:bicycle:Bicycle_Sales_and_Service":null,"service:bicycle:bicycle":null,"service:bicycle:bike":null,"service:bicycle:cleaning":null,"service:bicycle:clothing":null,"service:bicycle:ebike":null,"service:bicycle:parts":null,"service:bicycle:pump":null,"service:bicycle:rental":null,"service:bicycle:repair":null,"service:bicycle:retail":null,"service:bicycle:sales":null,"service:bicycle:second_hand":null,"service:bicycle:service":null,"service:bicycle:showroom":null,"service:bicycle:spare_parts":null,"service:bicycle:tools":null,"service:bicycle:vending":null,"service:bicycle:wheel":null,"shop":"bicycle","source":null,"stroller":null,"website":null,"wheelchair":null},"geometry":{"type":"Point","coordinates":[-74.0682774,4.6457679]}},
{"type":"Feature","properties":{"fid":29,"id":"node/4745778571","@id":"node/4745778571","addr:city":null,"addr:housenumber":null,"addr:postcode":null,"addr:street":null,"amenity":null,"brand":null,"building":null,"check_date":null,"coffee":null,"contact:facebook":null,"contact:instagram":null,"description":null,"email":null,"fixme":null,"internet_access":null,"name":"Word Skale Shop","opening_hours":null,"operator":null,"payment:cash":null,"payment:contactless":null,"payment:credit_cards":null,"payment:debit_cards":null,"payment:maestro":null,"payment:mastercard":null,"payment:visa":null,"payment:visa_debit":null,"payment:visa_electron":null,"phone":null,"service":null,"service:bicycle:Bicycle_Sales_and_Service":null,"service:bicycle:bicycle":null,"service:bicycle:bike":null,"service:bicycle:cleaning":null,"service:bicycle:clothing":null,"service:bicycle:ebike":null,"service:bicycle:parts":null,"service:bicycle:pump":null,"service:bicycle:rental":null,"service:bicycle:repair":null,"service:bicycle:retail":null,"service:bicycle:sales":null,"service:bicycle:second_hand":null,"service:bicycle:service":null,"service:bicycle:showroom":null,"service:bicycle:spare_parts":null,"service:bicycle:tools":null,"service:bicycle:vending":null,"service:bicycle:wheel":null,"shop":"bicycle","source":null,"stroller":null,"website":null,"wheelchair":null},"geometry":{"type":"Point","coordinates":[-74.0961881,4.6706093]}},
{"type":"Feature","properties":{"fid":30,"id":"node/4745778578","@id":"node/4745778578","addr:city":null,"addr:housenumber":null,"addr:postcode":null,"addr:street":null,"amenity":null,"brand":null,"building":null,"check_date":null,"coffee":null,"contact:facebook":null,"contact:instagram":null,"description":null,"email":null,"fixme":null,"internet_access":null,"name":"Nucleo","opening_hours":null,"operator":null,"payment:cash":null,"payment:contactless":null,"payment:credit_cards":null,"payment:debit_cards":null,"payment:maestro":null,"payment:mastercard":null,"payment:visa":null,"payment:visa_debit":null,"payment:visa_electron":null,"phone":null,"service":null,"service:bicycle:Bicycle_Sales_and_Service":null,"service:bicycle:bicycle":null,"service:bicycle:bike":null,"service:bicycle:cleaning":null,"service:bicycle:clothing":null,"service:bicycle:ebike":null,"service:bicycle:parts":null,"service:bicycle:pump":null,"service:bicycle:rental":null,"service:bicycle:repair":null,"service:bicycle:retail":null,"service:bicycle:sales":null,"service:bicycle:second_hand":null,"service:bicycle:service":null,"service:bicycle:showroom":null,"service:bicycle:spare_parts":null,"service:bicycle:tools":null,"service:bicycle:vending":null,"service:bicycle:wheel":null,"shop":"bicycle","source":null,"stroller":null,"website":null,"wheelchair":null},"geometry":{"type":"Point","coordinates":[-74.0960964,4.670518]}},
{"type":"Feature","properties":{"fid":35,"id":"node/5129039986","@id":"node/5129039986","addr:city":null,"addr:housenumber":null,"addr:postcode":null,"addr:street":"Calle 147A","amenity":null,"brand":null,"building":null,"check_date":null,"coffee":null,"contact:facebook":null,"contact:instagram":null,"description":null,"email":null,"fixme":null,"internet_access":null,"name":"Benetton","opening_hours":null,"operator":null,"payment:cash":null,"payment:contactless":null,"payment:credit_cards":null,"payment:debit_cards":null,"payment:maestro":null,"payment:mastercard":null,"payment:visa":null,"payment:visa_debit":null,"payment:visa_electron":null,"phone":null,"service":null,"service:bicycle:Bicycle_Sales_and_Service":null,"service:bicycle:bicycle":null,"service:bicycle:bike":null,"service:bicycle:cleaning":null,"service:bicycle:clothing":null,"service:bicycle:ebike":null,"service:bicycle:parts":null,"service:bicycle:pump":null,"service:bicycle:rental":null,"service:bicycle:repair":null,"service:bicycle:retail":null,"service:bicycle:sales":null,"service:bicycle:second_hand":null,"service:bicycle:service":null,"service:bicycle:showroom":null,"service:bicycle:spare_parts":null,"service:bicycle:tools":null,"service:bicycle:vending":null,"service:bicycle:wheel":null,"shop":"bicycle","source":"Kaart Ground Survey 2017","stroller":null,"website":null,"wheelchair":null},"geometry":{"type":"Point","coordinates":[-74.0519136,4.7309717]}},
{"type":"Feature","properties":{"fid":36,"id":"node/5131590195","@id":"node/5131590195","addr:city":null,"addr:housenumber":null,"addr:postcode":null,"addr:street":"Avenida Calle 161","amenity":null,"brand":null,"building":null,"check_date":null,"coffee":null,"contact:facebook":null,"contact:instagram":null,"description":null,"email":null,"fixme":null,"internet_access":null,"name":"Bicicletas","opening_hours":null,"operator":null,"payment:cash":null,"payment:contactless":null,"payment:credit_cards":null,"payment:debit_cards":null,"payment:maestro":null,"payment:mastercard":null,"payment:visa":null,"payment:visa_debit":null,"payment:visa_electron":null,"phone":null,"service":null,"service:bicycle:Bicycle_Sales_and_Service":null,"service:bicycle:bicycle":null,"service:bicycle:bike":null,"service:bicycle:cleaning":null,"service:bicycle:clothing":null,"service:bicycle:ebike":null,"service:bicycle:parts":null,"service:bicycle:pump":null,"service:bicycle:rental":null,"service:bicycle:repair":null,"service:bicycle:retail":null,"service:bicycle:sales":null,"service:bicycle:second_hand":null,"service:bicycle:service":null,"service:bicycle:showroom":null,"service:bicycle:spare_parts":null,"service:bicycle:tools":null,"service:bicycle:vending":null,"service:bicycle:wheel":null,"shop":"bicycle","source":"Kaart Ground Survey 2017","stroller":null,"website":null,"wheelchair":null},"geometry":{"type":"Point","coordinates":[-74.0292183,4.7375961]}},
{"type":"Feature","properties":{"fid":41,"id":"node/5133874737","@id":"node/5133874737","addr:city":null,"addr:housenumber":null,"addr:postcode":null,"addr:street":"Calle 102A","amenity":null,"brand":null,"building":null,"check_date":null,"coffee":null,"contact:facebook":null,"contact:instagram":null,"description":null,"email":null,"fixme":null,"internet_access":null,"name":"La Mejor para su Bicicleta","opening_hours":null,"operator":null,"payment:cash":null,"payment:contactless":null,"payment:credit_cards":null,"payment:debit_cards":null,"payment:maestro":null,"payment:mastercard":null,"payment:visa":null,"payment:visa_debit":null,"payment:visa_electron":null,"phone":null,"service":null,"service:bicycle:Bicycle_Sales_and_Service":null,"service:bicycle:bicycle":null,"service:bicycle:bike":null,"service:bicycle:cleaning":null,"service:bicycle:clothing":null,"service:bicycle:ebike":null,"service:bicycle:parts":null,"service:bicycle:pump":null,"service:bicycle:rental":null,"service:bicycle:repair":null,"service:bicycle:retail":null,"service:bicycle:sales":null,"service:bicycle:second_hand":null,"service:bicycle:service":null,"service:bicycle:showroom":null,"service:bicycle:spare_parts":null,"service:bicycle:tools":null,"service:bicycle:vending":null,"service:bicycle:wheel":null,"shop":"bicycle","source":"Kaart Ground Survey 2017","stroller":null,"website":null,"wheelchair":null},"geometry":{"type":"Point","coordinates":[-74.0745414,4.6962817]}},
{"type":"Feature","properties":{"fid":44,"id":"node/5135844000","@id":"node/5135844000","addr:city":null,"addr:housenumber":null,"addr:postcode":null,"addr:street":"Avenida Carrera 70","amenity":"bicycle_repair_station","brand":null,"building":null,"check_date":null,"coffee":null,"contact:facebook":null,"contact:instagram":null,"description":null,"email":null,"fixme":null,"internet_access":null,"name":"Bicicletería High Bike","opening_hours":null,"operator":null,"payment:cash":null,"payment:contactless":null,"payment:credit_cards":null,"payment:debit_cards":null,"payment:maestro":null,"payment:mastercard":null,"payment:visa":null,"payment:visa_debit":null,"payment:visa_electron":null,"phone":null,"service":null,"service:bicycle:Bicycle_Sales_and_Service":null,"service:bicycle:bicycle":null,"service:bicycle:bike":null,"service:bicycle:cleaning":null,"service:bicycle:clothing":null,"service:bicycle:ebike":null,"service:bicycle:parts":null,"service:bicycle:pump":null,"service:bicycle:rental":null,"service:bicycle:repair":null,"service:bicycle:retail":null,"service:bicycle:sales":null,"service:bicycle:second_hand":null,"service:bicycle:service":null,"service:bicycle:showroom":null,"service:bicycle:spare_parts":null,"service:bicycle:tools":null,"service:bicycle:vending":null,"service:bicycle:wheel":null,"shop":null,"source":"Kaart Ground Survey 2017","stroller":null,"website":null,"wheelchair":null},"geometry":{"type":"Point","coordinates":[-74.0937288,4.6806287]}},
{"type":"Feature","properties":{"fid":45,"id":"node/5135867112","@id":"node/5135867112","addr:city":null,"addr:housenumber":null,"addr:postcode":null,"addr:street":"Avenida Carrera 70","amenity":null,"brand":null,"building":null,"check_date":null,"coffee":null,"contact:facebook":null,"contact:instagram":null,"description":null,"email":null,"fixme":null,"internet_access":null,"name":"High Bike","opening_hours":null,"operator":null,"payment:cash":null,"payment:contactless":null,"payment:credit_cards":null,"payment:debit_cards":null,"payment:maestro":null,"payment:mastercard":null,"payment:visa":null,"payment:visa_debit":null,"payment:visa_electron":null,"phone":null,"service":null,"service:bicycle:Bicycle_Sales_and_Service":null,"service:bicycle:bicycle":null,"service:bicycle:bike":null,"service:bicycle:cleaning":null,"service:bicycle:clothing":null,"service:bicycle:ebike":null,"service:bicycle:parts":null,"service:bicycle:pump":null,"service:bicycle:rental":null,"service:bicycle:repair":null,"service:bicycle:retail":null,"service:bicycle:sales":null,"service:bicycle:second_hand":null,"service:bicycle:service":null,"service:bicycle:showroom":null,"service:bicycle:spare_parts":null,"service:bicycle:tools":null,"service:bicycle:vending":null,"service:bicycle:wheel":null,"shop":"bicycle","source":"Kaart Ground Survey 2017","stroller":null,"website":null,"wheelchair":null},"geometry":{"type":"Point","coordinates":[-74.0925969,4.6822349]}},
{"type":"Feature","properties":{"fid":47,"id":"node/5148380705","@id":"node/5148380705","addr:city":null,"addr:housenumber":null,"addr:postcode":null,"addr:street":"Avenida Carrera 70","amenity":null,"brand":null,"building":null,"check_date":null,"coffee":null,"contact:facebook":null,"contact:instagram":null,"description":null,"email":null,"fixme":null,"internet_access":null,"name":"Bicicleteria el Cali","opening_hours":null,"operator":null,"payment:cash":null,"payment:contactless":null,"payment:credit_cards":null,"payment:debit_cards":null,"payment:maestro":null,"payment:mastercard":null,"payment:visa":null,"payment:visa_debit":null,"payment:visa_electron":null,"phone":null,"service":null,"service:bicycle:Bicycle_Sales_and_Service":null,"service:bicycle:bicycle":null,"service:bicycle:bike":null,"service:bicycle:cleaning":null,"service:bicycle:clothing":null,"service:bicycle:ebike":null,"service:bicycle:parts":null,"service:bicycle:pump":null,"service:bicycle:rental":null,"service:bicycle:repair":null,"service:bicycle:retail":null,"service:bicycle:sales":null,"service:bicycle:second_hand":null,"service:bicycle:service":null,"service:bicycle:showroom":null,"service:bicycle:spare_parts":null,"service:bicycle:tools":null,"service:bicycle:vending":null,"service:bicycle:wheel":null,"shop":"bicycle","source":"Kaart Ground Survey 2017","stroller":null,"website":null,"wheelchair":null},"geometry":{"type":"Point","coordinates":[-74.0968628,4.6760968]}},
{"type":"Feature","properties":{"fid":48,"id":"node/5148507803","@id":"node/5148507803","addr:city":null,"addr:housenumber":null,"addr:postcode":null,"addr:street":"Calle 63C","amenity":null,"brand":null,"building":null,"check_date":null,"coffee":null,"contact:facebook":null,"contact:instagram":null,"description":null,"email":null,"fixme":null,"internet_access":null,"name":"Russi","opening_hours":null,"operator":null,"payment:cash":null,"payment:contactless":null,"payment:credit_cards":null,"payment:debit_cards":null,"payment:maestro":null,"payment:mastercard":null,"payment:visa":null,"payment:visa_debit":null,"payment:visa_electron":null,"phone":null,"service":null,"service:bicycle:Bicycle_Sales_and_Service":null,"service:bicycle:bicycle":null,"service:bicycle:bike":null,"service:bicycle:cleaning":null,"service:bicycle:clothing":null,"service:bicycle:ebike":null,"service:bicycle:parts":null,"service:bicycle:pump":null,"service:bicycle:rental":null,"service:bicycle:repair":null,"service:bicycle:retail":null,"service:bicycle:sales":null,"service:bicycle:second_hand":null,"service:bicycle:service":null,"service:bicycle:showroom":null,"service:bicycle:spare_parts":null,"service:bicycle:tools":null,"service:bicycle:vending":null,"service:bicycle:wheel":null,"shop":"bicycle","source":"Kaart Ground Survey 2017","stroller":null,"website":null,"wheelchair":null},"geometry":{"type":"Point","coordinates":[-74.1002329,4.6730073]}},
{"type":"Feature","properties":{"fid":50,"id":"node/5150062143","@id":"node/5150062143","addr:city":null,"addr:housenumber":null,"addr:postcode":null,"addr:street":"Calle 129","amenity":null,"brand":null,"building":null,"check_date":null,"coffee":null,"contact:facebook":null,"contact:instagram":null,"description":null,"email":null,"fixme":null,"internet_access":null,"name":"Kenda","opening_hours":null,"operator":null,"payment:cash":null,"payment:contactless":null,"payment:credit_cards":null,"payment:debit_cards":null,"payment:maestro":null,"payment:mastercard":null,"payment:visa":null,"payment:visa_debit":null,"payment:visa_electron":null,"phone":null,"service":null,"service:bicycle:Bicycle_Sales_and_Service":null,"service:bicycle:bicycle":null,"service:bicycle:bike":null,"service:bicycle:cleaning":null,"service:bicycle:clothing":null,"service:bicycle:ebike":null,"service:bicycle:parts":null,"service:bicycle:pump":null,"service:bicycle:rental":null,"service:bicycle:repair":null,"service:bicycle:retail":null,"service:bicycle:sales":null,"service:bicycle:second_hand":null,"service:bicycle:service":null,"service:bicycle:showroom":null,"service:bicycle:spare_parts":null,"service:bicycle:tools":null,"service:bicycle:vending":null,"service:bicycle:wheel":null,"shop":"bicycle","source":"Kaart Ground Survey 2017","stroller":null,"website":null,"wheelchair":null},"geometry":{"type":"Point","coordinates":[-74.0693857,4.7184076]}},
{"type":"Feature","properties":{"fid":61,"id":"node/5152625757","@id":"node/5152625757","addr:city":null,"addr:housenumber":null,"addr:postcode":null,"addr:street":"Transversal 73A","amenity":null,"brand":null,"building":null,"check_date":null,"coffee":null,"contact:facebook":null,"contact:instagram":null,"description":null,"email":null,"fixme":null,"internet_access":null,"name":"Zona Biker","opening_hours":null,"operator":null,"payment:cash":null,"payment:contactless":null,"payment:credit_cards":null,"payment:debit_cards":null,"payment:maestro":null,"payment:mastercard":null,"payment:visa":null,"payment:visa_debit":null,"payment:visa_electron":null,"phone":null,"service":null,"service:bicycle:Bicycle_Sales_and_Service":null,"service:bicycle:bicycle":null,"service:bicycle:bike":null,"service:bicycle:cleaning":null,"service:bicycle:clothing":null,"service:bicycle:ebike":null,"service:bicycle:parts":null,"service:bicycle:pump":null,"service:bicycle:rental":null,"service:bicycle:repair":null,"service:bicycle:retail":null,"service:bicycle:sales":null,"service:bicycle:second_hand":null,"service:bicycle:service":null,"service:bicycle:showroom":null,"service:bicycle:spare_parts":null,"service:bicycle:tools":null,"service:bicycle:vending":null,"service:bicycle:wheel":null,"shop":"bicycle","source":"Kaart Ground Survey 2017","stroller":null,"website":null,"wheelchair":null},"geometry":{"type":"Point","coordinates":[-74.0901084,4.7041135]}},
{"type":"Feature","properties":{"fid":62,"id":"node/5157373960","@id":"node/5157373960","addr:city":"Bogotá D.C.","addr:housenumber":null,"addr:postcode":null,"addr:street":"Avenida Calle 68","amenity":null,"brand":null,"building":null,"check_date":null,"coffee":null,"contact:facebook":null,"contact:instagram":null,"description":null,"email":null,"fixme":null,"internet_access":null,"name":"Bicecletas Triallix","opening_hours":null,"operator":null,"payment:cash":null,"payment:contactless":null,"payment:credit_cards":null,"payment:debit_cards":null,"payment:maestro":null,"payment:mastercard":null,"payment:visa":null,"payment:visa_debit":null,"payment:visa_electron":null,"phone":null,"service":null,"service:bicycle:Bicycle_Sales_and_Service":null,"service:bicycle:bicycle":null,"service:bicycle:bike":null,"service:bicycle:cleaning":null,"service:bicycle:clothing":null,"service:bicycle:ebike":null,"service:bicycle:parts":null,"service:bicycle:pump":null,"service:bicycle:rental":null,"service:bicycle:repair":null,"service:bicycle:retail":null,"service:bicycle:sales":null,"service:bicycle:second_hand":null,"service:bicycle:service":null,"service:bicycle:showroom":null,"service:bicycle:spare_parts":null,"service:bicycle:tools":null,"service:bicycle:vending":null,"service:bicycle:wheel":null,"shop":"bicycle","source":"Kaart Ground Survey 2017","stroller":null,"website":null,"wheelchair":null},"geometry":{"type":"Point","coordinates":[-74.0730367,4.6616325]}},
{"type":"Feature","properties":{"fid":63,"id":"node/5157373967","@id":"node/5157373967","addr:city":"Bogotá D.C.","addr:housenumber":null,"addr:postcode":null,"addr:street":"Avenida Calle 68","amenity":null,"brand":null,"building":null,"check_date":null,"coffee":null,"contact:facebook":null,"contact:instagram":null,"description":null,"email":null,"fixme":null,"internet_access":null,"name":"Planet Bikes","opening_hours":null,"operator":null,"payment:cash":null,"payment:contactless":null,"payment:credit_cards":null,"payment:debit_cards":null,"payment:maestro":null,"payment:mastercard":null,"payment:visa":null,"payment:visa_debit":null,"payment:visa_electron":null,"phone":null,"service":null,"service:bicycle:Bicycle_Sales_and_Service":null,"service:bicycle:bicycle":null,"service:bicycle:bike":null,"service:bicycle:cleaning":null,"service:bicycle:clothing":null,"service:bicycle:ebike":null,"service:bicycle:parts":null,"service:bicycle:pump":null,"service:bicycle:rental":null,"service:bicycle:repair":null,"service:bicycle:retail":null,"service:bicycle:sales":null,"service:bicycle:second_hand":null,"service:bicycle:service":null,"service:bicycle:showroom":null,"service:bicycle:spare_parts":null,"service:bicycle:tools":null,"service:bicycle:vending":null,"service:bicycle:wheel":null,"shop":"bicycle","source":"Kaart Ground Survey 2017","stroller":null,"website":null,"wheelchair":null},"geometry":{"type":"Point","coordinates":[-74.073065,4.6616546]}},
{"type":"Feature","properties":{"fid":64,"id":"node/5157373968","@id":"node/5157373968","addr:city":"Bogotá D.C.","addr:housenumber":null,"addr:postcode":null,"addr:street":"Avenida Calle 68","amenity":null,"brand":null,"building":null,"check_date":null,"coffee":null,"contact:facebook":null,"contact:instagram":null,"description":null,"email":null,"fixme":null,"internet_access":null,"name":"Center Bike","opening_hours":null,"operator":null,"payment:cash":null,"payment:contactless":null,"payment:credit_cards":null,"payment:debit_cards":null,"payment:maestro":null,"payment:mastercard":null,"payment:visa":null,"payment:visa_debit":null,"payment:visa_electron":null,"phone":null,"service":null,"service:bicycle:Bicycle_Sales_and_Service":null,"service:bicycle:bicycle":null,"service:bicycle:bike":null,"service:bicycle:cleaning":null,"service:bicycle:clothing":null,"service:bicycle:ebike":null,"service:bicycle:parts":null,"service:bicycle:pump":null,"service:bicycle:rental":null,"service:bicycle:repair":null,"service:bicycle:retail":null,"service:bicycle:sales":null,"service:bicycle:second_hand":null,"service:bicycle:service":null,"service:bicycle:showroom":null,"service:bicycle:spare_parts":null,"service:bicycle:tools":null,"service:bicycle:vending":null,"service:bicycle:wheel":null,"shop":"bicycle","source":"Kaart Ground Survey 2017","stroller":null,"website":null,"wheelchair":null},"geometry":{"type":"Point","coordinates":[-74.0731076,4.6616848]}},
{"type":"Feature","properties":{"fid":65,"id":"node/5157373971","@id":"node/5157373971","addr:city":"Bogotá D.C.","addr:housenumber":null,"addr:postcode":null,"addr:street":"Avenida Calle 68","amenity":null,"brand":null,"building":null,"check_date":null,"coffee":null,"contact:facebook":null,"contact:instagram":null,"description":null,"email":null,"fixme":null,"internet_access":null,"name":"bicicletas G.L","opening_hours":null,"operator":null,"payment:cash":null,"payment:contactless":null,"payment:credit_cards":null,"payment:debit_cards":null,"payment:maestro":null,"payment:mastercard":null,"payment:visa":null,"payment:visa_debit":null,"payment:visa_electron":null,"phone":null,"service":null,"service:bicycle:Bicycle_Sales_and_Service":null,"service:bicycle:bicycle":null,"service:bicycle:bike":null,"service:bicycle:cleaning":null,"service:bicycle:clothing":null,"service:bicycle:ebike":null,"service:bicycle:parts":null,"service:bicycle:pump":null,"service:bicycle:rental":null,"service:bicycle:repair":null,"service:bicycle:retail":null,"service:bicycle:sales":null,"service:bicycle:second_hand":null,"service:bicycle:service":null,"service:bicycle:showroom":null,"service:bicycle:spare_parts":null,"service:bicycle:tools":null,"service:bicycle:vending":null,"service:bicycle:wheel":null,"shop":"bicycle","source":"Kaart Ground Survey 2017","stroller":null,"website":null,"wheelchair":null},"geometry":{"type":"Point","coordinates":[-74.0731606,4.6617198]}},
{"type":"Feature","properties":{"fid":66,"id":"node/5157713287","@id":"node/5157713287","addr:city":"Barrios Unidos","addr:housenumber":null,"addr:postcode":null,"addr:street":"Avenida Calle 68","amenity":null,"brand":null,"building":null,"check_date":null,"coffee":null,"contact:facebook":null,"contact:instagram":null,"description":null,"email":null,"fixme":null,"internet_access":null,"name":"Team Colombia 1","opening_hours":null,"operator":null,"payment:cash":null,"payment:contactless":null,"payment:credit_cards":null,"payment:debit_cards":null,"payment:maestro":null,"payment:mastercard":null,"payment:visa":null,"payment:visa_debit":null,"payment:visa_electron":null,"phone":null,"service":null,"service:bicycle:Bicycle_Sales_and_Service":null,"service:bicycle:bicycle":null,"service:bicycle:bike":null,"service:bicycle:cleaning":null,"service:bicycle:clothing":null,"service:bicycle:ebike":null,"service:bicycle:parts":null,"service:bicycle:pump":null,"service:bicycle:rental":null,"service:bicycle:repair":null,"service:bicycle:retail":null,"service:bicycle:sales":null,"service:bicycle:second_hand":null,"service:bicycle:service":null,"service:bicycle:showroom":null,"service:bicycle:spare_parts":null,"service:bicycle:tools":null,"service:bicycle:vending":null,"service:bicycle:wheel":null,"shop":"bicycle","source":"Kaart Ground Survey 2017","stroller":null,"website":null,"wheelchair":null},"geometry":{"type":"Point","coordinates":[-74.073269,4.6615403]}},
{"type":"Feature","properties":{"fid":67,"id":"node/5157713288","@id":"node/5157713288","addr:city":"Barrios Unidos","addr:housenumber":null,"addr:postcode":null,"addr:street":"Avenida Calle 68","amenity":null,"brand":null,"building":null,"check_date":null,"coffee":null,"contact:facebook":null,"contact:instagram":null,"description":null,"email":null,"fixme":null,"internet_access":null,"name":"Class Bike","opening_hours":null,"operator":null,"payment:cash":null,"payment:contactless":null,"payment:credit_cards":null,"payment:debit_cards":null,"payment:maestro":null,"payment:mastercard":null,"payment:visa":null,"payment:visa_debit":null,"payment:visa_electron":null,"phone":null,"service":null,"service:bicycle:Bicycle_Sales_and_Service":null,"service:bicycle:bicycle":null,"service:bicycle:bike":null,"service:bicycle:cleaning":null,"service:bicycle:clothing":null,"service:bicycle:ebike":null,"service:bicycle:parts":null,"service:bicycle:pump":null,"service:bicycle:rental":null,"service:bicycle:repair":null,"service:bicycle:retail":null,"service:bicycle:sales":null,"service:bicycle:second_hand":null,"service:bicycle:service":null,"service:bicycle:showroom":null,"service:bicycle:spare_parts":null,"service:bicycle:tools":null,"service:bicycle:vending":null,"service:bicycle:wheel":null,"shop":"bicycle","source":"Kaart Ground Survey 2017","stroller":null,"website":null,"wheelchair":null},"geometry":{"type":"Point","coordinates":[-74.0732233,4.6615059]}},
{"type":"Feature","properties":{"fid":68,"id":"node/5157932248","@id":"node/5157932248","addr:city":null,"addr:housenumber":null,"addr:postcode":null,"addr:street":"Carrera 49","amenity":null,"brand":null,"building":null,"check_date":null,"coffee":null,"contact:facebook":null,"contact:instagram":null,"description":null,"email":null,"fixme":null,"internet_access":null,"name":null,"opening_hours":null,"operator":null,"payment:cash":null,"payment:contactless":null,"payment:credit_cards":null,"payment:debit_cards":null,"payment:maestro":null,"payment:mastercard":null,"payment:visa":null,"payment:visa_debit":null,"payment:visa_electron":null,"phone":null,"service":null,"service:bicycle:Bicycle_Sales_and_Service":null,"service:bicycle:bicycle":null,"service:bicycle:bike":null,"service:bicycle:cleaning":null,"service:bicycle:clothing":null,"service:bicycle:ebike":null,"service:bicycle:parts":null,"service:bicycle:pump":null,"service:bicycle:rental":null,"service:bicycle:repair":null,"service:bicycle:retail":null,"service:bicycle:sales":null,"service:bicycle:second_hand":null,"service:bicycle:service":null,"service:bicycle:showroom":null,"service:bicycle:spare_parts":null,"service:bicycle:tools":null,"service:bicycle:vending":null,"service:bicycle:wheel":null,"shop":"bicycle","source":"Kaart Ground Survey 2017","stroller":null,"website":null,"wheelchair":null},"geometry":{"type":"Point","coordinates":[-74.0558028,4.7166731]}},
{"type":"Feature","properties":{"fid":69,"id":"node/5158085546","@id":"node/5158085546","addr:city":null,"addr:housenumber":null,"addr:postcode":null,"addr:street":"Carrera 58","amenity":null,"brand":null,"building":null,"check_date":null,"coffee":null,"contact:facebook":null,"contact:instagram":null,"description":null,"email":null,"fixme":null,"internet_access":null,"name":"Bicicletas Maxbell","opening_hours":null,"operator":null,"payment:cash":null,"payment:contactless":null,"payment:credit_cards":null,"payment:debit_cards":null,"payment:maestro":null,"payment:mastercard":null,"payment:visa":null,"payment:visa_debit":null,"payment:visa_electron":null,"phone":null,"service":null,"service:bicycle:Bicycle_Sales_and_Service":null,"service:bicycle:bicycle":null,"service:bicycle:bike":null,"service:bicycle:cleaning":null,"service:bicycle:clothing":null,"service:bicycle:ebike":null,"service:bicycle:parts":null,"service:bicycle:pump":null,"service:bicycle:rental":null,"service:bicycle:repair":null,"service:bicycle:retail":null,"service:bicycle:sales":null,"service:bicycle:second_hand":null,"service:bicycle:service":null,"service:bicycle:showroom":null,"service:bicycle:spare_parts":null,"service:bicycle:tools":null,"service:bicycle:vending":null,"service:bicycle:wheel":null,"shop":"bicycle","source":"Kaart Ground Survey 2017","stroller":null,"website":null,"wheelchair":null},"geometry":{"type":"Point","coordinates":[-74.0653503,4.682564]}},
{"type":"Feature","properties":{"fid":70,"id":"node/5159201190","@id":"node/5159201190","addr:city":null,"addr:housenumber":null,"addr:postcode":null,"addr:street":"Calle 97A","amenity":null,"brand":null,"building":null,"check_date":null,"coffee":null,"contact:facebook":null,"contact:instagram":null,"description":null,"email":null,"fixme":null,"internet_access":null,"name":"Bicicletas","opening_hours":null,"operator":null,"payment:cash":null,"payment:contactless":null,"payment:credit_cards":null,"payment:debit_cards":null,"payment:maestro":null,"payment:mastercard":null,"payment:visa":null,"payment:visa_debit":null,"payment:visa_electron":null,"phone":null,"service":"repair","service:bicycle:Bicycle_Sales_and_Service":null,"service:bicycle:bicycle":null,"service:bicycle:bike":null,"service:bicycle:cleaning":null,"service:bicycle:clothing":null,"service:bicycle:ebike":null,"service:bicycle:parts":null,"service:bicycle:pump":null,"service:bicycle:rental":null,"service:bicycle:repair":null,"service:bicycle:retail":null,"service:bicycle:sales":null,"service:bicycle:second_hand":null,"service:bicycle:service":null,"service:bicycle:showroom":null,"service:bicycle:spare_parts":null,"service:bicycle:tools":null,"service:bicycle:vending":null,"service:bicycle:wheel":null,"shop":"bicycle","source":"Kaart Ground Survey 2017","stroller":null,"website":null,"wheelchair":null},"geometry":{"type":"Point","coordinates":[-74.0649062,4.6861761]}},
{"type":"Feature","properties":{"fid":71,"id":"node/5159488157","@id":"node/5159488157","addr:city":null,"addr:housenumber":null,"addr:postcode":null,"addr:street":"Carrera 58","amenity":null,"brand":null,"building":null,"check_date":null,"coffee":null,"contact:facebook":null,"contact:instagram":null,"description":null,"email":null,"fixme":null,"internet_access":null,"name":"Ciclo XXI","opening_hours":null,"operator":null,"payment:cash":null,"payment:contactless":null,"payment:credit_cards":null,"payment:debit_cards":null,"payment:maestro":null,"payment:mastercard":null,"payment:visa":null,"payment:visa_debit":null,"payment:visa_electron":null,"phone":null,"service":null,"service:bicycle:Bicycle_Sales_and_Service":null,"service:bicycle:bicycle":null,"service:bicycle:bike":null,"service:bicycle:cleaning":null,"service:bicycle:clothing":null,"service:bicycle:ebike":null,"service:bicycle:parts":null,"service:bicycle:pump":null,"service:bicycle:rental":null,"service:bicycle:repair":null,"service:bicycle:retail":null,"service:bicycle:sales":null,"service:bicycle:second_hand":null,"service:bicycle:service":null,"service:bicycle:showroom":null,"service:bicycle:spare_parts":null,"service:bicycle:tools":null,"service:bicycle:vending":null,"service:bicycle:wheel":null,"shop":"bicycle","source":"Kaart Ground Survey 2017","stroller":null,"website":null,"wheelchair":null},"geometry":{"type":"Point","coordinates":[-74.0649605,4.6842299]}},
{"type":"Feature","properties":{"fid":80,"id":"node/5161941738","@id":"node/5161941738","addr:city":null,"addr:housenumber":null,"addr:postcode":null,"addr:street":"Avenida Carrera 91","amenity":null,"brand":null,"building":null,"check_date":null,"coffee":null,"contact:facebook":null,"contact:instagram":null,"description":null,"email":null,"fixme":"name","internet_access":null,"name":null,"opening_hours":null,"operator":null,"payment:cash":null,"payment:contactless":null,"payment:credit_cards":null,"payment:debit_cards":null,"payment:maestro":null,"payment:mastercard":null,"payment:visa":null,"payment:visa_debit":null,"payment:visa_electron":null,"phone":null,"service":null,"service:bicycle:Bicycle_Sales_and_Service":null,"service:bicycle:bicycle":null,"service:bicycle:bike":null,"service:bicycle:cleaning":null,"service:bicycle:clothing":null,"service:bicycle:ebike":null,"service:bicycle:parts":null,"service:bicycle:pump":null,"service:bicycle:rental":null,"service:bicycle:repair":null,"service:bicycle:retail":null,"service:bicycle:sales":null,"service:bicycle:second_hand":null,"service:bicycle:service":null,"service:bicycle:showroom":null,"service:bicycle:spare_parts":null,"service:bicycle:tools":null,"service:bicycle:vending":null,"service:bicycle:wheel":null,"shop":"bicycle","source":"Kaart Ground Survey 2017","stroller":null,"website":null,"wheelchair":null},"geometry":{"type":"Point","coordinates":[-74.0968084,4.7138906]}},
{"type":"Feature","properties":{"fid":81,"id":"node/5162006893","@id":"node/5162006893","addr:city":null,"addr:housenumber":null,"addr:postcode":null,"addr:street":"Carrera 90B","amenity":null,"brand":null,"building":null,"check_date":null,"coffee":null,"contact:facebook":null,"contact:instagram":null,"description":null,"email":null,"fixme":null,"internet_access":null,"name":"Mono Bike's Shop","opening_hours":null,"operator":null,"payment:cash":null,"payment:contactless":null,"payment:credit_cards":null,"payment:debit_cards":null,"payment:maestro":null,"payment:mastercard":null,"payment:visa":null,"payment:visa_debit":null,"payment:visa_electron":null,"phone":null,"service":null,"service:bicycle:Bicycle_Sales_and_Service":null,"service:bicycle:bicycle":null,"service:bicycle:bike":null,"service:bicycle:cleaning":null,"service:bicycle:clothing":null,"service:bicycle:ebike":null,"service:bicycle:parts":null,"service:bicycle:pump":null,"service:bicycle:rental":null,"service:bicycle:repair":null,"service:bicycle:retail":null,"service:bicycle:sales":null,"service:bicycle:second_hand":null,"service:bicycle:service":null,"service:bicycle:showroom":null,"service:bicycle:spare_parts":null,"service:bicycle:tools":null,"service:bicycle:vending":null,"service:bicycle:wheel":null,"shop":"bicycle","source":"Kaart Ground Survey 2017","stroller":null,"website":null,"wheelchair":null},"geometry":{"type":"Point","coordinates":[-74.109883,4.6980798]}},
{"type":"Feature","properties":{"fid":82,"id":"node/5163581292","@id":"node/5163581292","addr:city":null,"addr:housenumber":null,"addr:postcode":null,"addr:street":"Diagonal 86A","amenity":null,"brand":null,"building":null,"check_date":null,"coffee":null,"contact:facebook":null,"contact:instagram":null,"description":null,"email":null,"fixme":null,"internet_access":null,"name":"Bike Store","opening_hours":null,"operator":null,"payment:cash":null,"payment:contactless":null,"payment:credit_cards":null,"payment:debit_cards":null,"payment:maestro":null,"payment:mastercard":null,"payment:visa":null,"payment:visa_debit":null,"payment:visa_electron":null,"phone":null,"service":null,"service:bicycle:Bicycle_Sales_and_Service":null,"service:bicycle:bicycle":null,"service:bicycle:bike":null,"service:bicycle:cleaning":null,"service:bicycle:clothing":null,"service:bicycle:ebike":null,"service:bicycle:parts":null,"service:bicycle:pump":null,"service:bicycle:rental":null,"service:bicycle:repair":null,"service:bicycle:retail":null,"service:bicycle:sales":null,"service:bicycle:second_hand":null,"service:bicycle:service":null,"service:bicycle:showroom":null,"service:bicycle:spare_parts":null,"service:bicycle:tools":null,"service:bicycle:vending":null,"service:bicycle:wheel":null,"shop":"bicycle","source":"Kaart Ground Survey 2017","stroller":null,"website":null,"wheelchair":null},"geometry":{"type":"Point","coordinates":[-74.1116189,4.7224995]}},
{"type":"Feature","properties":{"fid":83,"id":"node/5163784439","@id":"node/5163784439","addr:city":"Barrios Unidos","addr:housenumber":null,"addr:postcode":null,"addr:street":"Avenida Carrera 24","amenity":null,"brand":null,"building":null,"check_date":null,"coffee":null,"contact:facebook":null,"contact:instagram":null,"description":null,"email":null,"fixme":null,"internet_access":null,"name":"Bike Zone","opening_hours":null,"operator":null,"payment:cash":null,"payment:contactless":null,"payment:credit_cards":null,"payment:debit_cards":null,"payment:maestro":null,"payment:mastercard":null,"payment:visa":null,"payment:visa_debit":null,"payment:visa_electron":null,"phone":null,"service":null,"service:bicycle:Bicycle_Sales_and_Service":null,"service:bicycle:bicycle":null,"service:bicycle:bike":null,"service:bicycle:cleaning":null,"service:bicycle:clothing":null,"service:bicycle:ebike":null,"service:bicycle:parts":null,"service:bicycle:pump":null,"service:bicycle:rental":null,"service:bicycle:repair":null,"service:bicycle:retail":null,"service:bicycle:sales":null,"service:bicycle:second_hand":null,"service:bicycle:service":null,"service:bicycle:showroom":null,"service:bicycle:spare_parts":null,"service:bicycle:tools":null,"service:bicycle:vending":null,"service:bicycle:wheel":null,"shop":"bicycle","source":"Kaart Ground Survey 2017","stroller":null,"website":null,"wheelchair":null},"geometry":{"type":"Point","coordinates":[-74.0722799,4.6532362]}},
{"type":"Feature","properties":{"fid":85,"id":"node/5165555045","@id":"node/5165555045","addr:city":null,"addr:housenumber":null,"addr:postcode":null,"addr:street":"Calle 69A","amenity":null,"brand":null,"building":null,"check_date":null,"coffee":null,"contact:facebook":null,"contact:instagram":null,"description":null,"email":null,"fixme":null,"internet_access":null,"name":"Voli","opening_hours":null,"operator":null,"payment:cash":null,"payment:contactless":null,"payment:credit_cards":null,"payment:debit_cards":null,"payment:maestro":null,"payment:mastercard":null,"payment:visa":null,"payment:visa_debit":null,"payment:visa_electron":null,"phone":null,"service":null,"service:bicycle:Bicycle_Sales_and_Service":null,"service:bicycle:bicycle":null,"service:bicycle:bike":null,"service:bicycle:cleaning":null,"service:bicycle:clothing":null,"service:bicycle:ebike":null,"service:bicycle:parts":null,"service:bicycle:pump":null,"service:bicycle:rental":null,"service:bicycle:repair":null,"service:bicycle:retail":null,"service:bicycle:sales":null,"service:bicycle:second_hand":null,"service:bicycle:service":null,"service:bicycle:showroom":null,"service:bicycle:spare_parts":null,"service:bicycle:tools":null,"service:bicycle:vending":null,"service:bicycle:wheel":null,"shop":"bicycle","source":"Kaart Ground Survey 2017","stroller":null,"website":null,"wheelchair":null},"geometry":{"type":"Point","coordinates":[-74.1061887,4.6910629]}},
{"type":"Feature","properties":{"fid":86,"id":"node/5166054415","@id":"node/5166054415","addr:city":null,"addr:housenumber":null,"addr:postcode":null,"addr:street":"Carrera 80","amenity":"bicycle_repair_station","brand":null,"building":null,"check_date":null,"coffee":null,"contact:facebook":null,"contact:instagram":null,"description":null,"email":null,"fixme":null,"internet_access":null,"name":"Bike Station","opening_hours":null,"operator":null,"payment:cash":null,"payment:contactless":null,"payment:credit_cards":null,"payment:debit_cards":null,"payment:maestro":null,"payment:mastercard":null,"payment:visa":null,"payment:visa_debit":null,"payment:visa_electron":null,"phone":null,"service":null,"service:bicycle:Bicycle_Sales_and_Service":null,"service:bicycle:bicycle":null,"service:bicycle:bike":null,"service:bicycle:cleaning":null,"service:bicycle:clothing":null,"service:bicycle:ebike":null,"service:bicycle:parts":null,"service:bicycle:pump":null,"service:bicycle:rental":null,"service:bicycle:repair":null,"service:bicycle:retail":null,"service:bicycle:sales":null,"service:bicycle:second_hand":null,"service:bicycle:service":null,"service:bicycle:showroom":null,"service:bicycle:spare_parts":null,"service:bicycle:tools":null,"service:bicycle:vending":null,"service:bicycle:wheel":null,"shop":null,"source":"Kaart Ground Survey 2017","stroller":null,"website":null,"wheelchair":null},"geometry":{"type":"Point","coordinates":[-74.1043227,4.6891318]}},
{"type":"Feature","properties":{"fid":88,"id":"node/5171778894","@id":"node/5171778894","addr:city":null,"addr:housenumber":null,"addr:postcode":null,"addr:street":"Calle 128C","amenity":null,"brand":null,"building":null,"check_date":null,"coffee":null,"contact:facebook":null,"contact:instagram":null,"description":null,"email":null,"fixme":null,"internet_access":null,"name":"Rapid Cross","opening_hours":null,"operator":null,"payment:cash":null,"payment:contactless":null,"payment:credit_cards":null,"payment:debit_cards":null,"payment:maestro":null,"payment:mastercard":null,"payment:visa":null,"payment:visa_debit":null,"payment:visa_electron":null,"phone":null,"service":null,"service:bicycle:Bicycle_Sales_and_Service":null,"service:bicycle:bicycle":null,"service:bicycle:bike":null,"service:bicycle:cleaning":null,"service:bicycle:clothing":null,"service:bicycle:ebike":null,"service:bicycle:parts":null,"service:bicycle:pump":null,"service:bicycle:rental":null,"service:bicycle:repair":null,"service:bicycle:retail":null,"service:bicycle:sales":null,"service:bicycle:second_hand":null,"service:bicycle:service":null,"service:bicycle:showroom":null,"service:bicycle:spare_parts":null,"service:bicycle:tools":null,"service:bicycle:vending":null,"service:bicycle:wheel":null,"shop":"bicycle","source":"Kaart Ground Survey 2017","stroller":null,"website":null,"wheelchair":null},"geometry":{"type":"Point","coordinates":[-74.096087,4.7257941]}},
{"type":"Feature","properties":{"fid":89,"id":"node/5171789650","@id":"node/5171789650","addr:city":"Bogotá","addr:housenumber":null,"addr:postcode":null,"addr:street":"Carrera 17","amenity":null,"brand":null,"building":null,"check_date":null,"coffee":null,"contact:facebook":null,"contact:instagram":null,"description":null,"email":null,"fixme":null,"internet_access":null,"name":"Bycicle Parking R.","opening_hours":null,"operator":null,"payment:cash":null,"payment:contactless":null,"payment:credit_cards":null,"payment:debit_cards":null,"payment:maestro":null,"payment:mastercard":null,"payment:visa":null,"payment:visa_debit":null,"payment:visa_electron":null,"phone":null,"service":null,"service:bicycle:Bicycle_Sales_and_Service":null,"service:bicycle:bicycle":null,"service:bicycle:bike":null,"service:bicycle:cleaning":null,"service:bicycle:clothing":null,"service:bicycle:ebike":null,"service:bicycle:parts":null,"service:bicycle:pump":null,"service:bicycle:rental":null,"service:bicycle:repair":null,"service:bicycle:retail":null,"service:bicycle:sales":null,"service:bicycle:second_hand":null,"service:bicycle:service":null,"service:bicycle:showroom":null,"service:bicycle:spare_parts":null,"service:bicycle:tools":null,"service:bicycle:vending":null,"service:bicycle:wheel":null,"shop":"bicycle","source":"Kaart Ground Survey 2017","stroller":null,"website":null,"wheelchair":null},"geometry":{"type":"Point","coordinates":[-74.0680152,4.6474641]}},
{"type":"Feature","properties":{"fid":90,"id":"node/5175035214","@id":"node/5175035214","addr:city":null,"addr:housenumber":null,"addr:postcode":null,"addr:street":"Calle 60","amenity":null,"brand":null,"building":null,"check_date":null,"coffee":null,"contact:facebook":null,"contact:instagram":null,"description":null,"email":null,"fixme":null,"internet_access":null,"name":"Sol Luna","opening_hours":null,"operator":null,"payment:cash":null,"payment:contactless":null,"payment:credit_cards":null,"payment:debit_cards":null,"payment:maestro":null,"payment:mastercard":null,"payment:visa":null,"payment:visa_debit":null,"payment:visa_electron":null,"phone":null,"service":null,"service:bicycle:Bicycle_Sales_and_Service":null,"service:bicycle:bicycle":null,"service:bicycle:bike":null,"service:bicycle:cleaning":null,"service:bicycle:clothing":null,"service:bicycle:ebike":null,"service:bicycle:parts":null,"service:bicycle:pump":null,"service:bicycle:rental":null,"service:bicycle:repair":null,"service:bicycle:retail":null,"service:bicycle:sales":null,"service:bicycle:second_hand":null,"service:bicycle:service":null,"service:bicycle:showroom":null,"service:bicycle:spare_parts":null,"service:bicycle:tools":null,"service:bicycle:vending":null,"service:bicycle:wheel":null,"shop":"bicycle","source":"Kaart Ground Survey 2017","stroller":null,"website":null,"wheelchair":null},"geometry":{"type":"Point","coordinates":[-74.0626652,4.6462409]}},
{"type":"Feature","properties":{"fid":92,"id":"node/5177240684","@id":"node/5177240684","addr:city":null,"addr:housenumber":null,"addr:postcode":null,"addr:street":"Calle 52A","amenity":null,"brand":null,"building":null,"check_date":null,"coffee":null,"contact:facebook":null,"contact:instagram":null,"description":null,"email":null,"fixme":null,"internet_access":null,"name":"Royal","opening_hours":null,"operator":null,"payment:cash":null,"payment:contactless":null,"payment:credit_cards":null,"payment:debit_cards":null,"payment:maestro":null,"payment:mastercard":null,"payment:visa":null,"payment:visa_debit":null,"payment:visa_electron":null,"phone":null,"service":null,"service:bicycle:Bicycle_Sales_and_Service":null,"service:bicycle:bicycle":null,"service:bicycle:bike":null,"service:bicycle:cleaning":null,"service:bicycle:clothing":null,"service:bicycle:ebike":null,"service:bicycle:parts":null,"service:bicycle:pump":null,"service:bicycle:rental":null,"service:bicycle:repair":null,"service:bicycle:retail":null,"service:bicycle:sales":null,"service:bicycle:second_hand":null,"service:bicycle:service":null,"service:bicycle:showroom":null,"service:bicycle:spare_parts":null,"service:bicycle:tools":null,"service:bicycle:vending":null,"service:bicycle:wheel":null,"shop":"bicycle","source":"Kaart Ground Survey 2017","stroller":null,"website":null,"wheelchair":null},"geometry":{"type":"Point","coordinates":[-74.0767303,4.6418297]}},
{"type":"Feature","properties":{"fid":93,"id":"node/5178332157","@id":"node/5178332157","addr:city":null,"addr:housenumber":null,"addr:postcode":null,"addr:street":"Carrera 17","amenity":null,"brand":null,"building":null,"check_date":null,"coffee":null,"contact:facebook":null,"contact:instagram":null,"description":null,"email":null,"fixme":null,"internet_access":null,"name":"Bicicletas","opening_hours":null,"operator":null,"payment:cash":null,"payment:contactless":null,"payment:credit_cards":null,"payment:debit_cards":null,"payment:maestro":null,"payment:mastercard":null,"payment:visa":null,"payment:visa_debit":null,"payment:visa_electron":null,"phone":null,"service":null,"service:bicycle:Bicycle_Sales_and_Service":null,"service:bicycle:bicycle":null,"service:bicycle:bike":null,"service:bicycle:cleaning":null,"service:bicycle:clothing":null,"service:bicycle:ebike":null,"service:bicycle:parts":null,"service:bicycle:pump":null,"service:bicycle:rental":null,"service:bicycle:repair":null,"service:bicycle:retail":null,"service:bicycle:sales":null,"service:bicycle:second_hand":null,"service:bicycle:service":null,"service:bicycle:showroom":null,"service:bicycle:spare_parts":null,"service:bicycle:tools":null,"service:bicycle:vending":null,"service:bicycle:wheel":null,"shop":"bicycle","source":"Kaart Ground Survey 2017","stroller":null,"website":null,"wheelchair":null},"geometry":{"type":"Point","coordinates":[-74.0700129,4.6375367]}},
{"type":"Feature","properties":{"fid":94,"id":"node/5178499771","@id":"node/5178499771","addr:city":null,"addr:housenumber":null,"addr:postcode":null,"addr:street":"Carrera 27A","amenity":null,"brand":null,"building":null,"check_date":null,"coffee":null,"contact:facebook":null,"contact:instagram":null,"description":null,"email":null,"fixme":null,"internet_access":null,"name":"Dope","opening_hours":null,"operator":null,"payment:cash":null,"payment:contactless":null,"payment:credit_cards":null,"payment:debit_cards":null,"payment:maestro":null,"payment:mastercard":null,"payment:visa":null,"payment:visa_debit":null,"payment:visa_electron":null,"phone":null,"service":null,"service:bicycle:Bicycle_Sales_and_Service":null,"service:bicycle:bicycle":null,"service:bicycle:bike":null,"service:bicycle:cleaning":null,"service:bicycle:clothing":null,"service:bicycle:ebike":null,"service:bicycle:parts":null,"service:bicycle:pump":null,"service:bicycle:rental":null,"service:bicycle:repair":null,"service:bicycle:retail":null,"service:bicycle:sales":null,"service:bicycle:second_hand":null,"service:bicycle:service":null,"service:bicycle:showroom":null,"service:bicycle:spare_parts":null,"service:bicycle:tools":null,"service:bicycle:vending":null,"service:bicycle:wheel":null,"shop":"bicycle","source":"Kaart Ground Survey 2017","stroller":null,"website":null,"wheelchair":null},"geometry":{"type":"Point","coordinates":[-74.0766258,4.6414942]}},
{"type":"Feature","properties":{"fid":95,"id":"node/5178499775","@id":"node/5178499775","addr:city":null,"addr:housenumber":null,"addr:postcode":null,"addr:street":"Carrera 27A","amenity":null,"brand":null,"building":null,"check_date":null,"coffee":null,"contact:facebook":null,"contact:instagram":null,"description":null,"email":null,"fixme":null,"internet_access":null,"name":"Bigs Skate Shop","opening_hours":null,"operator":null,"payment:cash":null,"payment:contactless":null,"payment:credit_cards":null,"payment:debit_cards":null,"payment:maestro":null,"payment:mastercard":null,"payment:visa":null,"payment:visa_debit":null,"payment:visa_electron":null,"phone":null,"service":null,"service:bicycle:Bicycle_Sales_and_Service":null,"service:bicycle:bicycle":null,"service:bicycle:bike":null,"service:bicycle:cleaning":null,"service:bicycle:clothing":null,"service:bicycle:ebike":null,"service:bicycle:parts":null,"service:bicycle:pump":null,"service:bicycle:rental":null,"service:bicycle:repair":null,"service:bicycle:retail":null,"service:bicycle:sales":null,"service:bicycle:second_hand":null,"service:bicycle:service":null,"service:bicycle:showroom":null,"service:bicycle:spare_parts":null,"service:bicycle:tools":null,"service:bicycle:vending":null,"service:bicycle:wheel":null,"shop":"bicycle","source":"Kaart Ground Survey 2017","stroller":null,"website":null,"wheelchair":null},"geometry":{"type":"Point","coordinates":[-74.0766326,4.6414507]}},
{"type":"Feature","properties":{"fid":96,"id":"node/5178546607","@id":"node/5178546607","addr:city":null,"addr:housenumber":null,"addr:postcode":null,"addr:street":"Carrera 18","amenity":null,"brand":null,"building":null,"check_date":null,"coffee":null,"contact:facebook":null,"contact:instagram":null,"description":null,"email":null,"fixme":null,"internet_access":null,"name":"Ciclotecnica","opening_hours":null,"operator":null,"payment:cash":null,"payment:contactless":null,"payment:credit_cards":null,"payment:debit_cards":null,"payment:maestro":null,"payment:mastercard":null,"payment:visa":null,"payment:visa_debit":null,"payment:visa_electron":null,"phone":null,"service":null,"service:bicycle:Bicycle_Sales_and_Service":null,"service:bicycle:bicycle":null,"service:bicycle:bike":null,"service:bicycle:cleaning":null,"service:bicycle:clothing":null,"service:bicycle:ebike":null,"service:bicycle:parts":null,"service:bicycle:pump":null,"service:bicycle:rental":null,"service:bicycle:repair":"yes","service:bicycle:retail":null,"service:bicycle:sales":null,"service:bicycle:second_hand":null,"service:bicycle:service":null,"service:bicycle:showroom":null,"service:bicycle:spare_parts":null,"service:bicycle:tools":null,"service:bicycle:vending":null,"service:bicycle:wheel":null,"shop":"bicycle","source":"Kaart Ground Survey 2017","stroller":null,"website":null,"wheelchair":null},"geometry":{"type":"Point","coordinates":[-74.0705079,4.6385539]}},
{"type":"Feature","properties":{"fid":97,"id":"node/5178655277","@id":"node/5178655277","addr:city":null,"addr:housenumber":null,"addr:postcode":null,"addr:street":"Carrera 21","amenity":null,"brand":null,"building":null,"check_date":null,"coffee":null,"contact:facebook":null,"contact:instagram":null,"description":null,"email":null,"fixme":null,"internet_access":null,"name":"Ciclonovato","opening_hours":null,"operator":null,"payment:cash":null,"payment:contactless":null,"payment:credit_cards":null,"payment:debit_cards":null,"payment:maestro":null,"payment:mastercard":null,"payment:visa":null,"payment:visa_debit":null,"payment:visa_electron":null,"phone":null,"service":null,"service:bicycle:Bicycle_Sales_and_Service":null,"service:bicycle:bicycle":null,"service:bicycle:bike":null,"service:bicycle:cleaning":null,"service:bicycle:clothing":null,"service:bicycle:ebike":null,"service:bicycle:parts":null,"service:bicycle:pump":null,"service:bicycle:rental":null,"service:bicycle:repair":null,"service:bicycle:retail":null,"service:bicycle:sales":null,"service:bicycle:second_hand":null,"service:bicycle:service":null,"service:bicycle:showroom":null,"service:bicycle:spare_parts":null,"service:bicycle:tools":null,"service:bicycle:vending":null,"service:bicycle:wheel":null,"shop":"bicycle","source":"Kaart Ground Survey 2017","stroller":null,"website":null,"wheelchair":null},"geometry":{"type":"Point","coordinates":[-74.0726422,4.6381514]}},
{"type":"Feature","properties":{"fid":98,"id":"node/5184363138","@id":"node/5184363138","addr:city":null,"addr:housenumber":null,"addr:postcode":null,"addr:street":"Avenida Carrera 104","amenity":null,"brand":null,"building":null,"check_date":null,"coffee":null,"contact:facebook":null,"contact:instagram":null,"description":null,"email":null,"fixme":null,"internet_access":null,"name":"Cycling World Tour","opening_hours":null,"operator":null,"payment:cash":null,"payment:contactless":null,"payment:credit_cards":null,"payment:debit_cards":null,"payment:maestro":null,"payment:mastercard":null,"payment:visa":null,"payment:visa_debit":null,"payment:visa_electron":null,"phone":null,"service":null,"service:bicycle:Bicycle_Sales_and_Service":null,"service:bicycle:bicycle":null,"service:bicycle:bike":null,"service:bicycle:cleaning":null,"service:bicycle:clothing":null,"service:bicycle:ebike":null,"service:bicycle:parts":null,"service:bicycle:pump":null,"service:bicycle:rental":null,"service:bicycle:repair":null,"service:bicycle:retail":null,"service:bicycle:sales":null,"service:bicycle:second_hand":null,"service:bicycle:service":null,"service:bicycle:showroom":null,"service:bicycle:spare_parts":null,"service:bicycle:tools":null,"service:bicycle:vending":null,"service:bicycle:wheel":null,"shop":"bicycle","source":"Kaart Ground Survey 2017","stroller":null,"website":null,"wheelchair":null},"geometry":{"type":"Point","coordinates":[-74.1158513,4.7120246]}},
{"type":"Feature","properties":{"fid":99,"id":"node/5184532593","@id":"node/5184532593","addr:city":null,"addr:housenumber":null,"addr:postcode":null,"addr:street":"Avenida Carrera 104","amenity":null,"brand":null,"building":null,"check_date":null,"coffee":null,"contact:facebook":null,"contact:instagram":null,"description":null,"email":null,"fixme":null,"internet_access":null,"name":"Bicicleteria Ciclo Pipe","opening_hours":null,"operator":null,"payment:cash":null,"payment:contactless":null,"payment:credit_cards":null,"payment:debit_cards":null,"payment:maestro":null,"payment:mastercard":null,"payment:visa":null,"payment:visa_debit":null,"payment:visa_electron":null,"phone":null,"service":null,"service:bicycle:Bicycle_Sales_and_Service":null,"service:bicycle:bicycle":null,"service:bicycle:bike":null,"service:bicycle:cleaning":null,"service:bicycle:clothing":null,"service:bicycle:ebike":null,"service:bicycle:parts":null,"service:bicycle:pump":null,"service:bicycle:rental":null,"service:bicycle:repair":null,"service:bicycle:retail":null,"service:bicycle:sales":null,"service:bicycle:second_hand":null,"service:bicycle:service":null,"service:bicycle:showroom":null,"service:bicycle:spare_parts":null,"service:bicycle:tools":null,"service:bicycle:vending":null,"service:bicycle:wheel":null,"shop":"bicycle","source":"Kaart Ground Survey 2017","stroller":null,"website":null,"wheelchair":null},"geometry":{"type":"Point","coordinates":[-74.1177714,4.7081879]}},
{"type":"Feature","properties":{"fid":100,"id":"node/5187438039","@id":"node/5187438039","addr:city":null,"addr:housenumber":null,"addr:postcode":null,"addr:street":"Calle 78","amenity":null,"brand":null,"building":null,"check_date":null,"coffee":null,"contact:facebook":null,"contact:instagram":null,"description":null,"email":null,"fixme":null,"internet_access":null,"name":"JD Bikes","opening_hours":null,"operator":null,"payment:cash":null,"payment:contactless":null,"payment:credit_cards":null,"payment:debit_cards":null,"payment:maestro":null,"payment:mastercard":null,"payment:visa":null,"payment:visa_debit":null,"payment:visa_electron":null,"phone":null,"service":null,"service:bicycle:Bicycle_Sales_and_Service":null,"service:bicycle:bicycle":null,"service:bicycle:bike":null,"service:bicycle:cleaning":null,"service:bicycle:clothing":null,"service:bicycle:ebike":null,"service:bicycle:parts":null,"service:bicycle:pump":null,"service:bicycle:rental":null,"service:bicycle:repair":null,"service:bicycle:retail":null,"service:bicycle:sales":null,"service:bicycle:second_hand":null,"service:bicycle:service":null,"service:bicycle:showroom":null,"service:bicycle:spare_parts":null,"service:bicycle:tools":null,"service:bicycle:vending":null,"service:bicycle:wheel":null,"shop":"bicycle","source":"Kaart Ground Survey 2017","stroller":null,"website":null,"wheelchair":null},"geometry":{"type":"Point","coordinates":[-74.1204855,4.7157878]}},
{"type":"Feature","properties":{"fid":101,"id":"node/5199883153","@id":"node/5199883153","addr:city":null,"addr:housenumber":null,"addr:postcode":null,"addr:street":null,"amenity":null,"brand":null,"building":null,"check_date":null,"coffee":null,"contact:facebook":null,"contact:instagram":null,"description":null,"email":null,"fixme":null,"internet_access":null,"name":"Bicicleteria Da Vinci","opening_hours":null,"operator":"Bicicleteria Da Vinci","payment:cash":null,"payment:contactless":null,"payment:credit_cards":null,"payment:debit_cards":null,"payment:maestro":null,"payment:mastercard":null,"payment:visa":null,"payment:visa_debit":null,"payment:visa_electron":null,"phone":null,"service":null,"service:bicycle:Bicycle_Sales_and_Service":null,"service:bicycle:bicycle":null,"service:bicycle:bike":null,"service:bicycle:cleaning":null,"service:bicycle:clothing":null,"service:bicycle:ebike":null,"service:bicycle:parts":null,"service:bicycle:pump":null,"service:bicycle:rental":null,"service:bicycle:repair":null,"service:bicycle:retail":null,"service:bicycle:sales":null,"service:bicycle:second_hand":null,"service:bicycle:service":null,"service:bicycle:showroom":null,"service:bicycle:spare_parts":null,"service:bicycle:tools":null,"service:bicycle:vending":null,"service:bicycle:wheel":null,"shop":"bicycle","source":null,"stroller":null,"website":null,"wheelchair":null},"geometry":{"type":"Point","coordinates":[-74.1179355,4.7090752]}},
{"type":"Feature","properties":{"fid":106,"id":"node/5793992354","@id":"node/5793992354","addr:city":null,"addr:housenumber":"10-34","addr:postcode":null,"addr:street":"Avenida Calle 72","amenity":null,"brand":null,"building":null,"check_date":null,"coffee":null,"contact:facebook":null,"contact:instagram":null,"description":null,"email":"cyclingbugs@gmail.com","fixme":null,"internet_access":null,"name":"Cycling Bugs","opening_hours":"Mo-Sa 08:00-19:00","operator":null,"payment:cash":null,"payment:contactless":null,"payment:credit_cards":null,"payment:debit_cards":null,"payment:maestro":null,"payment:mastercard":null,"payment:visa":null,"payment:visa_debit":null,"payment:visa_electron":null,"phone":"+57 310 6190845","service":null,"service:bicycle:Bicycle_Sales_and_Service":null,"service:bicycle:bicycle":null,"service:bicycle:bike":null,"service:bicycle:cleaning":null,"service:bicycle:clothing":null,"service:bicycle:ebike":null,"service:bicycle:parts":null,"service:bicycle:pump":null,"service:bicycle:rental":null,"service:bicycle:repair":null,"service:bicycle:retail":null,"service:bicycle:sales":null,"service:bicycle:second_hand":null,"service:bicycle:service":null,"service:bicycle:showroom":null,"service:bicycle:spare_parts":null,"service:bicycle:tools":null,"service:bicycle:vending":null,"service:bicycle:wheel":null,"shop":"bicycle","source":null,"stroller":null,"website":null,"wheelchair":"yes"},"geometry":{"type":"Point","coordinates":[-74.0574847,4.6572247]}},
{"type":"Feature","properties":{"fid":109,"id":"node/6262199727","@id":"node/6262199727","addr:city":null,"addr:housenumber":null,"addr:postcode":null,"addr:street":null,"amenity":null,"brand":null,"building":null,"check_date":null,"coffee":null,"contact:facebook":null,"contact:instagram":null,"description":null,"email":null,"fixme":null,"internet_access":null,"name":null,"opening_hours":null,"operator":null,"payment:cash":null,"payment:contactless":null,"payment:credit_cards":null,"payment:debit_cards":null,"payment:maestro":null,"payment:mastercard":null,"payment:visa":null,"payment:visa_debit":null,"payment:visa_electron":null,"phone":null,"service":null,"service:bicycle:Bicycle_Sales_and_Service":null,"service:bicycle:bicycle":null,"service:bicycle:bike":null,"service:bicycle:cleaning":null,"service:bicycle:clothing":null,"service:bicycle:ebike":null,"service:bicycle:parts":null,"service:bicycle:pump":null,"service:bicycle:rental":null,"service:bicycle:repair":null,"service:bicycle:retail":null,"service:bicycle:sales":null,"service:bicycle:second_hand":null,"service:bicycle:service":null,"service:bicycle:showroom":null,"service:bicycle:spare_parts":null,"service:bicycle:tools":null,"service:bicycle:vending":null,"service:bicycle:wheel":null,"shop":"bicycle","source":null,"stroller":null,"website":null,"wheelchair":null},"geometry":{"type":"Point","coordinates":[-74.0999587,4.6872327]}},
{"type":"Feature","properties":{"fid":112,"id":"node/6384482998","@id":"node/6384482998","addr:city":null,"addr:housenumber":null,"addr:postcode":null,"addr:street":null,"amenity":null,"brand":null,"building":null,"check_date":null,"coffee":null,"contact:facebook":null,"contact:instagram":null,"description":null,"email":null,"fixme":null,"internet_access":null,"name":"Ciclas \"Al Pelo\"","opening_hours":null,"operator":null,"payment:cash":null,"payment:contactless":null,"payment:credit_cards":null,"payment:debit_cards":null,"payment:maestro":null,"payment:mastercard":null,"payment:visa":null,"payment:visa_debit":null,"payment:visa_electron":null,"phone":null,"service":null,"service:bicycle:Bicycle_Sales_and_Service":null,"service:bicycle:bicycle":null,"service:bicycle:bike":null,"service:bicycle:cleaning":null,"service:bicycle:clothing":null,"service:bicycle:ebike":null,"service:bicycle:parts":null,"service:bicycle:pump":null,"service:bicycle:rental":null,"service:bicycle:repair":null,"service:bicycle:retail":null,"service:bicycle:sales":null,"service:bicycle:second_hand":null,"service:bicycle:service":null,"service:bicycle:showroom":null,"service:bicycle:spare_parts":null,"service:bicycle:tools":null,"service:bicycle:vending":null,"service:bicycle:wheel":null,"shop":"bicycle","source":null,"stroller":null,"website":null,"wheelchair":null},"geometry":{"type":"Point","coordinates":[-74.0672104,4.6528569]}},
{"type":"Feature","properties":{"fid":113,"id":"node/6476182185","@id":"node/6476182185","addr:city":null,"addr:housenumber":null,"addr:postcode":null,"addr:street":"Calle 52","amenity":null,"brand":null,"building":null,"check_date":null,"coffee":null,"contact:facebook":null,"contact:instagram":null,"description":null,"email":null,"fixme":null,"internet_access":null,"name":"Franco Bikers","opening_hours":null,"operator":null,"payment:cash":null,"payment:contactless":null,"payment:credit_cards":null,"payment:debit_cards":null,"payment:maestro":null,"payment:mastercard":null,"payment:visa":null,"payment:visa_debit":null,"payment:visa_electron":null,"phone":"+57 310 2923693","service":null,"service:bicycle:Bicycle_Sales_and_Service":null,"service:bicycle:bicycle":null,"service:bicycle:bike":null,"service:bicycle:cleaning":null,"service:bicycle:clothing":null,"service:bicycle:ebike":null,"service:bicycle:parts":null,"service:bicycle:pump":null,"service:bicycle:rental":null,"service:bicycle:repair":null,"service:bicycle:retail":null,"service:bicycle:sales":null,"service:bicycle:second_hand":null,"service:bicycle:service":null,"service:bicycle:showroom":null,"service:bicycle:spare_parts":null,"service:bicycle:tools":null,"service:bicycle:vending":null,"service:bicycle:wheel":null,"shop":"bicycle","source":null,"stroller":null,"website":null,"wheelchair":null},"geometry":{"type":"Point","coordinates":[-74.1053475,4.6675391]}},
{"type":"Feature","properties":{"fid":114,"id":"node/6565989736","@id":"node/6565989736","addr:city":"Bogotá D.C.","addr:housenumber":"49-58","addr:postcode":null,"addr:street":"Carrera 25","amenity":null,"brand":null,"building":null,"check_date":null,"coffee":null,"contact:facebook":null,"contact:instagram":null,"description":null,"email":null,"fixme":null,"internet_access":null,"name":"Bicicleteria La 25","opening_hours":null,"operator":null,"payment:cash":null,"payment:contactless":null,"payment:credit_cards":null,"payment:debit_cards":null,"payment:maestro":null,"payment:mastercard":null,"payment:visa":null,"payment:visa_debit":null,"payment:visa_electron":null,"phone":null,"service":null,"service:bicycle:Bicycle_Sales_and_Service":null,"service:bicycle:bicycle":null,"service:bicycle:bike":null,"service:bicycle:cleaning":null,"service:bicycle:clothing":null,"service:bicycle:ebike":null,"service:bicycle:parts":null,"service:bicycle:pump":null,"service:bicycle:rental":null,"service:bicycle:repair":null,"service:bicycle:retail":null,"service:bicycle:sales":null,"service:bicycle:second_hand":null,"service:bicycle:service":null,"service:bicycle:showroom":null,"service:bicycle:spare_parts":null,"service:bicycle:tools":null,"service:bicycle:vending":null,"service:bicycle:wheel":null,"shop":"bicycle","source":null,"stroller":null,"website":null,"wheelchair":null},"geometry":{"type":"Point","coordinates":[-74.0751438,4.638469]}},
{"type":"Feature","properties":{"fid":115,"id":"node/6589438167","@id":"node/6589438167","addr:city":null,"addr:housenumber":null,"addr:postcode":null,"addr:street":null,"amenity":"bicycle_repair_station","brand":null,"building":null,"check_date":null,"coffee":null,"contact:facebook":null,"contact:instagram":null,"description":null,"email":null,"fixme":null,"internet_access":null,"name":null,"opening_hours":null,"operator":null,"payment:cash":null,"payment:contactless":null,"payment:credit_cards":null,"payment:debit_cards":null,"payment:maestro":null,"payment:mastercard":null,"payment:visa":null,"payment:visa_debit":null,"payment:visa_electron":null,"phone":null,"service":null,"service:bicycle:Bicycle_Sales_and_Service":null,"service:bicycle:bicycle":null,"service:bicycle:bike":null,"service:bicycle:cleaning":null,"service:bicycle:clothing":null,"service:bicycle:ebike":null,"service:bicycle:parts":null,"service:bicycle:pump":null,"service:bicycle:rental":null,"service:bicycle:repair":null,"service:bicycle:retail":null,"service:bicycle:sales":null,"service:bicycle:second_hand":null,"service:bicycle:service":null,"service:bicycle:showroom":null,"service:bicycle:spare_parts":null,"service:bicycle:tools":null,"service:bicycle:vending":null,"service:bicycle:wheel":null,"shop":null,"source":null,"stroller":null,"website":null,"wheelchair":null},"geometry":{"type":"Point","coordinates":[-74.0890166,4.6805086]}},
{"type":"Feature","properties":{"fid":117,"id":"node/6790979306","@id":"node/6790979306","addr:city":null,"addr:housenumber":null,"addr:postcode":null,"addr:street":null,"amenity":null,"brand":null,"building":null,"check_date":null,"coffee":null,"contact:facebook":null,"contact:instagram":null,"description":null,"email":null,"fixme":null,"internet_access":null,"name":"Go cycling","opening_hours":null,"operator":null,"payment:cash":null,"payment:contactless":null,"payment:credit_cards":null,"payment:debit_cards":null,"payment:maestro":null,"payment:mastercard":null,"payment:visa":null,"payment:visa_debit":null,"payment:visa_electron":null,"phone":null,"service":null,"service:bicycle:Bicycle_Sales_and_Service":null,"service:bicycle:bicycle":null,"service:bicycle:bike":null,"service:bicycle:cleaning":null,"service:bicycle:clothing":null,"service:bicycle:ebike":null,"service:bicycle:parts":null,"service:bicycle:pump":null,"service:bicycle:rental":null,"service:bicycle:repair":null,"service:bicycle:retail":null,"service:bicycle:sales":null,"service:bicycle:second_hand":null,"service:bicycle:service":null,"service:bicycle:showroom":null,"service:bicycle:spare_parts":null,"service:bicycle:tools":null,"service:bicycle:vending":null,"service:bicycle:wheel":null,"shop":"bicycle","source":null,"stroller":null,"website":null,"wheelchair":null},"geometry":{"type":"Point","coordinates":[-74.0487356,4.6750979]}},
{"type":"Feature","properties":{"fid":119,"id":"node/6844815625","@id":"node/6844815625","addr:city":null,"addr:housenumber":null,"addr:postcode":null,"addr:street":null,"amenity":null,"brand":null,"building":null,"check_date":null,"coffee":null,"contact:facebook":null,"contact:instagram":null,"description":null,"email":null,"fixme":null,"internet_access":null,"name":"Cycology","opening_hours":null,"operator":null,"payment:cash":null,"payment:contactless":null,"payment:credit_cards":null,"payment:debit_cards":null,"payment:maestro":null,"payment:mastercard":null,"payment:visa":null,"payment:visa_debit":null,"payment:visa_electron":null,"phone":null,"service":null,"service:bicycle:Bicycle_Sales_and_Service":null,"service:bicycle:bicycle":null,"service:bicycle:bike":null,"service:bicycle:cleaning":null,"service:bicycle:clothing":null,"service:bicycle:ebike":null,"service:bicycle:parts":null,"service:bicycle:pump":null,"service:bicycle:rental":null,"service:bicycle:repair":null,"service:bicycle:retail":null,"service:bicycle:sales":null,"service:bicycle:second_hand":null,"service:bicycle:service":null,"service:bicycle:showroom":null,"service:bicycle:spare_parts":null,"service:bicycle:tools":null,"service:bicycle:vending":null,"service:bicycle:wheel":null,"shop":"bicycle","source":null,"stroller":null,"website":null,"wheelchair":null},"geometry":{"type":"Point","coordinates":[-74.0526523,4.6621603]}},
{"type":"Feature","properties":{"fid":121,"id":"node/6964862181","@id":"node/6964862181","addr:city":null,"addr:housenumber":null,"addr:postcode":null,"addr:street":null,"amenity":null,"brand":null,"building":null,"check_date":null,"coffee":null,"contact:facebook":null,"contact:instagram":null,"description":null,"email":null,"fixme":null,"internet_access":null,"name":"Ciclista","opening_hours":null,"operator":null,"payment:cash":null,"payment:contactless":null,"payment:credit_cards":null,"payment:debit_cards":null,"payment:maestro":null,"payment:mastercard":null,"payment:visa":null,"payment:visa_debit":null,"payment:visa_electron":null,"phone":null,"service":null,"service:bicycle:Bicycle_Sales_and_Service":null,"service:bicycle:bicycle":null,"service:bicycle:bike":null,"service:bicycle:cleaning":null,"service:bicycle:clothing":null,"service:bicycle:ebike":null,"service:bicycle:parts":null,"service:bicycle:pump":null,"service:bicycle:rental":null,"service:bicycle:repair":null,"service:bicycle:retail":null,"service:bicycle:sales":null,"service:bicycle:second_hand":null,"service:bicycle:service":null,"service:bicycle:showroom":null,"service:bicycle:spare_parts":null,"service:bicycle:tools":null,"service:bicycle:vending":null,"service:bicycle:wheel":null,"shop":"bicycle","source":null,"stroller":null,"website":null,"wheelchair":null},"geometry":{"type":"Point","coordinates":[-74.0114097,4.6660457]}},
{"type":"Feature","properties":{"fid":122,"id":"node/7259613348","@id":"node/7259613348","addr:city":null,"addr:housenumber":null,"addr:postcode":null,"addr:street":null,"amenity":null,"brand":null,"building":null,"check_date":null,"coffee":null,"contact:facebook":null,"contact:instagram":null,"description":null,"email":null,"fixme":null,"internet_access":null,"name":"Castillo","opening_hours":null,"operator":null,"payment:cash":null,"payment:contactless":null,"payment:credit_cards":null,"payment:debit_cards":null,"payment:maestro":null,"payment:mastercard":null,"payment:visa":null,"payment:visa_debit":null,"payment:visa_electron":null,"phone":null,"service":null,"service:bicycle:Bicycle_Sales_and_Service":null,"service:bicycle:bicycle":null,"service:bicycle:bike":null,"service:bicycle:cleaning":null,"service:bicycle:clothing":null,"service:bicycle:ebike":null,"service:bicycle:parts":null,"service:bicycle:pump":null,"service:bicycle:rental":null,"service:bicycle:repair":null,"service:bicycle:retail":null,"service:bicycle:sales":null,"service:bicycle:second_hand":null,"service:bicycle:service":null,"service:bicycle:showroom":null,"service:bicycle:spare_parts":null,"service:bicycle:tools":null,"service:bicycle:vending":null,"service:bicycle:wheel":null,"shop":"bicycle","source":null,"stroller":null,"website":null,"wheelchair":null},"geometry":{"type":"Point","coordinates":[-74.0307562,4.6981087]}},
{"type":"Feature","properties":{"fid":125,"id":"node/9491251717","@id":"node/9491251717","addr:city":null,"addr:housenumber":"82-35","addr:postcode":null,"addr:street":"Carrera 14A","amenity":null,"brand":null,"building":null,"check_date":null,"coffee":null,"contact:facebook":null,"contact:instagram":null,"description":null,"email":null,"fixme":null,"internet_access":null,"name":"Bikehouse","opening_hours":null,"operator":null,"payment:cash":null,"payment:contactless":null,"payment:credit_cards":null,"payment:debit_cards":null,"payment:maestro":null,"payment:mastercard":null,"payment:visa":null,"payment:visa_debit":null,"payment:visa_electron":null,"phone":null,"service":null,"service:bicycle:Bicycle_Sales_and_Service":null,"service:bicycle:bicycle":null,"service:bicycle:bike":null,"service:bicycle:cleaning":null,"service:bicycle:clothing":null,"service:bicycle:ebike":null,"service:bicycle:parts":null,"service:bicycle:pump":null,"service:bicycle:rental":null,"service:bicycle:repair":null,"service:bicycle:retail":null,"service:bicycle:sales":null,"service:bicycle:second_hand":null,"service:bicycle:service":null,"service:bicycle:showroom":null,"service:bicycle:spare_parts":null,"service:bicycle:tools":null,"service:bicycle:vending":null,"service:bicycle:wheel":null,"shop":"bicycle","source":null,"stroller":null,"website":null,"wheelchair":null},"geometry":{"type":"Point","coordinates":[-74.0558212,4.667875]}},
{"type":"Feature","properties":{"fid":126,"id":"node/9492654517","@id":"node/9492654517","addr:city":null,"addr:housenumber":"72-35","addr:postcode":null,"addr:street":"Carrera 20C","amenity":null,"brand":null,"building":null,"check_date":null,"coffee":null,"contact:facebook":null,"contact:instagram":null,"description":null,"email":null,"fixme":null,"internet_access":null,"name":"Circuit bike","opening_hours":null,"operator":null,"payment:cash":null,"payment:contactless":null,"payment:credit_cards":null,"payment:debit_cards":null,"payment:maestro":null,"payment:mastercard":null,"payment:visa":null,"payment:visa_debit":null,"payment:visa_electron":null,"phone":"+573202486186","service":null,"service:bicycle:Bicycle_Sales_and_Service":null,"service:bicycle:bicycle":null,"service:bicycle:bike":null,"service:bicycle:cleaning":null,"service:bicycle:clothing":null,"service:bicycle:ebike":null,"service:bicycle:parts":null,"service:bicycle:pump":null,"service:bicycle:rental":null,"service:bicycle:repair":null,"service:bicycle:retail":null,"service:bicycle:sales":null,"service:bicycle:second_hand":null,"service:bicycle:service":null,"service:bicycle:showroom":null,"service:bicycle:spare_parts":null,"service:bicycle:tools":null,"service:bicycle:vending":null,"service:bicycle:wheel":null,"shop":"bicycle","source":null,"stroller":null,"website":null,"wheelchair":null},"geometry":{"type":"Point","coordinates":[-74.0645756,4.6617756]}},
{"type":"Feature","properties":{"fid":127,"id":"node/9492898417","@id":"node/9492898417","addr:city":null,"addr:housenumber":"68-28","addr:postcode":null,"addr:street":"Carrera 28A","amenity":null,"brand":null,"building":null,"check_date":null,"coffee":null,"contact:facebook":null,"contact:instagram":null,"description":null,"email":null,"fixme":null,"internet_access":null,"name":"Cliff","opening_hours":null,"operator":null,"payment:cash":null,"payment:contactless":null,"payment:credit_cards":null,"payment:debit_cards":null,"payment:maestro":null,"payment:mastercard":null,"payment:visa":null,"payment:visa_debit":null,"payment:visa_electron":null,"phone":null,"service":null,"service:bicycle:Bicycle_Sales_and_Service":null,"service:bicycle:bicycle":null,"service:bicycle:bike":null,"service:bicycle:cleaning":null,"service:bicycle:clothing":null,"service:bicycle:ebike":null,"service:bicycle:parts":null,"service:bicycle:pump":null,"service:bicycle:rental":null,"service:bicycle:repair":null,"service:bicycle:retail":null,"service:bicycle:sales":null,"service:bicycle:second_hand":null,"service:bicycle:service":null,"service:bicycle:showroom":null,"service:bicycle:spare_parts":null,"service:bicycle:tools":null,"service:bicycle:vending":null,"service:bicycle:wheel":null,"shop":"bicycle","source":null,"stroller":null,"website":null,"wheelchair":null},"geometry":{"type":"Point","coordinates":[-74.0730794,4.661948]}},
{"type":"Feature","properties":{"fid":128,"id":"node/10065102734","@id":"node/10065102734","addr:city":null,"addr:housenumber":null,"addr:postcode":null,"addr:street":null,"amenity":null,"brand":null,"building":null,"check_date":null,"coffee":null,"contact:facebook":null,"contact:instagram":null,"description":null,"email":null,"fixme":null,"internet_access":null,"name":"SBIKES","opening_hours":null,"operator":null,"payment:cash":null,"payment:contactless":null,"payment:credit_cards":null,"payment:debit_cards":null,"payment:maestro":null,"payment:mastercard":null,"payment:visa":null,"payment:visa_debit":null,"payment:visa_electron":null,"phone":null,"service":null,"service:bicycle:Bicycle_Sales_and_Service":null,"service:bicycle:bicycle":null,"service:bicycle:bike":null,"service:bicycle:cleaning":"yes","service:bicycle:clothing":null,"service:bicycle:ebike":null,"service:bicycle:parts":null,"service:bicycle:pump":"yes","service:bicycle:rental":null,"service:bicycle:repair":"yes","service:bicycle:retail":"yes","service:bicycle:sales":null,"service:bicycle:second_hand":null,"service:bicycle:service":null,"service:bicycle:showroom":null,"service:bicycle:spare_parts":null,"service:bicycle:tools":null,"service:bicycle:vending":null,"service:bicycle:wheel":null,"shop":"bicycle","source":null,"stroller":null,"website":null,"wheelchair":null},"geometry":{"type":"Point","coordinates":[-74.0751169,4.6907866]}},
{"type":"Feature","properties":{"fid":129,"id":"node/10065141635","@id":"node/10065141635","addr:city":null,"addr:housenumber":null,"addr:postcode":null,"addr:street":null,"amenity":"cafe","brand":null,"building":null,"check_date":null,"coffee":null,"contact:facebook":null,"contact:instagram":"https://www.instagram.com/tnc.club","description":null,"email":null,"fixme":null,"internet_access":null,"name":"Tnc Club","opening_hours":null,"operator":null,"payment:cash":null,"payment:contactless":null,"payment:credit_cards":null,"payment:debit_cards":null,"payment:maestro":null,"payment:mastercard":null,"payment:visa":null,"payment:visa_debit":null,"payment:visa_electron":null,"phone":null,"service":null,"service:bicycle:Bicycle_Sales_and_Service":null,"service:bicycle:bicycle":null,"service:bicycle:bike":null,"service:bicycle:cleaning":null,"service:bicycle:clothing":null,"service:bicycle:ebike":null,"service:bicycle:parts":null,"service:bicycle:pump":null,"service:bicycle:rental":null,"service:bicycle:repair":null,"service:bicycle:retail":null,"service:bicycle:sales":null,"service:bicycle:second_hand":null,"service:bicycle:service":null,"service:bicycle:showroom":null,"service:bicycle:spare_parts":null,"service:bicycle:tools":null,"service:bicycle:vending":null,"service:bicycle:wheel":null,"shop":"bicycle","source":null,"stroller":null,"website":null,"wheelchair":null},"geometry":{"type":"Point","coordinates":[-74.0109163,4.6641996]}},
{"type":"Feature","properties":{"fid":130,"id":"node/10690731087","@id":"node/10690731087","addr:city":null,"addr:housenumber":null,"addr:postcode":null,"addr:street":null,"amenity":null,"brand":null,"building":null,"check_date":null,"coffee":null,"contact:facebook":null,"contact:instagram":null,"description":null,"email":null,"fixme":null,"internet_access":null,"name":"Ciklismo Mi Pasión","opening_hours":null,"operator":null,"payment:cash":null,"payment:contactless":null,"payment:credit_cards":null,"payment:debit_cards":null,"payment:maestro":null,"payment:mastercard":null,"payment:visa":null,"payment:visa_debit":null,"payment:visa_electron":null,"phone":null,"service":null,"service:bicycle:Bicycle_Sales_and_Service":null,"service:bicycle:bicycle":null,"service:bicycle:bike":null,"service:bicycle:cleaning":null,"service:bicycle:clothing":null,"service:bicycle:ebike":null,"service:bicycle:parts":null,"service:bicycle:pump":null,"service:bicycle:rental":null,"service:bicycle:repair":null,"service:bicycle:retail":null,"service:bicycle:sales":null,"service:bicycle:second_hand":null,"service:bicycle:service":null,"service:bicycle:showroom":null,"service:bicycle:spare_parts":null,"service:bicycle:tools":null,"service:bicycle:vending":null,"service:bicycle:wheel":null,"shop":"bicycle","source":null,"stroller":null,"website":null,"wheelchair":null},"geometry":{"type":"Point","coordinates":[-74.0882986,4.6889302]}},
{"type":"Feature","properties":{"fid":131,"id":"node/10926709936","@id":"node/10926709936","addr:city":"Bogotá D.C.","addr:housenumber":"Calle 72 91A-13","addr:postcode":null,"addr:street":null,"amenity":null,"brand":null,"building":null,"check_date":null,"coffee":null,"contact:facebook":null,"contact:instagram":null,"description":null,"email":null,"fixme":null,"internet_access":null,"name":"𝐃𝐄𝐕𝐈𝐋‘𝐒 𝐖𝐎𝐑𝐊𝐒𝐇𝐎𝐏","opening_hours":"Mo-Su 09:00-19:00","operator":"𝐃𝐄𝐕𝐈𝐋‘𝐒 𝐖𝐎𝐑𝐊𝐒𝐇𝐎𝐏","payment:cash":null,"payment:contactless":null,"payment:credit_cards":null,"payment:debit_cards":null,"payment:maestro":null,"payment:mastercard":null,"payment:visa":null,"payment:visa_debit":null,"payment:visa_electron":null,"phone":"+57 316 4699387","service":null,"service:bicycle:Bicycle_Sales_and_Service":null,"service:bicycle:bicycle":null,"service:bicycle:bike":null,"service:bicycle:cleaning":null,"service:bicycle:clothing":null,"service:bicycle:ebike":null,"service:bicycle:parts":null,"service:bicycle:pump":null,"service:bicycle:rental":null,"service:bicycle:repair":null,"service:bicycle:retail":null,"service:bicycle:sales":null,"service:bicycle:second_hand":null,"service:bicycle:service":null,"service:bicycle:showroom":null,"service:bicycle:spare_parts":null,"service:bicycle:tools":null,"service:bicycle:vending":null,"service:bicycle:wheel":null,"shop":"bicycle","source":null,"stroller":null,"website":null,"wheelchair":null},"geometry":{"type":"Point","coordinates":[-74.1106606,4.6990773]}},
{"type":"Feature","properties":{"fid":132,"id":"node/11102808651","@id":"node/11102808651","addr:city":"Bogotá","addr:housenumber":"104-94","addr:postcode":null,"addr:street":"Transversal 60","amenity":null,"brand":null,"building":null,"check_date":null,"coffee":null,"contact:facebook":null,"contact:instagram":"https://www.instagram.com/eltallerdebicis_","description":null,"email":null,"fixme":null,"internet_access":null,"name":"El Taller de Bicis","opening_hours":"Mo-Sa 09:30-18:30","operator":null,"payment:cash":"yes","payment:contactless":null,"payment:credit_cards":"yes","payment:debit_cards":"yes","payment:maestro":null,"payment:mastercard":null,"payment:visa":null,"payment:visa_debit":null,"payment:visa_electron":null,"phone":null,"service":null,"service:bicycle:Bicycle_Sales_and_Service":null,"service:bicycle:bicycle":null,"service:bicycle:bike":null,"service:bicycle:cleaning":null,"service:bicycle:clothing":null,"service:bicycle:ebike":null,"service:bicycle:parts":"yes","service:bicycle:pump":"yes","service:bicycle:rental":null,"service:bicycle:repair":"yes","service:bicycle:retail":null,"service:bicycle:sales":null,"service:bicycle:second_hand":"yes","service:bicycle:service":null,"service:bicycle:showroom":null,"service:bicycle:spare_parts":null,"service:bicycle:tools":"yes","service:bicycle:vending":null,"service:bicycle:wheel":null,"shop":"bicycle","source":null,"stroller":null,"website":null,"wheelchair":null},"geometry":{"type":"Point","coordinates":[-74.0666387,4.6928421]}},
{"type":"Feature","properties":{"fid":137,"id":"node/12582834918","@id":"node/12582834918","addr:city":null,"addr:housenumber":null,"addr:postcode":null,"addr:street":null,"amenity":null,"brand":null,"building":null,"check_date":"2025-02-12","coffee":null,"contact:facebook":null,"contact:instagram":null,"description":null,"email":null,"fixme":null,"internet_access":null,"name":"Móvil Galería de Ciclismo","opening_hours":null,"operator":null,"payment:cash":null,"payment:contactless":null,"payment:credit_cards":null,"payment:debit_cards":null,"payment:maestro":null,"payment:mastercard":null,"payment:visa":null,"payment:visa_debit":null,"payment:visa_electron":null,"phone":null,"service":null,"service:bicycle:Bicycle_Sales_and_Service":null,"service:bicycle:bicycle":null,"service:bicycle:bike":null,"service:bicycle:cleaning":null,"service:bicycle:clothing":null,"service:bicycle:ebike":null,"service:bicycle:parts":null,"service:bicycle:pump":null,"service:bicycle:rental":null,"service:bicycle:repair":null,"service:bicycle:retail":null,"service:bicycle:sales":null,"service:bicycle:second_hand":null,"service:bicycle:service":null,"service:bicycle:showroom":null,"service:bicycle:spare_parts":null,"service:bicycle:tools":null,"service:bicycle:vending":null,"service:bicycle:wheel":null,"shop":"bicycle","source":null,"stroller":null,"website":null,"wheelchair":"no"},"geometry":{"type":"Point","coordinates":[-74.0588331,4.6555901]}},
{"type":"Feature","properties":{"fid":138,"id":"node/12616514673","@id":"node/12616514673","addr:city":null,"addr:housenumber":"23-28","addr:postcode":null,"addr:street":"Calle 65","amenity":"bicycle_repair_station","brand":null,"building":null,"check_date":null,"coffee":null,"contact:facebook":null,"contact:instagram":null,"description":"Mecánico, pintor, tapicero y restaurador. Trabajamos bajo cita previa.\n✌🛠🚲🚴‍♂️","email":null,"fixme":null,"internet_access":null,"name":"Turtle Bikes","opening_hours":null,"operator":null,"payment:cash":null,"payment:contactless":null,"payment:credit_cards":null,"payment:debit_cards":null,"payment:maestro":null,"payment:mastercard":null,"payment:visa":null,"payment:visa_debit":null,"payment:visa_electron":null,"phone":null,"service":null,"service:bicycle:Bicycle_Sales_and_Service":null,"service:bicycle:bicycle":null,"service:bicycle:bike":null,"service:bicycle:cleaning":null,"service:bicycle:clothing":null,"service:bicycle:ebike":null,"service:bicycle:parts":null,"service:bicycle:pump":null,"service:bicycle:rental":null,"service:bicycle:repair":null,"service:bicycle:retail":null,"service:bicycle:sales":null,"service:bicycle:second_hand":null,"service:bicycle:service":null,"service:bicycle:showroom":null,"service:bicycle:spare_parts":null,"service:bicycle:tools":null,"service:bicycle:vending":null,"service:bicycle:wheel":null,"shop":null,"source":null,"stroller":null,"website":"https://www.instagram.com/turtle_bikes/","wheelchair":null},"geometry":{"type":"Point","coordinates":[-74.0708389,4.6564445]}},
{"type":"Feature","properties":{"fid":141,"id":"node/13043907701","@id":"node/13043907701","addr:city":null,"addr:housenumber":"74 A - 22","addr:postcode":null,"addr:street":"Calle 52 A","amenity":null,"brand":null,"building":null,"check_date":null,"coffee":null,"contact:facebook":null,"contact:instagram":null,"description":null,"email":null,"fixme":null,"internet_access":null,"name":"Tempo Cycling","opening_hours":null,"operator":null,"payment:cash":null,"payment:contactless":null,"payment:credit_cards":null,"payment:debit_cards":null,"payment:maestro":null,"payment:mastercard":null,"payment:visa":null,"payment:visa_debit":null,"payment:visa_electron":null,"phone":"+57 320 6046110","service":null,"service:bicycle:Bicycle_Sales_and_Service":null,"service:bicycle:bicycle":null,"service:bicycle:bike":null,"service:bicycle:cleaning":null,"service:bicycle:clothing":null,"service:bicycle:ebike":null,"service:bicycle:parts":null,"service:bicycle:pump":null,"service:bicycle:rental":null,"service:bicycle:repair":null,"service:bicycle:retail":null,"service:bicycle:sales":null,"service:bicycle:second_hand":null,"service:bicycle:service":null,"service:bicycle:showroom":null,"service:bicycle:spare_parts":null,"service:bicycle:tools":null,"service:bicycle:vending":null,"service:bicycle:wheel":null,"shop":"bicycle","source":null,"stroller":null,"website":"https://www.instagram.com/tempo_cycling/","wheelchair":null},"geometry":{"type":"Point","coordinates":[-74.1103832,4.6736707]}}
]
}
